loan_id,grade,amount,term_months,interest_rate,defaulted,recovery_rate
L000000,A,10000,12,0.0539,0,0.0
L000001,B,500,60,0.0758,0,0.0
L000002,C,5000,60,0.1017,0,0.0
L000003,A,500,60,0.0447,0,0.0
L000004,A,5000,36,0.0611,0,0.0
L000005,C,500,12,0.1216,0,0.0
L000006,A,500,12,0.0583,0,0.0
L000007,E,10000,12,0.1974,0,0.0
L000008,A,2500,36,0.0474,0,0.0
L000009,C,1000,24,0.1046,0,0.0
L000010,D,2500,24,0.1504,0,0.0
L000011,C,2500,60,0.1101,1,0.3973
L000012,D,2500,60,0.1496,0,0.0
L000013,A,1000,12,0.063,0,0.0
L000014,D,7500,36,0.1483,0,0.0
L000015,A,500,12,0.0487,0,0.0
L000016,D,500,24,0.1486,0,0.0
L000017,C,2500,12,0.125,0,0.0
L000018,C,10000,60,0.1111,0,0.0
L000019,D,500,24,0.1537,0,0.0
L000020,D,1000,60,0.1454,0,0.0
L000021,B,2500,12,0.0677,0,0.0
L000022,A,1000,12,0.0482,0,0.0
L000023,C,1000,60,0.1161,0,0.0
L000024,D,500,60,0.1489,0,0.0
L000025,C,7500,12,0.1131,0,0.0
L000026,C,1000,60,0.1127,0,0.0
L000027,D,500,60,0.1504,0,0.0
L000028,A,500,24,0.0555,0,0.0
L000029,B,7500,24,0.0768,0,0.0
L000030,C,500,12,0.1161,0,0.0
L000031,B,500,60,0.0775,0,0.0
L000032,C,1000,12,0.1074,0,0.0
L000033,C,10000,60,0.1035,0,0.0
L000034,B,5000,36,0.0803,0,0.0
L000035,E,7500,60,0.1961,0,0.0
L000036,C,7500,12,0.1044,0,0.0
L000037,A,7500,12,0.0628,0,0.0
L000038,C,10000,12,0.1084,0,0.0
L000039,D,7500,12,0.1534,0,0.0
L000040,B,5000,60,0.0763,0,0.0
L000041,B,1000,12,0.0755,0,0.0
L000042,D,2500,12,0.1554,0,0.0
L000043,D,1000,24,0.1479,0,0.0
L000044,D,2500,60,0.1438,0,0.0
L000045,B,1000,36,0.0729,0,0.0
L000046,D,1000,24,0.1459,0,0.0
L000047,A,1000,36,0.0624,0,0.0
L000048,D,7500,24,0.147,0,0.0
L000049,E,2500,24,0.1974,0,0.0
L000050,A,7500,36,0.0525,0,0.0
L000051,A,7500,60,0.0485,0,0.0
L000052,C,7500,12,0.1089,0,0.0
L000053,A,500,24,0.0536,0,0.0
L000054,B,10000,60,0.0723,0,0.0
L000055,B,2500,12,0.0844,0,0.0
L000056,A,2500,24,0.0533,0,0.0
L000057,A,5000,12,0.0517,0,0.0
L000058,A,1000,12,0.0592,0,0.0
L000059,E,500,12,0.1926,0,0.0
L000060,A,7500,24,0.052,0,0.0
L000061,B,10000,36,0.0759,0,0.0
L000062,B,10000,60,0.0813,0,0.0
L000063,C,5000,60,0.1042,0,0.0
L000064,D,1000,60,0.152,0,0.0
L000065,A,5000,12,0.046,0,0.0
L000066,B,10000,36,0.0741,0,0.0
L000067,E,5000,12,0.1898,0,0.0
L000068,B,5000,12,0.0699,0,0.0
L000069,A,5000,12,0.062,0,0.0
L000070,C,10000,12,0.1078,0,0.0
L000071,C,2500,36,0.1217,0,0.0
L000072,B,7500,12,0.074,0,0.0
L000073,B,500,60,0.0788,1,0.276
L000074,B,5000,36,0.0832,1,0.1969
L000075,A,2500,12,0.0606,0,0.0
L000076,B,1000,12,0.0768,0,0.0
L000077,B,5000,36,0.0748,0,0.0
L000078,C,500,60,0.117,0,0.0
L000079,B,2500,36,0.0748,0,0.0
L000080,B,2500,36,0.0796,0,0.0
L000081,B,5000,60,0.0814,0,0.0
L000082,C,10000,60,0.104,0,0.0
L000083,D,500,24,0.151,0,0.0
L000084,B,7500,36,0.0778,0,0.0
L000085,A,500,36,0.0497,0,0.0
L000086,D,2500,36,0.1462,0,0.0
L000087,C,1000,12,0.11,0,0.0
L000088,B,500,60,0.0715,0,0.0
L000089,E,10000,12,0.1942,0,0.0
L000090,B,5000,12,0.0819,0,0.0
L000091,E,7500,24,0.2002,0,0.0
L000092,C,500,36,0.1148,0,0.0
L000093,C,5000,12,0.1069,0,0.0
L000094,D,5000,60,0.1401,0,0.0
L000095,B,5000,36,0.0782,0,0.0
L000096,B,7500,12,0.085,0,0.0
L000097,A,500,60,0.0551,0,0.0
L000098,C,1000,24,0.1158,1,0.2077
L000099,A,7500,60,0.0593,0,0.0
L000100,D,500,36,0.1506,0,0.0
L000101,B,5000,36,0.0834,0,0.0
L000102,A,2500,12,0.0598,0,0.0
L000103,B,10000,36,0.0803,0,0.0
L000104,E,1000,24,0.2024,0,0.0
L000105,E,10000,60,0.1984,0,0.0
L000106,D,2500,12,0.1564,1,0.2602
L000107,B,10000,60,0.0801,0,0.0
L000108,C,10000,36,0.1068,0,0.0
L000109,C,1000,36,0.1145,0,0.0
L000110,C,500,12,0.1113,0,0.0
L000111,A,1000,12,0.052,0,0.0
L000112,D,1000,12,0.1527,0,0.0
L000113,B,1000,60,0.0746,0,0.0
L000114,B,500,12,0.0728,0,0.0
L000115,B,10000,36,0.0779,1,0.2759
L000116,C,2500,24,0.1078,0,0.0
L000117,B,10000,36,0.0741,0,0.0
L000118,C,2500,36,0.1039,0,0.0
L000119,C,5000,60,0.1104,0,0.0
L000120,C,500,60,0.1215,0,0.0
L000121,A,500,24,0.0386,0,0.0
L000122,C,1000,24,0.109,0,0.0
L000123,E,1000,12,0.1989,0,0.0
L000124,A,1000,36,0.0404,0,0.0
L000125,B,2500,12,0.0734,0,0.0
L000126,B,2500,12,0.0813,0,0.0
L000127,E,1000,36,0.1965,0,0.0
L000128,C,1000,12,0.1095,0,0.0
L000129,A,7500,60,0.0508,0,0.0
L000130,A,5000,12,0.0545,0,0.0
L000131,B,7500,24,0.0844,0,0.0
L000132,B,500,36,0.083,0,0.0
L000133,E,500,12,0.1872,0,0.0
L000134,A,5000,60,0.0516,0,0.0
L000135,D,10000,36,0.152,0,0.0
L000136,B,500,60,0.081,0,0.0
L000137,D,10000,36,0.1539,1,0.362
L000138,D,10000,24,0.1509,0,0.0
L000139,B,2500,24,0.0777,0,0.0
L000140,C,1000,36,0.1133,0,0.0
L000141,C,5000,12,0.1126,1,0.361
L000142,A,5000,36,0.0583,0,0.0
L000143,C,500,36,0.1203,0,0.0
L000144,C,7500,12,0.1165,0,0.0
L000145,E,1000,24,0.1997,0,0.0
L000146,D,500,60,0.1431,1,0.3345
L000147,A,10000,36,0.0594,0,0.0
L000148,D,10000,60,0.1547,0,0.0
L000149,B,500,60,0.0676,0,0.0
L000150,C,500,12,0.1113,0,0.0
L000151,A,7500,24,0.0497,0,0.0
L000152,A,2500,36,0.0707,0,0.0
L000153,D,1000,60,0.1454,0,0.0
L000154,B,7500,24,0.0691,0,0.0
L000155,D,500,12,0.1478,1,0.1202
L000156,A,2500,24,0.0501,0,0.0
L000157,C,1000,12,0.1174,0,0.0
L000158,D,2500,12,0.155,0,0.0
L000159,B,7500,12,0.0735,0,0.0
L000160,C,500,60,0.1115,0,0.0
L000161,A,7500,12,0.0555,0,0.0
L000162,B,500,12,0.0827,0,0.0
L000163,A,500,36,0.0574,0,0.0
L000164,C,5000,24,0.1095,0,0.0
L000165,D,7500,24,0.1571,0,0.0
L000166,C,2500,36,0.1098,0,0.0
L000167,B,5000,36,0.0752,0,0.0
L000168,E,500,12,0.1911,0,0.0
L000169,A,500,12,0.0585,0,0.0
L000170,B,7500,12,0.0911,0,0.0
L000171,C,500,36,0.1102,0,0.0
L000172,C,2500,12,0.1061,0,0.0
L000173,B,7500,12,0.0882,0,0.0
L000174,E,5000,36,0.1949,0,0.0
L000175,B,5000,12,0.0784,0,0.0
L000176,D,10000,24,0.153,1,0.2007
L000177,B,2500,12,0.0666,0,0.0
L000178,B,500,24,0.0802,0,0.0
L000179,A,2500,12,0.0547,0,0.0
L000180,B,2500,36,0.0811,0,0.0
L000181,B,2500,60,0.0832,0,0.0
L000182,A,7500,36,0.0607,0,0.0
L000183,A,500,60,0.0545,0,0.0
L000184,B,10000,24,0.0743,0,0.0
L000185,D,7500,36,0.1586,0,0.0
L000186,A,500,12,0.0474,0,0.0
L000187,A,2500,12,0.0502,0,0.0
L000188,C,500,36,0.104,0,0.0
L000189,C,1000,36,0.1089,0,0.0
L000190,D,1000,60,0.1451,0,0.0
L000191,D,5000,60,0.1439,0,0.0
L000192,C,500,36,0.1177,0,0.0
L000193,C,2500,36,0.1109,1,0.2459
L000194,E,2500,60,0.1969,1,0.2737
L000195,B,5000,36,0.0822,0,0.0
L000196,E,5000,60,0.1992,0,0.0
L000197,D,10000,60,0.1579,0,0.0
L000198,B,1000,36,0.0834,0,0.0
L000199,A,7500,12,0.0571,0,0.0
L000200,E,10000,60,0.1969,0,0.0
L000201,A,2500,24,0.0529,0,0.0
L000202,D,2500,36,0.1484,0,0.0
L000203,D,10000,24,0.149,0,0.0
L000204,A,10000,24,0.064,0,0.0
L000205,C,10000,12,0.1118,1,0.1606
L000206,A,500,12,0.0499,0,0.0
L000207,C,10000,24,0.1135,0,0.0
L000208,B,1000,60,0.076,0,0.0
L000209,E,7500,24,0.2037,0,0.0
L000210,B,10000,12,0.0691,0,0.0
L000211,A,5000,60,0.0565,0,0.0
L000212,E,2500,36,0.1866,0,0.0
L000213,B,500,12,0.0846,0,0.0
L000214,B,5000,12,0.0804,0,0.0
L000215,B,500,60,0.0725,0,0.0
L000216,D,1000,36,0.1434,0,0.0
L000217,C,5000,60,0.1198,0,0.0
L000218,D,7500,60,0.1498,0,0.0
L000219,D,7500,60,0.14,1,0.2458
L000220,A,500,12,0.0525,0,0.0
L000221,D,1000,24,0.153,0,0.0
L000222,C,1000,60,0.1075,0,0.0
L000223,E,7500,60,0.1951,0,0.0
L000224,C,7500,36,0.1173,0,0.0
L000225,C,2500,12,0.1063,0,0.0
L000226,A,10000,24,0.0546,0,0.0
L000227,E,5000,36,0.1903,0,0.0
L000228,C,500,24,0.1111,0,0.0
L000229,B,2500,24,0.0739,0,0.0
L000230,B,2500,12,0.0845,0,0.0
L000231,D,10000,60,0.1413,1,0.332
L000232,D,500,60,0.1534,0,0.0
L000233,A,10000,12,0.0643,0,0.0
L000234,D,5000,12,0.1561,0,0.0
L000235,B,7500,36,0.0813,0,0.0
L000236,C,1000,24,0.1055,0,0.0
L000237,A,5000,24,0.0634,0,0.0
L000238,C,10000,36,0.1059,0,0.0
L000239,C,7500,24,0.1138,0,0.0
L000240,A,1000,24,0.0536,0,0.0
L000241,E,10000,12,0.1947,0,0.0
L000242,A,1000,12,0.0577,0,0.0
L000243,B,5000,60,0.0793,0,0.0
L000244,B,500,24,0.0786,0,0.0
L000245,B,500,24,0.0733,0,0.0
L000246,C,7500,24,0.1032,0,0.0
L000247,B,2500,36,0.0769,0,0.0
L000248,B,10000,12,0.0885,0,0.0
L000249,C,10000,60,0.1125,0,0.0
L000250,E,7500,60,0.1917,0,0.0
L000251,B,10000,60,0.075,0,0.0
L000252,B,10000,12,0.0955,0,0.0
L000253,D,7500,60,0.1402,0,0.0
L000254,E,2500,36,0.2102,0,0.0
L000255,B,2500,60,0.0785,0,0.0
L000256,B,500,12,0.0867,0,0.0
L000257,A,500,60,0.0521,0,0.0
L000258,A,2500,24,0.0501,0,0.0
L000259,D,10000,12,0.1471,0,0.0
L000260,B,7500,60,0.0771,0,0.0
L000261,D,1000,24,0.1445,1,0.1836
L000262,B,2500,24,0.0855,0,0.0
L000263,A,1000,60,0.0525,0,0.0
L000264,D,5000,36,0.1587,0,0.0
L000265,A,7500,24,0.0485,0,0.0
L000266,B,5000,60,0.0752,0,0.0
L000267,B,500,36,0.0739,0,0.0
L000268,C,5000,24,0.1064,0,0.0
L000269,C,5000,36,0.0934,0,0.0
L000270,D,2500,24,0.1494,0,0.0
L000271,E,500,12,0.196,0,0.0
L000272,A,2500,24,0.0525,0,0.0
L000273,D,10000,60,0.1432,1,0.2209
L000274,E,500,60,0.1888,0,0.0
L000275,A,500,12,0.0567,0,0.0
L000276,A,5000,60,0.0572,0,0.0
L000277,B,5000,24,0.0804,0,0.0
L000278,E,500,12,0.2031,0,0.0
L000279,D,7500,36,0.1483,0,0.0
L000280,A,5000,24,0.0615,0,0.0
L000281,E,5000,24,0.1934,0,0.0
L000282,A,7500,36,0.0685,0,0.0
L000283,C,5000,12,0.1076,0,0.0
L000284,C,500,24,0.1163,0,0.0
L000285,B,500,36,0.0659,0,0.0
L000286,D,10000,36,0.1453,0,0.0
L000287,B,5000,36,0.071,0,0.0
L000288,D,10000,60,0.1531,0,0.0
L000289,B,1000,36,0.0784,0,0.0
L000290,C,7500,24,0.1124,1,0.2517
L000291,D,7500,12,0.155,0,0.0
L000292,D,1000,24,0.1437,0,0.0
L000293,B,500,24,0.0844,0,0.0
L000294,C,2500,60,0.1063,0,0.0
L000295,C,1000,36,0.1108,0,0.0
L000296,D,1000,60,0.1602,0,0.0
L000297,A,10000,12,0.054,1,0.3636
L000298,C,10000,24,0.1112,0,0.0
L000299,D,2500,12,0.1489,0,0.0
L000300,C,10000,24,0.1276,0,0.0
L000301,A,10000,24,0.0437,0,0.0
L000302,B,2500,60,0.0774,0,0.0
L000303,B,7500,36,0.0799,0,0.0
L000304,B,5000,60,0.0739,0,0.0
L000305,E,500,60,0.1928,0,0.0
L000306,C,7500,24,0.107,0,0.0
L000307,C,5000,12,0.1062,0,0.0
L000308,C,1000,24,0.1126,0,0.0
L000309,A,1000,12,0.0582,0,0.0
L000310,B,10000,60,0.0797,0,0.0
L000311,A,500,36,0.0622,0,0.0
L000312,C,5000,24,0.1196,1,0.2793
L000313,B,500,36,0.0802,0,0.0
L000314,B,1000,36,0.082,0,0.0
L000315,E,500,60,0.1977,0,0.0
L000316,A,500,36,0.062,0,0.0
L000317,C,5000,12,0.1167,0,0.0
L000318,E,5000,60,0.187,1,0.1037
L000319,B,500,36,0.0814,0,0.0
L000320,B,5000,36,0.082,0,0.0
L000321,D,10000,24,0.1612,0,0.0
L000322,A,10000,24,0.0564,0,0.0
L000323,D,1000,36,0.1423,0,0.0
L000324,C,2500,12,0.1113,0,0.0
L000325,C,2500,36,0.1143,0,0.0
L000326,A,2500,24,0.0477,0,0.0
L000327,E,7500,12,0.1922,0,0.0
L000328,B,5000,60,0.0813,0,0.0
L000329,C,2500,36,0.1135,0,0.0
L000330,A,7500,12,0.0489,0,0.0
L000331,C,1000,12,0.1022,0,0.0
L000332,C,500,36,0.1156,0,0.0
L000333,C,7500,60,0.1047,0,0.0
L000334,E,7500,60,0.2016,0,0.0
L000335,A,10000,60,0.0526,0,0.0
L000336,A,7500,60,0.0607,0,0.0
L000337,B,1000,36,0.076,0,0.0
L000338,E,2500,36,0.1886,1,0.3433
L000339,C,7500,36,0.1123,0,0.0
L000340,A,5000,12,0.0548,0,0.0
L000341,A,5000,12,0.0452,0,0.0
L000342,B,1000,24,0.0808,0,0.0
L000343,B,2500,12,0.0761,0,0.0
L000344,C,10000,36,0.1164,0,0.0
L000345,A,10000,12,0.0538,0,0.0
L000346,D,10000,36,0.1443,0,0.0
L000347,C,500,12,0.1097,1,0.2323
L000348,A,500,12,0.0566,0,0.0
L000349,A,10000,36,0.0525,0,0.0
L000350,A,7500,12,0.0596,0,0.0
L000351,B,10000,36,0.0841,0,0.0
L000352,A,10000,24,0.0496,0,0.0
L000353,D,1000,36,0.1516,0,0.0
L000354,C,10000,24,0.1109,0,0.0
L000355,C,500,12,0.1222,0,0.0
L000356,B,10000,60,0.0827,0,0.0
L000357,A,5000,36,0.0642,0,0.0
L000358,D,2500,36,0.144,0,0.0
L000359,B,2500,24,0.0835,0,0.0
L000360,A,5000,12,0.0539,0,0.0
L000361,C,5000,36,0.1122,0,0.0
L000362,B,2500,60,0.0812,0,0.0
L000363,C,5000,12,0.1206,0,0.0
L000364,B,10000,60,0.0753,0,0.0
L000365,E,2500,36,0.1873,0,0.0
L000366,B,5000,12,0.0807,0,0.0
L000367,D,500,36,0.1404,0,0.0
L000368,D,5000,36,0.1425,1,0.4184
L000369,A,7500,36,0.0588,0,0.0
L000370,C,500,12,0.1207,0,0.0
L000371,C,2500,12,0.1071,0,0.0
L000372,B,1000,12,0.0844,0,0.0
L000373,C,5000,24,0.1107,0,0.0
L000374,E,1000,12,0.1989,0,0.0
L000375,A,500,24,0.0531,0,0.0
L000376,C,2500,12,0.1036,0,0.0
L000377,C,5000,60,0.1183,0,0.0
L000378,A,2500,36,0.05,0,0.0
L000379,C,1000,36,0.1009,0,0.0
L000380,B,5000,36,0.0868,0,0.0
L000381,A,500,36,0.0468,0,0.0
L000382,A,500,36,0.0585,0,0.0
L000383,C,500,36,0.1136,0,0.0
L000384,B,1000,12,0.0733,0,0.0
L000385,C,2500,12,0.1264,0,0.0
L000386,B,500,36,0.0827,0,0.0
L000387,B,5000,24,0.0677,0,0.0
L000388,D,10000,36,0.1418,0,0.0
L000389,B,500,12,0.0763,0,0.0
L000390,A,1000,36,0.063,0,0.0
L000391,B,500,12,0.081,0,0.0
L000392,C,2500,24,0.1179,0,0.0
L000393,E,7500,24,0.1974,0,0.0
L000394,C,7500,12,0.1091,0,0.0
L000395,B,500,24,0.0668,0,0.0
L000396,A,7500,24,0.0624,0,0.0
L000397,B,5000,12,0.0656,0,0.0
L000398,B,5000,60,0.0829,0,0.0
L000399,A,5000,12,0.06,0,0.0
L000400,B,7500,12,0.0913,0,0.0
L000401,C,1000,36,0.1136,0,0.0
L000402,A,5000,12,0.0561,0,0.0
L000403,E,10000,24,0.1994,0,0.0
L000404,C,7500,36,0.111,0,0.0
L000405,D,7500,12,0.1473,0,0.0
L000406,A,5000,36,0.0587,0,0.0
L000407,C,7500,36,0.1142,0,0.0
L000408,B,10000,12,0.0905,0,0.0
L000409,B,2500,60,0.0763,0,0.0
L000410,D,10000,24,0.1505,0,0.0
L000411,A,2500,60,0.0536,0,0.0
L000412,C,7500,60,0.119,0,0.0
L000413,A,2500,12,0.0499,0,0.0
L000414,A,10000,24,0.0529,0,0.0
L000415,B,10000,24,0.0863,1,0.2365
L000416,D,1000,24,0.1626,0,0.0
L000417,C,5000,24,0.1185,1,0.0
L000418,B,10000,36,0.0774,0,0.0
L000419,B,7500,24,0.0741,0,0.0
L000420,C,2500,36,0.1062,0,0.0
L000421,C,7500,60,0.1205,1,0.3031
L000422,A,5000,12,0.0556,0,0.0
L000423,B,7500,60,0.0796,0,0.0
L000424,D,500,12,0.1358,0,0.0
L000425,A,5000,24,0.0524,0,0.0
L000426,C,5000,36,0.115,0,0.0
L000427,C,2500,36,0.1174,0,0.0
L000428,D,5000,24,0.1398,0,0.0
L000429,B,10000,12,0.092,0,0.0
L000430,B,2500,36,0.0768,0,0.0
L000431,B,5000,36,0.0736,0,0.0
L000432,B,10000,24,0.0747,0,0.0
L000433,C,5000,12,0.1214,0,0.0
L000434,C,10000,60,0.1145,0,0.0
L000435,A,500,12,0.0527,0,0.0
L000436,C,500,36,0.1191,0,0.0
L000437,B,10000,60,0.0817,0,0.0
L000438,A,1000,60,0.0547,0,0.0
L000439,A,10000,60,0.0443,0,0.0
L000440,D,2500,24,0.1536,0,0.0
L000441,A,1000,12,0.0379,0,0.0
L000442,B,1000,12,0.0756,0,0.0
L000443,A,5000,36,0.0462,0,0.0
L000444,E,2500,24,0.1893,0,0.0
L000445,B,1000,36,0.0872,0,0.0
L000446,C,7500,36,0.1166,0,0.0
L000447,E,5000,12,0.197,1,0.0473
L000448,E,5000,60,0.1938,0,0.0
L000449,A,1000,12,0.0557,0,0.0
L000450,B,2500,12,0.0762,0,0.0
L000451,C,5000,60,0.1125,0,0.0
L000452,B,1000,12,0.0815,0,0.0
L000453,C,1000,36,0.1132,0,0.0
L000454,B,7500,24,0.087,0,0.0
L000455,D,5000,36,0.1366,0,0.0
L000456,C,500,60,0.1124,0,0.0
L000457,D,7500,60,0.1499,0,0.0
L000458,C,2500,60,0.116,0,0.0
L000459,A,500,36,0.0596,0,0.0
L000460,B,10000,60,0.0808,0,0.0
L000461,E,2500,12,0.2041,0,0.0
L000462,C,500,24,0.1168,0,0.0
L000463,A,2500,12,0.0633,0,0.0
L000464,D,5000,12,0.1474,0,0.0
L000465,B,10000,24,0.0688,0,0.0
L000466,B,7500,24,0.0782,0,0.0
L000467,B,500,60,0.0752,0,0.0
L000468,A,5000,60,0.059,0,0.0
L000469,B,7500,12,0.0955,0,0.0
L000470,B,2500,60,0.0786,0,0.0
L000471,B,500,24,0.0779,0,0.0
L000472,C,5000,60,0.1121,0,0.0
L000473,C,1000,36,0.1176,0,0.0
L000474,A,2500,24,0.0481,0,0.0
L000475,D,500,60,0.1352,0,0.0
L000476,C,10000,24,0.1164,0,0.0
L000477,C,7500,24,0.1184,0,0.0
L000478,E,10000,36,0.1799,0,0.0
L000479,E,2500,24,0.1914,0,0.0
L000480,E,2500,60,0.1931,0,0.0
L000481,A,1000,12,0.0573,0,0.0
L000482,C,5000,12,0.1062,0,0.0
L000483,B,5000,36,0.0866,0,0.0
L000484,D,500,12,0.1561,0,0.0
L000485,A,7500,24,0.0463,0,0.0
L000486,B,5000,36,0.0736,1,0.3239
L000487,B,10000,36,0.0721,0,0.0
L000488,D,2500,12,0.1478,0,0.0
L000489,C,2500,24,0.1091,0,0.0
L000490,D,500,36,0.1455,0,0.0
L000491,A,500,24,0.0557,0,0.0
L000492,A,2500,12,0.0585,0,0.0
L000493,D,7500,12,0.157,0,0.0
L000494,D,1000,12,0.1489,0,0.0
L000495,C,7500,12,0.1176,0,0.0
L000496,C,10000,36,0.1099,0,0.0
L000497,B,10000,24,0.0725,0,0.0
L000498,C,2500,60,0.1208,0,0.0
L000499,B,10000,36,0.0761,0,0.0
L000500,E,1000,60,0.192,0,0.0
L000501,C,10000,12,0.1056,0,0.0
L000502,C,7500,24,0.1123,0,0.0
L000503,C,2500,36,0.1183,0,0.0
L000504,D,500,24,0.1442,0,0.0
L000505,C,7500,12,0.1165,0,0.0
L000506,C,500,36,0.112,1,0.4533
L000507,B,10000,60,0.0882,0,0.0
L000508,A,10000,12,0.0541,0,0.0
L000509,B,7500,60,0.0904,0,0.0
L000510,D,10000,12,0.1442,0,0.0
L000511,B,5000,12,0.0747,0,0.0
L000512,B,2500,60,0.0804,0,0.0
L000513,C,7500,60,0.1081,0,0.0
L000514,C,10000,24,0.1059,0,0.0
L000515,D,7500,36,0.1499,0,0.0
L000516,C,2500,12,0.092,0,0.0
L000517,B,5000,24,0.0784,0,0.0
L000518,C,5000,24,0.1136,0,0.0
L000519,C,10000,36,0.1122,0,0.0
L000520,B,10000,24,0.0632,0,0.0
L000521,C,5000,24,0.1063,0,0.0
L000522,A,7500,36,0.0521,0,0.0
L000523,A,1000,36,0.0494,0,0.0
L000524,E,5000,12,0.1966,0,0.0
L000525,E,7500,36,0.1986,1,0.0674
L000526,B,1000,12,0.0864,0,0.0
L000527,E,7500,60,0.196,0,0.0
L000528,A,500,60,0.0514,0,0.0
L000529,D,7500,12,0.1505,0,0.0
L000530,B,10000,12,0.0749,0,0.0
L000531,C,7500,24,0.1151,0,0.0
L000532,A,7500,60,0.0538,0,0.0
L000533,E,10000,12,0.1818,0,0.0
L000534,B,7500,24,0.0746,0,0.0
L000535,C,7500,36,0.1064,0,0.0
L000536,C,2500,12,0.1119,1,0.0923
L000537,B,2500,24,0.0872,0,0.0
L000538,D,1000,24,0.1513,0,0.0
L000539,E,500,60,0.1947,0,0.0
L000540,C,5000,60,0.1069,0,0.0
L000541,D,500,60,0.1487,0,0.0
L000542,B,2500,12,0.0736,0,0.0
L000543,B,10000,24,0.0751,0,0.0
L000544,B,7500,36,0.0844,0,0.0
L000545,E,5000,24,0.1986,0,0.0
L000546,A,500,24,0.0543,0,0.0
L000547,B,2500,36,0.0737,0,0.0
L000548,C,10000,12,0.1175,0,0.0
L000549,B,5000,36,0.0838,0,0.0
L000550,D,5000,12,0.1515,0,0.0
L000551,B,5000,60,0.0749,0,0.0
L000552,C,5000,24,0.1097,0,0.0
L000553,A,2500,24,0.0594,0,0.0
L000554,C,5000,36,0.1209,0,0.0
L000555,D,5000,36,0.1542,0,0.0
L000556,C,1000,60,0.1061,0,0.0
L000557,B,5000,60,0.082,0,0.0
L000558,C,5000,36,0.1163,0,0.0
L000559,C,7500,60,0.1165,0,0.0
L000560,C,1000,36,0.1105,1,0.1035
L000561,B,1000,12,0.0736,0,0.0
L000562,C,1000,36,0.1221,0,0.0
L000563,C,500,24,0.1062,0,0.0
L000564,B,5000,24,0.0687,0,0.0
L000565,E,5000,36,0.1961,0,0.0
L000566,D,7500,12,0.1542,0,0.0
L000567,C,5000,24,0.1209,0,0.0
L000568,C,7500,12,0.1167,0,0.0
L000569,B,7500,60,0.0826,0,0.0
L000570,D,2500,12,0.1449,1,0.0968
L000571,B,10000,24,0.0805,0,0.0
L000572,A,10000,60,0.0561,0,0.0
L000573,A,1000,24,0.0536,0,0.0
L000574,A,10000,24,0.0519,0,0.0
L000575,C,10000,12,0.1238,0,0.0
L000576,D,7500,60,0.1561,0,0.0
L000577,E,10000,12,0.2021,0,0.0
L000578,C,7500,36,0.113,0,0.0
L000579,A,7500,12,0.0641,0,0.0
L000580,C,10000,60,0.1111,0,0.0
L000581,D,2500,24,0.1525,0,0.0
L000582,A,500,36,0.0582,0,0.0
L000583,B,10000,24,0.0812,0,0.0
L000584,B,7500,24,0.0829,0,0.0
L000585,B,10000,36,0.0627,0,0.0
L000586,D,500,60,0.1403,0,0.0
L000587,A,7500,36,0.0509,0,0.0
L000588,A,7500,36,0.0572,0,0.0
L000589,C,1000,12,0.1078,0,0.0
L000590,B,500,60,0.0878,0,0.0
L000591,D,10000,36,0.15,0,0.0
L000592,C,2500,24,0.1171,0,0.0
L000593,E,500,36,0.1952,0,0.0
L000594,C,1000,36,0.1211,0,0.0
L000595,D,1000,36,0.1496,0,0.0
L000596,B,7500,36,0.0765,0,0.0
L000597,C,500,12,0.1093,1,0.3958
L000598,B,7500,36,0.0783,0,0.0
L000599,B,5000,36,0.0756,0,0.0
L000600,C,5000,12,0.1107,0,0.0
L000601,C,7500,60,0.1015,0,0.0
L000602,B,1000,24,0.0694,1,0.2335
L000603,D,10000,12,0.1519,0,0.0
L000604,C,500,12,0.114,0,0.0
L000605,B,10000,24,0.0645,0,0.0
L000606,A,500,12,0.0619,0,0.0
L000607,B,7500,36,0.0772,1,0.2136
L000608,A,7500,36,0.0687,0,0.0
L000609,C,10000,36,0.1114,0,0.0
L000610,A,10000,24,0.0533,0,0.0
L000611,A,2500,24,0.0439,0,0.0
L000612,C,1000,60,0.0985,0,0.0
L000613,D,500,24,0.151,1,0.2953
L000614,B,7500,12,0.0788,0,0.0
L000615,C,10000,24,0.1101,0,0.0
L000616,C,5000,12,0.1145,0,0.0
L000617,A,2500,60,0.0475,0,0.0
L000618,A,1000,36,0.0667,0,0.0
L000619,C,500,24,0.1066,0,0.0
L000620,C,5000,36,0.1182,0,0.0
L000621,D,1000,24,0.1496,0,0.0
L000622,B,2500,12,0.0689,0,0.0
L000623,C,5000,36,0.1144,0,0.0
L000624,A,500,60,0.0719,0,0.0
L000625,D,500,12,0.1532,0,0.0
L000626,A,2500,60,0.0473,0,0.0
L000627,E,5000,24,0.1996,0,0.0
L000628,D,7500,24,0.1524,0,0.0
L000629,B,7500,60,0.0839,0,0.0
L000630,B,10000,36,0.0671,0,0.0
L000631,E,7500,36,0.1987,0,0.0
L000632,B,500,60,0.0727,0,0.0
L000633,B,5000,24,0.0799,0,0.0
L000634,A,500,24,0.0717,0,0.0
L000635,D,5000,24,0.1498,1,0.0
L000636,A,2500,60,0.0446,0,0.0
L000637,B,500,24,0.0781,0,0.0
L000638,B,7500,36,0.0888,0,0.0
L000639,B,1000,60,0.0736,0,0.0
L000640,A,10000,60,0.0499,0,0.0
L000641,D,7500,24,0.153,1,0.0841
L000642,C,5000,12,0.1047,0,0.0
L000643,D,7500,60,0.1442,1,0.016
L000644,A,2500,12,0.0447,0,0.0
L000645,B,10000,12,0.0866,0,0.0
L000646,A,7500,60,0.0548,0,0.0
L000647,B,5000,60,0.0836,0,0.0
L000648,A,5000,60,0.0529,0,0.0
L000649,E,7500,12,0.1973,0,0.0
L000650,D,1000,12,0.1501,0,0.0
L000651,C,7500,12,0.1034,0,0.0
L000652,A,10000,12,0.0482,0,0.0
L000653,E,5000,36,0.1987,0,0.0
L000654,C,2500,12,0.1072,0,0.0
L000655,B,10000,24,0.0928,0,0.0
L000656,A,10000,36,0.0558,0,0.0
L000657,C,2500,12,0.117,0,0.0
L000658,E,10000,36,0.1943,0,0.0
L000659,D,10000,60,0.1512,0,0.0
L000660,A,10000,36,0.0588,0,0.0
L000661,E,1000,36,0.1978,0,0.0
L000662,D,2500,36,0.159,0,0.0
L000663,A,2500,24,0.0476,0,0.0
L000664,B,1000,12,0.0834,0,0.0
L000665,D,500,36,0.1539,0,0.0
L000666,C,10000,24,0.1065,0,0.0
L000667,B,10000,24,0.0811,0,0.0
L000668,B,10000,60,0.0746,0,0.0
L000669,C,500,36,0.1112,0,0.0
L000670,C,500,60,0.1192,0,0.0
L000671,A,1000,36,0.0589,0,0.0
L000672,C,10000,24,0.1095,0,0.0
L000673,C,1000,12,0.1116,0,0.0
L000674,C,7500,36,0.1265,0,0.0
L000675,C,7500,24,0.1092,0,0.0
L000676,A,500,24,0.0486,0,0.0
L000677,E,1000,36,0.1867,1,0.0753
L000678,D,10000,12,0.1519,0,0.0
L000679,C,1000,24,0.1202,0,0.0
L000680,E,7500,60,0.2031,0,0.0
L000681,E,2500,12,0.195,0,0.0
L000682,B,7500,36,0.071,0,0.0
L000683,A,2500,60,0.0563,0,0.0
L000684,C,500,24,0.119,0,0.0
L000685,C,10000,12,0.1166,0,0.0
L000686,B,2500,60,0.0731,0,0.0
L000687,E,500,60,0.1973,0,0.0
L000688,A,500,24,0.0543,0,0.0
L000689,D,10000,36,0.1497,0,0.0
L000690,C,500,12,0.1171,1,0.3919
L000691,D,5000,60,0.1588,0,0.0
L000692,D,2500,60,0.1469,0,0.0
L000693,B,2500,60,0.0825,0,0.0
L000694,B,10000,60,0.0747,0,0.0
L000695,E,5000,60,0.1972,0,0.0
L000696,E,5000,24,0.1963,0,0.0
L000697,E,1000,60,0.1958,0,0.0
L000698,B,10000,36,0.0737,0,0.0
L000699,C,7500,12,0.1162,0,0.0
L000700,C,2500,60,0.1141,0,0.0
L000701,D,5000,24,0.1507,0,0.0
L000702,B,7500,24,0.083,0,0.0
L000703,B,1000,24,0.0868,0,0.0
L000704,B,7500,60,0.0738,0,0.0
L000705,B,7500,60,0.0684,0,0.0
L000706,B,7500,36,0.078,0,0.0
L000707,A,7500,60,0.0508,0,0.0
L000708,C,7500,36,0.1194,0,0.0
L000709,B,1000,24,0.0935,0,0.0
L000710,E,5000,24,0.1967,0,0.0
L000711,D,7500,24,0.1604,0,0.0
L000712,B,7500,24,0.0776,0,0.0
L000713,E,10000,60,0.1953,1,0.066
L000714,D,7500,24,0.1395,1,0.4133
L000715,B,7500,12,0.0817,0,0.0
L000716,B,1000,36,0.0811,0,0.0
L000717,C,10000,36,0.1152,0,0.0
L000718,D,7500,60,0.156,0,0.0
L000719,A,2500,36,0.054,0,0.0
L000720,A,500,24,0.0527,0,0.0
L000721,E,7500,36,0.1972,0,0.0
L000722,B,1000,24,0.0804,0,0.0
L000723,B,500,24,0.0697,0,0.0
L000724,D,10000,60,0.1489,0,0.0
L000725,E,10000,36,0.1902,0,0.0
L000726,C,5000,60,0.1036,0,0.0
L000727,E,500,12,0.1939,1,0.1512
L000728,C,2500,36,0.1087,0,0.0
L000729,C,500,36,0.119,0,0.0
L000730,D,1000,36,0.1537,0,0.0
L000731,C,10000,60,0.1207,0,0.0
L000732,B,10000,60,0.0759,0,0.0
L000733,D,7500,12,0.1508,0,0.0
L000734,C,500,36,0.1098,0,0.0
L000735,B,5000,60,0.0791,0,0.0
L000736,C,10000,60,0.1156,0,0.0
L000737,C,7500,60,0.1204,0,0.0
L000738,A,7500,36,0.0596,0,0.0
L000739,C,5000,36,0.1196,0,0.0
L000740,B,7500,36,0.0766,0,0.0
L000741,A,7500,12,0.0568,0,0.0
L000742,D,7500,60,0.1412,0,0.0
L000743,C,500,36,0.1103,0,0.0
L000744,C,500,12,0.1057,0,0.0
L000745,A,500,24,0.0488,0,0.0
L000746,B,1000,12,0.0904,0,0.0
L000747,B,5000,12,0.0752,0,0.0
L000748,E,500,60,0.1978,0,0.0
L000749,D,2500,12,0.1443,0,0.0
L000750,E,1000,12,0.1819,0,0.0
L000751,A,10000,24,0.0537,0,0.0
L000752,B,500,36,0.0768,0,0.0
L000753,A,7500,12,0.051,0,0.0
L000754,B,5000,60,0.0682,0,0.0
L000755,B,7500,24,0.0697,0,0.0
L000756,D,7500,24,0.1543,1,0.238
L000757,B,5000,36,0.0742,0,0.0
L000758,D,10000,60,0.1596,0,0.0
L000759,A,2500,24,0.0579,0,0.0
L000760,C,10000,36,0.1155,0,0.0
L000761,B,500,12,0.0748,0,0.0
L000762,C,7500,12,0.1092,0,0.0
L000763,A,7500,12,0.0604,0,0.0
L000764,C,10000,24,0.1101,0,0.0
L000765,C,5000,12,0.1035,0,0.0
L000766,A,2500,24,0.0471,0,0.0
L000767,A,10000,24,0.0515,0,0.0
L000768,A,1000,24,0.058,0,0.0
L000769,B,5000,12,0.0826,0,0.0
L000770,B,10000,24,0.0725,0,0.0
L000771,B,5000,24,0.0712,0,0.0
L000772,B,500,36,0.0788,0,0.0
L000773,A,1000,36,0.0584,0,0.0
L000774,D,1000,36,0.1491,0,0.0
L000775,D,10000,12,0.1499,0,0.0
L000776,B,2500,36,0.086,0,0.0
L000777,A,500,24,0.057,0,0.0
L000778,C,1000,36,0.1162,0,0.0
L000779,C,5000,36,0.1056,1,0.1787
L000780,C,2500,36,0.1142,0,0.0
L000781,B,1000,60,0.0698,0,0.0
L000782,D,1000,12,0.1443,0,0.0
L000783,D,2500,24,0.1561,1,0.1146
L000784,C,10000,60,0.1176,0,0.0
L000785,D,5000,12,0.1508,0,0.0
L000786,C,500,36,0.1127,0,0.0
L000787,D,500,24,0.145,0,0.0
L000788,B,10000,12,0.0816,0,0.0
L000789,B,10000,24,0.0766,0,0.0
L000790,C,10000,36,0.1138,0,0.0
L000791,A,5000,60,0.0599,0,0.0
L000792,B,7500,12,0.0904,0,0.0
L000793,C,1000,36,0.1059,0,0.0
L000794,D,5000,24,0.1547,0,0.0
L000795,C,7500,24,0.1172,0,0.0
L000796,B,2500,12,0.0764,0,0.0
L000797,C,5000,36,0.1174,0,0.0
L000798,C,1000,60,0.1081,0,0.0
L000799,B,500,36,0.084,0,0.0
L000800,A,1000,24,0.0473,0,0.0
L000801,B,10000,24,0.0761,0,0.0
L000802,A,2500,12,0.0546,0,0.0
L000803,B,10000,24,0.0787,0,0.0
L000804,D,500,12,0.1572,0,0.0
L000805,D,2500,12,0.1485,1,0.2952
L000806,C,1000,36,0.1059,0,0.0
L000807,C,500,60,0.1054,0,0.0
L000808,E,7500,60,0.2033,1,0.091
L000809,B,2500,36,0.0731,0,0.0
L000810,D,1000,60,0.1618,0,0.0
L000811,B,2500,12,0.0777,0,0.0
L000812,A,2500,36,0.0569,0,0.0
L000813,B,10000,12,0.0749,0,0.0
L000814,C,7500,36,0.111,1,0.3225
L000815,D,1000,12,0.1468,0,0.0
L000816,C,10000,12,0.1014,0,0.0
L000817,B,1000,24,0.0803,0,0.0
L000818,E,500,36,0.1905,0,0.0
L000819,A,5000,60,0.0622,0,0.0
L000820,C,5000,36,0.1152,0,0.0
L000821,E,2500,36,0.1996,1,0.2399
L000822,D,2500,60,0.1503,0,0.0
L000823,C,7500,12,0.1136,0,0.0
L000824,D,5000,36,0.1337,0,0.0
L000825,C,7500,60,0.1098,1,0.168
L000826,B,500,24,0.0723,0,0.0
L000827,B,500,24,0.0814,0,0.0
L000828,C,2500,36,0.1134,1,0.1334
L000829,B,1000,12,0.0734,0,0.0
L000830,B,500,36,0.0776,0,0.0
L000831,D,7500,36,0.1444,0,0.0
L000832,B,5000,24,0.0841,0,0.0
L000833,B,7500,12,0.0817,0,0.0
L000834,E,500,12,0.204,1,0.3471
L000835,C,10000,36,0.105,0,0.0
L000836,D,2500,12,0.1578,0,0.0
L000837,D,1000,60,0.1574,0,0.0
L000838,A,2500,12,0.0539,0,0.0
L000839,B,1000,36,0.0737,0,0.0
L000840,D,7500,60,0.149,1,0.3068
L000841,D,2500,24,0.1531,0,0.0
L000842,E,5000,24,0.2013,1,0.0
L000843,D,1000,12,0.1434,0,0.0
L000844,E,7500,24,0.1891,0,0.0
L000845,D,7500,36,0.1497,1,0.3011
L000846,B,10000,60,0.081,0,0.0
L000847,D,1000,36,0.1394,1,0.1975
L000848,C,500,24,0.1078,0,0.0
L000849,A,10000,60,0.0629,0,0.0
L000850,A,5000,24,0.0584,0,0.0
L000851,B,2500,12,0.0778,1,0.3847
L000852,C,10000,12,0.1151,0,0.0
L000853,A,10000,24,0.0415,0,0.0
L000854,C,5000,36,0.1011,0,0.0
L000855,B,1000,60,0.0872,0,0.0
L000856,A,500,60,0.0479,0,0.0
L000857,D,5000,36,0.1478,0,0.0
L000858,C,500,24,0.1212,0,0.0
L000859,D,1000,36,0.1542,0,0.0
L000860,C,7500,60,0.1113,1,0.3088
L000861,C,500,24,0.1088,0,0.0
L000862,A,10000,24,0.0567,0,0.0
L000863,E,5000,24,0.1892,0,0.0
L000864,A,5000,12,0.0518,0,0.0
L000865,A,500,12,0.0565,0,0.0
L000866,C,2500,36,0.1156,0,0.0
L000867,A,7500,24,0.0536,0,0.0
L000868,E,2500,12,0.1937,1,0.3011
L000869,C,500,24,0.1117,0,0.0
L000870,A,10000,60,0.0556,0,0.0
L000871,A,10000,36,0.0507,0,0.0
L000872,D,5000,12,0.1527,0,0.0
L000873,A,7500,36,0.062,0,0.0
L000874,A,2500,12,0.0503,0,0.0
L000875,D,7500,12,0.157,1,0.3448
L000876,C,2500,60,0.1119,1,0.2893
L000877,E,500,12,0.1997,0,0.0
L000878,A,500,12,0.0583,0,0.0
L000879,C,500,60,0.1176,0,0.0
L000880,C,10000,12,0.1161,0,0.0
L000881,D,1000,24,0.1557,0,0.0
L000882,C,1000,36,0.1112,0,0.0
L000883,A,10000,24,0.0583,0,0.0
L000884,C,500,60,0.1097,0,0.0
L000885,A,500,60,0.0427,0,0.0
L000886,B,500,12,0.0768,0,0.0
L000887,C,10000,36,0.1093,0,0.0
L000888,C,1000,24,0.1201,1,0.4196
L000889,B,500,24,0.0801,0,0.0
L000890,E,7500,24,0.1824,0,0.0
L000891,B,10000,36,0.0829,0,0.0
L000892,D,1000,24,0.1558,0,0.0
L000893,B,7500,24,0.0762,0,0.0
L000894,B,1000,36,0.081,0,0.0
L000895,B,7500,36,0.073,0,0.0
L000896,D,2500,24,0.146,0,0.0
L000897,A,2500,60,0.0547,0,0.0
L000898,D,7500,36,0.1628,0,0.0
L000899,C,2500,24,0.116,0,0.0
L000900,B,5000,36,0.0797,1,0.4215
L000901,B,5000,24,0.0782,0,0.0
L000902,B,10000,24,0.0855,0,0.0
L000903,E,2500,60,0.1923,0,0.0
L000904,A,1000,12,0.0506,0,0.0
L000905,E,500,36,0.2021,1,0.2947
L000906,C,10000,36,0.1113,0,0.0
L000907,C,7500,60,0.1139,0,0.0
L000908,D,10000,60,0.1493,1,0.2467
L000909,B,10000,24,0.0864,1,0.2789
L000910,B,1000,24,0.0812,0,0.0
L000911,D,500,36,0.1502,1,0.2345
L000912,E,1000,60,0.1962,0,0.0
L000913,D,10000,24,0.1426,0,0.0
L000914,B,1000,24,0.0797,0,0.0
L000915,C,5000,24,0.1103,0,0.0
L000916,B,1000,24,0.0731,0,0.0
L000917,C,7500,12,0.1087,0,0.0
L000918,B,7500,12,0.0697,0,0.0
L000919,A,10000,12,0.0492,0,0.0
L000920,C,7500,24,0.1024,0,0.0
L000921,A,1000,12,0.0606,0,0.0
L000922,C,1000,12,0.11,0,0.0
L000923,B,10000,24,0.0732,0,0.0
L000924,D,10000,24,0.1548,0,0.0
L000925,A,10000,60,0.0535,0,0.0
L000926,A,5000,60,0.068,0,0.0
L000927,C,1000,36,0.1214,0,0.0
L000928,E,5000,36,0.1955,1,0.0553
L000929,B,2500,12,0.0774,0,0.0
L000930,A,7500,36,0.0561,0,0.0
L000931,D,7500,24,0.1513,0,0.0
L000932,E,500,60,0.1939,0,0.0
L000933,A,500,60,0.0545,0,0.0
L000934,C,1000,24,0.1207,0,0.0
L000935,D,2500,60,0.1552,0,0.0
L000936,C,1000,24,0.11,1,0.3106
L000937,C,2500,24,0.1212,0,0.0
L000938,D,7500,36,0.146,0,0.0
L000939,E,10000,60,0.2028,0,0.0
L000940,B,5000,12,0.0816,0,0.0
L000941,B,7500,60,0.072,0,0.0
L000942,B,500,60,0.0813,0,0.0
L000943,B,7500,60,0.0808,0,0.0
L000944,C,1000,12,0.107,0,0.0
L000945,B,5000,36,0.0893,0,0.0
L000946,C,1000,36,0.108,0,0.0
L000947,E,10000,36,0.2085,0,0.0
L000948,C,500,24,0.1194,0,0.0
L000949,E,2500,60,0.1989,0,0.0
L000950,B,5000,60,0.0797,0,0.0
L000951,D,2500,36,0.1421,0,0.0
L000952,D,2500,36,0.1382,0,0.0
L000953,C,5000,24,0.1174,0,0.0
L000954,A,10000,60,0.0658,0,0.0
L000955,B,2500,60,0.0844,0,0.0
L000956,C,5000,12,0.113,0,0.0
L000957,B,5000,36,0.0631,0,0.0
L000958,E,500,36,0.1929,0,0.0
L000959,B,500,36,0.0732,0,0.0
L000960,C,500,36,0.116,1,0.3281
L000961,B,500,60,0.0836,0,0.0
L000962,D,5000,60,0.1409,1,0.1996
L000963,A,10000,60,0.0522,0,0.0
L000964,C,2500,24,0.1168,0,0.0
L000965,D,500,24,0.1486,0,0.0
L000966,D,7500,36,0.1505,0,0.0
L000967,A,7500,12,0.0576,0,0.0
L000968,B,500,36,0.0781,0,0.0
L000969,B,1000,36,0.0747,0,0.0
L000970,A,10000,12,0.0508,0,0.0
L000971,A,7500,60,0.0505,0,0.0
L000972,B,2500,60,0.0857,0,0.0
L000973,C,7500,60,0.1011,0,0.0
L000974,D,500,60,0.1441,0,0.0
L000975,A,500,60,0.0544,0,0.0
L000976,D,10000,12,0.1391,0,0.0
L000977,B,5000,12,0.0808,1,0.1576
L000978,C,7500,36,0.1101,0,0.0
L000979,C,10000,24,0.1222,0,0.0
L000980,B,2500,24,0.0752,0,0.0
L000981,C,2500,36,0.115,0,0.0
L000982,D,2500,36,0.1514,0,0.0
L000983,C,500,36,0.1094,0,0.0
L000984,D,500,36,0.1496,0,0.0
L000985,B,5000,12,0.0701,0,0.0
L000986,C,1000,36,0.1124,0,0.0
L000987,E,500,60,0.1822,0,0.0
L000988,B,7500,36,0.0735,0,0.0
L000989,A,500,12,0.0465,0,0.0
L000990,B,500,60,0.0784,0,0.0
L000991,D,5000,36,0.1504,0,0.0
L000992,B,2500,12,0.0779,0,0.0
L000993,E,500,60,0.1846,0,0.0
L000994,B,5000,24,0.0865,0,0.0
L000995,A,10000,12,0.0637,0,0.0
L000996,D,7500,36,0.1547,0,0.0
L000997,B,7500,24,0.0699,0,0.0
L000998,B,1000,36,0.0776,0,0.0
L000999,D,7500,36,0.146,0,0.0
L001000,B,5000,60,0.0703,0,0.0
L001001,B,2500,36,0.0738,0,0.0
L001002,A,1000,24,0.0497,0,0.0
L001003,B,5000,60,0.0762,0,0.0
L001004,E,1000,36,0.1967,0,0.0
L001005,B,10000,12,0.073,0,0.0
L001006,A,10000,12,0.056,0,0.0
L001007,C,7500,12,0.118,1,0.0815
L001008,D,2500,36,0.1586,1,0.2307
L001009,B,1000,24,0.0823,0,0.0
L001010,B,2500,60,0.0819,0,0.0
L001011,B,1000,60,0.0786,0,0.0
L001012,D,10000,12,0.1519,0,0.0
L001013,C,5000,24,0.1073,0,0.0
L001014,A,10000,60,0.0511,0,0.0
L001015,E,10000,24,0.1933,1,0.212
L001016,A,10000,36,0.0607,0,0.0
L001017,B,10000,36,0.0858,0,0.0
L001018,E,1000,36,0.2082,0,0.0
L001019,A,5000,12,0.0537,0,0.0
L001020,D,2500,60,0.1469,0,0.0
L001021,C,2500,24,0.1204,0,0.0
L001022,A,500,24,0.0586,0,0.0
L001023,B,5000,24,0.0726,0,0.0
L001024,B,500,60,0.0736,0,0.0
L001025,B,7500,24,0.0862,0,0.0
L001026,E,500,60,0.2017,0,0.0
L001027,C,5000,12,0.1205,0,0.0
L001028,D,500,60,0.1506,0,0.0
L001029,D,500,60,0.1575,0,0.0
L001030,C,5000,12,0.105,0,0.0
L001031,B,10000,36,0.0762,0,0.0
L001032,D,7500,60,0.1546,0,0.0
L001033,C,10000,12,0.1165,0,0.0
L001034,C,10000,24,0.1142,0,0.0
L001035,E,1000,60,0.1991,0,0.0
L001036,D,500,24,0.1558,0,0.0
L001037,D,10000,12,0.1569,0,0.0
L001038,B,10000,36,0.0762,0,0.0
L001039,D,1000,24,0.1491,0,0.0
L001040,B,500,36,0.075,0,0.0
L001041,C,500,24,0.1126,0,0.0
L001042,B,5000,36,0.0808,0,0.0
L001043,D,10000,36,0.1509,0,0.0
L001044,A,5000,24,0.0526,0,0.0
L001045,E,2500,24,0.201,0,0.0
L001046,C,10000,60,0.1171,0,0.0
L001047,B,5000,24,0.072,0,0.0
L001048,C,7500,60,0.1112,0,0.0
L001049,E,10000,24,0.2044,0,0.0
L001050,C,2500,60,0.1128,0,0.0
L001051,B,7500,60,0.0826,0,0.0
L001052,C,500,36,0.1164,0,0.0
L001053,A,500,60,0.0522,0,0.0
L001054,A,10000,60,0.0609,0,0.0
L001055,A,10000,60,0.0615,0,0.0
L001056,E,5000,60,0.1955,1,0.152
L001057,E,2500,12,0.1947,0,0.0
L001058,B,5000,60,0.077,0,0.0
L001059,D,500,36,0.1495,1,0.0835
L001060,E,500,36,0.1983,0,0.0
L001061,E,2500,60,0.2015,0,0.0
L001062,A,10000,12,0.0628,0,0.0
L001063,C,10000,12,0.1122,0,0.0
L001064,B,5000,12,0.0852,0,0.0
L001065,B,500,24,0.0792,0,0.0
L001066,D,7500,36,0.1484,0,0.0
L001067,D,1000,12,0.1428,1,0.0282
L001068,B,2500,60,0.0787,0,0.0
L001069,E,5000,24,0.1931,0,0.0
L001070,B,10000,60,0.0793,0,0.0
L001071,D,2500,36,0.1442,0,0.0
L001072,A,5000,60,0.0548,0,0.0
L001073,E,1000,12,0.202,0,0.0
L001074,B,2500,60,0.0713,0,0.0
L001075,B,2500,24,0.0822,0,0.0
L001076,B,7500,36,0.0767,0,0.0
L001077,C,500,12,0.1179,0,0.0
L001078,C,1000,60,0.1254,0,0.0
L001079,B,1000,24,0.0941,0,0.0
L001080,C,1000,36,0.1126,0,0.0
L001081,A,7500,12,0.0591,0,0.0
L001082,B,7500,36,0.0799,0,0.0
L001083,D,5000,24,0.1478,0,0.0
L001084,D,5000,60,0.1505,0,0.0
L001085,E,2500,12,0.1987,0,0.0
L001086,E,500,24,0.1876,1,0.2138
L001087,B,1000,60,0.0879,0,0.0
L001088,C,7500,60,0.1083,0,0.0
L001089,B,10000,60,0.0824,0,0.0
L001090,D,1000,24,0.1476,0,0.0
L001091,C,7500,24,0.1121,1,0.2068
L001092,D,2500,12,0.1672,0,0.0
L001093,C,2500,24,0.1084,0,0.0
L001094,A,1000,24,0.0524,0,0.0
L001095,B,2500,12,0.0877,0,0.0
L001096,D,7500,24,0.1462,0,0.0
L001097,D,2500,36,0.1539,0,0.0
L001098,A,1000,60,0.0539,0,0.0
L001099,B,2500,60,0.079,0,0.0
L001100,A,7500,24,0.057,0,0.0
L001101,B,7500,24,0.083,0,0.0
L001102,D,5000,36,0.149,1,0.1517
L001103,D,500,24,0.1571,0,0.0
L001104,C,5000,12,0.1072,0,0.0
L001105,A,2500,24,0.0561,0,0.0
L001106,A,7500,36,0.062,0,0.0
L001107,B,7500,36,0.0756,0,0.0
L001108,D,7500,24,0.1494,0,0.0
L001109,D,7500,60,0.1503,0,0.0
L001110,C,5000,60,0.1116,0,0.0
L001111,D,2500,36,0.1456,0,0.0
L001112,A,10000,60,0.054,1,0.4808
L001113,B,500,60,0.0716,0,0.0
L001114,E,10000,60,0.2082,1,0.0856
L001115,B,500,24,0.0795,0,0.0
L001116,C,10000,12,0.106,0,0.0
L001117,B,2500,24,0.0658,0,0.0
L001118,B,5000,60,0.0827,0,0.0
L001119,C,5000,60,0.1093,0,0.0
L001120,D,10000,60,0.1481,0,0.0
L001121,E,5000,60,0.1951,0,0.0
L001122,B,5000,36,0.0875,0,0.0
L001123,A,10000,36,0.0551,0,0.0
L001124,A,5000,12,0.0658,0,0.0
L001125,D,2500,60,0.1443,0,0.0
L001126,A,7500,24,0.0532,0,0.0
L001127,C,10000,12,0.1199,0,0.0
L001128,C,2500,12,0.1138,0,0.0
L001129,A,2500,36,0.0655,0,0.0
L001130,C,500,12,0.117,0,0.0
L001131,A,1000,12,0.0485,0,0.0
L001132,B,500,60,0.0797,0,0.0
L001133,B,1000,12,0.0723,0,0.0
L001134,E,1000,60,0.1925,0,0.0
L001135,E,10000,12,0.2025,0,0.0
L001136,C,500,60,0.1058,0,0.0
L001137,C,1000,36,0.1153,0,0.0
L001138,A,1000,60,0.0671,0,0.0
L001139,A,5000,60,0.0672,0,0.0
L001140,A,7500,60,0.0554,0,0.0
L001141,B,2500,24,0.0861,0,0.0
L001142,A,10000,36,0.0541,0,0.0
L001143,A,500,24,0.0629,0,0.0
L001144,A,1000,60,0.0545,0,0.0
L001145,E,7500,24,0.1946,0,0.0
L001146,B,2500,24,0.0839,0,0.0
L001147,A,2500,24,0.0617,0,0.0
L001148,C,5000,60,0.1183,0,0.0
L001149,E,1000,36,0.2028,0,0.0
L001150,B,5000,60,0.073,0,0.0
L001151,B,7500,12,0.0823,0,0.0
L001152,A,10000,24,0.0499,0,0.0
L001153,B,10000,60,0.0703,0,0.0
L001154,A,7500,24,0.0519,0,0.0
L001155,E,2500,24,0.1894,1,0.0
L001156,A,7500,12,0.0561,0,0.0
L001157,C,1000,60,0.1141,0,0.0
L001158,D,10000,60,0.1497,1,0.1827
L001159,B,1000,12,0.0895,0,0.0
L001160,A,7500,36,0.047,0,0.0
L001161,B,500,12,0.0842,0,0.0
L001162,B,5000,60,0.0823,0,0.0
L001163,B,7500,24,0.0784,0,0.0
L001164,D,7500,60,0.151,0,0.0
L001165,A,1000,12,0.058,0,0.0
L001166,C,2500,12,0.106,0,0.0
L001167,C,2500,60,0.1195,0,0.0
L001168,A,1000,12,0.0502,0,0.0
L001169,D,10000,60,0.1495,0,0.0
L001170,D,2500,36,0.1523,1,0.0668
L001171,A,500,24,0.0508,0,0.0
L001172,B,1000,24,0.0824,0,0.0
L001173,B,500,36,0.0719,0,0.0
L001174,A,500,36,0.0469,0,0.0
L001175,C,10000,60,0.1113,0,0.0
L001176,B,500,24,0.0854,0,0.0
L001177,C,500,12,0.106,1,0.2453
L001178,A,2500,24,0.0619,0,0.0
L001179,A,5000,60,0.0507,0,0.0
L001180,C,500,36,0.1101,0,0.0
L001181,D,500,12,0.1494,0,0.0
L001182,E,500,12,0.1948,0,0.0
L001183,E,7500,60,0.1834,0,0.0
L001184,A,2500,60,0.0556,0,0.0
L001185,C,2500,36,0.1126,0,0.0
L001186,E,7500,36,0.2011,0,0.0
L001187,C,2500,12,0.1097,0,0.0
L001188,B,1000,12,0.0775,0,0.0
L001189,D,1000,60,0.1539,1,0.1041
L001190,D,7500,36,0.1506,0,0.0
L001191,E,500,24,0.189,0,0.0
L001192,C,7500,24,0.1086,0,0.0
L001193,B,2500,24,0.088,0,0.0
L001194,D,2500,24,0.151,0,0.0
L001195,C,2500,60,0.1176,0,0.0
L001196,D,10000,60,0.1594,0,0.0
L001197,D,10000,36,0.1525,0,0.0
L001198,E,5000,24,0.1992,0,0.0
L001199,A,7500,24,0.0573,0,0.0
L001200,A,1000,60,0.0633,0,0.0
L001201,C,500,12,0.1222,1,0.4328
L001202,B,2500,36,0.0843,0,0.0
L001203,D,7500,12,0.1547,0,0.0
L001204,A,10000,60,0.0496,0,0.0
L001205,A,1000,36,0.0681,0,0.0
L001206,E,5000,24,0.1999,0,0.0
L001207,B,1000,60,0.0902,0,0.0
L001208,A,2500,24,0.0635,0,0.0
L001209,A,5000,12,0.056,0,0.0
L001210,A,10000,60,0.0415,0,0.0
L001211,A,7500,24,0.051,0,0.0
L001212,B,1000,60,0.0777,0,0.0
L001213,D,7500,24,0.1554,0,0.0
L001214,B,2500,60,0.0824,0,0.0
L001215,E,7500,12,0.195,1,0.0927
L001216,A,1000,60,0.0532,0,0.0
L001217,B,10000,24,0.0792,0,0.0
L001218,B,7500,36,0.0777,0,0.0
L001219,B,500,60,0.0758,1,0.2457
L001220,B,500,12,0.0914,0,0.0
L001221,C,2500,24,0.1102,1,0.1404
L001222,D,10000,60,0.1504,0,0.0
L001223,C,500,60,0.1094,0,0.0
L001224,B,1000,36,0.0816,0,0.0
L001225,A,1000,24,0.0549,0,0.0
L001226,C,2500,60,0.1076,0,0.0
L001227,D,2500,36,0.1564,0,0.0
L001228,C,5000,36,0.1047,0,0.0
L001229,D,5000,60,0.1614,0,0.0
L001230,A,1000,36,0.0508,0,0.0
L001231,E,10000,12,0.2063,0,0.0
L001232,A,1000,12,0.0551,0,0.0
L001233,B,10000,36,0.0766,0,0.0
L001234,D,10000,12,0.1392,0,0.0
L001235,C,500,24,0.1065,0,0.0
L001236,A,2500,24,0.0537,0,0.0
L001237,A,1000,12,0.0446,0,0.0
L001238,B,10000,24,0.0775,0,0.0
L001239,A,500,36,0.0603,0,0.0
L001240,B,1000,60,0.086,0,0.0
L001241,C,2500,60,0.1058,0,0.0
L001242,A,500,24,0.05,0,0.0
L001243,C,500,24,0.1125,0,0.0
L001244,B,10000,60,0.0734,0,0.0
L001245,E,2500,12,0.2013,0,0.0
L001246,B,500,24,0.0742,0,0.0
L001247,C,2500,12,0.109,0,0.0
L001248,C,5000,60,0.1089,0,0.0
L001249,B,1000,24,0.0859,1,0.1469
L001250,B,10000,24,0.0803,0,0.0
L001251,E,5000,36,0.1921,0,0.0
L001252,D,7500,12,0.152,0,0.0
L001253,C,10000,60,0.1105,0,0.0
L001254,C,500,24,0.0994,1,0.1015
L001255,C,7500,24,0.1057,1,0.1303
L001256,C,5000,12,0.1251,0,0.0
L001257,E,10000,36,0.2021,0,0.0
L001258,D,1000,12,0.1543,0,0.0
L001259,D,500,36,0.1563,0,0.0
L001260,D,7500,24,0.1514,0,0.0
L001261,C,2500,36,0.1222,0,0.0
L001262,D,7500,24,0.1437,0,0.0
L001263,C,1000,24,0.1153,1,0.3733
L001264,B,1000,24,0.0697,0,0.0
L001265,B,10000,60,0.0723,0,0.0
L001266,E,1000,24,0.187,0,0.0
L001267,C,5000,24,0.1109,0,0.0
L001268,D,7500,24,0.1431,0,0.0
L001269,A,2500,36,0.0608,0,0.0
L001270,B,7500,12,0.0761,0,0.0
L001271,E,2500,24,0.1866,1,0.0
L001272,C,2500,60,0.1066,0,0.0
L001273,A,10000,24,0.055,0,0.0
L001274,B,1000,36,0.0841,0,0.0
L001275,D,2500,60,0.1467,0,0.0
L001276,D,1000,24,0.1601,0,0.0
L001277,A,7500,60,0.0606,0,0.0
L001278,C,5000,24,0.108,0,0.0
L001279,C,2500,24,0.1132,0,0.0
L001280,C,1000,60,0.1178,0,0.0
L001281,B,1000,24,0.0889,0,0.0
L001282,B,1000,24,0.0754,0,0.0
L001283,A,7500,60,0.0538,0,0.0
L001284,B,500,24,0.0835,0,0.0
L001285,C,2500,12,0.1143,0,0.0
L001286,B,10000,24,0.0854,0,0.0
L001287,D,500,36,0.1544,0,0.0
L001288,C,7500,12,0.1113,0,0.0
L001289,E,10000,24,0.1953,0,0.0
L001290,D,500,12,0.1442,1,0.1982
L001291,D,500,12,0.1603,1,0.0872
L001292,A,2500,12,0.0584,0,0.0
L001293,A,500,36,0.064,0,0.0
L001294,A,500,24,0.0596,0,0.0
L001295,E,500,24,0.1987,0,0.0
L001296,D,10000,24,0.1467,0,0.0
L001297,B,7500,12,0.0716,0,0.0
L001298,E,7500,60,0.1966,0,0.0
L001299,B,500,36,0.0862,0,0.0
L001300,B,2500,60,0.0764,0,0.0
L001301,D,5000,24,0.1452,1,0.2164
L001302,D,500,60,0.1454,0,0.0
L001303,B,1000,24,0.0612,0,0.0
L001304,B,500,36,0.0797,0,0.0
L001305,D,1000,36,0.1484,0,0.0
L001306,C,5000,24,0.1102,0,0.0
L001307,B,2500,60,0.0781,0,0.0
L001308,B,5000,60,0.0894,0,0.0
L001309,E,7500,24,0.1995,0,0.0
L001310,A,5000,12,0.0594,0,0.0
L001311,A,7500,60,0.0585,0,0.0
L001312,A,7500,60,0.0587,0,0.0
L001313,A,2500,24,0.0518,0,0.0
L001314,C,5000,12,0.1091,0,0.0
L001315,B,7500,12,0.0837,0,0.0
L001316,C,10000,36,0.1073,0,0.0
L001317,D,1000,12,0.155,0,0.0
L001318,A,10000,12,0.0565,0,0.0
L001319,B,7500,12,0.0806,0,0.0
L001320,B,500,36,0.0771,0,0.0
L001321,D,5000,24,0.1475,0,0.0
L001322,D,1000,60,0.1531,0,0.0
L001323,D,1000,60,0.1521,0,0.0
L001324,B,7500,60,0.0757,0,0.0
L001325,B,5000,60,0.079,0,0.0
L001326,C,500,36,0.1125,0,0.0
L001327,D,1000,60,0.1459,0,0.0
L001328,B,1000,12,0.0696,0,0.0
L001329,C,1000,12,0.1097,0,0.0
L001330,B,1000,12,0.0855,0,0.0
L001331,C,2500,12,0.1074,0,0.0
L001332,D,1000,36,0.1437,0,0.0
L001333,C,2500,36,0.1197,0,0.0
L001334,A,1000,12,0.0563,0,0.0
L001335,B,5000,60,0.0829,0,0.0
L001336,E,2500,36,0.1937,0,0.0
L001337,D,7500,12,0.151,1,0.1396
L001338,A,2500,24,0.0515,0,0.0
L001339,B,5000,36,0.0807,0,0.0
L001340,C,2500,12,0.1159,0,0.0
L001341,C,10000,12,0.1109,0,0.0
L001342,A,500,12,0.0591,0,0.0
L001343,B,2500,12,0.0722,0,0.0
L001344,D,1000,12,0.1445,0,0.0
L001345,E,10000,36,0.1996,0,0.0
L001346,A,10000,24,0.0506,0,0.0
L001347,C,10000,36,0.118,0,0.0
L001348,D,500,24,0.1584,0,0.0
L001349,C,1000,36,0.1118,0,0.0
L001350,C,2500,12,0.106,0,0.0
L001351,B,1000,12,0.0831,0,0.0
L001352,D,10000,36,0.154,0,0.0
L001353,B,5000,60,0.0747,0,0.0
L001354,B,500,24,0.0784,0,0.0
L001355,B,7500,36,0.0838,0,0.0
L001356,E,1000,36,0.1918,0,0.0
L001357,A,1000,24,0.0647,0,0.0
L001358,C,10000,36,0.1025,0,0.0
L001359,B,1000,60,0.0798,0,0.0
L001360,B,10000,12,0.0806,0,0.0
L001361,A,7500,12,0.0463,0,0.0
L001362,A,500,12,0.0504,0,0.0
L001363,E,2500,36,0.1889,1,0.2751
L001364,B,2500,24,0.0726,0,0.0
L001365,C,1000,12,0.1092,1,0.165
L001366,B,10000,36,0.088,0,0.0
L001367,B,5000,24,0.0686,0,0.0
L001368,A,1000,24,0.0594,0,0.0
L001369,B,7500,12,0.0804,0,0.0
L001370,B,5000,36,0.079,0,0.0
L001371,D,5000,24,0.1479,0,0.0
L001372,E,1000,12,0.1968,0,0.0
L001373,B,500,36,0.0876,0,0.0
L001374,B,10000,12,0.0882,0,0.0
L001375,C,10000,12,0.1111,0,0.0
L001376,C,500,24,0.1057,1,0.1757
L001377,B,500,60,0.0781,0,0.0
L001378,D,1000,24,0.1453,1,0.2009
L001379,B,5000,24,0.0793,0,0.0
L001380,C,2500,36,0.1111,0,0.0
L001381,D,2500,24,0.1522,1,0.2506
L001382,D,5000,24,0.1509,0,0.0
L001383,A,2500,60,0.0558,0,0.0
L001384,C,7500,60,0.1142,0,0.0
L001385,A,10000,60,0.043,0,0.0
L001386,B,7500,60,0.0764,0,0.0
L001387,A,1000,36,0.053,0,0.0
L001388,B,7500,12,0.0806,0,0.0
L001389,A,5000,24,0.0592,0,0.0
L001390,C,2500,36,0.1136,0,0.0
L001391,C,2500,24,0.1136,1,0.2397
L001392,A,5000,24,0.0494,0,0.0
L001393,C,2500,24,0.1088,0,0.0
L001394,E,7500,24,0.2018,0,0.0
L001395,B,5000,24,0.0875,0,0.0
L001396,C,2500,60,0.1066,0,0.0
L001397,B,5000,60,0.0791,0,0.0
L001398,E,500,36,0.2009,0,0.0
L001399,C,7500,12,0.1165,0,0.0
L001400,C,1000,24,0.1076,0,0.0
L001401,E,1000,60,0.1841,0,0.0
L001402,C,5000,12,0.1212,0,0.0
L001403,B,10000,36,0.0869,0,0.0
L001404,B,500,24,0.0667,0,0.0
L001405,C,2500,60,0.1089,0,0.0
L001406,C,2500,12,0.1088,1,0.2603
L001407,B,2500,36,0.0826,0,0.0
L001408,B,500,12,0.0751,0,0.0
L001409,C,1000,12,0.1191,0,0.0
L001410,A,5000,60,0.0559,0,0.0
L001411,C,10000,12,0.1029,0,0.0
L001412,B,2500,12,0.0768,0,0.0
L001413,A,7500,24,0.0532,0,0.0
L001414,A,5000,12,0.0454,0,0.0
L001415,C,10000,60,0.1198,0,0.0
L001416,C,500,60,0.1203,0,0.0
L001417,A,1000,24,0.0559,0,0.0
L001418,B,2500,24,0.0836,0,0.0
L001419,C,1000,24,0.1094,0,0.0
L001420,C,500,36,0.1041,0,0.0
L001421,C,5000,60,0.1098,0,0.0
L001422,C,1000,60,0.1087,0,0.0
L001423,A,1000,12,0.056,0,0.0
L001424,A,5000,36,0.0655,0,0.0
L001425,B,7500,12,0.0702,0,0.0
L001426,A,2500,12,0.0465,0,0.0
L001427,B,2500,36,0.0766,0,0.0
L001428,C,1000,60,0.0978,0,0.0
L001429,C,500,60,0.1107,0,0.0
L001430,B,2500,12,0.0853,0,0.0
L001431,B,7500,60,0.0883,0,0.0
L001432,B,5000,60,0.0713,0,0.0
L001433,D,10000,36,0.146,0,0.0
L001434,E,500,24,0.2088,0,0.0
L001435,A,5000,60,0.0616,0,0.0
L001436,C,7500,12,0.0995,0,0.0
L001437,B,5000,60,0.0794,0,0.0
L001438,D,10000,60,0.1414,0,0.0
L001439,B,2500,60,0.0784,0,0.0
L001440,E,7500,12,0.1895,0,0.0
L001441,B,1000,60,0.0872,0,0.0
L001442,C,500,24,0.1116,0,0.0
L001443,C,5000,36,0.1106,0,0.0
L001444,A,2500,24,0.0593,0,0.0
L001445,D,2500,36,0.1489,1,0.262
L001446,C,10000,60,0.1043,0,0.0
L001447,A,1000,12,0.0641,0,0.0
L001448,B,1000,36,0.0699,0,0.0
L001449,A,10000,24,0.0588,0,0.0
L001450,A,7500,24,0.057,1,0.222
L001451,A,5000,60,0.0633,0,0.0
L001452,A,10000,60,0.0656,0,0.0
L001453,A,10000,12,0.0439,0,0.0
L001454,C,10000,24,0.1171,0,0.0
L001455,E,500,12,0.191,0,0.0
L001456,C,2500,24,0.1048,0,0.0
L001457,B,1000,60,0.0779,0,0.0
L001458,A,2500,24,0.0491,0,0.0
L001459,A,1000,24,0.0528,0,0.0
L001460,D,2500,12,0.1418,0,0.0
L001461,B,5000,12,0.0762,0,0.0
L001462,E,2500,36,0.1986,0,0.0
L001463,C,7500,36,0.1151,0,0.0
L001464,D,500,12,0.1419,0,0.0
L001465,B,2500,24,0.0793,0,0.0
L001466,A,5000,60,0.0517,0,0.0
L001467,D,5000,36,0.1474,0,0.0
L001468,D,10000,24,0.1593,0,0.0
L001469,C,7500,12,0.116,0,0.0
L001470,A,5000,36,0.0635,0,0.0
L001471,C,2500,12,0.1136,0,0.0
L001472,D,500,12,0.151,0,0.0
L001473,B,10000,24,0.073,0,0.0
L001474,B,5000,12,0.0828,0,0.0
L001475,A,1000,24,0.0482,0,0.0
L001476,A,7500,24,0.0574,0,0.0
L001477,D,7500,36,0.1476,0,0.0
L001478,D,500,12,0.1521,0,0.0
L001479,D,2500,12,0.1514,0,0.0
L001480,C,5000,24,0.1276,0,0.0
L001481,A,10000,12,0.05,0,0.0
L001482,C,500,60,0.113,0,0.0
L001483,B,10000,36,0.0782,0,0.0
L001484,D,10000,12,0.1516,0,0.0
L001485,B,1000,12,0.0765,0,0.0
L001486,A,2500,60,0.0461,0,0.0
L001487,D,2500,24,0.1418,0,0.0
L001488,D,7500,12,0.1483,0,0.0
L001489,E,10000,12,0.2009,0,0.0
L001490,A,7500,24,0.0602,0,0.0
L001491,D,1000,36,0.1503,0,0.0
L001492,B,10000,12,0.0907,0,0.0
L001493,D,7500,12,0.1527,0,0.0
L001494,A,10000,36,0.0619,0,0.0
L001495,A,5000,12,0.0495,0,0.0
L001496,A,10000,24,0.0531,1,0.3741
L001497,E,10000,24,0.1899,0,0.0
L001498,C,10000,24,0.1119,0,0.0
L001499,E,2500,24,0.2016,0,0.0
L001500,B,10000,60,0.0779,0,0.0
L001501,C,7500,60,0.1153,0,0.0
L001502,C,1000,60,0.1146,0,0.0
L001503,B,2500,36,0.0861,0,0.0
L001504,A,5000,24,0.0617,0,0.0
L001505,B,10000,12,0.0783,0,0.0
L001506,D,5000,12,0.1476,0,0.0
L001507,B,500,60,0.0767,0,0.0
L001508,B,1000,36,0.0775,0,0.0
L001509,B,500,36,0.081,0,0.0
L001510,B,10000,60,0.07,0,0.0
L001511,C,500,60,0.1234,0,0.0
L001512,C,5000,60,0.1118,0,0.0
L001513,B,2500,36,0.073,0,0.0
L001514,B,2500,12,0.0862,0,0.0
L001515,C,5000,24,0.1049,0,0.0
L001516,D,5000,60,0.1504,1,0.2136
L001517,A,2500,24,0.0613,0,0.0
L001518,A,2500,60,0.0533,0,0.0
L001519,B,10000,36,0.0884,0,0.0
L001520,B,10000,12,0.0815,0,0.0
L001521,C,2500,24,0.1116,0,0.0
L001522,B,5000,12,0.0785,0,0.0
L001523,A,5000,36,0.0573,0,0.0
L001524,C,500,24,0.1111,0,0.0
L001525,A,2500,60,0.0574,0,0.0
L001526,C,1000,12,0.1191,0,0.0
L001527,C,7500,36,0.1243,0,0.0
L001528,C,5000,12,0.1056,0,0.0
L001529,A,2500,36,0.0553,0,0.0
L001530,A,5000,36,0.0546,0,0.0
L001531,D,10000,12,0.1531,0,0.0
L001532,B,10000,12,0.0768,0,0.0
L001533,C,2500,24,0.1098,0,0.0
L001534,B,1000,36,0.08,0,0.0
L001535,B,1000,12,0.0754,0,0.0
L001536,B,1000,60,0.0819,0,0.0
L001537,C,2500,60,0.1181,0,0.0
L001538,B,7500,12,0.0783,1,0.2528
L001539,C,10000,60,0.1213,0,0.0
L001540,B,500,60,0.0832,0,0.0
L001541,B,1000,36,0.0758,0,0.0
L001542,B,7500,36,0.0836,1,0.3403
L001543,C,2500,60,0.1129,0,0.0
L001544,E,5000,60,0.2023,1,0.169
L001545,C,10000,24,0.1129,0,0.0
L001546,B,1000,12,0.081,0,0.0
L001547,C,500,12,0.1104,1,0.1992
L001548,E,1000,60,0.2061,0,0.0
L001549,C,2500,36,0.107,0,0.0
L001550,B,1000,12,0.0809,1,0.1434
L001551,A,2500,60,0.0642,0,0.0
L001552,D,1000,12,0.1489,0,0.0
L001553,A,1000,24,0.0562,0,0.0
L001554,D,1000,24,0.1481,0,0.0
L001555,B,2500,36,0.0744,0,0.0
L001556,B,5000,36,0.0806,0,0.0
L001557,D,5000,24,0.1473,0,0.0
L001558,C,10000,36,0.1108,0,0.0
L001559,B,500,24,0.0764,0,0.0
L001560,B,2500,36,0.0798,1,0.2911
L001561,A,5000,12,0.064,0,0.0
L001562,B,10000,36,0.0735,0,0.0
L001563,D,5000,36,0.1555,0,0.0
L001564,C,500,60,0.1123,0,0.0
L001565,B,5000,24,0.0768,0,0.0
L001566,A,2500,12,0.056,0,0.0
L001567,B,2500,60,0.0721,0,0.0
L001568,A,5000,60,0.0534,0,0.0
L001569,B,7500,24,0.0719,0,0.0
L001570,D,2500,12,0.1569,0,0.0
L001571,E,2500,36,0.1971,0,0.0
L001572,E,2500,24,0.1941,0,0.0
L001573,D,1000,36,0.1422,0,0.0
L001574,A,10000,36,0.0538,0,0.0
L001575,B,500,36,0.0954,0,0.0
L001576,D,2500,24,0.149,0,0.0
L001577,D,500,36,0.1445,0,0.0
L001578,A,500,60,0.0582,0,0.0
L001579,E,1000,60,0.1965,1,0.2308
L001580,B,10000,24,0.0782,0,0.0
L001581,E,2500,60,0.1878,0,0.0
L001582,B,5000,36,0.0745,0,0.0
L001583,C,10000,24,0.1137,0,0.0
L001584,C,500,24,0.0992,0,0.0
L001585,D,500,12,0.1529,0,0.0
L001586,A,7500,60,0.0526,0,0.0
L001587,B,2500,24,0.0792,0,0.0
L001588,D,10000,12,0.1476,0,0.0
L001589,C,5000,24,0.1067,0,0.0
L001590,B,5000,60,0.0675,0,0.0
L001591,D,10000,36,0.153,0,0.0
L001592,A,2500,24,0.0603,0,0.0
L001593,C,5000,60,0.1107,0,0.0
L001594,D,500,12,0.148,0,0.0
L001595,B,500,60,0.0728,0,0.0
L001596,D,7500,24,0.1517,0,0.0
L001597,B,500,36,0.0738,0,0.0
L001598,C,500,12,0.1224,1,0.2457
L001599,B,10000,60,0.0769,0,0.0
L001600,C,7500,60,0.1163,0,0.0
L001601,B,1000,24,0.0809,0,0.0
L001602,B,1000,12,0.0955,0,0.0
L001603,C,500,24,0.106,0,0.0
L001604,B,10000,12,0.0874,0,0.0
L001605,D,2500,24,0.1412,0,0.0
L001606,C,2500,24,0.1102,0,0.0
L001607,D,10000,60,0.1565,0,0.0
L001608,C,2500,12,0.1098,0,0.0
L001609,D,1000,24,0.1484,1,0.4025
L001610,D,2500,24,0.1494,0,0.0
L001611,A,10000,36,0.0606,0,0.0
L001612,A,10000,36,0.0555,0,0.0
L001613,B,1000,36,0.0756,0,0.0
L001614,B,500,12,0.0747,0,0.0
L001615,B,5000,36,0.075,0,0.0
L001616,B,5000,60,0.0867,0,0.0
L001617,A,5000,12,0.0527,0,0.0
L001618,D,7500,24,0.1541,1,0.1886
L001619,A,7500,24,0.0484,0,0.0
L001620,C,7500,36,0.1075,0,0.0
L001621,B,2500,12,0.0789,1,0.289
L001622,E,1000,36,0.1946,0,0.0
L001623,B,2500,24,0.0812,0,0.0
L001624,D,7500,12,0.1543,0,0.0
L001625,B,500,24,0.0821,0,0.0
L001626,D,500,24,0.1517,0,0.0
L001627,E,2500,36,0.1955,0,0.0
L001628,C,2500,12,0.1079,0,0.0
L001629,D,10000,60,0.1499,0,0.0
L001630,C,1000,24,0.1058,0,0.0
L001631,B,10000,36,0.0889,0,0.0
L001632,A,10000,36,0.0522,0,0.0
L001633,B,10000,24,0.085,0,0.0
L001634,D,7500,36,0.1496,0,0.0
L001635,C,500,24,0.1083,0,0.0
L001636,B,5000,60,0.0766,0,0.0
L001637,D,500,60,0.1509,0,0.0
L001638,A,1000,12,0.0635,0,0.0
L001639,D,500,24,0.1579,0,0.0
L001640,C,2500,24,0.1141,0,0.0
L001641,B,5000,60,0.0756,0,0.0
L001642,C,7500,24,0.1142,0,0.0
L001643,D,2500,60,0.1428,0,0.0
L001644,B,7500,24,0.0846,0,0.0
L001645,B,2500,24,0.0821,0,0.0
L001646,D,1000,24,0.1495,0,0.0
L001647,B,2500,12,0.074,0,0.0
L001648,A,500,36,0.0505,0,0.0
L001649,B,2500,60,0.0703,0,0.0
L001650,C,1000,12,0.1137,1,0.3467
L001651,E,7500,60,0.192,0,0.0
L001652,B,5000,36,0.0812,0,0.0
L001653,C,1000,60,0.1026,0,0.0
L001654,B,10000,36,0.0731,0,0.0
L001655,A,5000,12,0.048,0,0.0
L001656,E,5000,24,0.1911,0,0.0
L001657,D,5000,36,0.155,0,0.0
L001658,C,5000,36,0.1143,0,0.0
L001659,B,7500,24,0.0858,0,0.0
L001660,E,2500,36,0.1981,0,0.0
L001661,C,7500,24,0.1087,1,0.3439
L001662,C,2500,24,0.1198,0,0.0
L001663,C,7500,12,0.1055,0,0.0
L001664,C,7500,60,0.1089,0,0.0
L001665,C,500,24,0.1255,0,0.0
L001666,D,10000,60,0.1375,0,0.0
L001667,C,1000,60,0.1073,1,0.2375
L001668,D,7500,24,0.1525,0,0.0
L001669,E,5000,60,0.1893,0,0.0
L001670,B,10000,24,0.0819,0,0.0
L001671,A,5000,24,0.0582,0,0.0
L001672,D,1000,60,0.1456,0,0.0
L001673,A,5000,12,0.0672,0,0.0
L001674,C,10000,60,0.125,0,0.0
L001675,A,2500,36,0.0537,0,0.0
L001676,D,500,24,0.1573,0,0.0
L001677,A,2500,24,0.0565,0,0.0
L001678,A,2500,60,0.051,0,0.0
L001679,A,500,60,0.0598,0,0.0
L001680,A,500,60,0.0506,0,0.0
L001681,E,500,36,0.1981,0,0.0
L001682,A,5000,24,0.0566,0,0.0
L001683,B,500,60,0.0812,0,0.0
L001684,A,2500,36,0.0588,0,0.0
L001685,B,7500,36,0.0749,0,0.0
L001686,B,10000,60,0.078,0,0.0
L001687,D,10000,12,0.1526,0,0.0
L001688,B,5000,60,0.0841,0,0.0
L001689,C,7500,60,0.107,0,0.0
L001690,E,500,12,0.1997,0,0.0
L001691,C,5000,12,0.119,0,0.0
L001692,A,2500,12,0.045,0,0.0
L001693,B,7500,12,0.0875,0,0.0
L001694,D,500,12,0.1592,1,0.2504
L001695,A,500,60,0.0531,0,0.0
L001696,B,5000,24,0.0793,0,0.0
L001697,B,2500,60,0.0804,0,0.0
L001698,B,7500,36,0.0741,0,0.0
L001699,C,7500,60,0.1215,0,0.0
L001700,B,5000,12,0.0857,0,0.0
L001701,A,7500,60,0.0534,0,0.0
L001702,B,2500,60,0.0719,0,0.0
L001703,B,1000,36,0.0838,0,0.0
L001704,B,5000,24,0.0757,0,0.0
L001705,C,2500,24,0.1136,0,0.0
L001706,A,10000,36,0.0525,0,0.0
L001707,A,5000,12,0.0483,0,0.0
L001708,C,10000,36,0.1131,0,0.0
L001709,A,1000,24,0.0624,0,0.0
L001710,D,500,24,0.1472,0,0.0
L001711,B,10000,24,0.0764,0,0.0
L001712,A,2500,60,0.0534,0,0.0
L001713,A,500,36,0.0548,0,0.0
L001714,C,5000,60,0.1054,0,0.0
L001715,D,7500,12,0.1473,0,0.0
L001716,A,10000,60,0.054,0,0.0
L001717,D,2500,24,0.1473,0,0.0
L001718,B,10000,12,0.0781,0,0.0
L001719,B,1000,12,0.0742,0,0.0
L001720,D,7500,24,0.1412,0,0.0
L001721,D,10000,24,0.142,0,0.0
L001722,E,10000,36,0.2098,1,0.2013
L001723,E,500,12,0.2,0,0.0
L001724,C,2500,60,0.1236,0,0.0
L001725,B,10000,24,0.0784,1,0.3402
L001726,A,2500,36,0.05,0,0.0
L001727,B,7500,60,0.082,0,0.0
L001728,C,1000,60,0.107,0,0.0
L001729,A,500,12,0.0544,0,0.0
L001730,D,1000,24,0.1558,0,0.0
L001731,B,7500,24,0.0803,0,0.0
L001732,A,500,12,0.0555,0,0.0
L001733,E,2500,12,0.207,1,0.0989
L001734,C,1000,60,0.1169,0,0.0
L001735,B,5000,24,0.0743,0,0.0
L001736,B,500,36,0.0809,0,0.0
L001737,B,2500,24,0.0813,0,0.0
L001738,D,7500,36,0.1447,0,0.0
L001739,B,2500,60,0.0681,0,0.0
L001740,B,1000,60,0.0784,0,0.0
L001741,D,1000,12,0.1554,0,0.0
L001742,B,1000,24,0.0746,0,0.0
L001743,A,500,36,0.0535,0,0.0
L001744,B,10000,60,0.0868,0,0.0
L001745,A,500,60,0.0569,0,0.0
L001746,E,1000,12,0.2036,0,0.0
L001747,D,2500,12,0.1411,0,0.0
L001748,E,2500,12,0.1987,1,0.0477
L001749,C,7500,60,0.1119,1,0.2808
L001750,C,500,60,0.1114,0,0.0
L001751,C,2500,60,0.1105,0,0.0
L001752,D,500,60,0.1496,0,0.0
L001753,A,2500,12,0.0591,0,0.0
L001754,E,1000,12,0.1968,1,0.0785
L001755,D,1000,36,0.1455,0,0.0
L001756,A,5000,24,0.052,0,0.0
L001757,B,500,12,0.0819,0,0.0
L001758,B,500,24,0.081,0,0.0
L001759,A,10000,24,0.0597,0,0.0
L001760,A,1000,24,0.0564,0,0.0
L001761,E,1000,36,0.1965,0,0.0
L001762,E,1000,24,0.1994,0,0.0
L001763,D,1000,24,0.1535,0,0.0
L001764,B,10000,36,0.0899,0,0.0
L001765,C,1000,12,0.1112,1,0.1032
L001766,B,2500,24,0.0936,0,0.0
L001767,B,1000,60,0.089,0,0.0
L001768,B,7500,36,0.0785,0,0.0
L001769,E,7500,24,0.1979,1,0.1716
L001770,A,7500,24,0.0683,0,0.0
L001771,D,1000,12,0.15,0,0.0
L001772,B,10000,12,0.0687,0,0.0
L001773,D,5000,24,0.1415,0,0.0
L001774,B,2500,36,0.0755,0,0.0
L001775,B,5000,24,0.0794,0,0.0
L001776,C,500,24,0.1154,0,0.0
L001777,C,500,36,0.117,0,0.0
L001778,D,10000,24,0.1586,0,0.0
L001779,A,7500,24,0.0467,0,0.0
L001780,E,2500,60,0.1967,0,0.0
L001781,C,2500,24,0.1097,0,0.0
L001782,A,500,12,0.0568,0,0.0
L001783,D,10000,60,0.1435,1,0.1497
L001784,C,10000,12,0.1085,0,0.0
L001785,A,500,24,0.0616,0,0.0
L001786,B,1000,36,0.0812,0,0.0
L001787,C,10000,60,0.1191,0,0.0
L001788,B,5000,36,0.072,0,0.0
L001789,E,10000,36,0.1911,0,0.0
L001790,E,2500,12,0.2032,1,0.0552
L001791,D,7500,24,0.1433,1,0.0709
L001792,C,7500,60,0.1018,0,0.0
L001793,A,1000,12,0.063,0,0.0
L001794,B,500,60,0.0782,0,0.0
L001795,D,5000,24,0.1547,0,0.0
L001796,A,1000,12,0.0447,0,0.0
L001797,A,1000,12,0.0564,0,0.0
L001798,B,2500,24,0.0717,0,0.0
L001799,B,1000,36,0.0771,0,0.0
L001800,B,2500,60,0.0774,0,0.0
L001801,C,500,24,0.1258,0,0.0
L001802,A,7500,36,0.0584,0,0.0
L001803,B,7500,60,0.0751,0,0.0
L001804,B,1000,12,0.0842,1,0.3694
L001805,B,10000,36,0.0865,0,0.0
L001806,C,10000,12,0.1104,0,0.0
L001807,D,500,36,0.1432,0,0.0
L001808,A,5000,12,0.059,0,0.0
L001809,B,500,24,0.0786,0,0.0
L001810,D,1000,36,0.1515,0,0.0
L001811,A,7500,60,0.057,0,0.0
L001812,C,1000,60,0.1099,0,0.0
L001813,D,500,24,0.1509,0,0.0
L001814,C,7500,24,0.1264,0,0.0
L001815,B,10000,60,0.0795,0,0.0
L001816,E,1000,24,0.1963,0,0.0
L001817,C,500,24,0.1096,0,0.0
L001818,C,10000,12,0.1051,0,0.0
L001819,D,1000,12,0.1515,0,0.0
L001820,C,7500,24,0.1094,0,0.0
L001821,B,10000,12,0.0741,0,0.0
L001822,B,500,60,0.0814,0,0.0
L001823,C,5000,24,0.1158,0,0.0
L001824,D,2500,36,0.1423,0,0.0
L001825,C,5000,12,0.1037,0,0.0
L001826,C,500,12,0.1116,0,0.0
L001827,D,500,24,0.1469,0,0.0
L001828,A,2500,12,0.0577,0,0.0
L001829,B,1000,12,0.0855,0,0.0
L001830,B,10000,24,0.083,0,0.0
L001831,D,1000,24,0.1433,0,0.0
L001832,D,1000,12,0.1483,1,0.1717
L001833,A,1000,24,0.0589,0,0.0
L001834,C,5000,60,0.1223,0,0.0
L001835,B,1000,24,0.0686,0,0.0
L001836,E,10000,24,0.2033,0,0.0
L001837,A,1000,36,0.0604,0,0.0
L001838,D,500,36,0.1436,0,0.0
L001839,E,2500,12,0.2039,0,0.0
L001840,B,10000,60,0.0841,0,0.0
L001841,B,5000,12,0.0725,0,0.0
L001842,B,2500,60,0.0856,0,0.0
L001843,C,10000,12,0.1117,0,0.0
L001844,C,1000,12,0.1139,0,0.0
L001845,A,10000,12,0.0529,0,0.0
L001846,A,2500,12,0.0541,0,0.0
L001847,E,5000,24,0.194,0,0.0
L001848,C,1000,24,0.1147,0,0.0
L001849,B,2500,36,0.0811,1,0.3072
L001850,D,10000,24,0.1499,0,0.0
L001851,C,1000,24,0.1081,0,0.0
L001852,E,2500,36,0.1973,1,0.373
L001853,C,2500,24,0.1163,0,0.0
L001854,B,5000,24,0.0772,1,0.2738
L001855,C,5000,36,0.1087,1,0.1423
L001856,D,10000,12,0.1478,0,0.0
L001857,C,2500,36,0.1194,0,0.0
L001858,C,2500,36,0.1077,0,0.0
L001859,B,5000,60,0.0912,0,0.0
L001860,C,5000,60,0.1147,0,0.0
L001861,C,500,24,0.1166,0,0.0
L001862,B,5000,36,0.0663,0,0.0
L001863,C,10000,36,0.1099,0,0.0
L001864,E,5000,36,0.1945,1,0.1843
L001865,A,2500,36,0.0496,0,0.0
L001866,C,7500,12,0.1234,0,0.0
L001867,A,7500,60,0.0561,0,0.0
L001868,D,500,12,0.1489,0,0.0
L001869,C,500,60,0.1105,0,0.0
L001870,B,500,12,0.0832,0,0.0
L001871,A,500,24,0.0654,0,0.0
L001872,C,500,24,0.1101,0,0.0
L001873,A,5000,36,0.053,0,0.0
L001874,B,7500,60,0.0795,0,0.0
L001875,B,5000,36,0.0749,0,0.0
L001876,D,5000,60,0.1494,0,0.0
L001877,B,2500,60,0.0774,0,0.0
L001878,D,5000,12,0.1482,0,0.0
L001879,D,2500,36,0.1571,1,0.226
L001880,C,5000,36,0.1079,0,0.0
L001881,A,1000,24,0.0569,0,0.0
L001882,D,500,24,0.1518,0,0.0
L001883,D,7500,60,0.1397,0,0.0
L001884,C,7500,24,0.1067,0,0.0
L001885,A,10000,36,0.0652,0,0.0
L001886,B,500,24,0.0776,0,0.0
L001887,C,2500,24,0.1131,0,0.0
L001888,D,7500,24,0.1511,1,0.1724
L001889,C,500,36,0.1124,0,0.0
L001890,A,2500,60,0.0522,0,0.0
L001891,D,10000,24,0.1448,1,0.3091
L001892,B,500,24,0.082,0,0.0
L001893,D,500,36,0.1572,0,0.0
L001894,B,500,24,0.0806,0,0.0
L001895,B,500,36,0.081,0,0.0
L001896,E,500,60,0.1932,0,0.0
L001897,B,7500,36,0.0874,0,0.0
L001898,B,10000,36,0.0719,0,0.0
L001899,B,7500,60,0.0808,0,0.0
L001900,B,1000,36,0.0767,0,0.0
L001901,C,10000,36,0.1161,0,0.0
L001902,C,7500,24,0.1045,0,0.0
L001903,B,500,36,0.0872,0,0.0
L001904,C,10000,36,0.1126,0,0.0
L001905,C,1000,60,0.107,1,0.2624
L001906,A,2500,36,0.0485,0,0.0
L001907,A,1000,60,0.0561,0,0.0
L001908,D,2500,24,0.1594,0,0.0
L001909,A,1000,60,0.0354,0,0.0
L001910,B,7500,60,0.0848,0,0.0
L001911,B,5000,24,0.0782,0,0.0
L001912,B,1000,12,0.0819,0,0.0
L001913,D,10000,36,0.1533,1,0.1105
L001914,A,1000,12,0.053,0,0.0
L001915,C,7500,12,0.1115,0,0.0
L001916,B,2500,24,0.0737,0,0.0
L001917,B,1000,60,0.0753,0,0.0
L001918,B,2500,60,0.0726,0,0.0
L001919,B,1000,12,0.0621,0,0.0
L001920,B,500,60,0.0855,0,0.0
L001921,B,500,36,0.0821,0,0.0
L001922,B,10000,12,0.0853,0,0.0
L001923,C,5000,60,0.1276,0,0.0
L001924,B,1000,12,0.0771,0,0.0
L001925,A,7500,12,0.0445,0,0.0
L001926,D,10000,36,0.1587,0,0.0
L001927,B,500,12,0.0783,0,0.0
L001928,C,7500,36,0.1198,0,0.0
L001929,A,5000,24,0.0503,0,0.0
L001930,C,7500,12,0.1136,0,0.0
L001931,E,7500,60,0.1959,0,0.0
L001932,D,10000,36,0.1427,0,0.0
L001933,D,1000,60,0.1451,0,0.0
L001934,B,1000,12,0.0769,0,0.0
L001935,B,5000,36,0.0828,0,0.0
L001936,A,10000,36,0.0605,0,0.0
L001937,E,500,60,0.1847,0,0.0
L001938,D,7500,12,0.1545,0,0.0
L001939,B,10000,12,0.0823,0,0.0
L001940,B,2500,60,0.0815,0,0.0
L001941,C,7500,36,0.1094,0,0.0
L001942,C,500,24,0.1247,0,0.0
L001943,A,1000,60,0.0478,0,0.0
L001944,B,7500,36,0.0766,0,0.0
L001945,B,500,36,0.0829,0,0.0
L001946,E,7500,36,0.1992,0,0.0
L001947,C,7500,36,0.1123,0,0.0
L001948,C,5000,36,0.1145,0,0.0
L001949,C,1000,36,0.0982,0,0.0
L001950,A,1000,36,0.0554,0,0.0
L001951,B,500,24,0.0727,0,0.0
L001952,C,1000,24,0.1128,0,0.0
L001953,D,5000,60,0.144,0,0.0
L001954,C,500,60,0.1084,0,0.0
L001955,E,1000,24,0.1969,0,0.0
L001956,B,2500,24,0.0776,0,0.0
L001957,B,1000,36,0.0704,0,0.0
L001958,A,5000,60,0.0508,0,0.0
L001959,D,1000,36,0.1541,0,0.0
L001960,A,5000,24,0.052,0,0.0
L001961,B,500,24,0.0769,0,0.0
L001962,A,10000,60,0.0412,0,0.0
L001963,A,500,12,0.0611,0,0.0
L001964,D,10000,24,0.147,0,0.0
L001965,C,500,24,0.1212,1,0.4086
L001966,D,1000,24,0.1534,0,0.0
L001967,C,7500,60,0.1223,0,0.0
L001968,D,5000,12,0.147,1,0.2873
L001969,A,500,12,0.0563,0,0.0
L001970,C,500,24,0.1083,0,0.0
L001971,C,1000,60,0.1209,0,0.0
L001972,B,10000,36,0.0757,0,0.0
L001973,C,10000,24,0.104,0,0.0
L001974,B,500,12,0.0744,0,0.0
L001975,B,7500,12,0.0827,0,0.0
L001976,B,10000,24,0.0847,0,0.0
L001977,C,1000,24,0.1113,1,0.2502
L001978,C,500,60,0.1147,0,0.0
L001979,D,5000,24,0.1419,0,0.0
L001980,C,500,12,0.1149,1,0.4235
L001981,C,5000,12,0.1097,0,0.0
L001982,E,1000,24,0.195,0,0.0
L001983,D,10000,36,0.1493,1,0.2441
L001984,C,5000,24,0.1184,1,0.1856
L001985,A,7500,36,0.05,0,0.0
L001986,D,1000,12,0.1545,0,0.0
L001987,B,2500,60,0.086,0,0.0
L001988,C,1000,24,0.1064,0,0.0
L001989,C,7500,36,0.1092,0,0.0
L001990,C,1000,36,0.1161,0,0.0
L001991,B,5000,12,0.0768,0,0.0
L001992,B,7500,24,0.089,0,0.0
L001993,C,5000,24,0.1166,0,0.0
L001994,C,2500,12,0.12,0,0.0
L001995,C,7500,60,0.1099,0,0.0
L001996,A,2500,24,0.0498,0,0.0
L001997,C,7500,36,0.1164,0,0.0
L001998,B,10000,12,0.0759,0,0.0
L001999,C,5000,24,0.1109,0,0.0
L002000,C,7500,60,0.1207,0,0.0
L002001,B,10000,24,0.084,0,0.0
L002002,D,500,24,0.1335,0,0.0
L002003,C,500,60,0.1185,0,0.0
L002004,C,10000,36,0.1134,0,0.0
L002005,C,1000,12,0.1106,0,0.0
L002006,A,500,24,0.0609,0,0.0
L002007,D,10000,60,0.1478,0,0.0
L002008,B,1000,36,0.081,0,0.0
L002009,B,10000,60,0.0934,0,0.0
L002010,A,500,24,0.0602,0,0.0
L002011,A,7500,36,0.0575,0,0.0
L002012,C,5000,36,0.1103,0,0.0
L002013,D,500,24,0.1556,0,0.0
L002014,C,7500,12,0.1071,0,0.0
L002015,A,7500,36,0.0578,0,0.0
L002016,C,2500,60,0.1133,0,0.0
L002017,E,10000,24,0.195,1,0.2714
L002018,B,500,12,0.0806,0,0.0
L002019,C,500,24,0.1148,0,0.0
L002020,E,10000,60,0.2071,0,0.0
L002021,A,7500,36,0.0559,0,0.0
L002022,A,2500,12,0.0525,0,0.0
L002023,C,7500,60,0.1102,1,0.4264
L002024,A,500,60,0.0615,0,0.0
L002025,A,10000,12,0.0517,0,0.0
L002026,C,7500,12,0.1109,0,0.0
L002027,D,7500,24,0.1608,0,0.0
L002028,A,2500,12,0.0537,0,0.0
L002029,D,5000,24,0.1506,0,0.0
L002030,D,10000,24,0.161,0,0.0
L002031,B,2500,12,0.0759,0,0.0
L002032,E,1000,24,0.2047,0,0.0
L002033,B,10000,36,0.0703,0,0.0
L002034,D,7500,12,0.1517,0,0.0
L002035,B,1000,36,0.0819,0,0.0
L002036,A,5000,12,0.0521,0,0.0
L002037,A,7500,12,0.0513,0,0.0
L002038,A,7500,60,0.0523,0,0.0
L002039,C,1000,36,0.1134,0,0.0
L002040,A,5000,60,0.0539,0,0.0
L002041,A,500,60,0.0595,0,0.0
L002042,C,10000,60,0.1201,0,0.0
L002043,D,1000,36,0.1414,0,0.0
L002044,C,7500,24,0.1111,0,0.0
L002045,B,5000,60,0.0816,0,0.0
L002046,C,1000,12,0.1142,0,0.0
L002047,A,1000,24,0.0509,0,0.0
L002048,C,5000,24,0.1063,0,0.0
L002049,E,500,12,0.1957,1,0.0965
L002050,D,5000,60,0.1541,0,0.0
L002051,C,500,24,0.1184,0,0.0
L002052,C,10000,12,0.12,1,0.181
L002053,A,500,12,0.0432,0,0.0
L002054,A,2500,24,0.0621,0,0.0
L002055,B,500,60,0.0711,0,0.0
L002056,D,500,12,0.1474,0,0.0
L002057,E,7500,36,0.1946,0,0.0
L002058,B,2500,36,0.0771,0,0.0
L002059,B,10000,60,0.0931,0,0.0
L002060,C,10000,12,0.1057,0,0.0
L002061,C,7500,60,0.1186,0,0.0
L002062,A,5000,60,0.0542,0,0.0
L002063,C,7500,24,0.1183,0,0.0
L002064,A,7500,12,0.0517,0,0.0
L002065,B,7500,60,0.0898,0,0.0
L002066,C,500,36,0.1139,0,0.0
L002067,C,10000,12,0.1083,0,0.0
L002068,E,10000,36,0.1925,0,0.0
L002069,A,2500,12,0.0499,0,0.0
L002070,B,2500,36,0.0763,0,0.0
L002071,C,7500,24,0.1031,0,0.0
L002072,B,1000,60,0.0778,0,0.0
L002073,D,5000,12,0.1509,0,0.0
L002074,B,7500,60,0.0821,0,0.0
L002075,D,2500,60,0.1574,0,0.0
L002076,A,10000,36,0.0633,0,0.0
L002077,C,7500,60,0.1105,0,0.0
L002078,D,7500,36,0.1518,0,0.0
L002079,A,10000,60,0.0667,0,0.0
L002080,D,1000,12,0.1501,0,0.0
L002081,C,2500,60,0.1072,0,0.0
L002082,A,1000,36,0.0557,0,0.0
L002083,C,1000,12,0.1165,0,0.0
L002084,B,7500,24,0.0672,0,0.0
L002085,B,5000,24,0.0767,0,0.0
L002086,B,10000,24,0.0722,0,0.0
L002087,C,5000,24,0.1256,0,0.0
L002088,A,500,36,0.0573,0,0.0
L002089,E,1000,12,0.1983,1,0.14
L002090,C,10000,12,0.1109,1,0.2017
L002091,D,7500,36,0.1473,0,0.0
L002092,B,2500,36,0.0796,0,0.0
L002093,B,10000,60,0.0858,0,0.0
L002094,D,10000,24,0.1446,0,0.0
L002095,B,500,12,0.0704,0,0.0
L002096,E,500,36,0.1996,0,0.0
L002097,C,1000,60,0.114,0,0.0
L002098,B,7500,12,0.0755,0,0.0
L002099,C,2500,24,0.1149,0,0.0
L002100,C,5000,24,0.1199,0,0.0
L002101,D,1000,12,0.1499,0,0.0
L002102,B,1000,36,0.0797,0,0.0
L002103,C,2500,24,0.1164,0,0.0
L002104,A,500,60,0.0522,0,0.0
L002105,B,7500,36,0.0771,0,0.0
L002106,C,1000,36,0.108,0,0.0
L002107,D,2500,60,0.1629,0,0.0
L002108,E,1000,24,0.1914,0,0.0
L002109,E,500,24,0.2029,1,0.1207
L002110,D,1000,36,0.1494,0,0.0
L002111,B,1000,36,0.0767,0,0.0
L002112,D,2500,60,0.151,0,0.0
L002113,A,1000,12,0.0563,0,0.0
L002114,A,7500,60,0.0507,0,0.0
L002115,D,1000,12,0.1444,0,0.0
L002116,E,500,36,0.1968,0,0.0
L002117,E,10000,24,0.1977,0,0.0
L002118,A,2500,60,0.0605,0,0.0
L002119,C,500,24,0.1147,0,0.0
L002120,B,2500,60,0.0668,0,0.0
L002121,B,5000,60,0.078,0,0.0
L002122,C,500,36,0.12,0,0.0
L002123,D,1000,12,0.1479,0,0.0
L002124,B,7500,36,0.0763,0,0.0
L002125,C,7500,12,0.102,0,0.0
L002126,A,1000,12,0.0494,0,0.0
L002127,E,10000,60,0.1942,0,0.0
L002128,E,1000,60,0.206,0,0.0
L002129,A,1000,36,0.0525,0,0.0
L002130,C,2500,12,0.1107,0,0.0
L002131,B,500,60,0.0774,0,0.0
L002132,B,1000,12,0.0834,0,0.0
L002133,E,2500,24,0.1957,0,0.0
L002134,A,500,36,0.0602,0,0.0
L002135,A,500,24,0.0543,0,0.0
L002136,E,5000,24,0.1982,1,0.061
L002137,B,7500,36,0.0815,0,0.0
L002138,B,7500,60,0.076,0,0.0
L002139,B,10000,36,0.0807,0,0.0
L002140,D,5000,36,0.1618,0,0.0
L002141,B,1000,24,0.0905,0,0.0
L002142,A,10000,12,0.0446,0,0.0
L002143,D,2500,12,0.1498,0,0.0
L002144,B,1000,12,0.0821,0,0.0
L002145,D,7500,36,0.1404,0,0.0
L002146,B,5000,36,0.0785,0,0.0
L002147,B,7500,36,0.0687,0,0.0
L002148,A,5000,24,0.0521,0,0.0
L002149,D,5000,36,0.1476,0,0.0
L002150,B,500,60,0.0765,0,0.0
L002151,B,1000,24,0.0878,0,0.0
L002152,D,5000,12,0.1619,0,0.0
L002153,A,1000,12,0.0522,0,0.0
L002154,A,500,24,0.0466,0,0.0
L002155,D,5000,12,0.1467,0,0.0
L002156,B,5000,12,0.0709,0,0.0
L002157,C,500,12,0.109,0,0.0
L002158,A,10000,12,0.0498,0,0.0
L002159,A,500,24,0.0575,0,0.0
L002160,D,2500,60,0.1457,0,0.0
L002161,D,1000,12,0.1478,1,0.2002
L002162,C,1000,36,0.1049,0,0.0
L002163,A,7500,24,0.0661,0,0.0
L002164,D,500,24,0.1537,0,0.0
L002165,B,5000,36,0.0728,0,0.0
L002166,D,2500,36,0.143,0,0.0
L002167,D,1000,60,0.1504,0,0.0
L002168,B,7500,24,0.0764,0,0.0
L002169,C,500,36,0.1052,0,0.0
L002170,C,7500,36,0.1102,0,0.0
L002171,D,500,24,0.1572,0,0.0
L002172,B,7500,60,0.0762,0,0.0
L002173,A,10000,36,0.0674,0,0.0
L002174,B,2500,36,0.0764,0,0.0
L002175,D,1000,24,0.1489,0,0.0
L002176,E,2500,60,0.1891,0,0.0
L002177,D,10000,12,0.1619,0,0.0
L002178,B,1000,60,0.0722,0,0.0
L002179,C,1000,36,0.1031,1,0.4252
L002180,D,1000,12,0.155,0,0.0
L002181,D,2500,12,0.1427,1,0.2639
L002182,B,500,12,0.0737,0,0.0
L002183,A,500,60,0.0611,0,0.0
L002184,D,10000,24,0.1459,0,0.0
L002185,B,2500,12,0.0689,1,0.2864
L002186,E,10000,36,0.1916,0,0.0
L002187,E,1000,60,0.2093,1,0.2949
L002188,D,1000,12,0.1518,0,0.0
L002189,C,1000,12,0.1076,1,0.2167
L002190,C,5000,12,0.1021,0,0.0
L002191,B,7500,60,0.0823,0,0.0
L002192,B,500,60,0.0689,0,0.0
L002193,C,1000,36,0.1147,0,0.0
L002194,C,2500,12,0.1186,0,0.0
L002195,B,7500,12,0.0799,0,0.0
L002196,E,2500,36,0.1993,0,0.0
L002197,C,1000,36,0.1109,0,0.0
L002198,A,500,36,0.0613,0,0.0
L002199,B,7500,12,0.0758,0,0.0
L002200,D,10000,12,0.1572,0,0.0
L002201,A,5000,36,0.0491,0,0.0
L002202,D,1000,24,0.1506,0,0.0
L002203,B,7500,24,0.0835,0,0.0
L002204,A,10000,60,0.0579,0,0.0
L002205,C,1000,36,0.1163,0,0.0
L002206,D,500,60,0.1453,0,0.0
L002207,A,1000,36,0.0639,0,0.0
L002208,E,7500,60,0.2011,0,0.0
L002209,E,5000,24,0.1872,0,0.0
L002210,C,7500,24,0.1125,0,0.0
L002211,D,5000,36,0.1535,0,0.0
L002212,B,500,12,0.0911,0,0.0
L002213,C,5000,36,0.1211,0,0.0
L002214,B,2500,24,0.08,0,0.0
L002215,D,10000,60,0.157,0,0.0
L002216,C,10000,24,0.1051,0,0.0
L002217,D,5000,24,0.1515,0,0.0
L002218,B,1000,60,0.0809,1,0.394
L002219,C,7500,24,0.1199,0,0.0
L002220,C,10000,60,0.1217,0,0.0
L002221,C,7500,36,0.1028,0,0.0
L002222,E,5000,36,0.1957,1,0.1409
L002223,A,7500,24,0.0443,0,0.0
L002224,D,10000,60,0.1501,0,0.0
L002225,B,2500,60,0.0887,0,0.0
L002226,D,10000,36,0.1516,0,0.0
L002227,B,7500,36,0.0905,0,0.0
L002228,B,2500,60,0.0848,0,0.0
L002229,A,2500,24,0.0661,0,0.0
L002230,A,10000,60,0.0457,0,0.0
L002231,A,500,60,0.0603,0,0.0
L002232,C,7500,24,0.1102,0,0.0
L002233,C,5000,12,0.1095,0,0.0
L002234,A,2500,12,0.0624,0,0.0
L002235,B,10000,36,0.0796,0,0.0
L002236,C,2500,24,0.1097,0,0.0
L002237,E,500,60,0.1963,0,0.0
L002238,A,1000,60,0.0572,0,0.0
L002239,C,7500,60,0.1061,0,0.0
L002240,D,5000,24,0.146,0,0.0
L002241,B,10000,36,0.0711,0,0.0
L002242,E,500,36,0.1924,0,0.0
L002243,C,2500,36,0.1065,0,0.0
L002244,C,7500,24,0.1058,1,0.2425
L002245,A,7500,24,0.0717,0,0.0
L002246,B,2500,60,0.0842,0,0.0
L002247,A,500,36,0.0444,0,0.0
L002248,B,2500,36,0.0708,0,0.0
L002249,D,7500,36,0.1495,0,0.0
L002250,C,2500,36,0.1195,0,0.0
L002251,B,2500,24,0.0852,0,0.0
L002252,C,2500,24,0.1145,0,0.0
L002253,A,5000,36,0.0595,0,0.0
L002254,C,500,12,0.11,0,0.0
L002255,C,1000,36,0.1207,0,0.0
L002256,C,1000,24,0.1148,0,0.0
L002257,A,2500,12,0.0464,0,0.0
L002258,B,5000,24,0.0801,0,0.0
L002259,C,7500,60,0.1137,0,0.0
L002260,B,7500,12,0.0768,0,0.0
L002261,A,5000,36,0.0555,0,0.0
L002262,E,7500,24,0.1786,0,0.0
L002263,B,1000,12,0.0807,0,0.0
L002264,C,2500,36,0.1154,0,0.0
L002265,E,2500,60,0.1976,0,0.0
L002266,C,5000,24,0.1157,1,0.2994
L002267,B,1000,24,0.0857,0,0.0
L002268,B,2500,60,0.0738,0,0.0
L002269,A,7500,12,0.0648,0,0.0
L002270,B,500,24,0.0849,0,0.0
L002271,B,7500,60,0.0842,0,0.0
L002272,C,10000,60,0.1025,1,0.1099
L002273,D,1000,36,0.14,0,0.0
L002274,C,7500,24,0.1181,0,0.0
L002275,B,7500,36,0.0814,0,0.0
L002276,C,2500,60,0.1059,0,0.0
L002277,C,1000,24,0.1021,0,0.0
L002278,B,2500,12,0.0759,0,0.0
L002279,A,5000,36,0.0579,0,0.0
L002280,B,7500,12,0.0806,0,0.0
L002281,B,10000,12,0.0772,0,0.0
L002282,D,500,12,0.1678,0,0.0
L002283,A,2500,60,0.0583,0,0.0
L002284,B,7500,36,0.0844,0,0.0
L002285,A,10000,24,0.0577,0,0.0
L002286,D,5000,36,0.1575,0,0.0
L002287,B,2500,60,0.0842,1,0.1686
L002288,E,500,60,0.1957,0,0.0
L002289,A,10000,36,0.0587,0,0.0
L002290,D,2500,12,0.1437,1,0.1851
L002291,E,7500,24,0.2065,0,0.0
L002292,C,10000,12,0.1165,0,0.0
L002293,B,10000,12,0.0742,0,0.0
L002294,A,10000,12,0.0529,0,0.0
L002295,B,7500,36,0.0741,0,0.0
L002296,B,5000,60,0.0773,0,0.0
L002297,C,10000,60,0.1159,0,0.0
L002298,D,2500,12,0.1379,0,0.0
L002299,B,1000,60,0.083,0,0.0
L002300,B,7500,12,0.0687,0,0.0
L002301,C,1000,36,0.1081,1,0.3652
L002302,B,5000,24,0.0909,0,0.0
L002303,C,2500,60,0.1094,0,0.0
L002304,D,5000,24,0.1457,0,0.0
L002305,A,10000,60,0.0542,0,0.0
L002306,C,500,12,0.1192,0,0.0
L002307,B,1000,36,0.0856,0,0.0
L002308,D,1000,36,0.1517,0,0.0
L002309,A,10000,60,0.0656,0,0.0
L002310,B,7500,60,0.0842,0,0.0
L002311,B,2500,36,0.0827,0,0.0
L002312,B,2500,60,0.0789,0,0.0
L002313,C,500,36,0.1095,0,0.0
L002314,D,5000,24,0.1509,0,0.0
L002315,B,10000,36,0.0807,0,0.0
L002316,D,1000,60,0.1382,0,0.0
L002317,B,500,60,0.0722,0,0.0
L002318,C,5000,36,0.1162,0,0.0
L002319,B,7500,12,0.0866,0,0.0
L002320,C,10000,36,0.1091,0,0.0
L002321,B,10000,12,0.0697,0,0.0
L002322,C,2500,36,0.1112,0,0.0
L002323,A,500,60,0.0592,0,0.0
L002324,D,7500,60,0.1568,0,0.0
L002325,A,7500,36,0.0585,0,0.0
L002326,E,1000,12,0.1914,0,0.0
L002327,B,7500,24,0.0849,0,0.0
L002328,A,7500,36,0.0654,0,0.0
L002329,C,10000,60,0.1102,0,0.0
L002330,B,500,24,0.0895,0,0.0
L002331,B,2500,24,0.0876,0,0.0
L002332,A,5000,24,0.047,0,0.0
L002333,C,5000,24,0.1067,0,0.0
L002334,A,5000,60,0.0471,0,0.0
L002335,C,5000,60,0.1038,0,0.0
L002336,D,7500,12,0.154,0,0.0
L002337,C,7500,12,0.1025,0,0.0
L002338,C,1000,36,0.1142,0,0.0
L002339,B,1000,12,0.0854,0,0.0
L002340,B,7500,60,0.069,0,0.0
L002341,D,500,12,0.1501,1,0.4223
L002342,A,2500,60,0.0567,0,0.0
L002343,C,2500,24,0.1073,0,0.0
L002344,C,500,60,0.1209,0,0.0
L002345,B,1000,60,0.0697,0,0.0
L002346,B,10000,60,0.0823,0,0.0
L002347,B,10000,60,0.0608,0,0.0
L002348,A,5000,24,0.0584,0,0.0
L002349,D,1000,12,0.1435,0,0.0
L002350,B,7500,36,0.074,0,0.0
L002351,A,7500,60,0.0545,0,0.0
L002352,A,5000,60,0.0643,0,0.0
L002353,A,10000,12,0.0539,0,0.0
L002354,D,500,60,0.156,0,0.0
L002355,D,500,36,0.138,0,0.0
L002356,E,1000,24,0.1915,0,0.0
L002357,A,10000,24,0.054,0,0.0
L002358,C,5000,36,0.1183,0,0.0
L002359,B,500,36,0.0764,0,0.0
L002360,B,7500,24,0.091,0,0.0
L002361,A,2500,36,0.0512,0,0.0
L002362,A,1000,60,0.0638,0,0.0
L002363,B,2500,12,0.0796,0,0.0
L002364,A,1000,60,0.0475,0,0.0
L002365,D,1000,24,0.1488,1,0.2327
L002366,C,1000,24,0.1111,0,0.0
L002367,C,2500,12,0.1125,1,0.2533
L002368,B,2500,12,0.0829,0,0.0
L002369,B,7500,36,0.0741,0,0.0
L002370,A,1000,60,0.0502,0,0.0
L002371,D,5000,24,0.1474,0,0.0
L002372,C,2500,60,0.1163,0,0.0
L002373,C,2500,24,0.1104,1,0.3348
L002374,A,5000,24,0.0459,0,0.0
L002375,C,10000,12,0.1015,0,0.0
L002376,A,1000,60,0.0625,0,0.0
L002377,C,500,36,0.1173,0,0.0
L002378,A,2500,24,0.0509,0,0.0
L002379,D,1000,12,0.148,1,0.1444
L002380,B,7500,24,0.0768,0,0.0
L002381,B,500,24,0.0767,0,0.0
L002382,D,5000,24,0.1563,1,0.1135
L002383,D,10000,12,0.1409,0,0.0
L002384,C,500,24,0.1176,0,0.0
L002385,E,10000,12,0.1954,0,0.0
L002386,C,1000,24,0.1079,0,0.0
L002387,C,1000,36,0.1153,0,0.0
L002388,D,5000,12,0.1565,0,0.0
L002389,C,1000,12,0.1206,1,0.1975
L002390,C,7500,12,0.1094,0,0.0
L002391,A,10000,24,0.051,0,0.0
L002392,C,500,36,0.1084,0,0.0
L002393,C,500,24,0.108,0,0.0
L002394,B,7500,12,0.0864,0,0.0
L002395,B,500,36,0.0833,0,0.0
L002396,E,7500,36,0.1922,1,0.191
L002397,D,2500,36,0.1411,1,0.2458
L002398,E,500,60,0.2054,0,0.0
L002399,B,7500,36,0.0668,0,0.0
L002400,C,10000,60,0.1139,0,0.0
L002401,B,5000,12,0.0881,0,0.0
L002402,D,10000,36,0.1679,0,0.0
L002403,B,1000,12,0.0746,0,0.0
L002404,A,10000,24,0.0441,0,0.0
L002405,C,10000,24,0.1224,0,0.0
L002406,E,5000,12,0.196,1,0.0359
L002407,B,2500,36,0.08,0,0.0
L002408,D,7500,36,0.1473,0,0.0
L002409,A,10000,36,0.0488,0,0.0
L002410,B,7500,60,0.0703,0,0.0
L002411,B,10000,24,0.0755,0,0.0
L002412,D,7500,24,0.1476,0,0.0
L002413,A,7500,12,0.0565,0,0.0
L002414,D,10000,12,0.1446,0,0.0
L002415,A,1000,60,0.0606,0,0.0
L002416,E,1000,12,0.2005,1,0.2329
L002417,D,1000,12,0.1492,0,0.0
L002418,D,1000,24,0.1455,0,0.0
L002419,C,7500,60,0.1172,0,0.0
L002420,C,1000,60,0.1105,0,0.0
L002421,A,10000,24,0.0478,0,0.0
L002422,E,7500,36,0.1919,0,0.0
L002423,C,2500,60,0.1161,0,0.0
L002424,B,10000,36,0.0797,0,0.0
L002425,A,5000,36,0.0605,0,0.0
L002426,A,5000,36,0.0552,0,0.0
L002427,C,5000,60,0.1143,0,0.0
L002428,C,10000,12,0.0996,0,0.0
L002429,A,7500,36,0.0555,0,0.0
L002430,E,7500,36,0.1875,1,0.1678
L002431,B,7500,12,0.0882,0,0.0
L002432,C,500,60,0.1293,0,0.0
L002433,C,10000,24,0.1096,0,0.0
L002434,D,10000,36,0.1554,0,0.0
L002435,B,2500,12,0.0763,0,0.0
L002436,A,10000,60,0.0531,0,0.0
L002437,B,7500,60,0.0746,0,0.0
L002438,C,500,36,0.1131,0,0.0
L002439,B,7500,36,0.0708,0,0.0
L002440,D,10000,12,0.1591,1,0.0438
L002441,D,500,12,0.1568,0,0.0
L002442,C,10000,60,0.1178,0,0.0
L002443,D,500,36,0.1513,0,0.0
L002444,C,7500,60,0.1055,0,0.0
L002445,C,500,36,0.1075,0,0.0
L002446,E,1000,12,0.2033,1,0.1557
L002447,B,2500,12,0.0808,0,0.0
L002448,C,2500,24,0.112,1,0.2345
L002449,A,5000,36,0.0558,0,0.0
L002450,A,1000,24,0.0513,0,0.0
L002451,D,7500,24,0.149,0,0.0
L002452,D,1000,12,0.1513,1,0.2262
L002453,B,7500,24,0.0815,0,0.0
L002454,C,5000,12,0.1099,0,0.0
L002455,A,2500,60,0.0443,0,0.0
L002456,B,1000,60,0.0726,0,0.0
L002457,C,500,24,0.1122,0,0.0
L002458,D,1000,60,0.1479,0,0.0
L002459,A,7500,24,0.0664,0,0.0
L002460,D,5000,60,0.1479,0,0.0
L002461,C,5000,60,0.1125,0,0.0
L002462,C,1000,12,0.0987,0,0.0
L002463,B,10000,24,0.0773,0,0.0
L002464,D,1000,24,0.1482,1,0.0851
L002465,B,5000,24,0.0868,0,0.0
L002466,E,10000,36,0.203,1,0.1519
L002467,B,5000,24,0.0818,0,0.0
L002468,C,1000,24,0.1213,0,0.0
L002469,C,2500,60,0.128,0,0.0
L002470,A,500,24,0.0463,1,0.2181
L002471,E,7500,12,0.205,1,0.247
L002472,C,10000,36,0.1189,0,0.0
L002473,E,2500,36,0.1874,0,0.0
L002474,E,7500,12,0.1854,0,0.0
L002475,A,7500,24,0.0582,0,0.0
L002476,A,1000,12,0.0462,0,0.0
L002477,B,1000,24,0.0775,0,0.0
L002478,C,5000,24,0.1126,0,0.0
L002479,B,10000,24,0.0743,0,0.0
L002480,C,2500,36,0.0991,0,0.0
L002481,B,7500,36,0.0784,0,0.0
L002482,E,7500,60,0.1945,0,0.0
L002483,B,2500,24,0.0794,1,0.2203
L002484,A,7500,24,0.0462,0,0.0
L002485,E,10000,12,0.2098,0,0.0
L002486,B,2500,60,0.082,0,0.0
L002487,C,10000,24,0.0983,0,0.0
L002488,A,1000,12,0.0593,0,0.0
L002489,B,7500,12,0.0788,0,0.0
L002490,A,1000,12,0.0486,0,0.0
L002491,C,7500,24,0.1055,0,0.0
L002492,A,2500,60,0.0432,0,0.0
L002493,C,5000,36,0.1143,0,0.0
L002494,C,7500,12,0.1154,0,0.0
L002495,B,5000,12,0.0811,0,0.0
L002496,E,500,12,0.1922,1,0.1366
L002497,D,500,12,0.1521,0,0.0
L002498,C,2500,36,0.122,0,0.0
L002499,A,7500,60,0.0532,0,0.0
L002500,B,7500,12,0.0628,0,0.0
L002501,D,7500,60,0.1518,0,0.0
L002502,D,500,24,0.1563,0,0.0
L002503,A,5000,12,0.0563,0,0.0
L002504,A,1000,60,0.0444,0,0.0
L002505,E,7500,60,0.1938,0,0.0
L002506,B,2500,24,0.074,0,0.0
L002507,A,7500,36,0.0504,0,0.0
L002508,B,5000,36,0.0762,0,0.0
L002509,A,5000,12,0.0534,0,0.0
L002510,E,5000,24,0.1933,0,0.0
L002511,B,5000,36,0.0684,0,0.0
L002512,A,5000,36,0.0545,0,0.0
L002513,D,5000,60,0.1416,0,0.0
L002514,B,7500,60,0.0626,0,0.0
L002515,A,7500,36,0.0477,0,0.0
L002516,A,7500,24,0.0622,0,0.0
L002517,C,2500,24,0.1177,0,0.0
L002518,C,7500,36,0.1177,0,0.0
L002519,A,500,24,0.0442,0,0.0
L002520,A,10000,60,0.0544,0,0.0
L002521,B,2500,60,0.0799,0,0.0
L002522,B,10000,24,0.0754,0,0.0
L002523,C,7500,12,0.1162,0,0.0
L002524,E,5000,12,0.1954,0,0.0
L002525,B,1000,12,0.0737,0,0.0
L002526,B,7500,12,0.0737,0,0.0
L002527,A,2500,36,0.0513,0,0.0
L002528,A,500,36,0.053,0,0.0
L002529,C,5000,36,0.1046,0,0.0
L002530,B,5000,12,0.0712,0,0.0
L002531,B,2500,24,0.0771,1,0.2641
L002532,C,7500,60,0.1167,0,0.0
L002533,E,10000,24,0.1901,0,0.0
L002534,A,5000,24,0.0555,0,0.0
L002535,D,500,36,0.1548,0,0.0
L002536,B,500,36,0.0823,0,0.0
L002537,A,2500,60,0.0528,0,0.0
L002538,C,7500,24,0.113,0,0.0
L002539,B,1000,60,0.0749,0,0.0
L002540,B,1000,12,0.0901,0,0.0
L002541,A,1000,24,0.0518,0,0.0
L002542,A,10000,24,0.0543,0,0.0
L002543,A,10000,24,0.0567,0,0.0
L002544,E,7500,12,0.2025,0,0.0
L002545,E,500,12,0.1961,0,0.0
L002546,A,5000,60,0.058,0,0.0
L002547,C,10000,36,0.1101,0,0.0
L002548,C,1000,60,0.115,0,0.0
L002549,A,2500,12,0.0572,0,0.0
L002550,E,1000,60,0.1944,1,0.1568
L002551,C,10000,24,0.111,0,0.0
L002552,E,500,12,0.1831,1,0.1417
L002553,C,500,12,0.1065,1,0.0375
L002554,B,1000,60,0.0691,0,0.0
L002555,B,2500,24,0.0829,0,0.0
L002556,E,2500,24,0.1995,0,0.0
L002557,E,7500,12,0.186,1,0.0
L002558,A,10000,36,0.0545,0,0.0
L002559,A,500,12,0.0584,0,0.0
L002560,E,10000,12,0.2002,0,0.0
L002561,B,2500,24,0.0717,0,0.0
L002562,B,10000,12,0.0708,0,0.0
L002563,B,7500,12,0.0754,0,0.0
L002564,B,5000,24,0.0603,1,0.3484
L002565,D,7500,24,0.1511,1,0.2501
L002566,E,2500,12,0.1854,0,0.0
L002567,A,2500,60,0.0702,0,0.0
L002568,A,500,60,0.0567,0,0.0
L002569,A,10000,36,0.0594,0,0.0
L002570,A,2500,36,0.0564,0,0.0
L002571,B,500,12,0.0764,0,0.0
L002572,B,5000,24,0.0788,0,0.0
L002573,B,7500,24,0.0899,0,0.0
L002574,B,1000,12,0.0908,0,0.0
L002575,D,5000,60,0.1482,0,0.0
L002576,A,5000,12,0.0563,0,0.0
L002577,B,7500,12,0.0813,0,0.0
L002578,A,2500,60,0.0478,0,0.0
L002579,B,2500,24,0.0891,0,0.0
L002580,D,1000,36,0.1534,0,0.0
L002581,D,1000,12,0.1481,0,0.0
L002582,B,500,24,0.0784,0,0.0
L002583,B,7500,60,0.0808,0,0.0
L002584,C,500,12,0.1142,1,0.2597
L002585,C,10000,60,0.1127,0,0.0
L002586,C,2500,24,0.1081,0,0.0
L002587,B,5000,36,0.0722,0,0.0
L002588,B,1000,12,0.0802,0,0.0
L002589,C,2500,24,0.1182,0,0.0
L002590,D,7500,12,0.1492,0,0.0
L002591,E,2500,24,0.1996,1,0.1512
L002592,C,7500,60,0.111,0,0.0
L002593,B,5000,24,0.0894,0,0.0
L002594,E,7500,12,0.1988,0,0.0
L002595,A,500,12,0.0521,0,0.0
L002596,E,500,12,0.1934,0,0.0
L002597,C,7500,60,0.1082,0,0.0
L002598,C,2500,24,0.1075,0,0.0
L002599,E,5000,12,0.1989,1,0.1173
L002600,C,1000,60,0.1126,0,0.0
L002601,D,1000,60,0.1549,1,0.1531
L002602,D,10000,12,0.1523,0,0.0
L002603,B,500,24,0.0794,0,0.0
L002604,A,500,24,0.0576,0,0.0
L002605,B,10000,60,0.085,0,0.0
L002606,B,10000,60,0.0816,0,0.0
L002607,A,10000,12,0.0481,0,0.0
L002608,A,1000,24,0.0548,0,0.0
L002609,C,1000,24,0.113,0,0.0
L002610,B,500,24,0.0859,0,0.0
L002611,A,1000,24,0.0521,0,0.0
L002612,B,5000,24,0.0763,0,0.0
L002613,C,2500,60,0.1092,0,0.0
L002614,A,5000,36,0.064,0,0.0
L002615,E,500,24,0.1872,0,0.0
L002616,A,500,24,0.0491,0,0.0
L002617,A,5000,24,0.0588,0,0.0
L002618,A,2500,24,0.0463,0,0.0
L002619,D,1000,24,0.1459,1,0.2192
L002620,A,7500,24,0.0536,0,0.0
L002621,E,500,24,0.2083,0,0.0
L002622,B,7500,12,0.0805,0,0.0
L002623,A,5000,36,0.0614,0,0.0
L002624,C,2500,24,0.1171,0,0.0
L002625,C,10000,12,0.1143,0,0.0
L002626,A,10000,60,0.0579,0,0.0
L002627,B,10000,24,0.0726,0,0.0
L002628,B,7500,60,0.0888,0,0.0
L002629,A,10000,24,0.0554,0,0.0
L002630,D,500,60,0.1513,0,0.0
L002631,B,10000,36,0.0747,0,0.0
L002632,A,1000,36,0.0591,0,0.0
L002633,B,500,60,0.0863,0,0.0
L002634,A,5000,60,0.0565,0,0.0
L002635,D,1000,12,0.1482,0,0.0
L002636,B,10000,24,0.0727,0,0.0
L002637,B,2500,36,0.078,0,0.0
L002638,C,5000,24,0.1117,0,0.0
L002639,E,1000,36,0.1962,0,0.0
L002640,B,5000,60,0.0845,0,0.0
L002641,A,10000,24,0.0438,0,0.0
L002642,B,10000,60,0.0704,0,0.0
L002643,C,10000,60,0.1066,0,0.0
L002644,B,2500,60,0.0708,0,0.0
L002645,B,2500,36,0.0837,0,0.0
L002646,D,7500,24,0.1566,0,0.0
L002647,B,1000,24,0.0818,0,0.0
L002648,C,10000,24,0.12,0,0.0
L002649,B,10000,36,0.0735,0,0.0
L002650,D,500,12,0.1527,0,0.0
L002651,D,10000,60,0.1533,0,0.0
L002652,A,1000,36,0.0527,0,0.0
L002653,B,10000,36,0.0779,0,0.0
L002654,A,10000,36,0.0485,0,0.0
L002655,B,5000,36,0.084,1,0.1952
L002656,D,5000,36,0.1527,0,0.0
L002657,B,5000,36,0.0747,1,0.1241
L002658,B,7500,36,0.076,0,0.0
L002659,E,10000,12,0.1969,0,0.0
L002660,A,500,24,0.0518,0,0.0
L002661,A,7500,12,0.0628,0,0.0
L002662,C,2500,24,0.1124,0,0.0
L002663,C,10000,60,0.1066,0,0.0
L002664,B,2500,12,0.0743,0,0.0
L002665,B,5000,24,0.0778,0,0.0
L002666,B,10000,24,0.0952,0,0.0
L002667,A,7500,36,0.0558,0,0.0
L002668,B,2500,12,0.0889,0,0.0
L002669,C,5000,24,0.1067,0,0.0
L002670,A,5000,24,0.0502,0,0.0
L002671,D,10000,60,0.1481,0,0.0
L002672,C,10000,24,0.1059,1,0.2146
L002673,B,1000,24,0.0855,1,0.2799
L002674,A,2500,24,0.0523,0,0.0
L002675,B,10000,60,0.0797,0,0.0
L002676,A,1000,12,0.0661,0,0.0
L002677,A,1000,36,0.0509,0,0.0
L002678,B,2500,36,0.0804,0,0.0
L002679,E,1000,36,0.1991,0,0.0
L002680,A,5000,60,0.0519,0,0.0
L002681,A,500,60,0.0664,0,0.0
L002682,A,1000,24,0.0563,0,0.0
L002683,C,5000,36,0.1159,0,0.0
L002684,B,10000,24,0.072,0,0.0
L002685,B,5000,60,0.0807,0,0.0
L002686,A,1000,36,0.0528,0,0.0
L002687,A,5000,60,0.0538,0,0.0
L002688,B,2500,24,0.0748,0,0.0
L002689,A,7500,24,0.0587,0,0.0
L002690,C,1000,12,0.1077,0,0.0
L002691,C,1000,60,0.1055,0,0.0
L002692,C,2500,12,0.1035,0,0.0
L002693,A,7500,24,0.05,0,0.0
L002694,A,7500,12,0.0582,0,0.0
L002695,E,10000,60,0.2007,1,0.0917
L002696,A,2500,60,0.0538,0,0.0
L002697,D,5000,24,0.1584,1,0.3175
L002698,A,1000,12,0.0607,0,0.0
L002699,B,10000,24,0.0923,0,0.0
L002700,A,1000,12,0.0597,0,0.0
L002701,A,10000,36,0.046,0,0.0
L002702,B,2500,24,0.072,0,0.0
L002703,D,5000,24,0.1546,0,0.0
L002704,A,1000,24,0.0609,0,0.0
L002705,C,10000,36,0.112,0,0.0
L002706,A,10000,60,0.0606,0,0.0
L002707,E,1000,60,0.1965,0,0.0
L002708,B,2500,60,0.0837,0,0.0
L002709,C,500,12,0.1182,0,0.0
L002710,B,1000,60,0.0758,0,0.0
L002711,B,500,60,0.0724,0,0.0
L002712,A,500,36,0.0547,0,0.0
L002713,B,1000,60,0.0737,0,0.0
L002714,E,5000,60,0.1892,0,0.0
L002715,A,2500,36,0.06,0,0.0
L002716,C,10000,24,0.1045,0,0.0
L002717,D,2500,24,0.1446,1,0.2553
L002718,A,1000,24,0.0468,0,0.0
L002719,E,7500,12,0.1931,0,0.0
L002720,B,5000,36,0.076,0,0.0
L002721,D,500,12,0.1552,0,0.0
L002722,A,2500,24,0.0645,0,0.0
L002723,B,1000,12,0.076,0,0.0
L002724,B,10000,60,0.0772,0,0.0
L002725,A,5000,60,0.0638,0,0.0
L002726,E,1000,12,0.1947,0,0.0
L002727,D,500,12,0.1497,0,0.0
L002728,D,7500,36,0.1537,0,0.0
L002729,C,2500,60,0.1056,0,0.0
L002730,B,2500,36,0.0725,0,0.0
L002731,D,7500,24,0.1479,0,0.0
L002732,A,7500,24,0.0596,0,0.0
L002733,B,5000,60,0.0883,0,0.0
L002734,A,500,12,0.0497,0,0.0
L002735,C,7500,36,0.1079,0,0.0
L002736,C,7500,60,0.1172,0,0.0
L002737,A,1000,60,0.0546,0,0.0
L002738,B,500,36,0.0824,0,0.0
L002739,E,500,60,0.1918,1,0.1149
L002740,B,7500,24,0.08,0,0.0
L002741,C,5000,12,0.1103,0,0.0
L002742,D,7500,12,0.1541,0,0.0
L002743,B,5000,12,0.0804,0,0.0
L002744,B,5000,60,0.0821,0,0.0
L002745,A,1000,24,0.0512,0,0.0
L002746,C,5000,12,0.1145,0,0.0
L002747,E,7500,36,0.2049,1,0.0582
L002748,B,500,36,0.0787,0,0.0
L002749,A,10000,60,0.0607,0,0.0
L002750,E,5000,60,0.2006,0,0.0
L002751,C,10000,12,0.1135,0,0.0
L002752,B,5000,12,0.0771,0,0.0
L002753,C,2500,12,0.1092,0,0.0
L002754,C,2500,36,0.1107,0,0.0
L002755,D,5000,12,0.1489,0,0.0
L002756,E,500,12,0.1841,0,0.0
L002757,E,7500,36,0.2001,0,0.0
L002758,A,7500,60,0.0504,0,0.0
L002759,D,1000,36,0.1443,0,0.0
L002760,B,7500,24,0.095,0,0.0
L002761,B,1000,12,0.0815,0,0.0
L002762,E,2500,60,0.1908,0,0.0
L002763,B,10000,60,0.0801,0,0.0
L002764,B,500,60,0.0724,0,0.0
L002765,A,10000,60,0.0585,0,0.0
L002766,E,500,36,0.199,0,0.0
L002767,A,10000,12,0.0554,0,0.0
L002768,D,5000,60,0.1452,0,0.0
L002769,B,5000,36,0.077,0,0.0
L002770,C,5000,12,0.1131,1,0.3189
L002771,C,2500,12,0.1099,0,0.0
L002772,A,1000,36,0.0631,0,0.0
L002773,A,10000,60,0.0477,0,0.0
L002774,D,10000,24,0.1501,0,0.0
L002775,A,500,60,0.0528,0,0.0
L002776,A,7500,36,0.0506,0,0.0
L002777,B,1000,36,0.0815,0,0.0
L002778,B,5000,12,0.0738,0,0.0
L002779,B,2500,24,0.0847,0,0.0
L002780,B,2500,36,0.0823,0,0.0
L002781,B,5000,36,0.0857,0,0.0
L002782,B,2500,36,0.0702,0,0.0
L002783,A,500,60,0.0502,0,0.0
L002784,B,7500,36,0.0787,0,0.0
L002785,C,2500,60,0.112,0,0.0
L002786,D,2500,24,0.1491,1,0.3355
L002787,C,10000,60,0.1137,0,0.0
L002788,B,7500,12,0.0804,0,0.0
L002789,B,5000,24,0.0829,0,0.0
L002790,A,1000,12,0.0534,0,0.0
L002791,C,500,12,0.1235,0,0.0
L002792,D,500,60,0.1508,1,0.2242
L002793,B,10000,60,0.0765,0,0.0
L002794,A,500,24,0.065,0,0.0
L002795,D,5000,24,0.1589,0,0.0
L002796,A,2500,24,0.0589,0,0.0
L002797,B,5000,36,0.0886,0,0.0
L002798,D,2500,60,0.1518,0,0.0
L002799,B,2500,60,0.0812,0,0.0
L002800,D,2500,12,0.1441,1,0.1493
L002801,C,2500,60,0.1153,0,0.0
L002802,C,10000,36,0.1218,0,0.0
L002803,E,5000,60,0.1938,0,0.0
L002804,A,5000,24,0.0702,0,0.0
L002805,A,2500,12,0.0574,0,0.0
L002806,A,1000,12,0.0553,0,0.0
L002807,E,500,36,0.196,0,0.0
L002808,E,7500,36,0.1887,0,0.0
L002809,D,1000,12,0.1403,0,0.0
L002810,C,10000,24,0.1149,0,0.0
L002811,C,500,12,0.1214,0,0.0
L002812,B,10000,60,0.0818,0,0.0
L002813,A,1000,12,0.0583,0,0.0
L002814,C,5000,60,0.1158,0,0.0
L002815,B,5000,60,0.0815,0,0.0
L002816,B,10000,36,0.0827,0,0.0
L002817,C,10000,60,0.1062,0,0.0
L002818,B,5000,60,0.0857,0,0.0
L002819,B,10000,36,0.0784,0,0.0
L002820,D,500,24,0.1452,0,0.0
L002821,B,5000,12,0.0907,0,0.0
L002822,C,1000,60,0.127,0,0.0
L002823,A,1000,36,0.0635,0,0.0
L002824,C,2500,36,0.1104,0,0.0
L002825,B,2500,36,0.0812,0,0.0
L002826,B,5000,24,0.0923,0,0.0
L002827,B,7500,12,0.0878,0,0.0
L002828,D,500,24,0.1503,0,0.0
L002829,B,2500,12,0.0841,0,0.0
L002830,C,10000,12,0.1059,0,0.0
L002831,B,500,60,0.0836,0,0.0
L002832,E,1000,12,0.1918,0,0.0
L002833,C,1000,36,0.1228,0,0.0
L002834,C,1000,24,0.1129,0,0.0
L002835,B,10000,60,0.0753,0,0.0
L002836,B,500,12,0.0785,0,0.0
L002837,A,5000,60,0.0632,0,0.0
L002838,A,5000,36,0.0551,0,0.0
L002839,B,1000,24,0.0758,0,0.0
L002840,D,1000,60,0.1425,0,0.0
L002841,D,7500,36,0.1467,0,0.0
L002842,B,10000,12,0.0869,0,0.0
L002843,D,7500,60,0.1581,0,0.0
L002844,C,10000,12,0.114,0,0.0
L002845,B,10000,12,0.0788,0,0.0
L002846,A,7500,24,0.0557,0,0.0
L002847,C,500,12,0.1088,0,0.0
L002848,C,10000,36,0.1099,0,0.0
L002849,A,10000,36,0.0543,0,0.0
L002850,B,500,12,0.0881,0,0.0
L002851,D,7500,24,0.1504,0,0.0
L002852,E,500,60,0.1953,0,0.0
L002853,A,5000,24,0.0422,0,0.0
L002854,D,10000,60,0.1448,0,0.0
L002855,B,2500,36,0.0797,0,0.0
L002856,C,10000,60,0.115,0,0.0
L002857,E,10000,24,0.1999,0,0.0
L002858,D,2500,36,0.1468,0,0.0
L002859,D,5000,12,0.1581,0,0.0
L002860,B,5000,36,0.0808,0,0.0
L002861,D,7500,12,0.1476,0,0.0
L002862,C,2500,24,0.1136,0,0.0
L002863,C,2500,24,0.1209,0,0.0
L002864,C,500,24,0.1092,0,0.0
L002865,B,7500,36,0.0759,0,0.0
L002866,C,2500,60,0.1136,0,0.0
L002867,C,2500,60,0.1138,0,0.0
L002868,C,2500,12,0.1164,0,0.0
L002869,A,500,24,0.044,0,0.0
L002870,D,5000,12,0.1518,0,0.0
L002871,C,10000,24,0.1184,0,0.0
L002872,B,7500,12,0.0823,0,0.0
L002873,D,2500,24,0.1539,0,0.0
L002874,A,1000,12,0.0499,0,0.0
L002875,B,1000,36,0.0726,0,0.0
L002876,B,1000,36,0.0829,0,0.0
L002877,A,10000,24,0.0534,0,0.0
L002878,A,2500,24,0.0431,0,0.0
L002879,B,2500,12,0.0754,0,0.0
L002880,D,10000,24,0.1448,1,0.1159
L002881,C,500,60,0.1099,0,0.0
L002882,A,500,36,0.0572,0,0.0
L002883,C,10000,24,0.1144,0,0.0
L002884,A,10000,60,0.0563,0,0.0
L002885,B,10000,12,0.0772,0,0.0
L002886,A,1000,36,0.049,0,0.0
L002887,A,10000,12,0.0478,0,0.0
L002888,B,1000,12,0.0701,0,0.0
L002889,A,500,60,0.0566,0,0.0
L002890,D,2500,36,0.1525,0,0.0
L002891,E,7500,12,0.1957,0,0.0
L002892,B,500,24,0.0861,0,0.0
L002893,B,500,12,0.0768,0,0.0
L002894,B,10000,60,0.0796,0,0.0
L002895,B,500,36,0.0827,1,0.2384
L002896,C,10000,60,0.1051,1,0.2114
L002897,A,1000,60,0.0638,0,0.0
L002898,C,7500,36,0.1165,0,0.0
L002899,B,10000,12,0.0871,0,0.0
L002900,A,5000,36,0.058,0,0.0
L002901,B,5000,12,0.0837,0,0.0
L002902,A,10000,36,0.0629,0,0.0
L002903,D,2500,24,0.1516,0,0.0
L002904,A,5000,36,0.0592,0,0.0
L002905,A,7500,24,0.0522,0,0.0
L002906,E,1000,60,0.1923,0,0.0
L002907,A,5000,60,0.0564,0,0.0
L002908,B,500,60,0.0732,0,0.0
L002909,B,2500,12,0.0866,0,0.0
L002910,B,500,12,0.0841,0,0.0
L002911,D,1000,24,0.1548,0,0.0
L002912,D,2500,24,0.1496,0,0.0
L002913,E,5000,24,0.2007,1,0.2298
L002914,A,10000,12,0.0642,0,0.0
L002915,D,7500,12,0.1504,0,0.0
L002916,B,1000,60,0.0794,0,0.0
L002917,C,500,36,0.1103,0,0.0
L002918,A,1000,60,0.0532,0,0.0
L002919,A,5000,24,0.0443,0,0.0
L002920,C,7500,36,0.1147,0,0.0
L002921,E,7500,12,0.2027,0,0.0
L002922,A,10000,60,0.0499,0,0.0
L002923,A,10000,60,0.0553,0,0.0
L002924,D,500,24,0.1483,1,0.2697
L002925,E,500,60,0.2049,0,0.0
L002926,A,2500,60,0.0539,0,0.0
L002927,C,1000,12,0.1158,0,0.0
L002928,C,10000,24,0.1116,0,0.0
L002929,D,2500,36,0.1495,0,0.0
L002930,A,10000,60,0.074,0,0.0
L002931,A,7500,60,0.0518,0,0.0
L002932,C,10000,60,0.1141,0,0.0
L002933,E,1000,36,0.1971,0,0.0
L002934,D,10000,36,0.1522,0,0.0
L002935,D,10000,12,0.1535,0,0.0
L002936,B,500,24,0.0746,0,0.0
L002937,B,7500,36,0.0739,0,0.0
L002938,B,500,12,0.066,0,0.0
L002939,B,2500,24,0.0871,0,0.0
L002940,D,10000,12,0.1509,0,0.0
L002941,B,7500,24,0.0848,0,0.0
L002942,E,5000,36,0.1917,0,0.0
L002943,B,2500,60,0.0804,0,0.0
L002944,C,500,60,0.1115,0,0.0
L002945,A,5000,60,0.0669,0,0.0
L002946,A,10000,36,0.0584,0,0.0
L002947,B,7500,12,0.0871,0,0.0
L002948,E,7500,12,0.1893,0,0.0
L002949,B,5000,36,0.0718,0,0.0
L002950,B,1000,24,0.0827,0,0.0
L002951,D,1000,60,0.1466,0,0.0
L002952,A,10000,60,0.0608,0,0.0
L002953,E,500,60,0.1886,0,0.0
L002954,B,5000,60,0.075,0,0.0
L002955,B,500,60,0.078,1,0.347
L002956,B,10000,36,0.0653,0,0.0
L002957,A,1000,36,0.0569,0,0.0
L002958,E,500,36,0.1895,1,0.0695
L002959,B,7500,60,0.0669,0,0.0
L002960,A,7500,60,0.0499,0,0.0
L002961,D,500,12,0.1549,0,0.0
L002962,B,2500,36,0.0911,0,0.0
L002963,C,7500,60,0.1047,0,0.0
L002964,E,5000,12,0.2002,1,0.1828
L002965,C,1000,36,0.1119,0,0.0
L002966,C,5000,12,0.1251,0,0.0
L002967,B,2500,60,0.0813,0,0.0
L002968,C,7500,12,0.1084,0,0.0
L002969,A,2500,12,0.0598,0,0.0
L002970,B,5000,36,0.0787,0,0.0
L002971,B,5000,24,0.0759,0,0.0
L002972,A,2500,12,0.0608,0,0.0
L002973,E,2500,12,0.1945,0,0.0
L002974,B,1000,36,0.0777,0,0.0
L002975,B,7500,36,0.0714,0,0.0
L002976,B,7500,24,0.0871,0,0.0
L002977,B,1000,12,0.0868,0,0.0
L002978,C,7500,60,0.1201,0,0.0
L002979,A,1000,12,0.0466,0,0.0
L002980,C,7500,24,0.1069,0,0.0
L002981,D,7500,12,0.1549,0,0.0
L002982,B,500,36,0.0738,1,0.2145
L002983,E,500,24,0.1983,1,0.1764
L002984,A,2500,12,0.0548,0,0.0
L002985,A,10000,36,0.0545,0,0.0
L002986,A,500,24,0.065,0,0.0
L002987,E,10000,24,0.2043,0,0.0
L002988,A,500,36,0.0657,0,0.0
L002989,C,7500,36,0.1214,1,0.2227
L002990,B,5000,24,0.071,0,0.0
L002991,B,5000,24,0.0823,0,0.0
L002992,C,2500,24,0.1167,0,0.0
L002993,C,7500,24,0.1142,1,0.3062
L002994,D,10000,24,0.1437,0,0.0
L002995,A,5000,12,0.0494,0,0.0
L002996,B,7500,24,0.0857,0,0.0
L002997,E,2500,24,0.1943,0,0.0
L002998,C,10000,12,0.11,0,0.0
L002999,E,2500,24,0.2042,0,0.0
L003000,A,5000,24,0.0562,0,0.0
L003001,D,2500,12,0.1446,1,0.2043
L003002,B,10000,12,0.0793,0,0.0
L003003,B,500,36,0.0807,0,0.0
L003004,D,7500,12,0.1599,0,0.0
L003005,E,2500,12,0.1879,0,0.0
L003006,A,1000,36,0.0466,0,0.0
L003007,D,2500,12,0.1528,0,0.0
L003008,C,500,12,0.1155,0,0.0
L003009,C,10000,24,0.1143,0,0.0
L003010,A,2500,36,0.0612,0,0.0
L003011,A,5000,12,0.0516,0,0.0
L003012,D,5000,12,0.1503,0,0.0
L003013,D,500,36,0.1553,0,0.0
L003014,B,500,36,0.079,0,0.0
L003015,C,5000,24,0.1024,0,0.0
L003016,A,500,60,0.0612,0,0.0
L003017,B,2500,36,0.0718,0,0.0
L003018,C,1000,60,0.1044,0,0.0
L003019,C,2500,24,0.1114,0,0.0
L003020,D,500,36,0.1482,1,0.2879
L003021,B,500,12,0.0798,0,0.0
L003022,C,500,36,0.1149,0,0.0
L003023,C,10000,24,0.1144,0,0.0
L003024,A,7500,24,0.0507,0,0.0
L003025,E,500,12,0.1938,0,0.0
L003026,A,500,60,0.0486,0,0.0
L003027,D,10000,24,0.1648,0,0.0
L003028,A,2500,36,0.0456,0,0.0
L003029,B,5000,24,0.0844,0,0.0
L003030,D,7500,24,0.1477,1,0.1859
L003031,A,7500,36,0.0538,0,0.0
L003032,A,2500,24,0.0532,0,0.0
L003033,B,7500,24,0.0726,0,0.0
L003034,B,7500,12,0.0778,0,0.0
L003035,A,10000,60,0.0467,0,0.0
L003036,D,5000,24,0.1446,0,0.0
L003037,C,7500,60,0.1197,0,0.0
L003038,C,10000,36,0.1146,0,0.0
L003039,A,500,24,0.0482,0,0.0
L003040,E,5000,12,0.1963,0,0.0
L003041,A,500,24,0.0533,0,0.0
L003042,A,500,36,0.0577,0,0.0
L003043,C,2500,60,0.114,0,0.0
L003044,B,7500,12,0.0748,0,0.0
L003045,C,1000,24,0.1063,0,0.0
L003046,C,10000,12,0.1184,0,0.0
L003047,B,5000,12,0.092,0,0.0
L003048,C,2500,24,0.1159,0,0.0
L003049,D,10000,36,0.149,0,0.0
L003050,A,5000,60,0.0586,0,0.0
L003051,A,2500,24,0.0516,0,0.0
L003052,B,10000,36,0.0829,0,0.0
L003053,B,1000,24,0.0814,0,0.0
L003054,B,10000,36,0.0745,0,0.0
L003055,C,5000,60,0.1097,1,0.1391
L003056,A,2500,12,0.0476,0,0.0
L003057,E,10000,24,0.1959,1,0.4525
L003058,C,500,60,0.1092,0,0.0
L003059,C,5000,60,0.1125,0,0.0
L003060,B,10000,36,0.08,0,0.0
L003061,A,500,60,0.0463,0,0.0
L003062,B,1000,60,0.0763,0,0.0
L003063,B,500,24,0.0885,0,0.0
L003064,C,500,12,0.1125,0,0.0
L003065,D,10000,60,0.1435,0,0.0
L003066,C,7500,24,0.1125,0,0.0
L003067,D,7500,24,0.1517,0,0.0
L003068,B,7500,60,0.0769,0,0.0
L003069,B,5000,60,0.0695,0,0.0
L003070,C,2500,12,0.1135,0,0.0
L003071,B,500,36,0.081,0,0.0
L003072,C,5000,24,0.1045,0,0.0
L003073,B,2500,12,0.0773,0,0.0
L003074,B,2500,60,0.0789,0,0.0
L003075,A,7500,24,0.0584,0,0.0
L003076,A,7500,36,0.0511,0,0.0
L003077,A,500,36,0.0614,1,0.2129
L003078,D,7500,12,0.1517,0,0.0
L003079,B,1000,12,0.0804,0,0.0
L003080,D,5000,24,0.1545,0,0.0
L003081,A,5000,24,0.0524,0,0.0
L003082,E,5000,12,0.1929,0,0.0
L003083,A,5000,60,0.0531,0,0.0
L003084,D,7500,12,0.1512,0,0.0
L003085,D,500,24,0.1489,0,0.0
L003086,C,2500,12,0.1191,0,0.0
L003087,E,2500,36,0.202,0,0.0
L003088,B,5000,24,0.0751,1,0.1062
L003089,B,5000,12,0.0697,0,0.0
L003090,A,500,36,0.0538,0,0.0
L003091,A,7500,24,0.0462,0,0.0
L003092,A,5000,24,0.0568,0,0.0
L003093,C,7500,60,0.1032,0,0.0
L003094,E,500,36,0.2048,1,0.1906
L003095,B,5000,24,0.0675,1,0.1603
L003096,B,2500,12,0.0765,0,0.0
L003097,D,1000,36,0.1511,0,0.0
L003098,C,1000,60,0.1167,0,0.0
L003099,C,500,24,0.1092,0,0.0
L003100,E,5000,12,0.2,1,0.0
L003101,C,5000,24,0.1156,0,0.0
L003102,A,5000,12,0.0534,0,0.0
L003103,E,500,36,0.1933,0,0.0
L003104,A,1000,12,0.0605,0,0.0
L003105,B,500,24,0.0806,0,0.0
L003106,A,5000,12,0.0509,0,0.0
L003107,B,1000,36,0.075,0,0.0
L003108,A,5000,60,0.0574,0,0.0
L003109,A,7500,12,0.0495,0,0.0
L003110,D,500,60,0.1463,0,0.0
L003111,A,7500,60,0.0447,0,0.0
L003112,A,10000,60,0.0539,0,0.0
L003113,B,7500,12,0.0806,0,0.0
L003114,A,10000,36,0.0617,0,0.0
L003115,B,7500,60,0.0828,0,0.0
L003116,C,5000,36,0.1076,0,0.0
L003117,D,5000,24,0.1651,0,0.0
L003118,A,2500,12,0.0556,0,0.0
L003119,A,7500,36,0.0501,0,0.0
L003120,B,7500,24,0.0827,0,0.0
L003121,C,2500,36,0.1069,0,0.0
L003122,E,1000,12,0.2096,1,0.2083
L003123,B,7500,36,0.0735,0,0.0
L003124,B,500,60,0.0824,0,0.0
L003125,D,500,12,0.1569,0,0.0
L003126,D,5000,24,0.154,0,0.0
L003127,B,500,12,0.0805,0,0.0
L003128,C,500,12,0.1188,0,0.0
L003129,A,7500,36,0.056,0,0.0
L003130,A,500,12,0.0532,0,0.0
L003131,B,2500,60,0.0826,0,0.0
L003132,C,2500,36,0.1187,0,0.0
L003133,C,500,12,0.1017,1,0.0584
L003134,C,10000,24,0.1014,0,0.0
L003135,B,10000,12,0.0953,0,0.0
L003136,A,7500,36,0.0596,0,0.0
L003137,D,7500,36,0.145,0,0.0
L003138,D,2500,36,0.1677,0,0.0
L003139,D,5000,60,0.1527,0,0.0
L003140,B,5000,36,0.0795,0,0.0
L003141,E,7500,24,0.1932,0,0.0
L003142,C,7500,12,0.1127,0,0.0
L003143,A,500,12,0.0585,0,0.0
L003144,C,5000,60,0.1135,0,0.0
L003145,A,2500,24,0.0647,0,0.0
L003146,A,5000,60,0.0603,0,0.0
L003147,D,500,12,0.1559,0,0.0
L003148,B,1000,12,0.078,0,0.0
L003149,D,2500,60,0.1542,1,0.2149
L003150,B,1000,36,0.0942,0,0.0
L003151,B,7500,12,0.0836,0,0.0
L003152,C,500,24,0.114,0,0.0
L003153,A,500,12,0.0527,0,0.0
L003154,B,5000,36,0.0784,0,0.0
L003155,D,1000,24,0.1522,1,0.253
L003156,B,7500,60,0.0963,0,0.0
L003157,B,5000,60,0.0823,0,0.0
L003158,A,1000,12,0.0473,0,0.0
L003159,C,2500,36,0.1042,0,0.0
L003160,B,1000,12,0.0688,0,0.0
L003161,C,1000,24,0.1139,0,0.0
L003162,A,1000,36,0.0553,0,0.0
L003163,C,500,60,0.1101,0,0.0
L003164,B,1000,60,0.0835,0,0.0
L003165,B,500,24,0.0836,0,0.0
L003166,D,5000,60,0.153,0,0.0
L003167,C,500,36,0.1124,0,0.0
L003168,C,7500,24,0.1084,0,0.0
L003169,B,1000,60,0.0854,0,0.0
L003170,C,10000,12,0.1126,0,0.0
L003171,A,1000,12,0.0532,0,0.0
L003172,D,10000,36,0.1513,0,0.0
L003173,A,5000,24,0.0565,0,0.0
L003174,A,7500,36,0.0581,0,0.0
L003175,D,1000,12,0.138,0,0.0
L003176,A,2500,60,0.05,0,0.0
L003177,C,10000,60,0.105,0,0.0
L003178,B,500,24,0.0918,0,0.0
L003179,B,7500,24,0.0805,0,0.0
L003180,D,2500,60,0.1626,0,0.0
L003181,C,500,12,0.1144,0,0.0
L003182,D,5000,36,0.1538,0,0.0
L003183,D,7500,12,0.1486,1,0.2124
L003184,D,5000,60,0.158,1,0.1776
L003185,C,10000,60,0.1092,0,0.0
L003186,B,7500,24,0.0815,0,0.0
L003187,B,5000,60,0.081,0,0.0
L003188,C,5000,12,0.1142,0,0.0
L003189,C,10000,60,0.1029,0,0.0
L003190,D,2500,12,0.1534,0,0.0
L003191,B,10000,60,0.0745,0,0.0
L003192,C,7500,12,0.1107,0,0.0
L003193,C,10000,12,0.1097,0,0.0
L003194,B,500,12,0.0817,1,0.2494
L003195,D,2500,60,0.1553,1,0.2747
L003196,B,500,12,0.0732,0,0.0
L003197,A,1000,12,0.0444,0,0.0
L003198,C,500,24,0.1169,0,0.0
L003199,B,500,36,0.081,0,0.0
L003200,B,10000,12,0.0869,0,0.0
L003201,B,500,60,0.0659,0,0.0
L003202,B,7500,60,0.086,0,0.0
L003203,B,1000,12,0.0745,0,0.0
L003204,A,7500,12,0.0556,0,0.0
L003205,B,5000,36,0.0823,0,0.0
L003206,A,2500,12,0.0518,0,0.0
L003207,D,500,36,0.1527,0,0.0
L003208,C,500,60,0.1097,0,0.0
L003209,D,2500,60,0.1515,0,0.0
L003210,E,5000,12,0.1942,0,0.0
L003211,B,5000,36,0.0829,0,0.0
L003212,D,2500,24,0.1607,0,0.0
L003213,E,5000,12,0.1808,0,0.0
L003214,D,1000,60,0.1524,0,0.0
L003215,E,5000,12,0.199,0,0.0
L003216,D,5000,24,0.1441,1,0.2475
L003217,E,500,60,0.1944,0,0.0
L003218,B,2500,60,0.079,0,0.0
L003219,A,7500,24,0.0429,0,0.0
L003220,B,2500,60,0.08,0,0.0
L003221,E,5000,12,0.1924,0,0.0
L003222,D,2500,60,0.1594,0,0.0
L003223,A,5000,60,0.0536,0,0.0
L003224,C,10000,60,0.1167,0,0.0
L003225,D,5000,36,0.1465,1,0.2665
L003226,C,10000,12,0.1145,0,0.0
L003227,A,1000,12,0.0601,0,0.0
L003228,A,7500,36,0.0549,0,0.0
L003229,C,10000,12,0.1301,1,0.1832
L003230,A,10000,36,0.0636,0,0.0
L003231,E,5000,36,0.199,0,0.0
L003232,C,1000,60,0.1049,0,0.0
L003233,D,10000,24,0.1513,1,0.1465
L003234,B,500,12,0.0761,0,0.0
L003235,D,2500,60,0.152,0,0.0
L003236,D,10000,24,0.1488,0,0.0
L003237,A,2500,12,0.0437,0,0.0
L003238,B,5000,24,0.0708,0,0.0
L003239,E,7500,60,0.1971,0,0.0
L003240,B,2500,12,0.0775,0,0.0
L003241,D,7500,12,0.1466,1,0.2496
L003242,B,1000,12,0.0829,0,0.0
L003243,A,2500,60,0.0579,0,0.0
L003244,B,500,60,0.0781,0,0.0
L003245,A,7500,36,0.0645,0,0.0
L003246,C,10000,36,0.1097,0,0.0
L003247,B,10000,36,0.0774,0,0.0
L003248,E,500,36,0.1915,0,0.0
L003249,D,5000,12,0.1467,0,0.0
L003250,B,10000,12,0.0835,0,0.0
L003251,A,10000,12,0.0603,0,0.0
L003252,A,5000,36,0.0529,0,0.0
L003253,D,1000,24,0.1413,0,0.0
L003254,B,2500,12,0.0716,0,0.0
L003255,A,7500,24,0.0465,0,0.0
L003256,C,1000,24,0.1164,0,0.0
L003257,A,7500,12,0.0584,0,0.0
L003258,A,10000,24,0.0636,0,0.0
L003259,D,2500,60,0.1547,0,0.0
L003260,C,10000,12,0.1075,0,0.0
L003261,C,500,12,0.1235,0,0.0
L003262,B,500,24,0.077,0,0.0
L003263,A,500,12,0.0544,0,0.0
L003264,C,1000,60,0.1076,0,0.0
L003265,A,500,12,0.0502,0,0.0
L003266,C,2500,24,0.1063,0,0.0
L003267,C,500,60,0.1155,0,0.0
L003268,A,7500,12,0.0544,0,0.0
L003269,A,7500,12,0.0524,0,0.0
L003270,A,2500,12,0.0519,0,0.0
L003271,A,500,36,0.051,0,0.0
L003272,D,2500,36,0.1573,0,0.0
L003273,E,10000,60,0.2002,0,0.0
L003274,B,10000,24,0.0792,0,0.0
L003275,A,1000,36,0.0566,0,0.0
L003276,D,10000,36,0.1556,0,0.0
L003277,B,7500,60,0.0886,0,0.0
L003278,C,7500,12,0.1008,0,0.0
L003279,D,500,60,0.1604,1,0.0651
L003280,C,5000,12,0.1119,0,0.0
L003281,B,1000,24,0.0813,0,0.0
L003282,C,2500,24,0.1053,0,0.0
L003283,B,2500,36,0.0775,0,0.0
L003284,A,2500,60,0.0593,0,0.0
L003285,B,500,12,0.0644,0,0.0
L003286,A,500,24,0.0607,0,0.0
L003287,D,7500,24,0.1515,0,0.0
L003288,B,5000,24,0.0737,0,0.0
L003289,D,10000,60,0.1463,0,0.0
L003290,A,5000,36,0.0569,0,0.0
L003291,C,500,60,0.1067,0,0.0
L003292,D,2500,36,0.1452,0,0.0
L003293,C,2500,24,0.1185,0,0.0
L003294,E,10000,36,0.2026,0,0.0
L003295,A,7500,36,0.0454,0,0.0
L003296,D,5000,12,0.1557,0,0.0
L003297,B,500,60,0.074,0,0.0
L003298,C,1000,60,0.1049,0,0.0
L003299,B,7500,60,0.0753,0,0.0
L003300,C,1000,60,0.1146,0,0.0
L003301,A,5000,60,0.0482,0,0.0
L003302,A,2500,36,0.0501,0,0.0
L003303,A,10000,60,0.0527,0,0.0
L003304,B,2500,60,0.0746,0,0.0
L003305,A,2500,24,0.0547,0,0.0
L003306,C,5000,60,0.107,0,0.0
L003307,A,500,60,0.0602,0,0.0
L003308,B,7500,12,0.0781,0,0.0
L003309,A,10000,12,0.0571,0,0.0
L003310,D,500,24,0.1553,0,0.0
L003311,B,2500,36,0.0745,1,0.3802
L003312,A,10000,60,0.0583,0,0.0
L003313,A,2500,24,0.06,0,0.0
L003314,B,2500,60,0.0852,0,0.0
L003315,A,10000,60,0.0545,0,0.0
L003316,A,5000,36,0.0658,0,0.0
L003317,D,2500,24,0.1529,0,0.0
L003318,D,10000,36,0.1561,0,0.0
L003319,C,500,24,0.1045,0,0.0
L003320,C,2500,24,0.1111,0,0.0
L003321,B,7500,60,0.0946,0,0.0
L003322,B,7500,36,0.09,0,0.0
L003323,B,2500,24,0.0856,0,0.0
L003324,D,500,60,0.1489,0,0.0
L003325,B,2500,36,0.0786,0,0.0
L003326,B,10000,60,0.0867,0,0.0
L003327,A,2500,24,0.0496,0,0.0
L003328,A,1000,24,0.0612,0,0.0
L003329,A,5000,24,0.0633,0,0.0
L003330,C,5000,36,0.1151,0,0.0
L003331,C,5000,12,0.1196,0,0.0
L003332,D,500,12,0.1471,0,0.0
L003333,B,1000,24,0.0759,0,0.0
L003334,B,10000,36,0.0764,0,0.0
L003335,C,10000,60,0.1108,0,0.0
L003336,C,5000,12,0.1139,0,0.0
L003337,E,2500,36,0.2035,0,0.0
L003338,E,10000,36,0.2012,0,0.0
L003339,B,5000,24,0.087,0,0.0
L003340,A,500,36,0.0477,0,0.0
L003341,D,10000,60,0.1428,0,0.0
L003342,B,2500,24,0.0815,0,0.0
L003343,B,500,24,0.0753,0,0.0
L003344,A,1000,12,0.0668,0,0.0
L003345,A,2500,12,0.0609,0,0.0
L003346,B,2500,60,0.0749,0,0.0
L003347,B,500,36,0.076,0,0.0
L003348,B,10000,60,0.0832,0,0.0
L003349,D,10000,12,0.1459,0,0.0
L003350,C,500,24,0.1071,0,0.0
L003351,D,500,12,0.1556,0,0.0
L003352,D,500,12,0.1388,0,0.0
L003353,B,5000,36,0.0851,0,0.0
L003354,B,10000,12,0.0888,0,0.0
L003355,D,10000,36,0.1491,0,0.0
L003356,A,5000,60,0.0436,0,0.0
L003357,B,7500,60,0.0786,0,0.0
L003358,C,1000,60,0.1076,0,0.0
L003359,D,500,60,0.1516,0,0.0
L003360,E,2500,12,0.1923,0,0.0
L003361,C,1000,36,0.1083,0,0.0
L003362,C,500,36,0.1111,0,0.0
L003363,D,1000,36,0.1559,0,0.0
L003364,B,10000,24,0.0787,0,0.0
L003365,D,7500,12,0.1432,0,0.0
L003366,C,1000,36,0.1091,0,0.0
L003367,C,500,60,0.1099,0,0.0
L003368,E,1000,24,0.1996,0,0.0
L003369,D,2500,60,0.1573,0,0.0
L003370,B,2500,60,0.0857,0,0.0
L003371,E,2500,60,0.1995,1,0.0201
L003372,B,7500,36,0.0782,0,0.0
L003373,D,500,60,0.1468,0,0.0
L003374,D,10000,24,0.1498,0,0.0
L003375,E,7500,12,0.206,0,0.0
L003376,D,2500,60,0.152,0,0.0
L003377,C,7500,36,0.1196,0,0.0
L003378,E,500,60,0.1882,1,0.0917
L003379,E,1000,24,0.2035,1,0.0118
L003380,A,2500,12,0.0623,0,0.0
L003381,B,7500,24,0.0765,0,0.0
L003382,C,500,24,0.1053,0,0.0
L003383,A,10000,12,0.0655,0,0.0
L003384,A,2500,12,0.0546,0,0.0
L003385,C,2500,12,0.1073,1,0.3964
L003386,B,10000,36,0.0798,0,0.0
L003387,A,500,60,0.0503,0,0.0
L003388,A,7500,24,0.0444,0,0.0
L003389,B,1000,36,0.0911,0,0.0
L003390,D,5000,36,0.1407,0,0.0
L003391,D,500,12,0.148,0,0.0
L003392,B,1000,36,0.0841,0,0.0
L003393,B,500,12,0.0814,0,0.0
L003394,B,5000,60,0.0871,0,0.0
L003395,A,5000,12,0.0608,0,0.0
L003396,A,5000,12,0.0464,0,0.0
L003397,D,7500,60,0.1507,0,0.0
L003398,C,10000,12,0.1011,0,0.0
L003399,C,10000,60,0.1187,0,0.0
L003400,D,2500,36,0.1475,0,0.0
L003401,A,5000,24,0.0542,0,0.0
L003402,D,500,36,0.152,1,0.3204
L003403,B,5000,60,0.0815,0,0.0
L003404,D,10000,60,0.1554,0,0.0
L003405,A,7500,60,0.0503,0,0.0
L003406,E,1000,36,0.1868,0,0.0
L003407,A,2500,60,0.0544,0,0.0
L003408,D,5000,60,0.1547,0,0.0
L003409,A,500,24,0.0465,0,0.0
L003410,C,2500,12,0.1113,0,0.0
L003411,C,2500,60,0.118,0,0.0
L003412,C,1000,24,0.1082,0,0.0
L003413,C,2500,12,0.1055,0,0.0
L003414,D,500,24,0.1506,0,0.0
L003415,C,5000,24,0.1142,0,0.0
L003416,D,2500,12,0.1607,0,0.0
L003417,D,7500,36,0.1578,0,0.0
L003418,D,500,24,0.1471,0,0.0
L003419,A,7500,24,0.0603,0,0.0
L003420,D,5000,24,0.1571,0,0.0
L003421,A,1000,36,0.0508,0,0.0
L003422,C,2500,12,0.1199,0,0.0
L003423,A,5000,12,0.0453,0,0.0
L003424,A,500,24,0.0632,1,0.4552
L003425,B,7500,12,0.0923,0,0.0
L003426,A,10000,36,0.0511,0,0.0
L003427,B,2500,60,0.0768,0,0.0
L003428,D,2500,36,0.1539,0,0.0
L003429,C,5000,24,0.1185,0,0.0
L003430,D,1000,24,0.1522,0,0.0
L003431,A,1000,36,0.0596,0,0.0
L003432,D,500,12,0.1462,1,0.2926
L003433,A,2500,24,0.0541,0,0.0
L003434,C,7500,36,0.1097,0,0.0
L003435,C,5000,36,0.1204,0,0.0
L003436,C,500,24,0.1028,0,0.0
L003437,C,10000,12,0.1107,0,0.0
L003438,A,1000,60,0.0491,0,0.0
L003439,D,1000,60,0.1537,0,0.0
L003440,B,7500,36,0.0806,0,0.0
L003441,A,5000,60,0.0556,0,0.0
L003442,A,7500,12,0.0596,0,0.0
L003443,B,7500,60,0.0658,0,0.0
L003444,C,5000,60,0.1207,0,0.0
L003445,A,5000,12,0.0538,0,0.0
L003446,D,500,24,0.147,1,0.2817
L003447,A,2500,36,0.0468,0,0.0
L003448,E,2500,24,0.1911,0,0.0
L003449,B,10000,12,0.0743,0,0.0
L003450,A,10000,24,0.0542,0,0.0
L003451,A,1000,12,0.048,0,0.0
L003452,D,2500,60,0.1409,0,0.0
L003453,D,10000,36,0.1496,0,0.0
L003454,C,500,60,0.1134,0,0.0
L003455,E,5000,36,0.1863,0,0.0
L003456,B,2500,12,0.0919,0,0.0
L003457,D,7500,24,0.1442,0,0.0
L003458,C,10000,60,0.114,0,0.0
L003459,C,500,12,0.1145,1,0.3518
L003460,C,7500,36,0.1149,0,0.0
L003461,C,5000,12,0.1129,0,0.0
L003462,A,1000,24,0.062,1,0.2875
L003463,D,1000,24,0.1408,0,0.0
L003464,D,2500,12,0.1509,0,0.0
L003465,B,10000,12,0.0863,0,0.0
L003466,B,2500,12,0.0839,0,0.0
L003467,B,7500,60,0.076,0,0.0
L003468,E,1000,12,0.1952,0,0.0
L003469,B,1000,12,0.0832,0,0.0
L003470,A,1000,24,0.0478,0,0.0
L003471,A,10000,36,0.0567,0,0.0
L003472,A,7500,60,0.0533,0,0.0
L003473,D,2500,12,0.148,0,0.0
L003474,C,1000,60,0.1145,0,0.0
L003475,A,10000,12,0.0445,0,0.0
L003476,B,500,60,0.0748,0,0.0
L003477,B,7500,24,0.0763,0,0.0
L003478,B,10000,12,0.0773,0,0.0
L003479,A,1000,12,0.0555,0,0.0
L003480,B,7500,12,0.0827,0,0.0
L003481,C,2500,12,0.0932,0,0.0
L003482,B,500,24,0.082,0,0.0
L003483,B,5000,24,0.0709,1,0.2786
L003484,C,10000,60,0.1175,0,0.0
L003485,C,2500,36,0.1133,0,0.0
L003486,B,500,12,0.0811,0,0.0
L003487,D,5000,24,0.1526,0,0.0
L003488,C,500,36,0.1165,0,0.0
L003489,D,500,60,0.147,0,0.0
L003490,A,7500,12,0.0531,0,0.0
L003491,A,500,60,0.0482,0,0.0
L003492,D,2500,60,0.1613,0,0.0
L003493,C,10000,36,0.1234,0,0.0
L003494,D,7500,12,0.1461,0,0.0
L003495,E,10000,24,0.1996,1,0.0708
L003496,E,500,24,0.1981,0,0.0
L003497,A,500,36,0.0476,0,0.0
L003498,B,7500,12,0.0766,0,0.0
L003499,E,10000,60,0.2065,0,0.0
L003500,C,5000,36,0.1063,0,0.0
L003501,C,500,12,0.1033,0,0.0
L003502,D,10000,36,0.1516,0,0.0
L003503,D,2500,24,0.1514,0,0.0
L003504,B,1000,12,0.0746,0,0.0
L003505,D,10000,36,0.144,0,0.0
L003506,C,10000,24,0.1118,0,0.0
L003507,D,500,36,0.1421,0,0.0
L003508,A,2500,36,0.0472,0,0.0
L003509,C,500,24,0.1056,0,0.0
L003510,E,1000,24,0.1898,0,0.0
L003511,C,1000,12,0.116,0,0.0
L003512,B,500,60,0.0836,0,0.0
L003513,C,500,24,0.1129,0,0.0
L003514,B,10000,24,0.074,0,0.0
L003515,D,10000,12,0.1538,1,0.0615
L003516,D,2500,24,0.1582,0,0.0
L003517,D,10000,12,0.1499,0,0.0
L003518,B,500,24,0.072,0,0.0
L003519,A,2500,12,0.0596,0,0.0
L003520,C,2500,24,0.1235,0,0.0
L003521,B,10000,60,0.0786,1,0.2367
L003522,A,5000,24,0.0494,0,0.0
L003523,C,2500,36,0.111,0,0.0
L003524,A,5000,36,0.0555,0,0.0
L003525,E,7500,60,0.1964,1,0.0669
L003526,D,2500,36,0.1536,0,0.0
L003527,D,10000,60,0.1454,0,0.0
L003528,C,7500,36,0.1061,0,0.0
L003529,A,500,60,0.0485,0,0.0
L003530,B,5000,12,0.0738,0,0.0
L003531,A,500,60,0.0548,0,0.0
L003532,B,7500,60,0.0837,0,0.0
L003533,D,1000,36,0.152,0,0.0
L003534,C,7500,60,0.1165,1,0.268
L003535,B,7500,36,0.0662,0,0.0
L003536,C,1000,24,0.1185,0,0.0
L003537,C,7500,60,0.1154,0,0.0
L003538,C,10000,60,0.1217,0,0.0
L003539,C,7500,60,0.119,0,0.0
L003540,A,500,60,0.0653,0,0.0
L003541,A,5000,36,0.0532,0,0.0
L003542,B,5000,60,0.0837,0,0.0
L003543,B,10000,12,0.0655,0,0.0
L003544,C,10000,36,0.1002,0,0.0
L003545,D,2500,36,0.1485,0,0.0
L003546,C,7500,12,0.1112,0,0.0
L003547,A,500,12,0.0662,0,0.0
L003548,C,1000,24,0.1109,0,0.0
L003549,C,7500,36,0.1147,0,0.0
L003550,D,1000,12,0.157,0,0.0
L003551,B,10000,36,0.0847,0,0.0
L003552,C,5000,12,0.1173,0,0.0
L003553,D,10000,36,0.1425,1,0.0
L003554,B,5000,12,0.0819,0,0.0
L003555,A,2500,60,0.0518,0,0.0
L003556,D,10000,24,0.1466,0,0.0
L003557,A,5000,12,0.0406,0,0.0
L003558,C,7500,60,0.1146,1,0.123
L003559,A,2500,36,0.0652,0,0.0
L003560,B,1000,24,0.0803,0,0.0
L003561,A,500,12,0.0566,0,0.0
L003562,E,1000,36,0.1976,0,0.0
L003563,C,2500,36,0.1184,0,0.0
L003564,C,10000,24,0.1094,0,0.0
L003565,A,2500,12,0.0593,0,0.0
L003566,C,5000,24,0.1074,0,0.0
L003567,C,5000,36,0.114,1,0.1875
L003568,E,500,36,0.1943,1,0.0536
L003569,D,10000,12,0.1485,1,0.4344
L003570,C,1000,24,0.1232,0,0.0
L003571,C,2500,24,0.1112,0,0.0
L003572,B,500,24,0.0888,1,0.5169
L003573,A,5000,12,0.0577,0,0.0
L003574,C,5000,24,0.1017,0,0.0
L003575,B,7500,24,0.0746,0,0.0
L003576,B,7500,24,0.0771,0,0.0
L003577,B,5000,24,0.0796,0,0.0
L003578,D,1000,36,0.1502,0,0.0
L003579,D,1000,12,0.1545,0,0.0
L003580,B,1000,60,0.0765,0,0.0
L003581,A,10000,36,0.0483,0,0.0
L003582,B,500,36,0.0811,0,0.0
L003583,C,2500,12,0.1113,0,0.0
L003584,B,500,36,0.0796,0,0.0
L003585,A,500,36,0.0564,0,0.0
L003586,A,10000,60,0.0553,0,0.0
L003587,C,5000,12,0.1138,0,0.0
L003588,C,10000,12,0.1116,0,0.0
L003589,D,10000,60,0.1429,0,0.0
L003590,A,1000,60,0.0541,0,0.0
L003591,A,5000,60,0.0464,0,0.0
L003592,A,7500,60,0.053,0,0.0
L003593,A,10000,36,0.0546,0,0.0
L003594,B,5000,36,0.0734,1,0.3207
L003595,D,2500,24,0.1549,0,0.0
L003596,B,1000,60,0.0833,0,0.0
L003597,C,1000,12,0.1182,0,0.0
L003598,E,2500,36,0.1837,0,0.0
L003599,B,2500,36,0.0893,0,0.0
L003600,B,7500,60,0.0796,0,0.0
L003601,D,5000,36,0.1403,1,0.0716
L003602,D,10000,24,0.1492,0,0.0
L003603,A,1000,60,0.0593,0,0.0
L003604,B,7500,60,0.0735,0,0.0
L003605,E,10000,60,0.1967,0,0.0
L003606,A,5000,12,0.0533,0,0.0
L003607,A,5000,60,0.0585,0,0.0
L003608,A,7500,60,0.0482,0,0.0
L003609,D,2500,36,0.1503,0,0.0
L003610,E,5000,36,0.1887,0,0.0
L003611,E,5000,36,0.195,0,0.0
L003612,C,7500,12,0.1108,0,0.0
L003613,B,1000,24,0.0783,0,0.0
L003614,D,2500,24,0.1434,1,0.2192
L003615,A,5000,12,0.0522,0,0.0
L003616,C,1000,60,0.1143,0,0.0
L003617,A,2500,12,0.059,0,0.0
L003618,B,5000,12,0.0834,0,0.0
L003619,B,7500,24,0.0783,0,0.0
L003620,A,500,36,0.0625,1,0.118
L003621,B,5000,60,0.078,0,0.0
L003622,D,7500,24,0.1511,0,0.0
L003623,A,500,12,0.0529,0,0.0
L003624,B,7500,36,0.0723,0,0.0
L003625,C,10000,36,0.0966,0,0.0
L003626,E,500,60,0.1992,0,0.0
L003627,D,2500,36,0.1641,1,0.232
L003628,C,2500,60,0.1128,0,0.0
L003629,C,2500,12,0.1061,0,0.0
L003630,D,7500,24,0.154,0,0.0
L003631,C,1000,60,0.1098,0,0.0
L003632,C,5000,60,0.1181,0,0.0
L003633,B,7500,12,0.0889,0,0.0
L003634,C,2500,36,0.1048,0,0.0
L003635,C,500,24,0.1147,0,0.0
L003636,B,10000,36,0.0706,0,0.0
L003637,C,500,60,0.1085,0,0.0
L003638,A,500,60,0.0626,0,0.0
L003639,A,2500,12,0.0546,0,0.0
L003640,D,500,24,0.1499,0,0.0
L003641,B,2500,36,0.0879,0,0.0
L003642,D,5000,60,0.1394,0,0.0
L003643,A,1000,12,0.0687,0,0.0
L003644,B,1000,60,0.0753,0,0.0
L003645,D,10000,36,0.1452,0,0.0
L003646,D,500,24,0.1463,0,0.0
L003647,D,7500,12,0.1523,0,0.0
L003648,E,500,60,0.2052,0,0.0
L003649,C,2500,36,0.1228,0,0.0
L003650,B,10000,24,0.0732,0,0.0
L003651,C,1000,12,0.1077,0,0.0
L003652,C,1000,24,0.1038,0,0.0
L003653,B,500,24,0.0878,0,0.0
L003654,D,1000,12,0.1491,0,0.0
L003655,A,5000,36,0.0661,0,0.0
L003656,A,5000,12,0.0552,0,0.0
L003657,B,10000,36,0.0802,0,0.0
L003658,A,7500,12,0.0433,0,0.0
L003659,A,5000,36,0.0515,0,0.0
L003660,A,5000,60,0.06,0,0.0
L003661,C,2500,36,0.1139,0,0.0
L003662,B,1000,12,0.0692,0,0.0
L003663,C,7500,36,0.109,0,0.0
L003664,C,7500,12,0.1234,0,0.0
L003665,A,10000,36,0.0462,0,0.0
L003666,C,500,60,0.1081,0,0.0
L003667,B,7500,36,0.0771,0,0.0
L003668,C,1000,24,0.113,0,0.0
L003669,E,500,36,0.1973,1,0.1383
L003670,A,7500,24,0.0542,0,0.0
L003671,C,5000,24,0.1135,0,0.0
L003672,D,10000,24,0.1462,0,0.0
L003673,B,10000,24,0.0819,0,0.0
L003674,C,500,36,0.1114,1,0.3434
L003675,C,500,36,0.1097,0,0.0
L003676,B,500,36,0.0876,0,0.0
L003677,A,2500,24,0.055,0,0.0
L003678,C,500,36,0.1178,0,0.0
L003679,E,500,60,0.1976,1,0.285
L003680,D,1000,60,0.1459,0,0.0
L003681,E,500,24,0.1983,1,0.2119
L003682,B,500,12,0.0841,0,0.0
L003683,C,7500,24,0.1153,0,0.0
L003684,C,500,12,0.1045,0,0.0
L003685,A,5000,60,0.0529,0,0.0
L003686,A,7500,12,0.0551,0,0.0
L003687,A,5000,12,0.0592,0,0.0
L003688,A,1000,24,0.0543,1,0.3396
L003689,D,1000,36,0.1477,0,0.0
L003690,D,5000,36,0.153,0,0.0
L003691,E,7500,24,0.199,0,0.0
L003692,D,1000,12,0.1494,1,0.2651
L003693,E,5000,24,0.2061,0,0.0
L003694,A,500,60,0.0693,0,0.0
L003695,B,2500,60,0.0804,0,0.0
L003696,B,5000,36,0.0778,0,0.0
L003697,D,2500,60,0.1576,0,0.0
L003698,C,2500,12,0.1199,0,0.0
L003699,C,500,60,0.1077,0,0.0
L003700,A,10000,12,0.0491,0,0.0
L003701,D,10000,36,0.1447,0,0.0
L003702,D,2500,36,0.1457,1,0.3339
L003703,D,7500,36,0.1526,0,0.0
L003704,A,5000,24,0.0561,0,0.0
L003705,B,10000,60,0.0758,0,0.0
L003706,B,2500,60,0.0832,0,0.0
L003707,C,7500,24,0.1093,0,0.0
L003708,B,1000,12,0.0805,0,0.0
L003709,C,10000,12,0.1142,0,0.0
L003710,C,5000,36,0.1137,0,0.0
L003711,A,1000,12,0.0625,0,0.0
L003712,C,1000,60,0.1019,0,0.0
L003713,E,500,24,0.1963,0,0.0
L003714,A,7500,12,0.0479,0,0.0
L003715,C,7500,12,0.1098,0,0.0
L003716,C,1000,12,0.1014,0,0.0
L003717,D,500,60,0.1477,0,0.0
L003718,C,10000,60,0.1145,0,0.0
L003719,D,1000,36,0.1486,0,0.0
L003720,A,5000,12,0.0605,0,0.0
L003721,B,500,60,0.085,0,0.0
L003722,C,1000,36,0.1091,0,0.0
L003723,C,5000,12,0.1168,0,0.0
L003724,B,10000,36,0.0836,0,0.0
L003725,A,5000,24,0.0609,0,0.0
L003726,D,1000,60,0.1471,0,0.0
L003727,B,1000,60,0.0858,0,0.0
L003728,A,1000,36,0.0535,0,0.0
L003729,B,2500,24,0.0839,0,0.0
L003730,C,2500,12,0.1097,0,0.0
L003731,A,5000,60,0.0536,0,0.0
L003732,D,2500,60,0.1477,0,0.0
L003733,B,7500,12,0.0803,0,0.0
L003734,D,2500,36,0.1614,0,0.0
L003735,A,7500,12,0.052,0,0.0
L003736,C,2500,24,0.1075,0,0.0
L003737,C,10000,24,0.1057,1,0.0
L003738,D,1000,24,0.1583,0,0.0
L003739,C,7500,36,0.1204,0,0.0
L003740,B,2500,12,0.0729,0,0.0
L003741,D,500,60,0.1519,0,0.0
L003742,B,10000,24,0.0756,0,0.0
L003743,C,5000,24,0.1076,0,0.0
L003744,A,10000,36,0.0606,0,0.0
L003745,C,7500,36,0.114,0,0.0
L003746,C,2500,36,0.1095,0,0.0
L003747,A,5000,12,0.0533,0,0.0
L003748,C,10000,24,0.1148,0,0.0
L003749,E,10000,36,0.2028,0,0.0
L003750,B,500,24,0.0742,0,0.0
L003751,B,7500,36,0.0915,0,0.0
L003752,C,5000,36,0.1042,0,0.0
L003753,B,500,36,0.0755,0,0.0
L003754,D,7500,60,0.1429,0,0.0
L003755,D,1000,60,0.1464,0,0.0
L003756,C,2500,24,0.1079,0,0.0
L003757,A,10000,24,0.0741,0,0.0
L003758,B,1000,12,0.0857,0,0.0
L003759,A,1000,24,0.0532,0,0.0
L003760,A,500,36,0.0551,0,0.0
L003761,A,500,24,0.0669,0,0.0
L003762,A,1000,24,0.0529,0,0.0
L003763,E,1000,60,0.1998,1,0.0463
L003764,B,2500,36,0.076,0,0.0
L003765,D,2500,24,0.1484,0,0.0
L003766,D,7500,60,0.1476,0,0.0
L003767,A,7500,24,0.0668,0,0.0
L003768,C,10000,36,0.1139,0,0.0
L003769,B,1000,36,0.0821,0,0.0
L003770,E,10000,36,0.1969,0,0.0
L003771,A,2500,12,0.0631,0,0.0
L003772,B,7500,60,0.0639,0,0.0
L003773,C,10000,12,0.1276,0,0.0
L003774,A,1000,36,0.0536,0,0.0
L003775,C,500,36,0.1112,1,0.4106
L003776,B,7500,24,0.0802,0,0.0
L003777,C,1000,24,0.1197,0,0.0
L003778,B,10000,12,0.0877,0,0.0
L003779,A,1000,12,0.0604,0,0.0
L003780,C,10000,12,0.0978,0,0.0
L003781,A,5000,12,0.0475,0,0.0
L003782,E,2500,36,0.1866,0,0.0
L003783,D,10000,36,0.1539,0,0.0
L003784,C,7500,24,0.1082,1,0.0829
L003785,B,1000,24,0.0744,0,0.0
L003786,D,7500,12,0.1418,0,0.0
L003787,C,10000,24,0.115,0,0.0
L003788,B,10000,12,0.0829,0,0.0
L003789,D,10000,24,0.1408,1,0.2631
L003790,E,1000,24,0.1999,0,0.0
L003791,A,5000,60,0.0527,0,0.0
L003792,A,5000,60,0.0662,0,0.0
L003793,D,5000,36,0.1601,0,0.0
L003794,A,7500,12,0.0499,0,0.0
L003795,A,1000,24,0.06,0,0.0
L003796,C,2500,12,0.1208,0,0.0
L003797,A,10000,24,0.0548,0,0.0
L003798,B,10000,12,0.0789,0,0.0
L003799,D,1000,24,0.1468,0,0.0
L003800,A,500,36,0.059,0,0.0
L003801,B,5000,60,0.0814,0,0.0
L003802,B,1000,24,0.0694,0,0.0
L003803,E,5000,36,0.197,0,0.0
L003804,B,5000,60,0.0789,0,0.0
L003805,D,7500,60,0.1414,0,0.0
L003806,A,1000,24,0.0509,0,0.0
L003807,B,5000,12,0.0761,0,0.0
L003808,C,500,36,0.1208,0,0.0
L003809,B,10000,12,0.0816,0,0.0
L003810,D,10000,24,0.1518,1,0.0979
L003811,E,1000,24,0.1922,1,0.1195
L003812,B,500,36,0.0716,0,0.0
L003813,E,2500,60,0.1944,0,0.0
L003814,C,5000,24,0.1036,0,0.0
L003815,B,5000,24,0.0803,0,0.0
L003816,B,10000,60,0.0835,0,0.0
L003817,A,5000,36,0.0549,0,0.0
L003818,B,1000,60,0.0868,0,0.0
L003819,D,5000,24,0.1582,0,0.0
L003820,E,5000,12,0.2032,0,0.0
L003821,D,2500,12,0.1483,0,0.0
L003822,D,10000,36,0.1644,0,0.0
L003823,B,10000,60,0.0715,0,0.0
L003824,C,10000,60,0.1123,0,0.0
L003825,A,10000,60,0.057,0,0.0
L003826,D,10000,12,0.148,0,0.0
L003827,E,2500,60,0.2017,0,0.0
L003828,A,1000,60,0.0606,0,0.0
L003829,B,7500,24,0.0762,0,0.0
L003830,B,5000,24,0.0765,0,0.0
L003831,E,2500,60,0.1958,0,0.0
L003832,B,5000,24,0.0841,0,0.0
L003833,B,2500,24,0.0675,0,0.0
L003834,C,10000,24,0.1164,0,0.0
L003835,A,2500,36,0.0505,0,0.0
L003836,A,7500,12,0.0562,0,0.0
L003837,C,7500,12,0.1048,0,0.0
L003838,C,10000,24,0.1221,0,0.0
L003839,B,2500,60,0.0787,0,0.0
L003840,A,1000,24,0.0592,0,0.0
L003841,D,2500,60,0.1504,1,0.1231
L003842,D,1000,60,0.1518,1,0.2293
L003843,D,10000,36,0.1569,0,0.0
L003844,C,500,36,0.1186,0,0.0
L003845,C,500,36,0.1141,0,0.0
L003846,E,2500,60,0.1953,0,0.0
L003847,C,500,36,0.1266,0,0.0
L003848,D,5000,24,0.1518,0,0.0
L003849,A,1000,24,0.0502,0,0.0
L003850,A,1000,36,0.0525,0,0.0
L003851,E,1000,36,0.1944,0,0.0
L003852,D,5000,60,0.159,0,0.0
L003853,C,1000,24,0.1109,1,0.332
L003854,C,10000,60,0.1222,0,0.0
L003855,B,500,24,0.0876,0,0.0
L003856,C,1000,36,0.1123,0,0.0
L003857,A,5000,12,0.0642,0,0.0
L003858,A,7500,60,0.0617,0,0.0
L003859,B,5000,24,0.0753,0,0.0
L003860,D,500,60,0.1477,0,0.0
L003861,B,500,36,0.0805,0,0.0
L003862,B,1000,24,0.0812,0,0.0
L003863,A,7500,36,0.0573,0,0.0
L003864,C,7500,60,0.1151,0,0.0
L003865,C,500,24,0.1042,0,0.0
L003866,D,5000,12,0.1417,0,0.0
L003867,C,10000,12,0.1187,0,0.0
L003868,D,10000,12,0.1505,0,0.0
L003869,D,7500,12,0.1494,0,0.0
L003870,E,10000,36,0.1977,0,0.0
L003871,A,2500,12,0.0638,1,0.4432
L003872,D,5000,12,0.1505,0,0.0
L003873,B,500,36,0.0838,0,0.0
L003874,B,7500,24,0.0794,0,0.0
L003875,C,10000,12,0.1135,0,0.0
L003876,B,500,60,0.0758,0,0.0
L003877,E,10000,36,0.1937,1,0.1099
L003878,D,10000,12,0.1531,0,0.0
L003879,B,2500,36,0.0761,0,0.0
L003880,D,7500,24,0.1462,0,0.0
L003881,C,500,60,0.1157,1,0.1703
L003882,A,7500,36,0.0544,0,0.0
L003883,A,2500,24,0.0563,0,0.0
L003884,C,10000,12,0.11,0,0.0
L003885,C,500,36,0.1252,0,0.0
L003886,A,2500,24,0.0504,0,0.0
L003887,C,5000,60,0.112,0,0.0
L003888,C,1000,12,0.1206,0,0.0
L003889,A,7500,36,0.0537,0,0.0
L003890,C,10000,24,0.1165,0,0.0
L003891,D,2500,24,0.1561,0,0.0
L003892,B,500,60,0.083,0,0.0
L003893,C,500,24,0.109,0,0.0
L003894,B,5000,24,0.0799,0,0.0
L003895,B,2500,24,0.0871,0,0.0
L003896,C,1000,12,0.1157,0,0.0
L003897,D,5000,24,0.1488,0,0.0
L003898,B,2500,24,0.0825,0,0.0
L003899,D,1000,24,0.1518,0,0.0
L003900,B,1000,12,0.0775,0,0.0
L003901,C,1000,60,0.1125,0,0.0
L003902,E,10000,60,0.1957,1,0.0599
L003903,C,1000,36,0.1181,1,0.1314
L003904,D,1000,60,0.1534,0,0.0
L003905,E,1000,24,0.1978,0,0.0
L003906,D,7500,36,0.16,0,0.0
L003907,D,500,24,0.1467,0,0.0
L003908,B,2500,12,0.0838,0,0.0
L003909,B,1000,36,0.0805,0,0.0
L003910,D,2500,36,0.1582,0,0.0
L003911,B,2500,60,0.075,0,0.0
L003912,C,2500,60,0.1114,0,0.0
L003913,A,10000,36,0.0536,0,0.0
L003914,A,10000,60,0.0436,0,0.0
L003915,A,10000,60,0.0589,0,0.0
L003916,D,2500,60,0.1522,1,0.1124
L003917,A,5000,36,0.0516,0,0.0
L003918,D,7500,60,0.1459,0,0.0
L003919,D,500,12,0.143,0,0.0
L003920,C,10000,12,0.1156,0,0.0
L003921,B,500,12,0.0843,0,0.0
L003922,B,10000,12,0.0774,0,0.0
L003923,A,1000,60,0.0501,0,0.0
L003924,B,5000,60,0.0742,0,0.0
L003925,A,500,60,0.0585,0,0.0
L003926,D,500,24,0.1626,0,0.0
L003927,C,1000,36,0.1055,0,0.0
L003928,E,10000,60,0.1951,0,0.0
L003929,D,500,36,0.153,1,0.2593
L003930,B,10000,12,0.0704,0,0.0
L003931,D,2500,12,0.1518,0,0.0
L003932,C,2500,24,0.1131,0,0.0
L003933,D,1000,24,0.1577,1,0.3204
L003934,C,1000,60,0.1117,0,0.0
L003935,B,5000,12,0.0768,0,0.0
L003936,A,500,60,0.0555,0,0.0
L003937,C,5000,24,0.113,0,0.0
L003938,B,500,12,0.0825,0,0.0
L003939,E,10000,24,0.1948,0,0.0
L003940,D,2500,24,0.1451,0,0.0
L003941,E,1000,12,0.2066,0,0.0
L003942,A,7500,24,0.0532,0,0.0
L003943,B,500,60,0.0656,0,0.0
L003944,B,5000,36,0.0809,0,0.0
L003945,B,1000,12,0.0746,0,0.0
L003946,E,10000,36,0.1957,0,0.0
L003947,C,1000,24,0.1101,0,0.0
L003948,E,5000,12,0.1883,0,0.0
L003949,A,2500,36,0.0463,0,0.0
L003950,E,500,60,0.1994,0,0.0
L003951,D,5000,24,0.1552,0,0.0
L003952,D,500,60,0.1461,0,0.0
L003953,C,5000,60,0.124,0,0.0
L003954,B,500,24,0.0703,0,0.0
L003955,B,2500,36,0.0757,0,0.0
L003956,B,7500,12,0.0832,0,0.0
L003957,D,7500,60,0.1462,0,0.0
L003958,B,10000,60,0.0826,0,0.0
L003959,C,7500,60,0.1034,0,0.0
L003960,A,2500,12,0.066,0,0.0
L003961,C,1000,36,0.1064,1,0.2893
L003962,A,5000,60,0.0662,0,0.0
L003963,B,7500,60,0.0731,0,0.0
L003964,C,2500,24,0.1149,0,0.0
L003965,A,1000,24,0.054,0,0.0
L003966,A,7500,24,0.0466,0,0.0
L003967,E,500,60,0.197,1,0.1826
L003968,C,10000,12,0.1076,0,0.0
L003969,C,2500,60,0.1185,0,0.0
L003970,C,10000,24,0.1258,0,0.0
L003971,A,5000,24,0.0599,0,0.0
L003972,E,10000,12,0.1871,0,0.0
L003973,A,7500,36,0.0451,0,0.0
L003974,A,500,60,0.0408,0,0.0
L003975,A,2500,24,0.0604,0,0.0
L003976,B,2500,12,0.0765,0,0.0
L003977,C,1000,60,0.1173,0,0.0
L003978,A,500,24,0.0601,0,0.0
L003979,C,1000,12,0.1156,0,0.0
L003980,D,2500,60,0.1513,0,0.0
L003981,A,10000,12,0.0659,1,0.2176
L003982,A,2500,24,0.0464,0,0.0
L003983,B,7500,24,0.0797,0,0.0
L003984,A,5000,12,0.0539,0,0.0
L003985,D,1000,24,0.1483,0,0.0
L003986,A,1000,24,0.0472,0,0.0
L003987,E,5000,24,0.1903,1,0.0935
L003988,D,7500,36,0.1484,0,0.0
L003989,B,5000,12,0.0769,0,0.0
L003990,C,500,60,0.1097,0,0.0
L003991,B,5000,24,0.0773,0,0.0
L003992,C,1000,24,0.1004,0,0.0
L003993,E,2500,60,0.1909,0,0.0
L003994,A,1000,24,0.0624,0,0.0
L003995,B,500,36,0.0735,0,0.0
L003996,B,1000,60,0.0794,0,0.0
L003997,D,10000,12,0.1621,1,0.1854
L003998,B,1000,12,0.0919,0,0.0
L003999,C,1000,60,0.1019,0,0.0
L004000,B,10000,12,0.0785,0,0.0
L004001,B,2500,24,0.0713,0,0.0
L004002,A,2500,12,0.0633,0,0.0
L004003,B,5000,12,0.0774,0,0.0
L004004,C,500,36,0.1124,0,0.0
L004005,C,2500,24,0.11,0,0.0
L004006,D,10000,60,0.1479,0,0.0
L004007,B,5000,36,0.0887,0,0.0
L004008,B,500,60,0.0835,0,0.0
L004009,D,2500,60,0.1495,0,0.0
L004010,D,10000,12,0.1465,0,0.0
L004011,D,7500,36,0.157,0,0.0
L004012,A,2500,12,0.0634,0,0.0
L004013,B,2500,60,0.0735,0,0.0
L004014,A,10000,36,0.0526,0,0.0
L004015,B,10000,12,0.0743,0,0.0
L004016,C,2500,60,0.1179,0,0.0
L004017,A,10000,12,0.057,0,0.0
L004018,B,2500,60,0.0749,0,0.0
L004019,C,7500,60,0.1091,1,0.338
L004020,C,500,24,0.1132,0,0.0
L004021,C,10000,12,0.1128,0,0.0
L004022,B,10000,60,0.0811,0,0.0
L004023,D,1000,60,0.1549,0,0.0
L004024,A,1000,12,0.0553,0,0.0
L004025,B,10000,36,0.0642,0,0.0
L004026,A,2500,36,0.0549,0,0.0
L004027,C,10000,60,0.1072,0,0.0
L004028,B,7500,24,0.0697,0,0.0
L004029,C,7500,24,0.1207,0,0.0
L004030,C,10000,12,0.1124,0,0.0
L004031,E,500,36,0.194,0,0.0
L004032,B,10000,24,0.0851,0,0.0
L004033,E,1000,36,0.1927,1,0.1588
L004034,C,7500,36,0.1207,0,0.0
L004035,C,1000,60,0.105,0,0.0
L004036,B,7500,24,0.0735,0,0.0
L004037,B,7500,60,0.0758,0,0.0
L004038,A,2500,24,0.0623,0,0.0
L004039,A,5000,60,0.0603,0,0.0
L004040,D,1000,36,0.1455,0,0.0
L004041,B,7500,36,0.0904,0,0.0
L004042,B,1000,24,0.0761,0,0.0
L004043,B,2500,24,0.0701,0,0.0
L004044,A,1000,60,0.0521,0,0.0
L004045,C,500,36,0.1258,0,0.0
L004046,B,1000,12,0.0884,0,0.0
L004047,E,1000,36,0.2046,0,0.0
L004048,C,5000,12,0.1162,0,0.0
L004049,C,500,24,0.1164,0,0.0
L004050,B,10000,24,0.0723,0,0.0
L004051,B,500,36,0.089,0,0.0
L004052,A,7500,36,0.0569,0,0.0
L004053,C,10000,12,0.1099,1,0.3962
L004054,A,7500,36,0.0617,0,0.0
L004055,B,1000,60,0.0859,0,0.0
L004056,A,10000,12,0.0541,0,0.0
L004057,C,1000,36,0.1092,1,0.2261
L004058,C,1000,36,0.1082,0,0.0
L004059,D,500,24,0.1568,0,0.0
L004060,D,500,12,0.1462,0,0.0
L004061,B,7500,24,0.0785,0,0.0
L004062,B,1000,36,0.0838,0,0.0
L004063,B,10000,36,0.0835,0,0.0
L004064,D,10000,60,0.1425,0,0.0
L004065,D,10000,12,0.1515,0,0.0
L004066,B,5000,36,0.0637,0,0.0
L004067,C,500,36,0.1037,0,0.0
L004068,C,5000,12,0.1195,0,0.0
L004069,B,5000,36,0.074,0,0.0
L004070,B,500,24,0.0749,0,0.0
L004071,C,500,12,0.1198,0,0.0
L004072,B,2500,24,0.0819,0,0.0
L004073,D,1000,36,0.1562,0,0.0
L004074,B,1000,12,0.0779,0,0.0
L004075,B,5000,60,0.0728,0,0.0
L004076,B,10000,36,0.0698,0,0.0
L004077,C,5000,36,0.1086,0,0.0
L004078,B,1000,60,0.0935,0,0.0
L004079,B,500,36,0.0862,0,0.0
L004080,C,2500,60,0.1091,0,0.0
L004081,B,500,36,0.0757,0,0.0
L004082,D,10000,24,0.143,0,0.0
L004083,D,7500,60,0.1376,0,0.0
L004084,B,5000,24,0.0768,0,0.0
L004085,A,10000,24,0.0559,0,0.0
L004086,D,10000,36,0.158,0,0.0
L004087,A,500,60,0.0613,0,0.0
L004088,C,1000,60,0.1049,0,0.0
L004089,A,10000,60,0.0498,0,0.0
L004090,E,10000,12,0.2006,0,0.0
L004091,B,1000,24,0.0849,0,0.0
L004092,E,5000,24,0.2023,1,0.0899
L004093,A,1000,24,0.0488,0,0.0
L004094,D,7500,12,0.1646,1,0.2458
L004095,B,7500,12,0.0792,1,0.2268
L004096,A,10000,60,0.0582,0,0.0
L004097,B,7500,60,0.081,0,0.0
L004098,A,10000,24,0.0566,0,0.0
L004099,C,2500,60,0.1067,0,0.0
L004100,B,10000,24,0.0794,0,0.0
L004101,D,1000,12,0.1568,0,0.0
L004102,B,5000,36,0.0786,0,0.0
L004103,B,2500,24,0.0647,1,0.3965
L004104,A,10000,12,0.0507,0,0.0
L004105,A,7500,60,0.0503,0,0.0
L004106,C,10000,24,0.1149,0,0.0
L004107,E,7500,24,0.1865,0,0.0
L004108,B,10000,12,0.0822,0,0.0
L004109,C,10000,24,0.112,0,0.0
L004110,E,7500,24,0.1961,0,0.0
L004111,D,1000,12,0.1579,0,0.0
L004112,A,1000,36,0.0518,0,0.0
L004113,A,1000,12,0.0503,0,0.0
L004114,C,2500,24,0.1155,0,0.0
L004115,E,7500,12,0.1944,0,0.0
L004116,C,500,12,0.1102,0,0.0
L004117,E,500,24,0.1976,1,0.2424
L004118,B,7500,24,0.0803,0,0.0
L004119,E,5000,24,0.2013,0,0.0
L004120,E,500,60,0.1982,0,0.0
L004121,A,5000,36,0.0622,0,0.0
L004122,C,5000,24,0.1122,0,0.0
L004123,C,7500,60,0.11,0,0.0
L004124,A,7500,12,0.0497,0,0.0
L004125,B,7500,24,0.0776,0,0.0
L004126,B,5000,60,0.0754,1,0.2642
L004127,B,5000,36,0.0835,0,0.0
L004128,B,2500,12,0.0858,1,0.1158
L004129,D,1000,24,0.1547,0,0.0
L004130,C,2500,24,0.1129,0,0.0
L004131,E,500,36,0.1947,0,0.0
L004132,B,500,60,0.0795,0,0.0
L004133,D,1000,12,0.149,0,0.0
L004134,C,5000,12,0.1141,1,0.1856
L004135,C,7500,36,0.1154,0,0.0
L004136,D,2500,36,0.1626,0,0.0
L004137,D,2500,24,0.1386,0,0.0
L004138,B,7500,12,0.0791,0,0.0
L004139,B,500,60,0.074,0,0.0
L004140,E,5000,12,0.1905,0,0.0
L004141,C,10000,60,0.1155,0,0.0
L004142,C,5000,60,0.1169,0,0.0
L004143,C,500,60,0.106,0,0.0
L004144,C,7500,60,0.1061,0,0.0
L004145,B,5000,36,0.0829,0,0.0
L004146,A,10000,60,0.0515,0,0.0
L004147,B,2500,36,0.0756,0,0.0
L004148,C,5000,24,0.1177,0,0.0
L004149,A,7500,36,0.0537,0,0.0
L004150,D,2500,36,0.1544,1,0.1141
L004151,B,1000,36,0.0736,0,0.0
L004152,B,1000,24,0.0833,0,0.0
L004153,D,7500,12,0.1503,0,0.0
L004154,C,10000,36,0.111,0,0.0
L004155,C,5000,12,0.1146,0,0.0
L004156,B,500,60,0.0813,0,0.0
L004157,C,1000,60,0.1239,0,0.0
L004158,A,1000,60,0.0552,0,0.0
L004159,B,10000,36,0.0757,0,0.0
L004160,B,7500,36,0.0803,0,0.0
L004161,C,10000,24,0.1094,0,0.0
L004162,C,7500,24,0.1169,1,0.2797
L004163,A,2500,24,0.055,0,0.0
L004164,C,500,36,0.1063,0,0.0
L004165,B,5000,12,0.0839,0,0.0
L004166,A,10000,24,0.0574,0,0.0
L004167,C,1000,60,0.1168,0,0.0
L004168,D,7500,60,0.1521,0,0.0
L004169,C,1000,12,0.1152,0,0.0
L004170,A,1000,12,0.0578,0,0.0
L004171,B,1000,36,0.0808,0,0.0
L004172,C,1000,36,0.1118,0,0.0
L004173,B,2500,60,0.081,0,0.0
L004174,A,500,36,0.0602,0,0.0
L004175,A,5000,12,0.0513,0,0.0
L004176,B,7500,60,0.0785,0,0.0
L004177,C,1000,60,0.1142,0,0.0
L004178,A,1000,36,0.0663,0,0.0
L004179,E,7500,36,0.1978,0,0.0
L004180,B,500,12,0.0857,0,0.0
L004181,E,2500,36,0.1951,1,0.2161
L004182,C,2500,36,0.1093,0,0.0
L004183,B,5000,36,0.0822,0,0.0
L004184,B,1000,12,0.0799,0,0.0
L004185,B,1000,36,0.0747,1,0.1123
L004186,B,10000,12,0.0787,0,0.0
L004187,B,1000,36,0.0751,0,0.0
L004188,A,2500,60,0.0558,0,0.0
L004189,A,2500,24,0.0522,0,0.0
L004190,B,2500,36,0.0794,0,0.0
L004191,C,500,12,0.1082,0,0.0
L004192,A,1000,12,0.06,0,0.0
L004193,D,1000,12,0.1481,0,0.0
L004194,C,2500,60,0.1384,0,0.0
L004195,B,10000,36,0.077,0,0.0
L004196,A,2500,60,0.0527,0,0.0
L004197,D,5000,36,0.1515,0,0.0
L004198,A,1000,60,0.0526,0,0.0
L004199,D,10000,60,0.1609,0,0.0
L004200,C,7500,60,0.1055,0,0.0
L004201,A,7500,60,0.0532,0,0.0
L004202,B,500,24,0.0768,0,0.0
L004203,B,5000,36,0.0698,0,0.0
L004204,A,10000,24,0.0561,0,0.0
L004205,A,10000,36,0.0503,0,0.0
L004206,B,1000,36,0.0822,1,0.366
L004207,B,2500,12,0.0787,0,0.0
L004208,A,1000,36,0.0556,0,0.0
L004209,C,7500,12,0.1145,1,0.3811
L004210,C,10000,24,0.1099,0,0.0
L004211,A,2500,60,0.0512,0,0.0
L004212,E,7500,12,0.186,0,0.0
L004213,D,10000,24,0.1442,0,0.0
L004214,D,2500,36,0.1527,0,0.0
L004215,A,7500,60,0.0493,0,0.0
L004216,E,500,60,0.1983,0,0.0
L004217,A,500,60,0.0522,0,0.0
L004218,B,1000,36,0.0911,0,0.0
L004219,C,500,24,0.1144,0,0.0
L004220,C,1000,36,0.0965,0,0.0
L004221,A,2500,24,0.0533,0,0.0
L004222,A,500,36,0.0582,0,0.0
L004223,A,7500,12,0.061,0,0.0
L004224,A,1000,36,0.0506,0,0.0
L004225,A,7500,12,0.045,0,0.0
L004226,A,1000,12,0.067,0,0.0
L004227,B,10000,60,0.0818,0,0.0
L004228,B,1000,12,0.0814,0,0.0
L004229,B,1000,24,0.0816,0,0.0
L004230,D,10000,12,0.1408,0,0.0
L004231,E,7500,36,0.1952,0,0.0
L004232,D,5000,60,0.1509,0,0.0
L004233,B,5000,60,0.0805,0,0.0
L004234,A,5000,36,0.0611,0,0.0
L004235,A,2500,36,0.0572,0,0.0
L004236,A,10000,60,0.0633,0,0.0
L004237,B,5000,60,0.0761,0,0.0
L004238,E,500,12,0.1885,0,0.0
L004239,A,7500,60,0.0482,0,0.0
L004240,A,2500,12,0.0641,0,0.0
L004241,C,10000,24,0.117,0,0.0
L004242,C,5000,36,0.1086,0,0.0
L004243,E,5000,60,0.198,1,0.0748
L004244,D,2500,36,0.1507,0,0.0
L004245,B,2500,12,0.0745,0,0.0
L004246,D,500,60,0.1655,0,0.0
L004247,B,10000,36,0.0789,0,0.0
L004248,C,1000,60,0.1278,0,0.0
L004249,C,2500,24,0.112,0,0.0
L004250,B,7500,24,0.0791,0,0.0
L004251,A,1000,24,0.0541,0,0.0
L004252,B,5000,24,0.078,0,0.0
L004253,B,500,60,0.0802,0,0.0
L004254,A,5000,24,0.0485,0,0.0
L004255,C,1000,60,0.118,0,0.0
L004256,B,2500,12,0.082,0,0.0
L004257,A,1000,12,0.0483,0,0.0
L004258,B,1000,60,0.0844,0,0.0
L004259,B,2500,60,0.0785,0,0.0
L004260,C,10000,12,0.1214,0,0.0
L004261,A,5000,12,0.0441,0,0.0
L004262,B,5000,60,0.0745,0,0.0
L004263,C,1000,36,0.1072,0,0.0
L004264,B,500,60,0.0871,0,0.0
L004265,D,1000,60,0.142,0,0.0
L004266,E,1000,24,0.2011,0,0.0
L004267,B,10000,36,0.079,0,0.0
L004268,D,500,12,0.1491,0,0.0
L004269,A,10000,12,0.0462,0,0.0
L004270,D,5000,60,0.1485,0,0.0
L004271,D,2500,36,0.1505,0,0.0
L004272,C,5000,12,0.1176,0,0.0
L004273,D,1000,12,0.1601,1,0.2808
L004274,B,7500,12,0.0722,0,0.0
L004275,E,7500,24,0.2034,1,0.1923
L004276,A,5000,12,0.0529,0,0.0
L004277,B,1000,60,0.0706,0,0.0
L004278,E,2500,24,0.2048,0,0.0
L004279,B,7500,60,0.0741,0,0.0
L004280,D,5000,24,0.1569,0,0.0
L004281,C,5000,12,0.1205,0,0.0
L004282,B,2500,36,0.0875,0,0.0
L004283,C,10000,60,0.1152,0,0.0
L004284,B,2500,12,0.0882,0,0.0
L004285,B,7500,12,0.0715,0,0.0
L004286,D,7500,36,0.1614,0,0.0
L004287,A,500,12,0.0518,0,0.0
L004288,B,7500,36,0.0841,0,0.0
L004289,D,500,60,0.1401,0,0.0
L004290,A,5000,36,0.0597,0,0.0
L004291,C,5000,24,0.1148,0,0.0
L004292,B,2500,24,0.0877,0,0.0
L004293,B,5000,60,0.0788,0,0.0
L004294,B,10000,12,0.0816,0,0.0
L004295,B,7500,12,0.0804,0,0.0
L004296,C,1000,24,0.1098,0,0.0
L004297,A,7500,60,0.061,0,0.0
L004298,A,10000,36,0.0564,0,0.0
L004299,D,5000,36,0.1523,0,0.0
L004300,B,2500,12,0.0672,0,0.0
L004301,B,5000,24,0.084,0,0.0
L004302,D,500,36,0.1483,0,0.0
L004303,B,2500,36,0.0825,0,0.0
L004304,C,500,12,0.1158,0,0.0
L004305,C,7500,24,0.1087,0,0.0
L004306,A,5000,36,0.0435,0,0.0
L004307,A,2500,24,0.0662,0,0.0
L004308,E,10000,12,0.2038,0,0.0
L004309,E,10000,60,0.1989,0,0.0
L004310,B,5000,60,0.0864,0,0.0
L004311,C,500,12,0.112,0,0.0
L004312,B,7500,60,0.0681,0,0.0
L004313,C,10000,60,0.1192,0,0.0
L004314,C,10000,12,0.1069,0,0.0
L004315,A,500,60,0.0532,0,0.0
L004316,D,500,60,0.1467,0,0.0
L004317,C,7500,36,0.1056,0,0.0
L004318,C,5000,60,0.1144,0,0.0
L004319,A,10000,24,0.0566,0,0.0
L004320,E,5000,12,0.2041,1,0.3237
L004321,C,5000,60,0.1018,0,0.0
L004322,B,500,36,0.0707,0,0.0
L004323,B,10000,36,0.0768,0,0.0
L004324,C,7500,36,0.111,0,0.0
L004325,A,500,36,0.0481,0,0.0
L004326,C,10000,60,0.1165,0,0.0
L004327,D,10000,12,0.1587,0,0.0
L004328,C,7500,60,0.1337,0,0.0
L004329,C,5000,60,0.1173,0,0.0
L004330,E,10000,36,0.194,1,0.1087
L004331,B,2500,36,0.0874,0,0.0
L004332,D,7500,24,0.1475,0,0.0
L004333,E,500,12,0.1993,0,0.0
L004334,A,2500,12,0.0444,0,0.0
L004335,D,5000,60,0.1526,0,0.0
L004336,B,10000,36,0.071,0,0.0
L004337,C,1000,24,0.1135,0,0.0
L004338,B,5000,36,0.0746,0,0.0
L004339,C,1000,36,0.1233,0,0.0
L004340,A,2500,36,0.0616,0,0.0
L004341,A,10000,60,0.0654,0,0.0
L004342,C,500,12,0.1122,0,0.0
L004343,D,7500,60,0.1436,0,0.0
L004344,B,5000,12,0.068,0,0.0
L004345,E,2500,24,0.1971,0,0.0
L004346,A,1000,12,0.0467,0,0.0
L004347,D,10000,12,0.1408,0,0.0
L004348,A,500,60,0.064,0,0.0
L004349,A,5000,36,0.0494,0,0.0
L004350,E,10000,12,0.2009,0,0.0
L004351,C,2500,60,0.112,0,0.0
L004352,E,10000,24,0.2003,0,0.0
L004353,B,10000,36,0.0853,0,0.0
L004354,E,500,36,0.1948,1,0.2159
L004355,E,2500,60,0.1906,0,0.0
L004356,E,2500,12,0.1926,0,0.0
L004357,E,1000,36,0.2033,0,0.0
L004358,B,1000,12,0.0705,0,0.0
L004359,D,2500,36,0.1487,0,0.0
L004360,A,500,12,0.0553,0,0.0
L004361,B,500,24,0.0927,0,0.0
L004362,C,10000,36,0.1073,0,0.0
L004363,A,2500,12,0.0674,0,0.0
L004364,D,2500,36,0.1484,0,0.0
L004365,A,1000,36,0.0523,0,0.0
L004366,C,10000,24,0.1072,0,0.0
L004367,A,10000,36,0.0577,0,0.0
L004368,C,1000,12,0.1228,1,0.2818
L004369,D,2500,24,0.1478,0,0.0
L004370,E,1000,60,0.2044,1,0.2538
L004371,A,500,36,0.0474,0,0.0
L004372,A,2500,36,0.0609,0,0.0
L004373,A,1000,12,0.0643,0,0.0
L004374,C,1000,60,0.1195,0,0.0
L004375,E,7500,12,0.2024,1,0.0471
L004376,C,10000,36,0.1087,0,0.0
L004377,C,500,60,0.1058,0,0.0
L004378,C,5000,24,0.1101,0,0.0
L004379,B,500,36,0.0766,0,0.0
L004380,A,7500,12,0.048,0,0.0
L004381,D,2500,36,0.1522,0,0.0
L004382,E,1000,60,0.1921,0,0.0
L004383,D,2500,24,0.1465,0,0.0
L004384,B,2500,60,0.0801,0,0.0
L004385,C,5000,36,0.1153,0,0.0
L004386,C,500,60,0.1084,1,0.3929
L004387,B,10000,24,0.0838,0,0.0
L004388,B,10000,60,0.0822,0,0.0
L004389,B,7500,36,0.0848,0,0.0
L004390,A,2500,24,0.06,0,0.0
L004391,E,1000,24,0.2021,0,0.0
L004392,C,10000,24,0.1017,0,0.0
L004393,B,1000,60,0.0679,0,0.0
L004394,C,7500,60,0.1115,0,0.0
L004395,B,10000,12,0.0797,0,0.0
L004396,C,2500,36,0.118,0,0.0
L004397,C,7500,12,0.1136,0,0.0
L004398,A,7500,36,0.053,0,0.0
L004399,A,7500,12,0.066,0,0.0
L004400,C,1000,12,0.1099,0,0.0
L004401,E,2500,60,0.1919,0,0.0
L004402,C,2500,60,0.1186,0,0.0
L004403,B,5000,36,0.0881,0,0.0
L004404,B,10000,36,0.0824,0,0.0
L004405,D,10000,36,0.1591,0,0.0
L004406,E,500,24,0.1892,0,0.0
L004407,B,2500,12,0.0712,0,0.0
L004408,C,500,36,0.1089,0,0.0
L004409,B,1000,24,0.0812,0,0.0
L004410,A,10000,60,0.0503,0,0.0
L004411,B,2500,12,0.0849,0,0.0
L004412,B,10000,36,0.0818,0,0.0
L004413,A,1000,24,0.0488,0,0.0
L004414,B,7500,36,0.0739,0,0.0
L004415,A,10000,36,0.0567,0,0.0
L004416,C,7500,36,0.0996,0,0.0
L004417,A,2500,24,0.0601,0,0.0
L004418,E,10000,36,0.1859,0,0.0
L004419,C,7500,60,0.1182,0,0.0
L004420,B,1000,24,0.0705,0,0.0
L004421,A,10000,24,0.0516,0,0.0
L004422,C,500,60,0.1094,0,0.0
L004423,B,500,36,0.0727,0,0.0
L004424,E,7500,36,0.1883,0,0.0
L004425,C,2500,24,0.1231,0,0.0
L004426,D,7500,24,0.1445,0,0.0
L004427,B,1000,24,0.0836,0,0.0
L004428,A,5000,60,0.0611,0,0.0
L004429,B,2500,60,0.0712,0,0.0
L004430,C,1000,24,0.1081,0,0.0
L004431,A,5000,24,0.059,0,0.0
L004432,D,1000,60,0.1454,1,0.0791
L004433,A,10000,36,0.0556,0,0.0
L004434,C,10000,12,0.1107,0,0.0
L004435,D,7500,12,0.1432,0,0.0
L004436,A,500,60,0.052,0,0.0
L004437,C,1000,24,0.0966,0,0.0
L004438,B,5000,12,0.0689,0,0.0
L004439,C,5000,24,0.1183,0,0.0
L004440,C,10000,60,0.112,0,0.0
L004441,C,500,12,0.1064,0,0.0
L004442,E,1000,12,0.1953,0,0.0
L004443,B,7500,24,0.0787,0,0.0
L004444,C,1000,36,0.1122,0,0.0
L004445,C,1000,24,0.1048,0,0.0
L004446,A,1000,36,0.0513,0,0.0
L004447,D,2500,24,0.1512,0,0.0
L004448,D,5000,12,0.15,1,0.1991
L004449,D,500,24,0.1456,0,0.0
L004450,B,7500,24,0.0774,0,0.0
L004451,C,5000,36,0.114,1,0.3112
L004452,C,1000,24,0.1046,0,0.0
L004453,C,7500,12,0.1055,0,0.0
L004454,A,1000,36,0.0584,0,0.0
L004455,C,500,36,0.1108,0,0.0
L004456,C,500,60,0.115,0,0.0
L004457,C,7500,12,0.1074,1,0.2085
L004458,D,7500,36,0.1553,0,0.0
L004459,D,1000,24,0.1517,0,0.0
L004460,D,2500,60,0.1431,0,0.0
L004461,A,500,12,0.0614,0,0.0
L004462,D,5000,36,0.1505,0,0.0
L004463,C,1000,36,0.1035,0,0.0
L004464,A,1000,60,0.0599,0,0.0
L004465,C,500,60,0.1088,0,0.0
L004466,C,5000,24,0.1137,0,0.0
L004467,D,10000,36,0.1451,1,0.4346
L004468,A,5000,12,0.0503,0,0.0
L004469,A,1000,12,0.0616,0,0.0
L004470,B,7500,36,0.0856,0,0.0
L004471,E,5000,12,0.2005,1,0.3768
L004472,E,10000,60,0.2026,0,0.0
L004473,D,10000,12,0.1424,0,0.0
L004474,B,7500,60,0.0845,0,0.0
L004475,A,7500,12,0.0555,0,0.0
L004476,C,5000,60,0.1086,1,0.2063
L004477,C,7500,36,0.1179,1,0.388
L004478,E,1000,36,0.1975,1,0.1307
L004479,D,1000,12,0.1441,0,0.0
L004480,A,2500,12,0.0599,0,0.0
L004481,A,10000,24,0.0562,0,0.0
L004482,B,1000,36,0.0757,0,0.0
L004483,D,7500,60,0.141,0,0.0
L004484,B,7500,60,0.0722,0,0.0
L004485,B,500,12,0.0803,0,0.0
L004486,B,1000,12,0.0724,0,0.0
L004487,D,5000,24,0.1483,0,0.0
L004488,D,1000,36,0.1425,0,0.0
L004489,B,500,24,0.0735,0,0.0
L004490,B,2500,60,0.0836,0,0.0
L004491,A,500,12,0.0539,0,0.0
L004492,B,2500,24,0.0795,0,0.0
L004493,D,5000,24,0.1511,0,0.0
L004494,A,5000,60,0.0517,0,0.0
L004495,B,1000,24,0.085,0,0.0
L004496,D,1000,24,0.1423,0,0.0
L004497,A,1000,12,0.0621,0,0.0
L004498,D,10000,12,0.154,1,0.099
L004499,C,1000,60,0.1028,0,0.0
L004500,B,7500,24,0.0761,0,0.0
L004501,D,7500,12,0.1368,0,0.0
L004502,C,500,36,0.1218,0,0.0
L004503,C,10000,60,0.103,0,0.0
L004504,A,2500,12,0.0526,0,0.0
L004505,D,7500,36,0.1499,0,0.0
L004506,C,5000,60,0.1143,0,0.0
L004507,D,500,24,0.1473,1,0.2997
L004508,B,500,36,0.0808,0,0.0
L004509,A,2500,12,0.0509,0,0.0
L004510,B,500,36,0.0865,0,0.0
L004511,B,5000,12,0.0675,0,0.0
L004512,C,5000,24,0.1245,0,0.0
L004513,B,2500,60,0.0828,0,0.0
L004514,C,7500,12,0.1164,0,0.0
L004515,B,500,24,0.0826,0,0.0
L004516,C,7500,24,0.1103,0,0.0
L004517,D,2500,36,0.1476,0,0.0
L004518,A,500,60,0.053,0,0.0
L004519,B,500,24,0.0846,0,0.0
L004520,A,500,12,0.0582,0,0.0
L004521,B,500,12,0.0786,0,0.0
L004522,C,5000,24,0.11,0,0.0
L004523,B,1000,60,0.0851,0,0.0
L004524,D,5000,36,0.1521,0,0.0
L004525,D,500,60,0.138,0,0.0
L004526,D,1000,12,0.1411,0,0.0
L004527,C,500,60,0.1097,0,0.0
L004528,E,7500,12,0.1811,0,0.0
L004529,C,500,36,0.1186,0,0.0
L004530,C,2500,24,0.1172,0,0.0
L004531,A,7500,36,0.0524,0,0.0
L004532,C,7500,24,0.114,1,0.2775
L004533,C,7500,36,0.094,0,0.0
L004534,D,7500,24,0.1478,0,0.0
L004535,A,5000,12,0.052,0,0.0
L004536,D,1000,60,0.137,0,0.0
L004537,A,2500,12,0.0637,0,0.0
L004538,D,5000,12,0.15,0,0.0
L004539,D,500,12,0.1527,0,0.0
L004540,A,1000,24,0.0504,0,0.0
L004541,A,7500,60,0.054,0,0.0
L004542,C,1000,24,0.1054,0,0.0
L004543,C,10000,24,0.1189,0,0.0
L004544,C,10000,12,0.1089,0,0.0
L004545,C,7500,36,0.0947,0,0.0
L004546,B,2500,60,0.0753,0,0.0
L004547,C,5000,12,0.1144,1,0.1864
L004548,B,5000,12,0.0795,0,0.0
L004549,A,1000,60,0.0478,0,0.0
L004550,C,10000,24,0.1108,0,0.0
L004551,B,2500,12,0.0887,0,0.0
L004552,C,1000,12,0.1233,0,0.0
L004553,B,2500,12,0.0795,1,0.3191
L004554,A,5000,12,0.0514,0,0.0
L004555,E,10000,24,0.1924,0,0.0
L004556,D,7500,24,0.1432,0,0.0
L004557,A,1000,24,0.051,0,0.0
L004558,B,7500,24,0.0939,0,0.0
L004559,A,7500,60,0.0544,0,0.0
L004560,D,2500,60,0.1493,0,0.0
L004561,B,1000,60,0.0824,0,0.0
L004562,D,10000,60,0.161,0,0.0
L004563,A,10000,12,0.0454,0,0.0
L004564,C,5000,24,0.1163,0,0.0
L004565,B,1000,36,0.0949,0,0.0
L004566,A,10000,36,0.0566,0,0.0
L004567,C,5000,12,0.1222,0,0.0
L004568,D,500,60,0.1564,0,0.0
L004569,A,5000,60,0.0638,0,0.0
L004570,A,5000,36,0.0533,0,0.0
L004571,B,5000,36,0.0956,0,0.0
L004572,C,7500,12,0.1081,1,0.2954
L004573,D,10000,36,0.1557,0,0.0
L004574,A,2500,60,0.0542,0,0.0
L004575,A,500,24,0.0462,0,0.0
L004576,A,7500,24,0.0602,0,0.0
L004577,C,10000,36,0.117,0,0.0
L004578,A,500,12,0.0528,0,0.0
L004579,B,5000,60,0.0787,0,0.0
L004580,B,5000,24,0.0777,0,0.0
L004581,B,5000,24,0.093,0,0.0
L004582,C,1000,36,0.1178,0,0.0
L004583,C,500,24,0.1135,0,0.0
L004584,A,1000,12,0.0559,0,0.0
L004585,B,2500,60,0.074,0,0.0
L004586,D,500,60,0.1436,0,0.0
L004587,D,5000,12,0.147,0,0.0
L004588,B,1000,60,0.0765,0,0.0
L004589,D,7500,12,0.1497,0,0.0
L004590,B,2500,60,0.0706,0,0.0
L004591,D,10000,60,0.1454,0,0.0
L004592,D,5000,12,0.1596,1,0.1198
L004593,D,5000,24,0.1585,0,0.0
L004594,C,1000,36,0.1115,0,0.0
L004595,C,2500,60,0.1059,0,0.0
L004596,A,2500,36,0.0619,0,0.0
L004597,B,500,60,0.0822,0,0.0
L004598,B,2500,36,0.0666,0,0.0
L004599,C,1000,36,0.1107,1,0.4392
L004600,C,2500,24,0.1097,0,0.0
L004601,B,1000,24,0.0842,0,0.0
L004602,B,1000,24,0.0938,0,0.0
L004603,C,1000,36,0.1024,0,0.0
L004604,E,7500,60,0.2086,0,0.0
L004605,A,1000,24,0.0601,0,0.0
L004606,A,10000,24,0.0633,0,0.0
L004607,C,1000,60,0.118,0,0.0
L004608,B,10000,12,0.0685,0,0.0
L004609,A,10000,60,0.0578,0,0.0
L004610,E,5000,36,0.1966,1,0.2837
L004611,A,5000,60,0.0561,0,0.0
L004612,A,2500,24,0.0527,0,0.0
L004613,B,5000,36,0.0842,1,0.3175
L004614,B,10000,24,0.0789,0,0.0
L004615,B,5000,36,0.0838,0,0.0
L004616,D,7500,12,0.145,0,0.0
L004617,A,500,60,0.0606,0,0.0
L004618,C,5000,36,0.1133,0,0.0
L004619,A,1000,60,0.0527,0,0.0
L004620,B,7500,36,0.0792,0,0.0
L004621,D,1000,24,0.1566,0,0.0
L004622,B,500,24,0.0846,0,0.0
L004623,A,5000,12,0.0626,0,0.0
L004624,A,7500,36,0.0497,1,0.1493
L004625,D,1000,36,0.1488,0,0.0
L004626,C,7500,60,0.104,0,0.0
L004627,B,5000,12,0.088,0,0.0
L004628,D,2500,24,0.1446,0,0.0
L004629,B,1000,60,0.076,1,0.2043
L004630,C,2500,24,0.1128,1,0.297
L004631,A,1000,60,0.0608,0,0.0
L004632,A,10000,60,0.0534,0,0.0
L004633,E,500,36,0.1938,1,0.0946
L004634,A,500,12,0.047,0,0.0
L004635,A,7500,24,0.0519,0,0.0
L004636,C,500,36,0.1293,0,0.0
L004637,E,10000,24,0.1974,0,0.0
L004638,C,5000,36,0.1203,0,0.0
L004639,D,7500,12,0.1417,0,0.0
L004640,B,2500,36,0.074,0,0.0
L004641,C,1000,60,0.1061,0,0.0
L004642,A,2500,36,0.0531,1,0.343
L004643,D,10000,24,0.1473,0,0.0
L004644,A,2500,60,0.0447,0,0.0
L004645,C,10000,24,0.1124,0,0.0
L004646,D,7500,12,0.1439,0,0.0
L004647,B,5000,12,0.0838,0,0.0
L004648,D,10000,36,0.1522,0,0.0
L004649,B,500,60,0.0797,0,0.0
L004650,B,500,60,0.0795,0,0.0
L004651,B,2500,24,0.0849,0,0.0
L004652,C,1000,36,0.1175,0,0.0
L004653,B,2500,12,0.0881,0,0.0
L004654,A,10000,12,0.0558,0,0.0
L004655,C,5000,36,0.1313,0,0.0
L004656,E,10000,60,0.1996,0,0.0
L004657,B,500,60,0.0829,0,0.0
L004658,B,10000,36,0.0691,0,0.0
L004659,C,500,12,0.1106,1,0.1628
L004660,C,7500,60,0.1046,0,0.0
L004661,B,500,12,0.0783,0,0.0
L004662,D,500,12,0.1572,0,0.0
L004663,A,1000,60,0.055,0,0.0
L004664,B,7500,60,0.0828,0,0.0
L004665,A,500,12,0.0577,0,0.0
L004666,B,2500,60,0.0798,0,0.0
L004667,B,2500,60,0.0642,0,0.0
L004668,C,7500,60,0.1177,0,0.0
L004669,B,10000,60,0.0796,0,0.0
L004670,D,10000,24,0.1596,0,0.0
L004671,D,5000,24,0.1566,0,0.0
L004672,C,500,24,0.1088,0,0.0
L004673,D,10000,60,0.1485,0,0.0
L004674,B,500,24,0.0732,0,0.0
L004675,B,5000,24,0.0731,1,0.2953
L004676,C,2500,36,0.1074,0,0.0
L004677,B,500,24,0.0828,0,0.0
L004678,D,2500,60,0.1511,0,0.0
L004679,A,7500,36,0.0649,0,0.0
L004680,C,10000,24,0.1025,0,0.0
L004681,A,500,36,0.059,0,0.0
L004682,E,2500,24,0.1856,0,0.0
L004683,E,5000,36,0.2039,0,0.0
L004684,B,500,60,0.0796,0,0.0
L004685,C,10000,60,0.1164,0,0.0
L004686,B,7500,24,0.0632,0,0.0
L004687,A,500,36,0.0508,0,0.0
L004688,E,2500,12,0.2033,0,0.0
L004689,A,2500,60,0.06,0,0.0
L004690,A,1000,12,0.052,0,0.0
L004691,B,500,60,0.084,0,0.0
L004692,D,500,24,0.1527,0,0.0
L004693,E,7500,36,0.1892,0,0.0
L004694,D,500,60,0.1468,0,0.0
L004695,A,2500,36,0.0481,0,0.0
L004696,A,2500,12,0.0529,0,0.0
L004697,A,10000,12,0.0551,0,0.0
L004698,D,500,60,0.1437,1,0.229
L004699,D,1000,36,0.1567,0,0.0
L004700,C,5000,36,0.1015,0,0.0
L004701,B,10000,12,0.0773,0,0.0
L004702,B,10000,12,0.086,0,0.0
L004703,A,10000,36,0.0621,0,0.0
L004704,D,7500,36,0.1516,0,0.0
L004705,C,10000,36,0.1065,0,0.0
L004706,D,7500,36,0.148,0,0.0
L004707,B,500,60,0.0856,0,0.0
L004708,C,500,60,0.1165,0,0.0
L004709,E,5000,24,0.1945,0,0.0
L004710,C,500,60,0.1045,0,0.0
L004711,D,2500,12,0.1544,0,0.0
L004712,B,500,36,0.0736,0,0.0
L004713,A,7500,60,0.0546,0,0.0
L004714,D,10000,60,0.1544,0,0.0
L004715,B,7500,60,0.0875,0,0.0
L004716,E,7500,12,0.1938,0,0.0
L004717,D,2500,24,0.1517,0,0.0
L004718,B,5000,36,0.0793,0,0.0
L004719,A,5000,12,0.0514,0,0.0
L004720,E,10000,60,0.1949,0,0.0
L004721,C,10000,36,0.1091,1,0.2112
L004722,A,500,60,0.0464,0,0.0
L004723,C,10000,24,0.1185,0,0.0
L004724,D,1000,36,0.1472,0,0.0
L004725,B,10000,36,0.09,0,0.0
L004726,D,5000,12,0.158,0,0.0
L004727,A,10000,24,0.0431,0,0.0
L004728,B,7500,36,0.083,0,0.0
L004729,D,10000,24,0.1528,1,0.1636
L004730,C,1000,36,0.1117,1,0.0664
L004731,A,7500,12,0.0493,0,0.0
L004732,D,500,36,0.1499,0,0.0
L004733,C,7500,12,0.1048,0,0.0
L004734,B,5000,12,0.074,0,0.0
L004735,A,500,60,0.0621,0,0.0
L004736,B,7500,12,0.0735,0,0.0
L004737,E,2500,36,0.1977,0,0.0
L004738,C,2500,60,0.1032,1,0.1731
L004739,C,500,36,0.113,0,0.0
L004740,D,5000,24,0.1573,0,0.0
L004741,A,1000,24,0.0521,0,0.0
L004742,A,500,12,0.0532,0,0.0
L004743,C,5000,24,0.1209,0,0.0
L004744,D,10000,36,0.141,0,0.0
L004745,A,5000,24,0.0643,0,0.0
L004746,C,500,60,0.1108,0,0.0
L004747,C,7500,24,0.1144,0,0.0
L004748,C,500,12,0.1162,0,0.0
L004749,B,500,24,0.0807,0,0.0
L004750,A,5000,24,0.0537,0,0.0
L004751,B,10000,36,0.0747,0,0.0
L004752,B,2500,36,0.0733,0,0.0
L004753,D,2500,60,0.1401,0,0.0
L004754,A,2500,12,0.0506,0,0.0
L004755,B,10000,12,0.0739,0,0.0
L004756,D,7500,12,0.1489,0,0.0
L004757,D,500,24,0.1499,1,0.2209
L004758,C,1000,24,0.1212,0,0.0
L004759,B,5000,24,0.0764,0,0.0
L004760,B,1000,24,0.0829,0,0.0
L004761,D,10000,36,0.1513,1,0.0489
L004762,C,7500,36,0.1134,0,0.0
L004763,A,500,36,0.0555,0,0.0
L004764,D,1000,12,0.156,0,0.0
L004765,E,1000,24,0.1944,0,0.0
L004766,C,2500,24,0.1091,1,0.084
L004767,D,10000,60,0.1528,0,0.0
L004768,C,500,36,0.1056,0,0.0
L004769,C,5000,60,0.1167,0,0.0
L004770,D,7500,12,0.1566,0,0.0
L004771,B,500,60,0.0945,0,0.0
L004772,C,2500,60,0.1172,0,0.0
L004773,E,2500,24,0.2007,0,0.0
L004774,A,10000,12,0.0463,0,0.0
L004775,A,500,24,0.0551,0,0.0
L004776,C,10000,60,0.1048,0,0.0
L004777,A,10000,12,0.0546,0,0.0
L004778,A,2500,12,0.0553,0,0.0
L004779,E,5000,12,0.196,0,0.0
L004780,E,1000,12,0.1892,0,0.0
L004781,B,1000,36,0.0822,0,0.0
L004782,B,500,24,0.0819,0,0.0
L004783,A,1000,60,0.0594,0,0.0
L004784,A,7500,60,0.0527,0,0.0
L004785,C,7500,24,0.1214,0,0.0
L004786,C,1000,60,0.1081,0,0.0
L004787,C,1000,36,0.1066,0,0.0
L004788,A,2500,36,0.0471,0,0.0
L004789,A,1000,60,0.0514,0,0.0
L004790,B,1000,60,0.094,0,0.0
L004791,D,5000,12,0.1403,0,0.0
L004792,A,2500,24,0.0653,0,0.0
L004793,C,5000,36,0.1088,0,0.0
L004794,C,10000,36,0.1174,0,0.0
L004795,D,7500,36,0.1329,0,0.0
L004796,A,2500,12,0.0618,0,0.0
L004797,C,500,36,0.1072,0,0.0
L004798,A,1000,60,0.0551,0,0.0
L004799,B,10000,60,0.0753,0,0.0
L004800,B,500,24,0.0818,0,0.0
L004801,C,2500,36,0.1143,0,0.0
L004802,D,7500,24,0.1588,0,0.0
L004803,A,2500,60,0.0607,0,0.0
L004804,B,500,24,0.0863,0,0.0
L004805,C,500,60,0.1139,0,0.0
L004806,A,2500,12,0.0656,0,0.0
L004807,C,1000,36,0.1198,0,0.0
L004808,C,500,60,0.1098,0,0.0
L004809,A,10000,36,0.0621,0,0.0
L004810,D,10000,36,0.1508,0,0.0
L004811,B,2500,60,0.0837,0,0.0
L004812,E,2500,24,0.194,0,0.0
L004813,A,2500,36,0.0561,0,0.0
L004814,E,5000,36,0.1978,1,0.2784
L004815,C,500,24,0.1158,0,0.0
L004816,E,1000,24,0.2006,0,0.0
L004817,B,10000,24,0.0744,0,0.0
L004818,A,10000,24,0.0593,0,0.0
L004819,D,10000,12,0.1519,0,0.0
L004820,E,5000,36,0.2032,1,0.1748
L004821,A,500,36,0.0426,0,0.0
L004822,A,2500,36,0.0525,0,0.0
L004823,B,5000,12,0.0725,0,0.0
L004824,C,5000,12,0.1053,0,0.0
L004825,B,2500,36,0.0748,1,0.2014
L004826,E,500,12,0.1918,0,0.0
L004827,C,7500,24,0.1114,0,0.0
L004828,C,1000,12,0.1037,0,0.0
L004829,C,2500,24,0.1073,0,0.0
L004830,B,2500,12,0.0755,0,0.0
L004831,C,7500,24,0.1189,0,0.0
L004832,B,7500,12,0.0708,0,0.0
L004833,D,7500,36,0.1493,0,0.0
L004834,C,500,24,0.1119,0,0.0
L004835,A,500,60,0.0522,0,0.0
L004836,C,7500,24,0.1059,0,0.0
L004837,D,2500,60,0.1368,0,0.0
L004838,B,500,36,0.0755,0,0.0
L004839,B,7500,24,0.0741,1,0.314
L004840,A,5000,60,0.0538,0,0.0
L004841,D,2500,36,0.1519,0,0.0
L004842,E,5000,12,0.1975,1,0.0377
L004843,B,2500,36,0.0819,0,0.0
L004844,C,5000,12,0.1084,0,0.0
L004845,B,7500,60,0.0782,0,0.0
L004846,A,5000,36,0.0556,0,0.0
L004847,A,5000,36,0.0507,0,0.0
L004848,C,1000,60,0.1022,0,0.0
L004849,A,1000,24,0.0468,0,0.0
L004850,D,7500,60,0.1463,0,0.0
L004851,B,1000,36,0.0802,0,0.0
L004852,C,7500,24,0.1144,0,0.0
L004853,D,7500,36,0.1667,0,0.0
L004854,B,5000,12,0.0855,0,0.0
L004855,C,10000,36,0.1075,0,0.0
L004856,B,500,24,0.0805,0,0.0
L004857,C,10000,12,0.1198,0,0.0
L004858,B,1000,36,0.0902,0,0.0
L004859,A,10000,12,0.0753,0,0.0
L004860,C,5000,24,0.1124,0,0.0
L004861,B,7500,24,0.0796,0,0.0
L004862,B,5000,60,0.0788,0,0.0
L004863,A,5000,24,0.0603,0,0.0
L004864,D,7500,12,0.1462,0,0.0
L004865,A,2500,60,0.0487,0,0.0
L004866,E,2500,36,0.195,1,0.1643
L004867,D,500,36,0.1509,0,0.0
L004868,E,500,36,0.2078,0,0.0
L004869,B,2500,24,0.0914,0,0.0
L004870,D,10000,60,0.1576,0,0.0
L004871,B,2500,36,0.0746,0,0.0
L004872,D,1000,60,0.1453,0,0.0
L004873,C,1000,24,0.1151,0,0.0
L004874,B,2500,60,0.0855,0,0.0
L004875,A,10000,12,0.056,0,0.0
L004876,B,500,24,0.0709,0,0.0
L004877,B,500,12,0.101,0,0.0
L004878,B,10000,24,0.072,0,0.0
L004879,B,2500,60,0.087,0,0.0
L004880,C,1000,12,0.1173,0,0.0
L004881,A,500,24,0.056,0,0.0
L004882,C,5000,12,0.1184,0,0.0
L004883,B,1000,36,0.0791,0,0.0
L004884,C,500,12,0.1096,0,0.0
L004885,E,7500,24,0.1935,0,0.0
L004886,A,5000,60,0.0597,0,0.0
L004887,B,10000,12,0.0788,0,0.0
L004888,B,2500,60,0.0748,0,0.0
L004889,C,500,36,0.12,0,0.0
L004890,B,5000,12,0.0746,0,0.0
L004891,C,7500,36,0.1229,0,0.0
L004892,A,5000,12,0.0576,0,0.0
L004893,B,10000,24,0.0856,0,0.0
L004894,A,500,12,0.051,0,0.0
L004895,E,2500,36,0.1977,0,0.0
L004896,C,7500,36,0.1038,0,0.0
L004897,A,1000,12,0.0541,0,0.0
L004898,B,500,24,0.0724,0,0.0
L004899,D,7500,36,0.1446,0,0.0
L004900,D,2500,60,0.1615,0,0.0
L004901,D,7500,36,0.1488,1,0.2747
L004902,C,1000,24,0.1199,0,0.0
L004903,C,1000,12,0.1188,0,0.0
L004904,C,2500,24,0.112,0,0.0
L004905,C,7500,12,0.1073,0,0.0
L004906,E,2500,60,0.1989,0,0.0
L004907,C,5000,60,0.1197,0,0.0
L004908,C,1000,24,0.0976,0,0.0
L004909,E,7500,60,0.2018,1,0.1836
L004910,C,10000,60,0.1108,0,0.0
L004911,B,1000,24,0.0842,0,0.0
L004912,A,7500,60,0.0511,0,0.0
L004913,D,500,60,0.1525,0,0.0
L004914,C,2500,60,0.1088,0,0.0
L004915,B,2500,12,0.0847,0,0.0
L004916,A,7500,12,0.0642,0,0.0
L004917,B,5000,36,0.0879,0,0.0
L004918,A,10000,12,0.052,0,0.0
L004919,E,2500,12,0.1803,0,0.0
L004920,D,2500,60,0.1549,0,0.0
L004921,A,5000,12,0.0635,0,0.0
L004922,B,2500,24,0.079,0,0.0
L004923,C,10000,12,0.1115,0,0.0
L004924,D,7500,36,0.1589,0,0.0
L004925,A,5000,36,0.0537,0,0.0
L004926,D,1000,12,0.1511,0,0.0
L004927,A,2500,60,0.0574,0,0.0
L004928,B,5000,24,0.0721,0,0.0
L004929,E,2500,24,0.194,0,0.0
L004930,A,5000,24,0.0536,0,0.0
L004931,D,10000,24,0.1509,0,0.0
L004932,B,1000,24,0.0798,0,0.0
L004933,C,500,36,0.1098,0,0.0
L004934,B,7500,12,0.0683,0,0.0
L004935,A,10000,60,0.0457,0,0.0
L004936,A,500,60,0.0595,0,0.0
L004937,A,7500,60,0.0543,0,0.0
L004938,A,10000,36,0.0527,0,0.0
L004939,D,5000,36,0.1472,0,0.0
L004940,E,1000,60,0.1933,1,0.3513
L004941,A,10000,12,0.0573,0,0.0
L004942,A,1000,60,0.0499,0,0.0
L004943,E,5000,12,0.1863,0,0.0
L004944,A,2500,36,0.0536,0,0.0
L004945,C,7500,24,0.1104,0,0.0
L004946,B,500,36,0.0727,0,0.0
L004947,B,2500,12,0.0784,0,0.0
L004948,C,1000,24,0.1007,0,0.0
L004949,E,5000,60,0.186,0,0.0
L004950,A,2500,24,0.0572,0,0.0
L004951,B,500,24,0.0847,0,0.0
L004952,A,7500,36,0.0565,0,0.0
L004953,C,2500,24,0.1092,0,0.0
L004954,A,5000,12,0.0622,0,0.0
L004955,B,500,36,0.0865,0,0.0
L004956,C,10000,12,0.1081,0,0.0
L004957,A,7500,60,0.0567,0,0.0
L004958,A,500,24,0.0545,0,0.0
L004959,B,500,60,0.0812,0,0.0
L004960,A,1000,24,0.0634,0,0.0
L004961,B,10000,36,0.0755,0,0.0
L004962,B,10000,36,0.0691,1,0.3723
L004963,B,500,24,0.0712,0,0.0
L004964,D,500,60,0.1528,1,0.1107
L004965,B,500,12,0.0739,0,0.0
L004966,B,5000,36,0.0773,0,0.0
L004967,A,5000,36,0.0668,0,0.0
L004968,D,500,60,0.1476,0,0.0
L004969,C,7500,60,0.1112,0,0.0
L004970,C,10000,60,0.1098,0,0.0
L004971,E,1000,60,0.1867,1,0.2017
L004972,A,500,36,0.0595,0,0.0
L004973,C,2500,12,0.1135,0,0.0
L004974,D,7500,12,0.1481,0,0.0
L004975,E,1000,60,0.1872,0,0.0
L004976,C,5000,36,0.1025,0,0.0
L004977,D,10000,12,0.1405,0,0.0
L004978,A,5000,36,0.048,0,0.0
L004979,B,10000,12,0.0734,0,0.0
L004980,C,7500,36,0.1162,1,0.1607
L004981,A,10000,12,0.0585,0,0.0
L004982,D,500,60,0.1538,0,0.0
L004983,E,10000,24,0.1979,1,0.0934
L004984,A,10000,12,0.0528,0,0.0
L004985,A,5000,24,0.0626,0,0.0
L004986,B,1000,60,0.0798,0,0.0
L004987,D,7500,36,0.1459,0,0.0
L004988,D,1000,36,0.1444,0,0.0
L004989,C,7500,24,0.1113,0,0.0
L004990,B,5000,60,0.0746,0,0.0
L004991,C,5000,12,0.1128,0,0.0
L004992,C,7500,36,0.1131,0,0.0
L004993,B,5000,60,0.0827,0,0.0
L004994,E,2500,24,0.194,1,0.2951
L004995,B,1000,12,0.0792,0,0.0
L004996,D,5000,12,0.1525,0,0.0
L004997,A,7500,36,0.0557,0,0.0
L004998,D,7500,36,0.1468,1,0.2847
L004999,A,2500,12,0.0601,0,0.0
L005000,B,10000,12,0.0721,0,0.0
L005001,B,5000,12,0.0805,0,0.0
L005002,B,10000,36,0.0839,0,0.0
L005003,A,2500,36,0.0537,0,0.0
L005004,D,5000,12,0.1554,0,0.0
L005005,C,2500,24,0.1206,0,0.0
L005006,B,10000,36,0.0688,0,0.0
L005007,A,5000,24,0.0527,0,0.0
L005008,A,1000,12,0.0482,0,0.0
L005009,B,2500,12,0.0751,0,0.0
L005010,B,7500,12,0.0893,0,0.0
L005011,D,7500,36,0.1539,0,0.0
L005012,A,7500,36,0.0633,0,0.0
L005013,C,5000,60,0.1069,0,0.0
L005014,B,1000,12,0.085,0,0.0
L005015,A,10000,12,0.0601,0,0.0
L005016,B,500,24,0.0713,0,0.0
L005017,C,5000,60,0.1213,0,0.0
L005018,D,5000,24,0.1434,0,0.0
L005019,B,2500,60,0.0729,1,0.1748
L005020,D,5000,24,0.1468,0,0.0
L005021,A,2500,24,0.0548,0,0.0
L005022,C,7500,60,0.1027,0,0.0
L005023,C,2500,12,0.1245,0,0.0
L005024,C,2500,12,0.1133,1,0.2976
L005025,B,500,36,0.0794,0,0.0
L005026,C,1000,36,0.109,0,0.0
L005027,B,10000,36,0.0769,0,0.0
L005028,B,1000,36,0.0822,0,0.0
L005029,A,2500,24,0.0565,0,0.0
L005030,C,1000,12,0.112,0,0.0
L005031,A,2500,60,0.0511,0,0.0
L005032,B,2500,36,0.0782,0,0.0
L005033,B,10000,60,0.0771,0,0.0
L005034,C,10000,12,0.1065,0,0.0
L005035,E,7500,60,0.1938,0,0.0
L005036,A,10000,60,0.0407,0,0.0
L005037,C,500,24,0.1006,0,0.0
L005038,A,1000,60,0.0547,0,0.0
L005039,B,10000,60,0.0841,0,0.0
L005040,A,7500,12,0.058,0,0.0
L005041,C,5000,12,0.1191,0,0.0
L005042,A,10000,24,0.059,0,0.0
L005043,D,500,12,0.1601,0,0.0
L005044,A,7500,24,0.0579,1,0.3153
L005045,E,500,60,0.1896,0,0.0
L005046,B,500,24,0.0804,0,0.0
L005047,B,1000,36,0.0906,0,0.0
L005048,B,1000,36,0.0857,0,0.0
L005049,B,1000,12,0.0834,0,0.0
L005050,C,10000,60,0.1076,0,0.0
L005051,E,10000,36,0.2046,0,0.0
L005052,B,5000,60,0.0711,0,0.0
L005053,A,5000,12,0.056,0,0.0
L005054,A,10000,36,0.0615,0,0.0
L005055,D,10000,36,0.1521,0,0.0
L005056,D,5000,36,0.1487,0,0.0
L005057,A,10000,12,0.0566,0,0.0
L005058,A,500,60,0.0447,0,0.0
L005059,A,1000,60,0.0545,0,0.0
L005060,A,10000,36,0.0631,0,0.0
L005061,B,500,24,0.0855,0,0.0
L005062,C,2500,60,0.1235,0,0.0
L005063,B,500,24,0.0838,0,0.0
L005064,B,500,60,0.0758,0,0.0
L005065,B,500,12,0.0695,0,0.0
L005066,C,500,24,0.113,0,0.0
L005067,B,10000,24,0.0865,0,0.0
L005068,A,7500,60,0.0594,0,0.0
L005069,B,10000,60,0.0796,0,0.0
L005070,B,500,12,0.0738,0,0.0
L005071,D,2500,24,0.1465,1,0.3005
L005072,C,10000,12,0.0975,0,0.0
L005073,C,7500,12,0.1141,0,0.0
L005074,E,1000,60,0.1938,0,0.0
L005075,B,10000,24,0.082,0,0.0
L005076,C,2500,36,0.1171,0,0.0
L005077,B,5000,60,0.0931,0,0.0
L005078,B,1000,36,0.0767,0,0.0
L005079,B,5000,36,0.0741,1,0.3049
L005080,A,5000,24,0.0518,0,0.0
L005081,D,1000,36,0.1494,0,0.0
L005082,C,500,36,0.1204,0,0.0
L005083,E,7500,24,0.1983,1,0.1411
L005084,D,500,60,0.1358,0,0.0
L005085,A,7500,24,0.0583,0,0.0
L005086,B,1000,36,0.0795,0,0.0
L005087,B,7500,36,0.0844,0,0.0
L005088,A,7500,60,0.0574,0,0.0
L005089,B,7500,60,0.0831,0,0.0
L005090,E,2500,60,0.1991,0,0.0
L005091,D,2500,36,0.1533,0,0.0
L005092,D,10000,12,0.1465,1,0.1481
L005093,A,5000,60,0.063,0,0.0
L005094,D,1000,60,0.144,0,0.0
L005095,A,1000,60,0.0491,0,0.0
L005096,E,1000,24,0.1953,0,0.0
L005097,A,500,36,0.0577,0,0.0
L005098,B,500,36,0.075,0,0.0
L005099,C,10000,24,0.1241,0,0.0
L005100,C,500,12,0.1019,1,0.1971
L005101,B,500,36,0.0769,0,0.0
L005102,A,1000,24,0.0574,0,0.0
L005103,A,10000,60,0.0682,0,0.0
L005104,A,10000,12,0.0557,0,0.0
L005105,C,10000,24,0.1057,0,0.0
L005106,A,500,60,0.0462,0,0.0
L005107,B,2500,12,0.0769,0,0.0
L005108,A,2500,36,0.0582,0,0.0
L005109,D,5000,60,0.1547,0,0.0
L005110,E,2500,36,0.201,0,0.0
L005111,A,5000,24,0.0552,0,0.0
L005112,B,10000,24,0.08,0,0.0
L005113,C,10000,60,0.1023,0,0.0
L005114,B,5000,36,0.0822,0,0.0
L005115,E,10000,60,0.1905,0,0.0
L005116,B,10000,24,0.0736,0,0.0
L005117,D,10000,36,0.1498,0,0.0
L005118,B,500,24,0.0903,0,0.0
L005119,B,2500,12,0.069,0,0.0
L005120,E,10000,12,0.1877,1,0.2601
L005121,C,1000,36,0.1102,0,0.0
L005122,C,500,36,0.1202,0,0.0
L005123,B,1000,24,0.0804,0,0.0
L005124,C,7500,36,0.1111,1,0.2143
L005125,A,5000,12,0.0587,1,0.0112
L005126,B,10000,24,0.0776,0,0.0
L005127,B,5000,60,0.0902,0,0.0
L005128,C,5000,12,0.119,0,0.0
L005129,D,500,36,0.1532,0,0.0
L005130,C,500,12,0.1116,0,0.0
L005131,A,5000,24,0.0525,0,0.0
L005132,C,500,12,0.1127,0,0.0
L005133,D,2500,36,0.1437,0,0.0
L005134,B,10000,12,0.0765,0,0.0
L005135,A,5000,60,0.051,0,0.0
L005136,D,500,36,0.158,0,0.0
L005137,A,500,36,0.0548,0,0.0
L005138,A,5000,12,0.043,0,0.0
L005139,C,2500,24,0.1144,0,0.0
L005140,B,5000,12,0.0885,0,0.0
L005141,B,2500,24,0.0745,0,0.0
L005142,B,7500,36,0.0794,0,0.0
L005143,D,7500,36,0.1559,0,0.0
L005144,C,7500,60,0.0985,0,0.0
L005145,C,500,36,0.1239,0,0.0
L005146,B,2500,60,0.0793,0,0.0
L005147,B,500,24,0.0793,0,0.0
L005148,C,5000,12,0.125,0,0.0
L005149,A,1000,36,0.058,1,0.3666
L005150,D,1000,24,0.1608,0,0.0
L005151,A,1000,60,0.0607,0,0.0
L005152,C,5000,12,0.1049,0,0.0
L005153,B,2500,60,0.0731,0,0.0
L005154,A,1000,24,0.0571,1,0.2899
L005155,B,500,36,0.0766,0,0.0
L005156,C,7500,12,0.1077,0,0.0
L005157,D,7500,24,0.1546,0,0.0
L005158,C,500,24,0.1191,0,0.0
L005159,C,5000,60,0.1144,0,0.0
L005160,B,5000,12,0.0841,0,0.0
L005161,B,2500,36,0.0729,0,0.0
L005162,A,7500,60,0.0616,0,0.0
L005163,D,10000,12,0.1473,0,0.0
L005164,D,1000,24,0.1426,0,0.0
L005165,C,500,36,0.1108,0,0.0
L005166,B,10000,60,0.0768,0,0.0
L005167,D,1000,36,0.1498,1,0.1781
L005168,B,2500,36,0.0792,0,0.0
L005169,C,5000,36,0.1126,0,0.0
L005170,B,1000,12,0.0751,1,0.3089
L005171,A,1000,24,0.0549,0,0.0
L005172,A,7500,36,0.0567,0,0.0
L005173,B,5000,24,0.0778,0,0.0
L005174,A,2500,60,0.0474,0,0.0
L005175,B,5000,12,0.0755,0,0.0
L005176,C,10000,12,0.1103,0,0.0
L005177,B,5000,24,0.0685,0,0.0
L005178,C,2500,36,0.114,0,0.0
L005179,A,10000,24,0.0517,0,0.0
L005180,C,500,60,0.1131,0,0.0
L005181,B,2500,36,0.0708,0,0.0
L005182,C,2500,36,0.1189,1,0.1818
L005183,E,1000,24,0.1989,0,0.0
L005184,A,10000,24,0.0525,0,0.0
L005185,D,500,12,0.1618,0,0.0
L005186,B,10000,24,0.0823,0,0.0
L005187,C,2500,12,0.1089,0,0.0
L005188,A,10000,60,0.0532,0,0.0
L005189,C,500,36,0.1196,0,0.0
L005190,C,5000,60,0.107,0,0.0
L005191,B,2500,12,0.0739,0,0.0
L005192,A,7500,24,0.059,0,0.0
L005193,A,1000,36,0.0506,0,0.0
L005194,B,2500,36,0.0765,0,0.0
L005195,A,500,12,0.0551,0,0.0
L005196,D,10000,12,0.1649,0,0.0
L005197,B,7500,60,0.0787,0,0.0
L005198,A,2500,12,0.0504,0,0.0
L005199,C,5000,12,0.1132,0,0.0
L005200,B,2500,36,0.079,0,0.0
L005201,D,7500,24,0.1483,1,0.1012
L005202,B,500,36,0.0893,1,0.2781
L005203,D,2500,24,0.1536,0,0.0
L005204,D,500,12,0.1456,0,0.0
L005205,A,10000,12,0.0535,0,0.0
L005206,C,500,60,0.1159,0,0.0
L005207,B,2500,60,0.0867,0,0.0
L005208,D,7500,60,0.1503,0,0.0
L005209,B,10000,24,0.0877,0,0.0
L005210,D,5000,24,0.1548,0,0.0
L005211,D,5000,60,0.1525,0,0.0
L005212,A,7500,12,0.0576,0,0.0
L005213,B,5000,12,0.0772,0,0.0
L005214,B,1000,24,0.0705,0,0.0
L005215,E,5000,60,0.2002,0,0.0
L005216,E,7500,12,0.1979,1,0.052
L005217,B,7500,60,0.073,0,0.0
L005218,E,500,36,0.1937,0,0.0
L005219,D,1000,24,0.1505,0,0.0
L005220,C,2500,36,0.1079,0,0.0
L005221,B,2500,24,0.0769,0,0.0
L005222,A,5000,24,0.0499,0,0.0
L005223,A,10000,12,0.054,1,0.2143
L005224,A,1000,12,0.0681,0,0.0
L005225,D,5000,60,0.147,0,0.0
L005226,D,7500,24,0.1537,0,0.0
L005227,C,10000,12,0.1137,0,0.0
L005228,B,7500,12,0.0864,0,0.0
L005229,D,7500,24,0.1563,0,0.0
L005230,C,500,24,0.1219,0,0.0
L005231,A,7500,60,0.0595,0,0.0
L005232,D,10000,24,0.1497,1,0.2868
L005233,E,2500,24,0.1958,0,0.0
L005234,A,500,24,0.062,0,0.0
L005235,C,5000,60,0.1176,0,0.0
L005236,A,2500,60,0.0461,0,0.0
L005237,E,5000,12,0.1873,0,0.0
L005238,B,500,60,0.0794,0,0.0
L005239,B,1000,36,0.0834,0,0.0
L005240,C,500,24,0.1187,0,0.0
L005241,A,1000,60,0.0565,0,0.0
L005242,C,500,36,0.1066,0,0.0
L005243,C,1000,60,0.1014,0,0.0
L005244,C,10000,60,0.1116,0,0.0
L005245,B,2500,36,0.0797,0,0.0
L005246,E,5000,12,0.1998,0,0.0
L005247,B,7500,60,0.0761,0,0.0
L005248,C,7500,12,0.118,0,0.0
L005249,B,2500,12,0.0741,0,0.0
L005250,B,2500,60,0.0806,0,0.0
L005251,E,2500,36,0.1922,0,0.0
L005252,D,1000,24,0.1575,0,0.0
L005253,B,2500,12,0.0875,0,0.0
L005254,B,10000,24,0.0771,0,0.0
L005255,D,2500,60,0.147,0,0.0
L005256,B,5000,36,0.0793,0,0.0
L005257,C,2500,60,0.1101,0,0.0
L005258,D,1000,12,0.1554,0,0.0
L005259,C,10000,36,0.1033,0,0.0
L005260,C,10000,12,0.0969,0,0.0
L005261,E,2500,60,0.1988,0,0.0
L005262,D,10000,60,0.1354,0,0.0
L005263,B,5000,60,0.0851,1,0.5222
L005264,B,2500,36,0.0791,0,0.0
L005265,B,1000,36,0.077,0,0.0
L005266,A,500,12,0.0624,0,0.0
L005267,C,5000,36,0.1013,0,0.0
L005268,B,2500,36,0.0872,0,0.0
L005269,C,5000,12,0.1136,0,0.0
L005270,C,7500,36,0.1162,0,0.0
L005271,A,500,36,0.047,0,0.0
L005272,C,2500,36,0.1185,0,0.0
L005273,A,1000,12,0.0523,0,0.0
L005274,D,1000,12,0.1657,0,0.0
L005275,B,5000,24,0.0728,0,0.0
L005276,A,1000,24,0.0591,0,0.0
L005277,B,10000,24,0.071,0,0.0
L005278,C,1000,36,0.1092,0,0.0
L005279,B,10000,60,0.0836,0,0.0
L005280,D,1000,60,0.1511,1,0.135
L005281,A,1000,12,0.0495,0,0.0
L005282,B,7500,12,0.0773,0,0.0
L005283,C,500,36,0.1164,0,0.0
L005284,B,10000,24,0.0825,0,0.0
L005285,A,10000,60,0.0568,0,0.0
L005286,E,5000,12,0.2002,0,0.0
L005287,A,500,12,0.0615,0,0.0
L005288,A,10000,24,0.0654,0,0.0
L005289,B,1000,24,0.0801,0,0.0
L005290,D,2500,36,0.1459,0,0.0
L005291,C,2500,12,0.1224,0,0.0
L005292,D,7500,12,0.1513,1,0.122
L005293,E,5000,24,0.1951,0,0.0
L005294,A,10000,36,0.0415,0,0.0
L005295,D,500,12,0.1489,0,0.0
L005296,C,5000,12,0.1096,1,0.2189
L005297,B,5000,24,0.0821,0,0.0
L005298,A,1000,24,0.0606,0,0.0
L005299,E,2500,36,0.1961,1,0.1615
L005300,C,10000,24,0.1082,1,0.2816
L005301,C,5000,36,0.1152,0,0.0
L005302,C,2500,60,0.1175,0,0.0
L005303,C,500,24,0.114,0,0.0
L005304,A,2500,24,0.0576,0,0.0
L005305,B,2500,36,0.078,0,0.0
L005306,A,5000,24,0.048,0,0.0
L005307,D,7500,60,0.1491,0,0.0
L005308,A,7500,24,0.0629,0,0.0
L005309,D,500,24,0.15,0,0.0
L005310,A,500,12,0.0571,0,0.0
L005311,C,500,36,0.106,0,0.0
L005312,D,7500,36,0.1533,0,0.0
L005313,A,7500,60,0.0648,0,0.0
L005314,B,500,24,0.0833,0,0.0
L005315,A,10000,60,0.0644,0,0.0
L005316,B,1000,12,0.0751,0,0.0
L005317,B,2500,36,0.0755,0,0.0
L005318,E,5000,36,0.196,0,0.0
L005319,E,1000,24,0.191,1,0.2969
L005320,A,1000,60,0.052,0,0.0
L005321,B,5000,36,0.0696,0,0.0
L005322,B,500,60,0.0766,0,0.0
L005323,C,5000,36,0.1206,0,0.0
L005324,B,5000,12,0.0873,0,0.0
L005325,E,1000,12,0.2005,0,0.0
L005326,C,7500,24,0.1022,0,0.0
L005327,C,10000,60,0.1149,1,0.2896
L005328,B,1000,24,0.0785,0,0.0
L005329,E,5000,24,0.1993,0,0.0
L005330,B,7500,24,0.0807,0,0.0
L005331,A,500,12,0.0547,0,0.0
L005332,E,500,24,0.2032,0,0.0
L005333,C,500,36,0.1042,0,0.0
L005334,C,1000,24,0.1112,0,0.0
L005335,E,1000,12,0.1956,0,0.0
L005336,B,5000,60,0.0823,0,0.0
L005337,E,10000,60,0.2068,0,0.0
L005338,E,10000,60,0.1981,0,0.0
L005339,D,500,12,0.1478,0,0.0
L005340,E,500,60,0.1957,1,0.0043
L005341,E,2500,36,0.1882,0,0.0
L005342,C,500,12,0.1143,0,0.0
L005343,D,1000,24,0.1504,0,0.0
L005344,C,500,24,0.1149,0,0.0
L005345,B,1000,36,0.0782,0,0.0
L005346,B,2500,12,0.0856,0,0.0
L005347,B,1000,36,0.0817,0,0.0
L005348,A,500,12,0.051,0,0.0
L005349,D,10000,24,0.1552,0,0.0
L005350,D,7500,24,0.1462,0,0.0
L005351,A,7500,60,0.0591,0,0.0
L005352,E,1000,24,0.1994,0,0.0
L005353,B,5000,36,0.0809,0,0.0
L005354,E,1000,60,0.2048,0,0.0
L005355,B,2500,24,0.0852,0,0.0
L005356,B,10000,24,0.0853,0,0.0
L005357,D,7500,12,0.1477,0,0.0
L005358,E,500,60,0.1882,0,0.0
L005359,E,10000,60,0.2004,1,0.0178
L005360,C,500,12,0.1118,0,0.0
L005361,B,5000,60,0.0714,0,0.0
L005362,B,500,24,0.0884,0,0.0
L005363,B,5000,36,0.0812,0,0.0
L005364,C,10000,24,0.1097,0,0.0
L005365,D,2500,12,0.1503,0,0.0
L005366,D,10000,36,0.1464,0,0.0
L005367,B,1000,12,0.076,0,0.0
L005368,C,5000,36,0.1096,0,0.0
L005369,C,10000,36,0.1126,0,0.0
L005370,C,2500,12,0.1103,0,0.0
L005371,D,7500,60,0.1523,0,0.0
L005372,A,1000,24,0.0485,0,0.0
L005373,B,10000,12,0.0818,0,0.0
L005374,B,1000,12,0.0765,0,0.0
L005375,B,1000,36,0.0797,0,0.0
L005376,D,1000,12,0.1469,1,0.2
L005377,B,5000,12,0.0909,0,0.0
L005378,D,10000,12,0.1537,0,0.0
L005379,A,1000,60,0.045,0,0.0
L005380,D,7500,36,0.1533,0,0.0
L005381,E,500,24,0.2045,0,0.0
L005382,C,1000,12,0.1137,0,0.0
L005383,E,1000,60,0.1901,0,0.0
L005384,C,7500,24,0.1141,1,0.322
L005385,D,1000,60,0.1498,0,0.0
L005386,C,5000,24,0.1184,0,0.0
L005387,D,7500,36,0.1565,1,0.3233
L005388,B,5000,36,0.0783,0,0.0
L005389,C,7500,60,0.1104,0,0.0
L005390,E,7500,12,0.1965,1,0.0377
L005391,B,10000,60,0.0668,0,0.0
L005392,B,2500,60,0.0782,0,0.0
L005393,D,5000,36,0.1421,1,0.2026
L005394,A,500,24,0.059,0,0.0
L005395,C,2500,24,0.1232,0,0.0
L005396,C,5000,12,0.1096,0,0.0
L005397,B,5000,12,0.0797,0,0.0
L005398,C,2500,12,0.1068,0,0.0
L005399,B,1000,24,0.0785,0,0.0
L005400,B,5000,12,0.0772,0,0.0
L005401,B,500,36,0.0787,0,0.0
L005402,B,7500,60,0.0755,0,0.0
L005403,C,7500,36,0.1107,0,0.0
L005404,B,5000,12,0.0979,0,0.0
L005405,C,5000,24,0.1116,0,0.0
L005406,A,500,60,0.0529,0,0.0
L005407,B,500,24,0.0813,0,0.0
L005408,C,2500,12,0.1182,0,0.0
L005409,C,7500,36,0.1182,0,0.0
L005410,D,7500,36,0.154,1,0.2597
L005411,D,2500,36,0.1408,0,0.0
L005412,A,2500,24,0.0588,0,0.0
L005413,B,10000,24,0.0843,0,0.0
L005414,A,1000,12,0.0524,0,0.0
L005415,E,7500,24,0.2034,1,0.073
L005416,C,500,24,0.1093,0,0.0
L005417,A,2500,12,0.0678,0,0.0
L005418,D,10000,60,0.1496,0,0.0
L005419,D,1000,24,0.145,0,0.0
L005420,A,2500,24,0.0587,0,0.0
L005421,B,500,24,0.0767,0,0.0
L005422,D,10000,60,0.1395,0,0.0
L005423,C,1000,24,0.1103,0,0.0
L005424,C,5000,60,0.1085,0,0.0
L005425,E,7500,12,0.1866,0,0.0
L005426,A,7500,24,0.0682,0,0.0
L005427,B,2500,36,0.0733,0,0.0
L005428,C,500,24,0.1136,0,0.0
L005429,C,10000,36,0.116,0,0.0
L005430,E,2500,60,0.1887,0,0.0
L005431,B,7500,36,0.0812,0,0.0
L005432,D,2500,12,0.1403,0,0.0
L005433,B,500,36,0.079,0,0.0
L005434,B,7500,36,0.0722,0,0.0
L005435,A,7500,60,0.0492,0,0.0
L005436,B,2500,24,0.0706,0,0.0
L005437,B,500,12,0.0797,0,0.0
L005438,A,5000,12,0.0577,0,0.0
L005439,B,500,24,0.086,0,0.0
L005440,B,7500,60,0.0718,0,0.0
L005441,A,10000,60,0.0578,0,0.0
L005442,E,1000,24,0.1971,1,0.0897
L005443,C,500,12,0.1085,0,0.0
L005444,B,10000,60,0.0826,0,0.0
L005445,A,1000,36,0.059,0,0.0
L005446,A,1000,12,0.0524,0,0.0
L005447,C,1000,12,0.1191,0,0.0
L005448,D,1000,60,0.1608,0,0.0
L005449,B,10000,36,0.0941,0,0.0
L005450,C,10000,60,0.1107,0,0.0
L005451,B,1000,24,0.0751,0,0.0
L005452,E,1000,60,0.1943,0,0.0
L005453,A,10000,12,0.0515,0,0.0
L005454,B,500,12,0.0883,0,0.0
L005455,C,2500,60,0.1165,0,0.0
L005456,C,10000,12,0.1095,0,0.0
L005457,B,2500,12,0.0911,0,0.0
L005458,A,5000,24,0.0538,0,0.0
L005459,C,1000,24,0.1235,0,0.0
L005460,B,2500,24,0.0731,0,0.0
L005461,B,10000,24,0.08,0,0.0
L005462,A,1000,24,0.0536,0,0.0
L005463,C,5000,36,0.1111,0,0.0
L005464,B,5000,60,0.0828,1,0.3222
L005465,A,2500,36,0.0642,0,0.0
L005466,C,500,24,0.1071,0,0.0
L005467,A,5000,12,0.0508,0,0.0
L005468,A,500,12,0.0484,0,0.0
L005469,E,7500,36,0.2011,1,0.1831
L005470,E,2500,12,0.1764,0,0.0
L005471,C,2500,60,0.1156,0,0.0
L005472,C,1000,24,0.1345,0,0.0
L005473,D,1000,36,0.1437,0,0.0
L005474,D,7500,24,0.1509,0,0.0
L005475,B,7500,24,0.086,0,0.0
L005476,B,1000,12,0.0837,0,0.0
L005477,C,10000,12,0.1099,0,0.0
L005478,B,7500,24,0.0854,0,0.0
L005479,A,5000,24,0.056,0,0.0
L005480,C,1000,24,0.1173,0,0.0
L005481,D,10000,24,0.1386,0,0.0
L005482,B,2500,36,0.079,1,0.3453
L005483,E,5000,12,0.1869,1,0.186
L005484,D,1000,60,0.1508,0,0.0
L005485,C,2500,36,0.1126,0,0.0
L005486,D,500,12,0.1542,0,0.0
L005487,B,1000,12,0.0845,0,0.0
L005488,C,10000,24,0.1088,0,0.0
L005489,E,1000,36,0.2059,0,0.0
L005490,B,2500,60,0.0821,0,0.0
L005491,D,500,60,0.155,0,0.0
L005492,E,5000,36,0.1961,0,0.0
L005493,C,2500,12,0.1039,0,0.0
L005494,B,2500,36,0.0755,0,0.0
L005495,B,5000,60,0.0671,0,0.0
L005496,D,1000,24,0.146,0,0.0
L005497,C,2500,60,0.1107,0,0.0
L005498,A,10000,12,0.0577,0,0.0
L005499,C,500,36,0.1104,0,0.0
L005500,D,10000,36,0.1529,1,0.189
L005501,B,10000,60,0.0746,0,0.0
L005502,C,500,24,0.1095,0,0.0
L005503,D,7500,24,0.1553,0,0.0
L005504,C,500,24,0.1168,0,0.0
L005505,D,2500,24,0.1432,0,0.0
L005506,B,2500,36,0.0861,0,0.0
L005507,A,500,24,0.0582,0,0.0
L005508,B,500,36,0.0696,0,0.0
L005509,C,10000,36,0.1103,0,0.0
L005510,B,500,60,0.0762,0,0.0
L005511,A,7500,60,0.0533,0,0.0
L005512,B,500,60,0.075,0,0.0
L005513,B,7500,36,0.0825,0,0.0
L005514,D,1000,12,0.1455,0,0.0
L005515,C,500,12,0.113,0,0.0
L005516,A,5000,36,0.0597,0,0.0
L005517,B,7500,36,0.0783,0,0.0
L005518,B,2500,60,0.0724,0,0.0
L005519,B,1000,24,0.0737,0,0.0
L005520,B,10000,36,0.081,0,0.0
L005521,B,2500,36,0.0827,0,0.0
L005522,D,1000,12,0.1558,0,0.0
L005523,E,10000,24,0.1922,0,0.0
L005524,B,10000,60,0.0719,0,0.0
L005525,D,5000,12,0.1369,0,0.0
L005526,E,2500,24,0.2047,0,0.0
L005527,C,1000,24,0.1013,0,0.0
L005528,E,1000,24,0.1889,1,0.1567
L005529,D,5000,60,0.1485,0,0.0
L005530,D,10000,36,0.1652,0,0.0
L005531,B,7500,12,0.0754,0,0.0
L005532,B,2500,36,0.0828,0,0.0
L005533,D,2500,36,0.1581,0,0.0
L005534,A,500,24,0.0583,0,0.0
L005535,B,7500,24,0.0746,0,0.0
L005536,B,1000,60,0.0849,0,0.0
L005537,C,2500,12,0.117,0,0.0
L005538,B,1000,24,0.0755,1,0.0494
L005539,B,1000,60,0.0788,0,0.0
L005540,D,500,60,0.1425,0,0.0
L005541,C,10000,12,0.1047,0,0.0
L005542,D,10000,24,0.1473,0,0.0
L005543,C,5000,24,0.1148,0,0.0
L005544,E,7500,12,0.1814,0,0.0
L005545,A,1000,24,0.0575,0,0.0
L005546,A,500,60,0.046,0,0.0
L005547,D,500,24,0.1452,1,0.3657
L005548,D,2500,24,0.1428,0,0.0
L005549,B,7500,36,0.0801,0,0.0
L005550,C,1000,24,0.1122,0,0.0
L005551,E,5000,36,0.194,1,0.194
L005552,D,1000,12,0.1564,0,0.0
L005553,E,7500,24,0.2047,1,0.2515
L005554,C,10000,60,0.1151,0,0.0
L005555,B,2500,36,0.0908,0,0.0
L005556,C,500,60,0.1217,1,0.206
L005557,B,2500,36,0.0808,0,0.0
L005558,D,7500,36,0.1491,0,0.0
L005559,C,2500,12,0.1089,0,0.0
L005560,A,7500,36,0.0527,0,0.0
L005561,D,5000,24,0.1591,0,0.0
L005562,A,2500,24,0.0658,0,0.0
L005563,E,5000,12,0.1879,0,0.0
L005564,B,2500,60,0.0765,0,0.0
L005565,E,500,60,0.1977,0,0.0
L005566,A,7500,36,0.065,0,0.0
L005567,C,5000,12,0.1171,0,0.0
L005568,D,10000,36,0.1452,0,0.0
L005569,B,10000,60,0.077,0,0.0
L005570,B,5000,12,0.0762,0,0.0
L005571,A,7500,24,0.0485,0,0.0
L005572,C,5000,36,0.1084,0,0.0
L005573,A,7500,24,0.0466,0,0.0
L005574,B,5000,60,0.0761,0,0.0
L005575,C,500,60,0.1188,0,0.0
L005576,D,10000,12,0.1537,0,0.0
L005577,C,7500,12,0.1096,0,0.0
L005578,B,1000,60,0.0787,0,0.0
L005579,E,1000,24,0.1907,0,0.0
L005580,C,500,12,0.1307,0,0.0
L005581,D,10000,36,0.1456,0,0.0
L005582,A,1000,36,0.061,0,0.0
L005583,A,5000,60,0.0525,0,0.0
L005584,C,7500,36,0.1182,1,0.2775
L005585,B,500,36,0.0814,0,0.0
L005586,C,2500,36,0.1217,0,0.0
L005587,B,5000,60,0.0699,0,0.0
L005588,A,10000,36,0.053,0,0.0
L005589,C,10000,60,0.1099,0,0.0
L005590,C,500,36,0.1158,0,0.0
L005591,A,5000,12,0.055,1,0.3545
L005592,A,10000,36,0.053,0,0.0
L005593,E,1000,36,0.1897,1,0.0967
L005594,A,7500,60,0.0531,0,0.0
L005595,D,1000,36,0.1512,0,0.0
L005596,B,5000,12,0.0735,0,0.0
L005597,C,5000,12,0.107,0,0.0
L005598,A,2500,24,0.0514,0,0.0
L005599,D,2500,36,0.1438,0,0.0
L005600,B,2500,36,0.0757,0,0.0
L005601,B,2500,36,0.0817,0,0.0
L005602,A,2500,24,0.0501,0,0.0
L005603,A,1000,60,0.0587,0,0.0
L005604,C,5000,24,0.1119,0,0.0
L005605,D,1000,24,0.149,0,0.0
L005606,B,7500,12,0.0775,0,0.0
L005607,D,10000,24,0.1449,0,0.0
L005608,B,1000,60,0.0758,0,0.0
L005609,C,2500,36,0.1032,0,0.0
L005610,B,5000,24,0.0787,0,0.0
L005611,D,10000,36,0.1491,0,0.0
L005612,B,2500,36,0.0858,0,0.0
L005613,D,5000,12,0.149,0,0.0
L005614,A,5000,24,0.0549,0,0.0
L005615,A,10000,60,0.0545,0,0.0
L005616,A,5000,36,0.0533,0,0.0
L005617,B,5000,24,0.0767,0,0.0
L005618,E,2500,24,0.1974,0,0.0
L005619,C,10000,24,0.1083,0,0.0
L005620,A,1000,60,0.0558,0,0.0
L005621,B,1000,36,0.0663,0,0.0
L005622,B,7500,60,0.0854,0,0.0
L005623,C,7500,36,0.1189,0,0.0
L005624,D,10000,24,0.1548,0,0.0
L005625,C,1000,12,0.1152,0,0.0
L005626,D,5000,24,0.1501,0,0.0
L005627,D,2500,36,0.147,0,0.0
L005628,B,10000,12,0.0841,0,0.0
L005629,A,10000,24,0.0613,0,0.0
L005630,B,5000,36,0.07,0,0.0
L005631,A,2500,24,0.0581,0,0.0
L005632,C,1000,60,0.114,0,0.0
L005633,B,5000,24,0.0692,0,0.0
L005634,C,5000,24,0.1155,0,0.0
L005635,C,7500,12,0.1081,0,0.0
L005636,D,5000,60,0.1517,1,0.0168
L005637,D,10000,24,0.1532,0,0.0
L005638,C,2500,24,0.1071,0,0.0
L005639,B,500,24,0.0753,0,0.0
L005640,B,1000,12,0.0845,0,0.0
L005641,E,1000,24,0.1948,0,0.0
L005642,A,500,36,0.0532,0,0.0
L005643,C,2500,24,0.1112,0,0.0
L005644,E,1000,12,0.1901,0,0.0
L005645,A,500,36,0.0493,0,0.0
L005646,C,5000,60,0.1247,0,0.0
L005647,D,2500,12,0.1331,0,0.0
L005648,B,10000,24,0.08,0,0.0
L005649,A,2500,12,0.0579,0,0.0
L005650,E,7500,60,0.2044,1,0.148
L005651,C,1000,12,0.1169,0,0.0
L005652,E,500,60,0.1966,0,0.0
L005653,D,1000,60,0.1473,1,0.2454
L005654,B,500,12,0.081,0,0.0
L005655,C,7500,36,0.1156,0,0.0
L005656,A,7500,36,0.0581,0,0.0
L005657,C,10000,24,0.1095,0,0.0
L005658,A,7500,36,0.0537,0,0.0
L005659,B,500,24,0.0813,0,0.0
L005660,C,7500,24,0.1024,0,0.0
L005661,B,2500,60,0.0748,0,0.0
L005662,E,2500,12,0.1876,0,0.0
L005663,D,5000,60,0.1462,0,0.0
L005664,C,1000,12,0.1126,0,0.0
L005665,C,5000,24,0.1131,0,0.0
L005666,D,5000,36,0.1531,0,0.0
L005667,E,7500,60,0.1942,0,0.0
L005668,E,2500,12,0.1983,0,0.0
L005669,D,1000,60,0.1518,1,0.0728
L005670,C,10000,36,0.105,0,0.0
L005671,D,5000,36,0.1514,0,0.0
L005672,B,1000,36,0.0719,0,0.0
L005673,C,10000,12,0.1158,0,0.0
L005674,A,2500,24,0.0727,0,0.0
L005675,B,7500,24,0.0773,0,0.0
L005676,B,2500,24,0.0775,0,0.0
L005677,C,500,60,0.112,0,0.0
L005678,A,1000,36,0.057,0,0.0
L005679,E,2500,24,0.1977,0,0.0
L005680,C,2500,12,0.115,0,0.0
L005681,A,7500,60,0.057,0,0.0
L005682,A,1000,36,0.0532,0,0.0
L005683,B,2500,12,0.0878,0,0.0
L005684,A,1000,12,0.064,0,0.0
L005685,B,1000,12,0.0783,0,0.0
L005686,C,2500,12,0.1089,0,0.0
L005687,C,10000,60,0.1064,1,0.2491
L005688,B,10000,12,0.0822,0,0.0
L005689,E,500,12,0.2032,1,0.0953
L005690,B,5000,24,0.0824,0,0.0
L005691,C,7500,12,0.114,0,0.0
L005692,C,500,24,0.1147,0,0.0
L005693,D,7500,36,0.162,1,0.2881
L005694,D,1000,12,0.1396,0,0.0
L005695,D,2500,36,0.1544,1,0.3367
L005696,C,7500,60,0.1071,0,0.0
L005697,D,5000,36,0.1491,0,0.0
L005698,B,1000,12,0.0665,0,0.0
L005699,D,5000,24,0.1477,0,0.0
L005700,B,2500,36,0.0754,0,0.0
L005701,A,5000,12,0.0573,0,0.0
L005702,C,500,12,0.1149,0,0.0
L005703,E,500,60,0.1893,0,0.0
L005704,D,2500,12,0.1495,0,0.0
L005705,C,10000,12,0.1104,0,0.0
L005706,B,7500,60,0.0777,1,0.3395
L005707,D,5000,36,0.1497,0,0.0
L005708,A,500,24,0.0533,0,0.0
L005709,B,7500,24,0.086,0,0.0
L005710,A,7500,12,0.0523,0,0.0
L005711,A,1000,24,0.0538,0,0.0
L005712,B,5000,36,0.0641,0,0.0
L005713,E,7500,12,0.1998,1,0.0758
L005714,A,500,12,0.0483,0,0.0
L005715,D,2500,12,0.1599,0,0.0
L005716,C,1000,60,0.1119,0,0.0
L005717,C,2500,12,0.1077,1,0.3386
L005718,B,7500,60,0.0841,0,0.0
L005719,D,1000,24,0.1345,0,0.0
L005720,B,500,36,0.0874,0,0.0
L005721,C,1000,24,0.1142,0,0.0
L005722,D,10000,12,0.1555,0,0.0
L005723,B,2500,60,0.0779,0,0.0
L005724,A,2500,60,0.0479,0,0.0
L005725,A,1000,36,0.0608,0,0.0
L005726,B,10000,36,0.0894,0,0.0
L005727,C,2500,60,0.1075,0,0.0
L005728,E,10000,24,0.1998,0,0.0
L005729,A,5000,60,0.0597,0,0.0
L005730,D,10000,60,0.1465,0,0.0
L005731,B,5000,36,0.0784,0,0.0
L005732,B,1000,12,0.0794,0,0.0
L005733,B,7500,24,0.0712,0,0.0
L005734,C,7500,12,0.1037,0,0.0
L005735,C,7500,60,0.105,0,0.0
L005736,B,2500,24,0.0794,0,0.0
L005737,D,5000,36,0.1403,0,0.0
L005738,B,10000,24,0.0814,0,0.0
L005739,C,5000,24,0.1065,0,0.0
L005740,E,7500,12,0.1978,1,0.0259
L005741,D,1000,12,0.1596,0,0.0
L005742,C,10000,36,0.1149,0,0.0
L005743,C,7500,24,0.1165,0,0.0
L005744,A,10000,60,0.0485,0,0.0
L005745,C,1000,12,0.1214,0,0.0
L005746,A,7500,60,0.0481,0,0.0
L005747,B,5000,24,0.0822,0,0.0
L005748,D,2500,60,0.1394,0,0.0
L005749,B,10000,60,0.0798,1,0.5752
L005750,C,5000,12,0.1028,0,0.0
L005751,E,500,36,0.1948,0,0.0
L005752,B,10000,60,0.0712,0,0.0
L005753,C,2500,60,0.1046,0,0.0
L005754,D,5000,36,0.1615,0,0.0
L005755,D,7500,12,0.1511,0,0.0
L005756,C,5000,12,0.1202,0,0.0
L005757,D,5000,24,0.1438,0,0.0
L005758,D,2500,36,0.1484,0,0.0
L005759,D,1000,24,0.1485,0,0.0
L005760,C,7500,24,0.1225,0,0.0
L005761,C,2500,24,0.1168,0,0.0
L005762,A,500,12,0.05,0,0.0
L005763,C,5000,60,0.1047,0,0.0
L005764,E,1000,24,0.195,0,0.0
L005765,D,5000,36,0.1487,0,0.0
L005766,A,5000,36,0.0571,0,0.0
L005767,A,10000,36,0.0499,0,0.0
L005768,C,2500,24,0.1127,0,0.0
L005769,C,2500,36,0.1101,0,0.0
L005770,B,1000,36,0.0726,0,0.0
L005771,C,1000,24,0.1015,0,0.0
L005772,A,10000,24,0.0583,0,0.0
L005773,D,2500,24,0.148,0,0.0
L005774,C,2500,24,0.1149,1,0.2331
L005775,C,500,36,0.1148,0,0.0
L005776,D,7500,36,0.1583,0,0.0
L005777,B,5000,60,0.0767,0,0.0
L005778,B,2500,60,0.0809,0,0.0
L005779,D,5000,24,0.1486,0,0.0
L005780,B,5000,12,0.0753,0,0.0
L005781,C,500,12,0.1173,0,0.0
L005782,C,2500,60,0.1141,0,0.0
L005783,B,2500,36,0.0746,0,0.0
L005784,A,10000,24,0.057,0,0.0
L005785,C,5000,36,0.1086,1,0.2025
L005786,B,500,12,0.0812,0,0.0
L005787,E,10000,12,0.1925,0,0.0
L005788,C,5000,36,0.1137,0,0.0
L005789,C,2500,12,0.1054,0,0.0
L005790,B,500,12,0.0797,0,0.0
L005791,A,10000,24,0.0537,0,0.0
L005792,C,500,12,0.122,0,0.0
L005793,B,5000,12,0.082,1,0.2823
L005794,D,2500,24,0.1502,0,0.0
L005795,B,10000,36,0.0776,0,0.0
L005796,B,5000,12,0.0759,0,0.0
L005797,C,500,24,0.1081,0,0.0
L005798,B,5000,12,0.069,0,0.0
L005799,A,2500,12,0.0618,0,0.0
L005800,E,10000,12,0.1917,0,0.0
L005801,C,5000,24,0.1219,0,0.0
L005802,D,5000,60,0.1463,0,0.0
L005803,A,5000,36,0.0485,0,0.0
L005804,C,2500,24,0.1113,0,0.0
L005805,A,500,60,0.0588,0,0.0
L005806,B,1000,36,0.0821,0,0.0
L005807,A,10000,12,0.0546,0,0.0
L005808,B,1000,60,0.0782,0,0.0
L005809,C,7500,12,0.1273,0,0.0
L005810,E,1000,36,0.2001,0,0.0
L005811,C,10000,12,0.1136,0,0.0
L005812,C,2500,36,0.1131,0,0.0
L005813,D,5000,60,0.153,0,0.0
L005814,C,500,12,0.1063,0,0.0
L005815,C,500,36,0.107,0,0.0
L005816,C,1000,36,0.1171,0,0.0
L005817,B,7500,12,0.0754,0,0.0
L005818,B,7500,24,0.0923,0,0.0
L005819,D,1000,12,0.1426,0,0.0
L005820,E,10000,36,0.199,0,0.0
L005821,C,1000,12,0.1072,0,0.0
L005822,D,2500,36,0.1535,0,0.0
L005823,B,1000,36,0.0866,0,0.0
L005824,C,5000,36,0.1153,0,0.0
L005825,B,10000,60,0.0853,0,0.0
L005826,D,500,60,0.15,0,0.0
L005827,A,5000,60,0.0433,0,0.0
L005828,B,2500,12,0.0729,0,0.0
L005829,D,500,36,0.1481,0,0.0
L005830,B,500,12,0.0811,0,0.0
L005831,E,500,36,0.1843,0,0.0
L005832,D,10000,12,0.1395,0,0.0
L005833,C,500,24,0.1093,0,0.0
L005834,B,7500,36,0.0813,0,0.0
L005835,B,10000,36,0.08,0,0.0
L005836,B,2500,60,0.071,0,0.0
L005837,D,5000,60,0.1519,0,0.0
L005838,A,1000,24,0.0468,0,0.0
L005839,C,500,12,0.1182,0,0.0
L005840,C,7500,36,0.1127,0,0.0
L005841,D,500,12,0.1441,1,0.0605
L005842,D,10000,12,0.152,0,0.0
L005843,C,7500,12,0.1125,0,0.0
L005844,B,5000,24,0.0806,0,0.0
L005845,E,1000,60,0.1939,0,0.0
L005846,E,5000,12,0.1952,0,0.0
L005847,C,7500,24,0.1042,0,0.0
L005848,A,7500,60,0.055,0,0.0
L005849,D,500,12,0.1522,0,0.0
L005850,B,7500,12,0.0792,0,0.0
L005851,B,500,36,0.0767,0,0.0
L005852,D,10000,12,0.142,0,0.0
L005853,C,10000,36,0.1094,0,0.0
L005854,B,5000,60,0.084,0,0.0
L005855,A,7500,60,0.0505,0,0.0
L005856,D,7500,24,0.1487,0,0.0
L005857,B,1000,24,0.0803,0,0.0
L005858,B,10000,60,0.0719,0,0.0
L005859,A,1000,36,0.0579,0,0.0
L005860,E,1000,12,0.1878,0,0.0
L005861,A,2500,24,0.0467,0,0.0
L005862,A,7500,12,0.0652,0,0.0
L005863,E,7500,60,0.1936,0,0.0
L005864,C,7500,36,0.1096,0,0.0
L005865,D,2500,24,0.1483,0,0.0
L005866,A,10000,36,0.0549,0,0.0
L005867,D,5000,12,0.1595,1,0.1998
L005868,A,500,60,0.0509,0,0.0
L005869,D,7500,36,0.1509,1,0.2081
L005870,A,5000,60,0.059,0,0.0
L005871,E,10000,60,0.1916,0,0.0
L005872,D,10000,60,0.1506,0,0.0
L005873,D,1000,12,0.1443,1,0.1377
L005874,B,1000,60,0.0803,0,0.0
L005875,A,10000,24,0.0537,0,0.0
L005876,C,10000,36,0.1167,0,0.0
L005877,E,10000,24,0.1848,0,0.0
L005878,A,2500,24,0.0635,0,0.0
L005879,A,10000,12,0.064,0,0.0
L005880,E,10000,60,0.1951,0,0.0
L005881,C,5000,60,0.1051,0,0.0
L005882,A,5000,60,0.0539,0,0.0
L005883,C,1000,36,0.1266,0,0.0
L005884,B,10000,24,0.0856,0,0.0
L005885,D,500,36,0.1448,1,0.2345
L005886,C,500,60,0.1092,0,0.0
L005887,B,7500,24,0.0822,0,0.0
L005888,D,2500,24,0.1457,0,0.0
L005889,C,2500,36,0.1014,0,0.0
L005890,D,7500,60,0.1538,0,0.0
L005891,A,2500,60,0.0529,0,0.0
L005892,B,500,24,0.0845,0,0.0
L005893,C,5000,60,0.1075,0,0.0
L005894,E,5000,60,0.1855,0,0.0
L005895,C,5000,36,0.101,0,0.0
L005896,D,1000,60,0.1551,0,0.0
L005897,B,2500,24,0.0882,0,0.0
L005898,C,7500,36,0.1106,0,0.0
L005899,C,7500,24,0.1108,0,0.0
L005900,C,10000,24,0.1067,1,0.3519
L005901,C,7500,36,0.1072,0,0.0
L005902,A,5000,60,0.0516,0,0.0
L005903,D,500,24,0.1556,0,0.0
L005904,E,7500,60,0.1987,0,0.0
L005905,B,7500,60,0.0719,0,0.0
L005906,A,1000,24,0.0631,0,0.0
L005907,C,500,12,0.115,0,0.0
L005908,A,1000,24,0.0521,0,0.0
L005909,A,1000,12,0.0593,0,0.0
L005910,A,500,60,0.0524,0,0.0
L005911,C,1000,36,0.1244,0,0.0
L005912,D,2500,12,0.1595,0,0.0
L005913,E,7500,12,0.193,0,0.0
L005914,D,10000,24,0.1531,0,0.0
L005915,E,7500,24,0.1945,1,0.0289
L005916,C,500,36,0.1103,0,0.0
L005917,C,10000,12,0.1116,1,0.2367
L005918,B,5000,36,0.0775,0,0.0
L005919,A,5000,24,0.0559,0,0.0
L005920,B,10000,60,0.0798,0,0.0
L005921,C,500,60,0.1135,0,0.0
L005922,B,1000,60,0.0736,0,0.0
L005923,B,1000,12,0.0772,0,0.0
L005924,A,2500,12,0.0582,0,0.0
L005925,E,500,24,0.1915,0,0.0
L005926,C,7500,36,0.107,0,0.0
L005927,C,5000,24,0.1233,0,0.0
L005928,D,1000,36,0.1519,0,0.0
L005929,B,5000,36,0.0906,0,0.0
L005930,B,500,24,0.0747,0,0.0
L005931,B,5000,60,0.0697,0,0.0
L005932,A,500,60,0.0527,0,0.0
L005933,D,10000,24,0.1459,0,0.0
L005934,C,1000,12,0.1086,0,0.0
L005935,D,1000,24,0.143,0,0.0
L005936,D,10000,60,0.1517,1,0.065
L005937,E,1000,12,0.189,1,0.148
L005938,D,500,24,0.1469,1,0.2887
L005939,B,7500,36,0.0811,0,0.0
L005940,A,1000,12,0.058,0,0.0
L005941,C,7500,12,0.1097,0,0.0
L005942,B,500,24,0.0822,0,0.0
L005943,C,2500,12,0.1206,0,0.0
L005944,A,5000,24,0.057,0,0.0
L005945,B,500,24,0.0849,0,0.0
L005946,D,2500,24,0.1555,0,0.0
L005947,B,5000,12,0.0877,0,0.0
L005948,E,10000,60,0.188,0,0.0
L005949,A,5000,36,0.0581,0,0.0
L005950,C,7500,24,0.11,0,0.0
L005951,A,1000,12,0.0554,0,0.0
L005952,C,5000,60,0.1139,0,0.0
L005953,D,1000,36,0.1583,0,0.0
L005954,B,5000,12,0.0928,0,0.0
L005955,C,5000,12,0.1048,0,0.0
L005956,C,2500,12,0.1067,0,0.0
L005957,D,1000,36,0.1605,0,0.0
L005958,B,5000,36,0.0902,0,0.0
L005959,C,1000,36,0.1155,0,0.0
L005960,C,500,60,0.113,0,0.0
L005961,B,10000,24,0.0864,0,0.0
L005962,A,2500,12,0.0497,0,0.0
L005963,A,7500,12,0.0704,1,0.2909
L005964,C,5000,24,0.1117,0,0.0
L005965,C,5000,24,0.1236,0,0.0
L005966,D,2500,12,0.1564,0,0.0
L005967,E,1000,36,0.1916,0,0.0
L005968,A,1000,12,0.0424,0,0.0
L005969,D,7500,24,0.1552,0,0.0
L005970,A,2500,24,0.0562,0,0.0
L005971,D,500,36,0.1546,0,0.0
L005972,B,5000,60,0.077,0,0.0
L005973,B,2500,60,0.0747,0,0.0
L005974,B,7500,24,0.0806,0,0.0
L005975,A,1000,36,0.0545,0,0.0
L005976,A,10000,24,0.0577,0,0.0
L005977,B,5000,12,0.0739,0,0.0
L005978,B,2500,12,0.0785,0,0.0
L005979,C,500,36,0.1062,0,0.0
L005980,B,10000,24,0.0773,0,0.0
L005981,B,2500,24,0.0809,0,0.0
L005982,C,7500,36,0.1088,0,0.0
L005983,D,1000,24,0.1423,0,0.0
L005984,D,1000,60,0.1521,0,0.0
L005985,B,10000,60,0.077,0,0.0
L005986,B,500,36,0.077,0,0.0
L005987,E,5000,24,0.1947,0,0.0
L005988,B,500,60,0.0774,0,0.0
L005989,A,2500,24,0.0423,0,0.0
L005990,A,7500,12,0.0573,0,0.0
L005991,C,10000,60,0.1078,0,0.0
L005992,E,1000,36,0.2027,1,0.1832
L005993,D,2500,36,0.1538,0,0.0
L005994,C,7500,36,0.1088,0,0.0
L005995,B,2500,24,0.0761,0,0.0
L005996,A,7500,12,0.0494,0,0.0
L005997,B,5000,60,0.0691,0,0.0
L005998,E,1000,24,0.1909,0,0.0
L005999,C,5000,24,0.1155,0,0.0
L006000,D,2500,36,0.1403,0,0.0
L006001,D,2500,12,0.1634,1,0.2524
L006002,E,1000,36,0.2018,0,0.0
L006003,D,10000,60,0.153,0,0.0
L006004,A,500,24,0.0584,0,0.0
L006005,D,1000,36,0.1623,0,0.0
L006006,B,1000,36,0.0681,0,0.0
L006007,D,7500,60,0.1485,0,0.0
L006008,B,5000,12,0.0798,0,0.0
L006009,B,500,12,0.0841,0,0.0
L006010,A,10000,12,0.0664,0,0.0
L006011,B,2500,60,0.0813,0,0.0
L006012,A,5000,60,0.0545,0,0.0
L006013,A,2500,60,0.0519,0,0.0
L006014,C,5000,24,0.1137,0,0.0
L006015,B,10000,12,0.0765,0,0.0
L006016,B,1000,60,0.0755,0,0.0
L006017,A,10000,36,0.053,0,0.0
L006018,B,7500,24,0.0718,1,0.2153
L006019,B,500,24,0.0824,0,0.0
L006020,D,2500,36,0.1393,0,0.0
L006021,A,10000,60,0.0654,0,0.0
L006022,B,2500,60,0.0752,0,0.0
L006023,B,10000,36,0.0782,0,0.0
L006024,C,5000,24,0.1053,0,0.0
L006025,D,7500,60,0.1472,0,0.0
L006026,C,2500,12,0.1077,0,0.0
L006027,C,7500,24,0.1061,0,0.0
L006028,C,500,24,0.1156,0,0.0
L006029,D,7500,12,0.1472,0,0.0
L006030,B,1000,24,0.0758,0,0.0
L006031,B,5000,12,0.0804,0,0.0
L006032,D,500,36,0.1547,0,0.0
L006033,C,7500,60,0.1047,0,0.0
L006034,C,2500,36,0.1138,0,0.0
L006035,E,5000,60,0.1946,1,0.215
L006036,B,10000,12,0.0738,0,0.0
L006037,A,5000,36,0.0378,0,0.0
L006038,B,5000,24,0.094,0,0.0
L006039,D,5000,36,0.1515,0,0.0
L006040,D,1000,36,0.1457,0,0.0
L006041,D,10000,36,0.1541,0,0.0
L006042,A,500,60,0.0519,0,0.0
L006043,D,7500,36,0.1559,0,0.0
L006044,A,7500,12,0.0587,0,0.0
L006045,D,1000,60,0.1531,0,0.0
L006046,A,2500,60,0.0631,0,0.0
L006047,D,1000,12,0.1393,0,0.0
L006048,A,7500,12,0.0558,0,0.0
L006049,B,2500,12,0.1006,0,0.0
L006050,C,5000,36,0.1184,0,0.0
L006051,B,5000,24,0.0718,0,0.0
L006052,B,10000,24,0.087,0,0.0
L006053,B,2500,36,0.0802,0,0.0
L006054,A,7500,12,0.0416,0,0.0
L006055,D,1000,60,0.1475,0,0.0
L006056,D,5000,24,0.1416,0,0.0
L006057,D,500,24,0.1509,0,0.0
L006058,D,5000,24,0.1423,0,0.0
L006059,D,2500,60,0.1577,1,0.0459
L006060,B,1000,60,0.0859,0,0.0
L006061,A,500,12,0.0632,0,0.0
L006062,B,2500,36,0.0728,0,0.0
L006063,C,1000,12,0.1088,0,0.0
L006064,E,7500,36,0.1887,0,0.0
L006065,C,5000,36,0.1113,0,0.0
L006066,B,5000,12,0.0865,0,0.0
L006067,A,7500,36,0.0637,0,0.0
L006068,A,1000,12,0.0465,0,0.0
L006069,B,5000,12,0.0868,0,0.0
L006070,B,2500,24,0.0803,0,0.0
L006071,C,2500,60,0.1137,0,0.0
L006072,B,1000,24,0.0861,0,0.0
L006073,B,7500,24,0.0746,0,0.0
L006074,D,1000,24,0.1502,0,0.0
L006075,B,500,24,0.077,0,0.0
L006076,D,5000,12,0.1438,1,0.3338
L006077,C,500,36,0.1068,0,0.0
L006078,C,500,24,0.115,0,0.0
L006079,B,5000,24,0.0757,0,0.0
L006080,E,7500,24,0.198,1,0.1802
L006081,A,5000,24,0.052,0,0.0
L006082,C,10000,60,0.106,0,0.0
L006083,D,10000,12,0.15,0,0.0
L006084,C,10000,24,0.1142,0,0.0
L006085,B,5000,24,0.0809,0,0.0
L006086,B,500,60,0.0836,0,0.0
L006087,E,500,36,0.1787,0,0.0
L006088,C,10000,12,0.1118,1,0.1145
L006089,A,2500,24,0.0508,0,0.0
L006090,D,10000,24,0.1581,0,0.0
L006091,C,1000,24,0.1193,0,0.0
L006092,E,1000,36,0.1937,0,0.0
L006093,B,2500,60,0.0839,0,0.0
L006094,B,500,60,0.0869,0,0.0
L006095,E,1000,12,0.1971,0,0.0
L006096,A,2500,60,0.0465,0,0.0
L006097,C,7500,36,0.1039,0,0.0
L006098,A,5000,24,0.0602,0,0.0
L006099,B,2500,60,0.0709,0,0.0
L006100,A,1000,24,0.059,0,0.0
L006101,D,500,24,0.144,0,0.0
L006102,C,5000,24,0.1072,0,0.0
L006103,A,500,36,0.0602,0,0.0
L006104,E,500,36,0.2018,0,0.0
L006105,A,5000,12,0.0578,0,0.0
L006106,A,10000,12,0.0557,0,0.0
L006107,B,5000,60,0.0768,1,0.3771
L006108,C,500,12,0.1107,1,0.1408
L006109,E,1000,24,0.1859,0,0.0
L006110,A,7500,36,0.0521,0,0.0
L006111,E,500,24,0.1885,0,0.0
L006112,B,500,36,0.0837,0,0.0
L006113,A,5000,12,0.0533,0,0.0
L006114,E,7500,36,0.2024,0,0.0
L006115,A,5000,36,0.0547,0,0.0
L006116,B,5000,60,0.0697,0,0.0
L006117,A,2500,60,0.0588,0,0.0
L006118,E,500,24,0.1965,0,0.0
L006119,A,1000,24,0.0652,0,0.0
L006120,D,7500,60,0.1485,0,0.0
L006121,C,500,36,0.1105,0,0.0
L006122,B,5000,12,0.0753,0,0.0
L006123,E,1000,36,0.1955,1,0.2322
L006124,D,10000,60,0.1538,0,0.0
L006125,D,5000,36,0.1453,0,0.0
L006126,B,1000,24,0.0827,0,0.0
L006127,B,500,60,0.0803,0,0.0
L006128,A,500,24,0.0567,0,0.0
L006129,A,10000,60,0.0587,0,0.0
L006130,B,500,12,0.0699,0,0.0
L006131,B,2500,12,0.0769,0,0.0
L006132,B,2500,12,0.0764,0,0.0
L006133,D,7500,60,0.1573,1,0.0
L006134,A,500,12,0.0563,0,0.0
L006135,A,10000,12,0.0612,0,0.0
L006136,A,500,24,0.0638,0,0.0
L006137,D,2500,60,0.1549,0,0.0
L006138,C,500,12,0.1191,0,0.0
L006139,C,2500,12,0.1145,0,0.0
L006140,C,7500,36,0.1,0,0.0
L006141,B,7500,36,0.0898,0,0.0
L006142,D,1000,60,0.143,0,0.0
L006143,B,2500,12,0.0724,0,0.0
L006144,A,1000,36,0.0502,0,0.0
L006145,D,2500,36,0.1463,0,0.0
L006146,B,10000,12,0.0739,0,0.0
L006147,E,1000,60,0.1983,0,0.0
L006148,D,5000,12,0.1562,0,0.0
L006149,C,7500,36,0.1056,0,0.0
L006150,A,2500,12,0.0574,0,0.0
L006151,D,500,12,0.1537,0,0.0
L006152,B,10000,24,0.0748,0,0.0
L006153,C,10000,12,0.1144,0,0.0
L006154,C,2500,24,0.1124,0,0.0
L006155,A,10000,60,0.0537,0,0.0
L006156,B,10000,36,0.0814,0,0.0
L006157,D,10000,36,0.1453,0,0.0
L006158,C,2500,60,0.1132,0,0.0
L006159,B,1000,12,0.0767,0,0.0
L006160,D,1000,60,0.1458,0,0.0
L006161,B,2500,60,0.0842,0,0.0
L006162,B,500,12,0.0746,0,0.0
L006163,B,500,60,0.0822,0,0.0
L006164,B,7500,36,0.0811,0,0.0
L006165,A,5000,12,0.054,0,0.0
L006166,B,500,60,0.0755,0,0.0
L006167,E,5000,24,0.1867,0,0.0
L006168,B,2500,60,0.0806,0,0.0
L006169,E,5000,12,0.1994,0,0.0
L006170,D,500,36,0.1496,1,0.0566
L006171,B,7500,36,0.0794,0,0.0
L006172,E,1000,36,0.2037,0,0.0
L006173,E,5000,12,0.2003,0,0.0
L006174,C,5000,12,0.1063,0,0.0
L006175,E,7500,60,0.2034,1,0.1225
L006176,A,10000,60,0.0694,0,0.0
L006177,B,1000,60,0.0821,0,0.0
L006178,C,2500,60,0.1083,0,0.0
L006179,B,5000,24,0.0719,0,0.0
L006180,C,7500,36,0.1057,0,0.0
L006181,D,2500,36,0.1549,0,0.0
L006182,A,500,60,0.0471,0,0.0
L006183,C,10000,60,0.1183,0,0.0
L006184,E,500,24,0.2081,0,0.0
L006185,C,10000,12,0.1134,0,0.0
L006186,D,2500,12,0.1488,0,0.0
L006187,D,500,12,0.1572,0,0.0
L006188,C,1000,60,0.1028,0,0.0
L006189,B,2500,12,0.077,0,0.0
L006190,C,2500,24,0.1203,0,0.0
L006191,B,7500,60,0.0774,0,0.0
L006192,A,7500,36,0.0343,0,0.0
L006193,E,1000,60,0.2007,1,0.0965
L006194,E,1000,24,0.1883,0,0.0
L006195,C,5000,12,0.1086,0,0.0
L006196,B,500,36,0.0882,0,0.0
L006197,B,500,36,0.0872,0,0.0
L006198,B,5000,60,0.0817,0,0.0
L006199,B,2500,24,0.0757,0,0.0
L006200,A,10000,60,0.0554,0,0.0
L006201,E,500,36,0.1872,0,0.0
L006202,A,5000,24,0.0571,0,0.0
L006203,C,500,12,0.1106,0,0.0
L006204,C,2500,60,0.1082,0,0.0
L006205,D,5000,12,0.1476,0,0.0
L006206,B,10000,36,0.0819,0,0.0
L006207,C,10000,24,0.1103,0,0.0
L006208,D,500,36,0.1532,0,0.0
L006209,C,10000,60,0.1133,0,0.0
L006210,B,1000,60,0.0824,0,0.0
L006211,E,10000,24,0.2024,0,0.0
L006212,B,1000,36,0.0797,0,0.0
L006213,B,2500,60,0.0809,0,0.0
L006214,B,10000,60,0.0819,0,0.0
L006215,B,1000,36,0.0759,0,0.0
L006216,B,1000,12,0.0801,0,0.0
L006217,C,7500,36,0.1141,0,0.0
L006218,E,5000,24,0.1781,0,0.0
L006219,A,7500,60,0.058,0,0.0
L006220,C,1000,12,0.1177,1,0.3722
L006221,A,2500,12,0.0543,0,0.0
L006222,C,5000,60,0.1097,0,0.0
L006223,A,5000,24,0.0647,0,0.0
L006224,B,7500,24,0.0747,0,0.0
L006225,E,2500,36,0.1878,0,0.0
L006226,A,500,60,0.0498,0,0.0
L006227,D,500,24,0.1441,0,0.0
L006228,B,7500,24,0.0839,0,0.0
L006229,C,7500,36,0.1024,0,0.0
L006230,B,2500,12,0.078,0,0.0
L006231,E,10000,36,0.1857,1,0.0
L006232,B,1000,24,0.0829,0,0.0
L006233,A,2500,60,0.0594,0,0.0
L006234,A,1000,60,0.045,0,0.0
L006235,B,10000,36,0.0661,0,0.0
L006236,A,10000,36,0.0568,0,0.0
L006237,B,5000,24,0.0798,0,0.0
L006238,E,2500,60,0.2004,1,0.0058
L006239,A,500,12,0.0509,0,0.0
L006240,B,5000,12,0.0795,0,0.0
L006241,C,7500,24,0.1241,0,0.0
L006242,A,5000,60,0.0538,0,0.0
L006243,C,1000,36,0.107,0,0.0
L006244,A,2500,60,0.0536,0,0.0
L006245,B,5000,24,0.0767,0,0.0
L006246,E,500,60,0.1994,1,0.0
L006247,B,10000,24,0.0653,0,0.0
L006248,E,10000,36,0.1841,1,0.0837
L006249,B,500,36,0.0795,0,0.0
L006250,D,5000,24,0.1577,0,0.0
L006251,B,7500,12,0.0773,0,0.0
L006252,B,10000,12,0.078,0,0.0
L006253,D,5000,12,0.1435,0,0.0
L006254,E,10000,60,0.1984,0,0.0
L006255,A,7500,36,0.0465,0,0.0
L006256,D,7500,60,0.1432,0,0.0
L006257,D,5000,60,0.1502,0,0.0
L006258,A,10000,36,0.0587,0,0.0
L006259,D,1000,24,0.1555,0,0.0
L006260,A,7500,60,0.0543,0,0.0
L006261,C,500,12,0.1093,0,0.0
L006262,E,2500,12,0.1948,0,0.0
L006263,A,2500,12,0.0519,0,0.0
L006264,B,1000,24,0.085,1,0.2109
L006265,E,5000,12,0.1899,0,0.0
L006266,A,2500,12,0.0559,0,0.0
L006267,A,2500,24,0.0695,0,0.0
L006268,B,10000,24,0.0697,0,0.0
L006269,C,500,12,0.1241,0,0.0
L006270,C,10000,12,0.1034,0,0.0
L006271,B,10000,60,0.0858,0,0.0
L006272,A,1000,36,0.0492,0,0.0
L006273,C,500,12,0.1117,0,0.0
L006274,A,1000,12,0.0531,0,0.0
L006275,B,1000,60,0.0921,0,0.0
L006276,A,500,24,0.0554,0,0.0
L006277,E,7500,24,0.1945,0,0.0
L006278,A,10000,12,0.0549,0,0.0
L006279,A,7500,60,0.0468,0,0.0
L006280,E,500,36,0.1984,0,0.0
L006281,B,10000,24,0.0757,0,0.0
L006282,A,2500,12,0.061,0,0.0
L006283,B,500,24,0.0855,0,0.0
L006284,B,5000,12,0.0788,0,0.0
L006285,A,10000,60,0.0557,0,0.0
L006286,D,10000,12,0.1452,0,0.0
L006287,A,7500,24,0.0628,0,0.0
L006288,B,5000,60,0.0755,0,0.0
L006289,B,500,36,0.0852,0,0.0
L006290,B,7500,24,0.0687,0,0.0
L006291,C,2500,24,0.1226,0,0.0
L006292,D,1000,60,0.1496,0,0.0
L006293,B,2500,60,0.0762,0,0.0
L006294,E,2500,12,0.2066,0,0.0
L006295,B,5000,60,0.0781,0,0.0
L006296,B,1000,60,0.0905,0,0.0
L006297,A,2500,60,0.0488,0,0.0
L006298,B,10000,36,0.0698,0,0.0
L006299,B,1000,12,0.0765,0,0.0
L006300,E,5000,36,0.1916,0,0.0
L006301,D,5000,60,0.1481,1,0.0925
L006302,C,5000,24,0.1122,0,0.0
L006303,B,7500,36,0.0793,0,0.0
L006304,C,10000,60,0.1118,0,0.0
L006305,B,2500,24,0.0716,0,0.0
L006306,E,10000,24,0.1887,0,0.0
L006307,D,5000,12,0.1494,0,0.0
L006308,D,1000,12,0.1491,0,0.0
L006309,C,2500,36,0.1177,0,0.0
L006310,B,7500,12,0.0891,0,0.0
L006311,C,1000,12,0.116,0,0.0
L006312,C,2500,12,0.1147,0,0.0
L006313,B,5000,36,0.0805,0,0.0
L006314,D,500,12,0.1419,0,0.0
L006315,E,500,60,0.2017,0,0.0
L006316,C,5000,60,0.1048,0,0.0
L006317,C,2500,60,0.1103,0,0.0
L006318,A,1000,60,0.0475,0,0.0
L006319,C,7500,36,0.1095,0,0.0
L006320,B,10000,36,0.0728,0,0.0
L006321,C,1000,60,0.1105,0,0.0
L006322,A,5000,60,0.0606,0,0.0
L006323,A,500,24,0.049,0,0.0
L006324,B,7500,12,0.0624,0,0.0
L006325,C,1000,36,0.1234,0,0.0
L006326,A,10000,24,0.0505,0,0.0
L006327,E,2500,36,0.1954,0,0.0
L006328,B,500,24,0.073,0,0.0
L006329,C,10000,60,0.1051,0,0.0
L006330,B,7500,36,0.0807,0,0.0
L006331,A,2500,60,0.0604,0,0.0
L006332,A,10000,60,0.0488,0,0.0
L006333,B,10000,60,0.0722,0,0.0
L006334,B,1000,12,0.0852,0,0.0
L006335,D,2500,36,0.1462,0,0.0
L006336,D,7500,36,0.1547,0,0.0
L006337,B,500,60,0.0807,0,0.0
L006338,C,10000,24,0.117,0,0.0
L006339,A,1000,24,0.0541,0,0.0
L006340,B,1000,60,0.077,0,0.0
L006341,A,7500,24,0.0575,0,0.0
L006342,A,2500,36,0.0626,0,0.0
L006343,D,5000,24,0.1473,0,0.0
L006344,C,10000,60,0.094,0,0.0
L006345,D,10000,24,0.1452,0,0.0
L006346,A,1000,60,0.058,0,0.0
L006347,B,2500,60,0.0735,0,0.0
L006348,B,1000,24,0.088,0,0.0
L006349,A,10000,36,0.0398,0,0.0
L006350,D,10000,12,0.1565,0,0.0
L006351,A,10000,60,0.0539,0,0.0
L006352,D,1000,12,0.1461,0,0.0
L006353,C,1000,60,0.1191,0,0.0
L006354,D,5000,60,0.1465,0,0.0
L006355,B,5000,12,0.0811,0,0.0
L006356,A,10000,24,0.0481,0,0.0
L006357,B,7500,12,0.0801,0,0.0
L006358,B,2500,36,0.0757,0,0.0
L006359,D,5000,12,0.1506,0,0.0
L006360,B,500,12,0.0766,1,0.4278
L006361,B,1000,36,0.0781,0,0.0
L006362,A,7500,60,0.0527,0,0.0
L006363,A,500,12,0.0512,0,0.0
L006364,B,7500,60,0.0761,0,0.0
L006365,A,1000,12,0.0446,0,0.0
L006366,D,5000,24,0.1558,1,0.4724
L006367,D,1000,24,0.1474,0,0.0
L006368,A,5000,24,0.0605,0,0.0
L006369,A,7500,36,0.057,0,0.0
L006370,E,1000,24,0.196,0,0.0
L006371,C,500,60,0.1062,0,0.0
L006372,C,7500,60,0.1135,1,0.1926
L006373,E,7500,36,0.214,0,0.0
L006374,A,5000,12,0.064,0,0.0
L006375,E,2500,36,0.2117,1,0.2449
L006376,A,1000,60,0.0543,0,0.0
L006377,A,2500,36,0.0568,0,0.0
L006378,E,5000,12,0.1975,0,0.0
L006379,D,7500,24,0.1598,0,0.0
L006380,D,5000,60,0.1561,0,0.0
L006381,A,10000,60,0.063,0,0.0
L006382,C,2500,36,0.1141,0,0.0
L006383,B,500,12,0.0801,0,0.0
L006384,D,5000,36,0.1587,0,0.0
L006385,C,7500,24,0.0955,0,0.0
L006386,B,1000,60,0.0712,0,0.0
L006387,A,5000,12,0.0616,0,0.0
L006388,B,5000,12,0.0837,0,0.0
L006389,B,10000,24,0.0738,0,0.0
L006390,D,500,24,0.1466,0,0.0
L006391,B,10000,12,0.0745,0,0.0
L006392,C,7500,36,0.1119,0,0.0
L006393,A,500,24,0.0496,0,0.0
L006394,A,7500,60,0.0543,0,0.0
L006395,B,2500,24,0.0759,0,0.0
L006396,E,5000,24,0.1825,0,0.0
L006397,C,7500,36,0.1224,0,0.0
L006398,A,2500,36,0.0476,0,0.0
L006399,D,2500,12,0.1463,0,0.0
L006400,A,10000,24,0.0549,0,0.0
L006401,C,7500,36,0.1072,0,0.0
L006402,A,5000,24,0.0546,0,0.0
L006403,C,10000,60,0.1008,0,0.0
L006404,A,1000,60,0.0467,0,0.0
L006405,D,5000,12,0.1534,1,0.4176
L006406,A,7500,36,0.0458,0,0.0
L006407,C,7500,60,0.11,1,0.4124
L006408,D,5000,36,0.1509,0,0.0
L006409,C,10000,60,0.1194,0,0.0
L006410,E,10000,12,0.1959,1,0.1569
L006411,B,5000,60,0.0719,0,0.0
L006412,A,2500,24,0.0472,0,0.0
L006413,E,2500,60,0.2043,0,0.0
L006414,D,5000,60,0.1506,0,0.0
L006415,A,500,60,0.0558,0,0.0
L006416,B,500,24,0.0858,0,0.0
L006417,B,10000,24,0.0813,0,0.0
L006418,C,5000,36,0.1156,0,0.0
L006419,C,10000,60,0.1106,0,0.0
L006420,D,7500,36,0.1518,0,0.0
L006421,C,5000,24,0.1168,0,0.0
L006422,C,500,24,0.1085,0,0.0
L006423,B,500,60,0.0847,0,0.0
L006424,A,10000,36,0.0501,0,0.0
L006425,D,10000,36,0.1525,0,0.0
L006426,B,10000,24,0.0835,0,0.0
L006427,C,10000,12,0.1127,1,0.1456
L006428,E,10000,12,0.1898,0,0.0
L006429,C,1000,60,0.1112,0,0.0
L006430,B,500,60,0.0728,0,0.0
L006431,A,1000,12,0.0539,0,0.0
L006432,C,500,12,0.1133,0,0.0
L006433,C,500,60,0.1036,0,0.0
L006434,B,10000,12,0.0802,0,0.0
L006435,E,2500,24,0.2045,0,0.0
L006436,B,7500,12,0.0783,1,0.3495
L006437,A,2500,24,0.0663,0,0.0
L006438,B,2500,60,0.0805,0,0.0
L006439,B,500,36,0.0856,0,0.0
L006440,A,2500,24,0.0631,0,0.0
L006441,D,1000,24,0.1572,0,0.0
L006442,B,500,60,0.0742,0,0.0
L006443,A,500,12,0.057,0,0.0
L006444,D,5000,60,0.1517,0,0.0
L006445,B,1000,60,0.0775,0,0.0
L006446,B,10000,36,0.0763,0,0.0
L006447,D,500,36,0.1567,0,0.0
L006448,B,1000,60,0.0749,0,0.0
L006449,B,10000,36,0.0804,0,0.0
L006450,D,500,36,0.1394,0,0.0
L006451,C,5000,36,0.1066,0,0.0
L006452,B,7500,12,0.0901,0,0.0
L006453,B,1000,36,0.0834,0,0.0
L006454,A,7500,24,0.0539,0,0.0
L006455,B,7500,12,0.0632,0,0.0
L006456,B,7500,24,0.0776,0,0.0
L006457,B,5000,12,0.0789,0,0.0
L006458,C,10000,36,0.1155,0,0.0
L006459,A,7500,12,0.0483,0,0.0
L006460,C,500,12,0.1107,0,0.0
L006461,E,10000,60,0.19,0,0.0
L006462,C,1000,12,0.1041,0,0.0
L006463,A,5000,60,0.0605,0,0.0
L006464,B,500,36,0.0832,0,0.0
L006465,A,10000,12,0.0584,0,0.0
L006466,B,10000,60,0.0762,0,0.0
L006467,A,10000,24,0.0559,0,0.0
L006468,C,1000,12,0.1114,0,0.0
L006469,D,5000,36,0.1498,0,0.0
L006470,C,7500,12,0.1159,0,0.0
L006471,E,7500,60,0.1863,0,0.0
L006472,C,10000,60,0.1198,0,0.0
L006473,B,5000,12,0.089,0,0.0
L006474,E,2500,24,0.1839,1,0.1892
L006475,B,7500,60,0.0827,0,0.0
L006476,C,10000,12,0.1032,0,0.0
L006477,A,2500,60,0.0576,0,0.0
L006478,E,5000,36,0.21,0,0.0
L006479,A,2500,12,0.065,0,0.0
L006480,B,10000,24,0.0795,0,0.0
L006481,A,10000,24,0.0572,0,0.0
L006482,A,10000,24,0.0615,0,0.0
L006483,E,1000,60,0.2022,0,0.0
L006484,C,10000,24,0.1175,0,0.0
L006485,C,10000,36,0.1139,0,0.0
L006486,E,500,60,0.1877,0,0.0
L006487,C,7500,60,0.1102,0,0.0
L006488,D,1000,12,0.1523,0,0.0
L006489,D,5000,12,0.149,0,0.0
L006490,B,1000,60,0.0818,0,0.0
L006491,E,1000,12,0.1958,1,0.1019
L006492,B,5000,36,0.0801,0,0.0
L006493,E,2500,36,0.1961,1,0.0
L006494,C,7500,24,0.1121,0,0.0
L006495,B,10000,24,0.0741,0,0.0
L006496,A,10000,12,0.0574,0,0.0
L006497,B,7500,36,0.0747,0,0.0
L006498,B,5000,24,0.0745,0,0.0
L006499,C,10000,60,0.1155,1,0.3736
L006500,C,10000,24,0.1143,0,0.0
L006501,C,7500,24,0.1179,0,0.0
L006502,B,500,60,0.0775,0,0.0
L006503,B,5000,36,0.0868,0,0.0
L006504,C,7500,24,0.1113,0,0.0
L006505,C,1000,12,0.113,0,0.0
L006506,D,10000,12,0.1399,0,0.0
L006507,C,10000,24,0.1061,0,0.0
L006508,A,2500,12,0.0574,0,0.0
L006509,C,1000,36,0.1019,0,0.0
L006510,A,500,12,0.0553,0,0.0
L006511,B,10000,12,0.0878,0,0.0
L006512,C,1000,60,0.1105,0,0.0
L006513,D,5000,24,0.152,0,0.0
L006514,A,5000,60,0.0537,0,0.0
L006515,D,5000,12,0.1558,0,0.0
L006516,D,500,24,0.1461,0,0.0
L006517,D,500,36,0.145,1,0.1561
L006518,D,1000,36,0.1421,0,0.0
L006519,C,1000,60,0.1117,0,0.0
L006520,C,5000,60,0.1089,0,0.0
L006521,A,500,36,0.0505,0,0.0
L006522,C,7500,12,0.1065,0,0.0
L006523,E,10000,12,0.1928,1,0.1308
L006524,C,7500,24,0.1175,0,0.0
L006525,A,10000,24,0.0632,0,0.0
L006526,B,10000,36,0.0818,0,0.0
L006527,A,500,12,0.0471,0,0.0
L006528,B,1000,60,0.0751,0,0.0
L006529,C,2500,24,0.1147,0,0.0
L006530,B,10000,36,0.0881,0,0.0
L006531,D,500,24,0.1622,0,0.0
L006532,B,2500,24,0.0778,0,0.0
L006533,D,10000,36,0.1459,0,0.0
L006534,C,10000,36,0.106,0,0.0
L006535,C,500,60,0.1072,0,0.0
L006536,B,5000,60,0.0731,0,0.0
L006537,A,2500,24,0.0596,0,0.0
L006538,A,5000,60,0.0504,0,0.0
L006539,D,5000,24,0.1395,0,0.0
L006540,C,5000,24,0.1189,0,0.0
L006541,D,500,60,0.1604,0,0.0
L006542,A,7500,60,0.0567,0,0.0
L006543,C,5000,12,0.0981,0,0.0
L006544,B,5000,12,0.0717,0,0.0
L006545,C,7500,12,0.1067,0,0.0
L006546,E,500,36,0.2003,0,0.0
L006547,E,7500,24,0.197,0,0.0
L006548,C,5000,36,0.1145,0,0.0
L006549,C,2500,12,0.1056,0,0.0
L006550,A,10000,24,0.0554,0,0.0
L006551,A,1000,24,0.0562,0,0.0
L006552,A,10000,12,0.0638,0,0.0
L006553,B,7500,24,0.0769,0,0.0
L006554,E,500,36,0.1926,0,0.0
L006555,A,2500,24,0.0452,0,0.0
L006556,D,2500,36,0.1455,0,0.0
L006557,B,2500,12,0.0791,0,0.0
L006558,E,5000,24,0.1969,0,0.0
L006559,D,500,24,0.1534,0,0.0
L006560,C,1000,24,0.1097,0,0.0
L006561,C,1000,12,0.1206,0,0.0
L006562,C,500,12,0.1042,0,0.0
L006563,A,1000,24,0.0551,0,0.0
L006564,C,500,60,0.1185,1,0.3455
L006565,B,1000,36,0.0721,0,0.0
L006566,C,5000,24,0.1082,0,0.0
L006567,C,5000,24,0.1136,0,0.0
L006568,C,500,60,0.1154,0,0.0
L006569,A,7500,24,0.0549,0,0.0
L006570,D,5000,12,0.1432,0,0.0
L006571,E,2500,24,0.1971,0,0.0
L006572,A,1000,60,0.0515,0,0.0
L006573,A,1000,12,0.052,0,0.0
L006574,C,2500,12,0.1133,0,0.0
L006575,B,500,36,0.0792,0,0.0
L006576,C,5000,12,0.1152,0,0.0
L006577,A,1000,12,0.05,0,0.0
L006578,A,500,60,0.0513,0,0.0
L006579,A,7500,36,0.0484,0,0.0
L006580,D,1000,12,0.156,0,0.0
L006581,C,5000,36,0.1126,0,0.0
L006582,C,500,36,0.1152,0,0.0
L006583,D,10000,12,0.1457,0,0.0
L006584,A,500,12,0.0586,0,0.0
L006585,C,7500,36,0.1068,0,0.0
L006586,A,5000,12,0.0478,0,0.0
L006587,B,5000,24,0.0837,0,0.0
L006588,C,500,60,0.1114,0,0.0
L006589,C,10000,36,0.106,0,0.0
L006590,E,10000,24,0.1934,0,0.0
L006591,C,10000,60,0.1213,0,0.0
L006592,E,5000,36,0.1984,1,0.1794
L006593,A,10000,60,0.0615,0,0.0
L006594,E,500,24,0.2042,0,0.0
L006595,D,2500,60,0.1537,1,0.272
L006596,C,1000,36,0.1035,0,0.0
L006597,D,10000,24,0.1538,0,0.0
L006598,C,5000,24,0.1246,0,0.0
L006599,C,5000,36,0.123,0,0.0
L006600,A,500,36,0.0571,0,0.0
L006601,A,500,36,0.0689,0,0.0
L006602,A,7500,12,0.0639,0,0.0
L006603,C,7500,24,0.1103,0,0.0
L006604,C,7500,12,0.1121,0,0.0
L006605,A,2500,12,0.0521,0,0.0
L006606,A,5000,24,0.0646,0,0.0
L006607,A,7500,60,0.0541,0,0.0
L006608,C,2500,60,0.1165,0,0.0
L006609,B,500,60,0.0814,0,0.0
L006610,E,500,36,0.1914,0,0.0
L006611,E,5000,60,0.1913,0,0.0
L006612,C,10000,36,0.1061,0,0.0
L006613,B,2500,36,0.0814,0,0.0
L006614,A,500,24,0.0548,0,0.0
L006615,B,1000,12,0.0806,1,0.1875
L006616,E,2500,24,0.2089,0,0.0
L006617,B,5000,36,0.0882,0,0.0
L006618,A,10000,12,0.0524,0,0.0
L006619,B,10000,12,0.0897,0,0.0
L006620,B,5000,24,0.0734,0,0.0
L006621,C,1000,24,0.1105,0,0.0
L006622,C,10000,24,0.1072,0,0.0
L006623,A,1000,36,0.0584,0,0.0
L006624,A,500,12,0.0572,0,0.0
L006625,E,5000,12,0.206,0,0.0
L006626,B,500,36,0.0763,0,0.0
L006627,A,500,24,0.0609,0,0.0
L006628,C,2500,36,0.1157,0,0.0
L006629,A,500,60,0.0515,0,0.0
L006630,D,10000,24,0.1525,0,0.0
L006631,C,2500,60,0.1188,0,0.0
L006632,D,5000,24,0.1499,1,0.1823
L006633,A,7500,24,0.0637,0,0.0
L006634,B,500,36,0.0824,0,0.0
L006635,B,1000,36,0.0848,0,0.0
L006636,D,1000,60,0.1535,0,0.0
L006637,D,500,24,0.1529,1,0.1601
L006638,C,7500,12,0.123,0,0.0
L006639,B,7500,60,0.0779,0,0.0
L006640,B,7500,24,0.0845,0,0.0
L006641,A,7500,12,0.0541,0,0.0
L006642,D,500,36,0.1592,0,0.0
L006643,C,2500,60,0.1167,0,0.0
L006644,A,1000,12,0.0566,0,0.0
L006645,A,5000,60,0.0467,0,0.0
L006646,B,500,36,0.0813,0,0.0
L006647,A,2500,12,0.0603,0,0.0
L006648,C,5000,36,0.1093,0,0.0
L006649,E,500,60,0.2119,1,0.0595
L006650,D,2500,60,0.1515,0,0.0
L006651,C,2500,36,0.117,0,0.0
L006652,B,500,12,0.0737,0,0.0
L006653,C,1000,12,0.1086,0,0.0
L006654,A,1000,12,0.0454,0,0.0
L006655,C,500,36,0.1128,0,0.0
L006656,E,2500,60,0.2013,0,0.0
L006657,E,500,24,0.195,1,0.0435
L006658,E,2500,36,0.198,0,0.0
L006659,A,1000,36,0.0553,0,0.0
L006660,B,500,24,0.0683,0,0.0
L006661,C,2500,36,0.1085,0,0.0
L006662,C,500,36,0.1111,0,0.0
L006663,E,10000,12,0.1921,0,0.0
L006664,A,5000,24,0.0608,0,0.0
L006665,C,2500,24,0.1222,0,0.0
L006666,B,5000,60,0.0839,0,0.0
L006667,C,10000,24,0.115,0,0.0
L006668,B,7500,12,0.0873,0,0.0
L006669,C,7500,24,0.1098,0,0.0
L006670,B,7500,60,0.0644,0,0.0
L006671,A,1000,12,0.0475,0,0.0
L006672,C,2500,24,0.1131,0,0.0
L006673,C,10000,60,0.1087,0,0.0
L006674,B,500,24,0.0828,0,0.0
L006675,A,1000,24,0.0664,0,0.0
L006676,C,10000,24,0.1135,0,0.0
L006677,A,2500,12,0.0574,0,0.0
L006678,C,1000,36,0.107,1,0.3356
L006679,B,7500,12,0.0816,0,0.0
L006680,C,7500,60,0.1049,0,0.0
L006681,B,5000,36,0.0847,0,0.0
L006682,C,1000,12,0.1152,0,0.0
L006683,B,2500,36,0.0761,0,0.0
L006684,E,10000,12,0.2032,0,0.0
L006685,B,10000,36,0.0828,0,0.0
L006686,C,500,36,0.1117,0,0.0
L006687,C,1000,60,0.121,1,0.2185
L006688,C,7500,24,0.1229,1,0.3041
L006689,D,10000,24,0.1481,0,0.0
L006690,D,7500,12,0.1574,0,0.0
L006691,D,10000,24,0.1558,0,0.0
L006692,B,10000,36,0.0703,0,0.0
L006693,A,2500,24,0.0618,0,0.0
L006694,A,1000,12,0.0609,0,0.0
L006695,C,1000,60,0.1126,1,0.3783
L006696,D,10000,60,0.1548,0,0.0
L006697,C,10000,12,0.1086,0,0.0
L006698,D,5000,36,0.1461,0,0.0
L006699,D,10000,60,0.147,1,0.248
L006700,B,5000,24,0.0737,0,0.0
L006701,C,10000,36,0.1097,0,0.0
L006702,A,10000,24,0.0538,0,0.0
L006703,B,2500,12,0.0693,0,0.0
L006704,B,10000,60,0.0893,0,0.0
L006705,C,500,36,0.1113,0,0.0
L006706,D,500,24,0.1486,0,0.0
L006707,C,1000,36,0.1168,0,0.0
L006708,A,500,12,0.0463,0,0.0
L006709,C,5000,12,0.1128,0,0.0
L006710,B,1000,24,0.0829,1,0.4252
L006711,A,500,36,0.052,0,0.0
L006712,A,10000,12,0.0515,0,0.0
L006713,E,5000,36,0.1908,1,0.1058
L006714,B,1000,24,0.0926,0,0.0
L006715,A,5000,24,0.05,0,0.0
L006716,A,7500,24,0.0532,0,0.0
L006717,A,500,60,0.0468,0,0.0
L006718,C,5000,36,0.1102,0,0.0
L006719,C,1000,24,0.1085,0,0.0
L006720,D,7500,24,0.1509,0,0.0
L006721,C,10000,24,0.1087,0,0.0
L006722,B,7500,60,0.0805,0,0.0
L006723,D,10000,60,0.1475,0,0.0
L006724,C,1000,12,0.1141,0,0.0
L006725,D,5000,60,0.1484,0,0.0
L006726,A,10000,12,0.046,0,0.0
L006727,B,500,36,0.0674,0,0.0
L006728,A,10000,24,0.0472,0,0.0
L006729,B,5000,60,0.0781,0,0.0
L006730,A,7500,36,0.044,0,0.0
L006731,B,7500,12,0.0878,1,0.1769
L006732,D,1000,60,0.1455,1,0.2034
L006733,C,5000,60,0.121,0,0.0
L006734,D,10000,12,0.1502,0,0.0
L006735,A,7500,60,0.0625,0,0.0
L006736,D,5000,12,0.146,0,0.0
L006737,D,1000,12,0.1428,0,0.0
L006738,B,2500,36,0.0706,0,0.0
L006739,A,2500,60,0.0672,1,0.2861
L006740,E,500,60,0.2068,0,0.0
L006741,C,500,36,0.1107,0,0.0
L006742,A,1000,12,0.058,0,0.0
L006743,D,1000,60,0.1452,0,0.0
L006744,D,5000,24,0.1554,0,0.0
L006745,D,7500,12,0.1448,0,0.0
L006746,C,7500,24,0.1155,0,0.0
L006747,E,500,24,0.207,0,0.0
L006748,B,2500,12,0.0808,0,0.0
L006749,D,2500,24,0.1535,0,0.0
L006750,D,5000,12,0.161,0,0.0
L006751,D,1000,24,0.1484,0,0.0
L006752,A,5000,12,0.0582,0,0.0
L006753,B,7500,60,0.0759,0,0.0
L006754,A,1000,36,0.0565,0,0.0
L006755,A,5000,60,0.0436,0,0.0
L006756,B,5000,36,0.0754,0,0.0
L006757,D,500,36,0.1471,0,0.0
L006758,B,5000,60,0.0768,0,0.0
L006759,C,2500,36,0.1092,0,0.0
L006760,C,7500,60,0.1142,0,0.0
L006761,C,1000,36,0.1107,0,0.0
L006762,B,500,12,0.0784,0,0.0
L006763,D,10000,24,0.1519,0,0.0
L006764,B,1000,12,0.0844,0,0.0
L006765,A,2500,60,0.0476,0,0.0
L006766,D,7500,60,0.1508,0,0.0
L006767,B,7500,60,0.0906,1,0.4167
L006768,B,5000,12,0.0767,0,0.0
L006769,D,1000,24,0.1549,0,0.0
L006770,C,2500,36,0.1141,0,0.0
L006771,A,500,36,0.0508,0,0.0
L006772,B,1000,60,0.0748,0,0.0
L006773,C,2500,24,0.11,0,0.0
L006774,B,2500,36,0.0788,0,0.0
L006775,B,2500,12,0.0763,0,0.0
L006776,A,10000,12,0.0557,0,0.0
L006777,C,2500,60,0.1164,0,0.0
L006778,B,5000,24,0.075,0,0.0
L006779,C,10000,36,0.1072,0,0.0
L006780,D,2500,36,0.149,0,0.0
L006781,B,10000,36,0.0734,0,0.0
L006782,A,2500,24,0.0488,0,0.0
L006783,A,7500,24,0.0621,0,0.0
L006784,B,7500,36,0.0893,0,0.0
L006785,A,5000,36,0.051,0,0.0
L006786,B,10000,36,0.0762,0,0.0
L006787,C,2500,36,0.1093,0,0.0
L006788,A,7500,12,0.0562,0,0.0
L006789,A,2500,12,0.0504,0,0.0
L006790,D,1000,36,0.1424,0,0.0
L006791,D,10000,12,0.1454,0,0.0
L006792,D,500,12,0.145,0,0.0
L006793,D,500,36,0.1506,0,0.0
L006794,C,5000,12,0.0896,0,0.0
L006795,A,1000,36,0.0508,0,0.0
L006796,A,5000,12,0.0513,0,0.0
L006797,A,500,24,0.0504,0,0.0
L006798,C,2500,24,0.1064,0,0.0
L006799,A,2500,36,0.056,0,0.0
L006800,B,5000,60,0.0829,0,0.0
L006801,D,1000,12,0.1522,0,0.0
L006802,A,10000,36,0.0609,0,0.0
L006803,D,7500,12,0.1523,0,0.0
L006804,D,2500,36,0.1542,0,0.0
L006805,C,10000,24,0.1052,0,0.0
L006806,B,2500,24,0.0724,0,0.0
L006807,B,5000,60,0.0774,0,0.0
L006808,B,5000,36,0.0827,0,0.0
L006809,D,10000,36,0.1486,0,0.0
L006810,C,7500,36,0.109,0,0.0
L006811,B,10000,12,0.0821,0,0.0
L006812,B,7500,36,0.0666,0,0.0
L006813,B,2500,36,0.0724,0,0.0
L006814,D,5000,12,0.1514,1,0.1597
L006815,C,7500,12,0.1003,0,0.0
L006816,D,2500,36,0.1477,1,0.0765
L006817,C,5000,60,0.1237,0,0.0
L006818,A,5000,24,0.052,0,0.0
L006819,D,500,60,0.1544,0,0.0
L006820,D,2500,36,0.1457,0,0.0
L006821,C,2500,60,0.1053,0,0.0
L006822,B,500,36,0.0742,0,0.0
L006823,B,7500,36,0.0864,0,0.0
L006824,E,7500,24,0.1952,0,0.0
L006825,B,10000,24,0.0889,0,0.0
L006826,C,2500,24,0.1096,0,0.0
L006827,A,5000,12,0.0579,0,0.0
L006828,D,500,60,0.1437,1,0.1462
L006829,C,500,60,0.0995,0,0.0
L006830,C,10000,12,0.1093,0,0.0
L006831,C,5000,12,0.1052,0,0.0
L006832,C,500,36,0.1121,0,0.0
L006833,B,500,36,0.0793,0,0.0
L006834,B,5000,60,0.0873,0,0.0
L006835,E,5000,12,0.1995,0,0.0
L006836,C,2500,60,0.1172,0,0.0
L006837,C,10000,60,0.1073,0,0.0
L006838,C,5000,12,0.1155,0,0.0
L006839,B,1000,24,0.085,1,0.436
L006840,C,2500,36,0.119,0,0.0
L006841,D,5000,12,0.1508,0,0.0
L006842,E,10000,36,0.1952,0,0.0
L006843,B,2500,12,0.0814,0,0.0
L006844,D,2500,24,0.1464,0,0.0
L006845,B,5000,12,0.0915,0,0.0
L006846,E,2500,36,0.1933,0,0.0
L006847,D,10000,60,0.1432,0,0.0
L006848,C,10000,36,0.1136,0,0.0
L006849,A,10000,12,0.0513,0,0.0
L006850,A,1000,12,0.0509,0,0.0
L006851,B,5000,36,0.0789,0,0.0
L006852,C,7500,60,0.1175,0,0.0
L006853,E,7500,60,0.1988,0,0.0
L006854,C,2500,60,0.1212,1,0.3382
L006855,B,2500,12,0.0763,0,0.0
L006856,C,5000,12,0.1159,0,0.0
L006857,C,2500,60,0.0974,0,0.0
L006858,A,1000,36,0.051,0,0.0
L006859,B,10000,12,0.0814,0,0.0
L006860,D,5000,36,0.1522,1,0.1066
L006861,B,5000,24,0.0788,0,0.0
L006862,C,2500,36,0.1118,1,0.3446
L006863,D,1000,24,0.1545,0,0.0
L006864,C,5000,36,0.1124,0,0.0
L006865,E,5000,36,0.2004,0,0.0
L006866,D,5000,24,0.1493,1,0.2014
L006867,D,2500,60,0.1463,0,0.0
L006868,C,500,12,0.1147,0,0.0
L006869,C,2500,60,0.1154,1,0.1442
L006870,D,500,24,0.1512,0,0.0
L006871,E,5000,24,0.2021,0,0.0
L006872,D,500,24,0.1441,0,0.0
L006873,C,2500,36,0.115,0,0.0
L006874,C,1000,36,0.1126,0,0.0
L006875,B,10000,60,0.0784,0,0.0
L006876,B,10000,24,0.0856,0,0.0
L006877,C,10000,60,0.1041,0,0.0
L006878,D,10000,24,0.1477,0,0.0
L006879,D,5000,12,0.1583,0,0.0
L006880,D,5000,12,0.1602,0,0.0
L006881,A,10000,60,0.0556,0,0.0
L006882,B,7500,60,0.0775,0,0.0
L006883,A,500,60,0.0525,0,0.0
L006884,B,7500,36,0.0779,0,0.0
L006885,B,10000,36,0.0792,0,0.0
L006886,E,2500,24,0.1934,1,0.1554
L006887,C,10000,60,0.1053,0,0.0
L006888,C,10000,36,0.1145,0,0.0
L006889,C,500,60,0.1087,0,0.0
L006890,B,10000,60,0.0842,0,0.0
L006891,B,2500,36,0.0819,0,0.0
L006892,B,7500,12,0.076,0,0.0
L006893,C,2500,36,0.1142,1,0.2538
L006894,E,7500,24,0.1918,0,0.0
L006895,B,10000,36,0.0684,0,0.0
L006896,B,7500,60,0.0718,0,0.0
L006897,B,1000,60,0.0766,0,0.0
L006898,C,10000,60,0.1065,1,0.266
L006899,D,7500,12,0.1525,0,0.0
L006900,C,10000,12,0.1121,0,0.0
L006901,D,10000,36,0.1562,0,0.0
L006902,C,1000,12,0.1121,0,0.0
L006903,C,5000,12,0.1118,0,0.0
L006904,D,7500,36,0.1558,1,0.2648
L006905,B,10000,24,0.0784,0,0.0
L006906,B,7500,60,0.0804,0,0.0
L006907,C,1000,60,0.1098,0,0.0
L006908,E,2500,24,0.1956,0,0.0
L006909,C,2500,24,0.1034,0,0.0
L006910,C,5000,60,0.1097,0,0.0
L006911,B,2500,60,0.0764,0,0.0
L006912,B,500,12,0.08,0,0.0
L006913,C,7500,24,0.1154,0,0.0
L006914,B,2500,60,0.0809,0,0.0
L006915,B,500,24,0.0783,0,0.0
L006916,C,500,36,0.1073,0,0.0
L006917,A,500,12,0.0505,1,0.1529
L006918,C,1000,60,0.1125,0,0.0
L006919,A,5000,24,0.0625,0,0.0
L006920,B,1000,24,0.0873,0,0.0
L006921,C,5000,36,0.1106,0,0.0
L006922,B,1000,12,0.0852,0,0.0
L006923,B,500,12,0.0683,0,0.0
L006924,C,500,24,0.1163,0,0.0
L006925,D,1000,12,0.1538,1,0.3616
L006926,C,1000,36,0.1116,0,0.0
L006927,C,500,36,0.1219,0,0.0
L006928,B,1000,24,0.0769,0,0.0
L006929,B,2500,24,0.0792,0,0.0
L006930,E,2500,12,0.1978,1,0.2587
L006931,C,10000,60,0.1102,0,0.0
L006932,C,500,60,0.1136,0,0.0
L006933,D,7500,24,0.1564,0,0.0
L006934,B,2500,60,0.0783,0,0.0
L006935,D,10000,24,0.1588,0,0.0
L006936,E,7500,36,0.203,1,0.221
L006937,B,7500,60,0.0859,0,0.0
L006938,A,500,24,0.0659,0,0.0
L006939,A,7500,36,0.0634,0,0.0
L006940,B,5000,12,0.0819,0,0.0
L006941,D,10000,24,0.1571,0,0.0
L006942,C,7500,12,0.1117,0,0.0
L006943,A,2500,60,0.0501,0,0.0
L006944,B,2500,60,0.0847,0,0.0
L006945,C,500,60,0.1218,0,0.0
L006946,C,7500,36,0.1147,1,0.1026
L006947,D,2500,12,0.1443,1,0.3177
L006948,B,2500,36,0.0894,0,0.0
L006949,D,10000,36,0.1482,0,0.0
L006950,E,1000,36,0.1917,0,0.0
L006951,D,2500,24,0.1532,0,0.0
L006952,B,2500,24,0.074,0,0.0
L006953,E,500,36,0.1879,1,0.3738
L006954,C,1000,24,0.1074,0,0.0
L006955,B,1000,36,0.0773,0,0.0
L006956,D,1000,24,0.1491,0,0.0
L006957,A,7500,36,0.0549,0,0.0
L006958,D,7500,36,0.1562,0,0.0
L006959,C,2500,24,0.1136,1,0.2897
L006960,B,10000,36,0.0852,0,0.0
L006961,D,7500,24,0.1388,0,0.0
L006962,E,5000,24,0.1997,0,0.0
L006963,D,10000,24,0.1492,0,0.0
L006964,C,7500,36,0.1064,0,0.0
L006965,C,7500,12,0.1054,0,0.0
L006966,C,7500,24,0.1134,0,0.0
L006967,E,1000,60,0.196,0,0.0
L006968,D,10000,36,0.1455,0,0.0
L006969,A,2500,36,0.0542,0,0.0
L006970,A,2500,12,0.0559,0,0.0
L006971,B,10000,12,0.0752,0,0.0
L006972,A,10000,60,0.0502,0,0.0
L006973,C,10000,12,0.1178,0,0.0
L006974,C,1000,12,0.1067,0,0.0
L006975,C,5000,24,0.1131,0,0.0
L006976,C,2500,36,0.1089,0,0.0
L006977,A,500,60,0.0728,0,0.0
L006978,C,500,36,0.1102,1,0.3281
L006979,A,10000,36,0.0488,0,0.0
L006980,B,7500,36,0.0915,0,0.0
L006981,D,10000,24,0.1525,1,0.2434
L006982,D,5000,24,0.1419,1,0.2361
L006983,A,2500,24,0.0587,0,0.0
L006984,C,1000,60,0.1117,0,0.0
L006985,A,1000,24,0.0565,0,0.0
L006986,D,10000,24,0.1532,0,0.0
L006987,B,5000,36,0.0733,0,0.0
L006988,B,5000,12,0.0785,0,0.0
L006989,D,7500,36,0.1518,0,0.0
L006990,A,2500,24,0.0573,0,0.0
L006991,A,500,24,0.0539,0,0.0
L006992,A,5000,24,0.0487,0,0.0
L006993,D,2500,60,0.1422,0,0.0
L006994,A,10000,36,0.0521,0,0.0
L006995,C,500,12,0.1058,0,0.0
L006996,B,10000,60,0.0822,0,0.0
L006997,C,5000,24,0.1147,0,0.0
L006998,D,10000,12,0.1514,0,0.0
L006999,A,2500,12,0.0562,0,0.0
L007000,A,7500,60,0.0492,0,0.0
L007001,B,2500,12,0.0759,0,0.0
L007002,C,500,24,0.1189,0,0.0
L007003,C,2500,24,0.1196,0,0.0
L007004,B,1000,36,0.0715,0,0.0
L007005,B,5000,24,0.0842,0,0.0
L007006,D,2500,24,0.1465,0,0.0
L007007,B,10000,12,0.0747,0,0.0
L007008,B,10000,24,0.0896,0,0.0
L007009,B,10000,12,0.0821,0,0.0
L007010,B,1000,60,0.0756,0,0.0
L007011,A,7500,60,0.0552,0,0.0
L007012,A,1000,24,0.0572,0,0.0
L007013,B,5000,60,0.0756,0,0.0
L007014,B,10000,36,0.0864,0,0.0
L007015,C,2500,36,0.1115,0,0.0
L007016,D,5000,24,0.153,0,0.0
L007017,B,7500,60,0.0786,0,0.0
L007018,D,2500,36,0.159,0,0.0
L007019,B,7500,12,0.0787,0,0.0
L007020,B,1000,24,0.0838,0,0.0
L007021,C,10000,60,0.1056,0,0.0
L007022,B,7500,12,0.0731,0,0.0
L007023,B,1000,60,0.0762,0,0.0
L007024,B,500,36,0.082,0,0.0
L007025,D,10000,60,0.1469,0,0.0
L007026,E,7500,36,0.1878,0,0.0
L007027,E,10000,12,0.2032,0,0.0
L007028,A,10000,60,0.0562,0,0.0
L007029,A,2500,24,0.0582,0,0.0
L007030,B,500,36,0.0796,1,0.3739
L007031,D,7500,36,0.1626,0,0.0
L007032,C,2500,36,0.115,1,0.353
L007033,D,7500,60,0.1516,0,0.0
L007034,B,7500,60,0.0794,1,0.3532
L007035,C,7500,36,0.111,1,0.1231
L007036,B,1000,12,0.0786,0,0.0
L007037,A,1000,24,0.0703,0,0.0
L007038,C,5000,24,0.1062,0,0.0
L007039,D,10000,24,0.1441,0,0.0
L007040,C,1000,12,0.111,0,0.0
L007041,A,10000,60,0.0595,0,0.0
L007042,A,500,24,0.0618,0,0.0
L007043,D,5000,24,0.1492,1,0.1819
L007044,B,10000,60,0.0809,0,0.0
L007045,B,1000,36,0.0814,0,0.0
L007046,C,7500,24,0.1098,0,0.0
L007047,D,10000,60,0.1611,0,0.0
L007048,C,10000,12,0.117,0,0.0
L007049,E,5000,60,0.2003,0,0.0
L007050,B,2500,60,0.0757,0,0.0
L007051,C,2500,24,0.1092,0,0.0
L007052,A,5000,12,0.0528,0,0.0
L007053,C,1000,12,0.1126,0,0.0
L007054,B,10000,24,0.0777,0,0.0
L007055,A,7500,60,0.0594,0,0.0
L007056,C,10000,36,0.1286,0,0.0
L007057,B,500,24,0.0721,0,0.0
L007058,B,500,60,0.0792,0,0.0
L007059,E,7500,36,0.197,0,0.0
L007060,C,2500,24,0.1062,0,0.0
L007061,B,1000,24,0.0889,0,0.0
L007062,C,1000,24,0.1037,0,0.0
L007063,A,7500,36,0.0639,0,0.0
L007064,B,1000,24,0.0725,0,0.0
L007065,D,10000,60,0.1527,0,0.0
L007066,B,1000,60,0.0681,0,0.0
L007067,C,5000,24,0.1068,0,0.0
L007068,B,500,12,0.0799,0,0.0
L007069,B,10000,12,0.0796,0,0.0
L007070,D,5000,12,0.1531,0,0.0
L007071,B,500,36,0.0858,0,0.0
L007072,D,10000,24,0.1487,0,0.0
L007073,B,10000,24,0.0749,0,0.0
L007074,B,5000,60,0.0762,0,0.0
L007075,C,10000,60,0.106,0,0.0
L007076,B,2500,36,0.0731,0,0.0
L007077,B,10000,12,0.0843,1,0.3071
L007078,B,5000,36,0.0888,0,0.0
L007079,D,7500,60,0.1552,0,0.0
L007080,C,10000,12,0.1174,0,0.0
L007081,D,2500,36,0.1504,0,0.0
L007082,A,1000,60,0.058,0,0.0
L007083,B,2500,12,0.0804,0,0.0
L007084,A,2500,12,0.0531,0,0.0
L007085,A,7500,36,0.0611,0,0.0
L007086,A,5000,24,0.0495,0,0.0
L007087,B,500,24,0.0831,0,0.0
L007088,C,500,36,0.1181,0,0.0
L007089,B,5000,12,0.0734,0,0.0
L007090,C,10000,12,0.1189,0,0.0
L007091,E,7500,36,0.1945,1,0.2316
L007092,E,1000,36,0.1977,0,0.0
L007093,A,1000,36,0.0589,0,0.0
L007094,D,5000,36,0.1577,0,0.0
L007095,B,1000,24,0.0756,1,0.2188
L007096,C,1000,60,0.1078,0,0.0
L007097,A,7500,24,0.0553,0,0.0
L007098,A,1000,36,0.0536,0,0.0
L007099,C,7500,60,0.1058,0,0.0
L007100,C,500,36,0.1195,0,0.0
L007101,C,1000,60,0.1082,0,0.0
L007102,E,5000,12,0.1934,1,0.1413
L007103,A,7500,60,0.0513,0,0.0
L007104,C,1000,60,0.1137,0,0.0
L007105,A,5000,12,0.0484,0,0.0
L007106,A,5000,24,0.0501,0,0.0
L007107,D,10000,36,0.1606,0,0.0
L007108,C,10000,12,0.107,0,0.0
L007109,D,5000,60,0.1414,0,0.0
L007110,B,2500,12,0.0779,0,0.0
L007111,A,10000,36,0.0565,0,0.0
L007112,C,5000,60,0.1017,0,0.0
L007113,B,7500,12,0.0848,0,0.0
L007114,D,500,60,0.1502,0,0.0
L007115,A,5000,12,0.0656,0,0.0
L007116,B,500,24,0.0827,0,0.0
L007117,E,2500,60,0.1967,0,0.0
L007118,B,7500,60,0.0851,0,0.0
L007119,C,5000,24,0.1102,0,0.0
L007120,A,500,60,0.0636,0,0.0
L007121,B,7500,60,0.067,0,0.0
L007122,C,500,24,0.1223,0,0.0
L007123,B,7500,60,0.0705,0,0.0
L007124,D,10000,12,0.1515,0,0.0
L007125,B,5000,12,0.0866,0,0.0
L007126,A,1000,12,0.04,0,0.0
L007127,A,10000,12,0.0515,0,0.0
L007128,D,7500,36,0.1538,0,0.0
L007129,E,10000,12,0.1989,0,0.0
L007130,A,10000,24,0.0494,0,0.0
L007131,C,10000,60,0.1132,0,0.0
L007132,D,5000,36,0.1553,0,0.0
L007133,C,7500,36,0.1246,0,0.0
L007134,A,10000,36,0.0479,1,0.546
L007135,E,2500,36,0.1957,1,0.3059
L007136,A,500,12,0.0675,0,0.0
L007137,C,2500,60,0.1056,0,0.0
L007138,A,7500,60,0.0516,0,0.0
L007139,C,2500,60,0.1126,0,0.0
L007140,B,1000,60,0.0771,0,0.0
L007141,D,10000,24,0.1466,0,0.0
L007142,B,5000,36,0.0806,0,0.0
L007143,A,5000,12,0.0573,0,0.0
L007144,A,10000,36,0.0577,0,0.0
L007145,B,7500,24,0.0793,0,0.0
L007146,C,10000,24,0.1137,0,0.0
L007147,E,1000,36,0.1904,0,0.0
L007148,E,5000,60,0.2017,0,0.0
L007149,C,2500,12,0.1238,0,0.0
L007150,A,10000,60,0.0529,0,0.0
L007151,C,1000,60,0.1093,1,0.1604
L007152,A,10000,24,0.049,0,0.0
L007153,D,7500,12,0.1516,0,0.0
L007154,D,7500,36,0.1503,0,0.0
L007155,A,10000,60,0.061,0,0.0
L007156,A,5000,60,0.0474,0,0.0
L007157,B,7500,12,0.0856,0,0.0
L007158,B,2500,24,0.075,0,0.0
L007159,B,2500,12,0.0708,0,0.0
L007160,C,500,24,0.1073,0,0.0
L007161,A,1000,60,0.053,0,0.0
L007162,B,5000,60,0.0772,0,0.0
L007163,C,5000,60,0.1114,0,0.0
L007164,A,500,24,0.0604,0,0.0
L007165,C,5000,36,0.112,0,0.0
L007166,C,500,36,0.1141,0,0.0
L007167,B,5000,12,0.0685,0,0.0
L007168,D,5000,60,0.143,0,0.0
L007169,B,7500,24,0.0833,0,0.0
L007170,D,7500,36,0.1536,1,0.1723
L007171,B,2500,12,0.0723,1,0.2329
L007172,C,1000,12,0.1075,0,0.0
L007173,A,2500,12,0.0543,0,0.0
L007174,C,10000,36,0.1065,0,0.0
L007175,B,5000,24,0.0764,0,0.0
L007176,B,500,12,0.0773,0,0.0
L007177,A,10000,60,0.0491,0,0.0
L007178,C,1000,60,0.1064,0,0.0
L007179,C,500,24,0.1121,0,0.0
L007180,A,7500,12,0.0568,0,0.0
L007181,A,10000,60,0.049,0,0.0
L007182,E,1000,60,0.1976,0,0.0
L007183,B,2500,36,0.0871,0,0.0
L007184,B,5000,60,0.0761,0,0.0
L007185,C,10000,36,0.108,0,0.0
L007186,A,10000,12,0.0464,0,0.0
L007187,B,500,36,0.0811,0,0.0
L007188,B,7500,60,0.0804,0,0.0
L007189,D,1000,36,0.1561,0,0.0
L007190,C,10000,12,0.1113,0,0.0
L007191,E,5000,60,0.1985,0,0.0
L007192,A,1000,24,0.062,0,0.0
L007193,B,10000,12,0.0713,0,0.0
L007194,B,500,60,0.0714,0,0.0
L007195,A,7500,60,0.0565,0,0.0
L007196,D,5000,12,0.1555,1,0.1326
L007197,B,5000,36,0.0785,0,0.0
L007198,B,10000,36,0.075,0,0.0
L007199,B,1000,60,0.0888,0,0.0
L007200,B,2500,24,0.0807,0,0.0
L007201,B,1000,12,0.0842,0,0.0
L007202,E,2500,36,0.2018,0,0.0
L007203,D,1000,24,0.1519,0,0.0
L007204,E,7500,60,0.198,0,0.0
L007205,B,1000,60,0.0841,0,0.0
L007206,C,1000,60,0.1109,0,0.0
L007207,D,5000,36,0.1481,0,0.0
L007208,B,5000,24,0.077,0,0.0
L007209,C,2500,36,0.1199,0,0.0
L007210,C,5000,36,0.1051,0,0.0
L007211,B,5000,12,0.0718,0,0.0
L007212,C,10000,12,0.1084,0,0.0
L007213,B,5000,12,0.0726,0,0.0
L007214,B,1000,12,0.0973,0,0.0
L007215,B,2500,24,0.0792,0,0.0
L007216,E,2500,36,0.1946,0,0.0
L007217,C,5000,24,0.1114,0,0.0
L007218,C,1000,24,0.1165,0,0.0
L007219,E,500,24,0.2002,0,0.0
L007220,E,7500,24,0.2012,1,0.0963
L007221,A,5000,12,0.0583,0,0.0
L007222,A,10000,24,0.059,0,0.0
L007223,D,5000,24,0.1454,0,0.0
L007224,E,2500,24,0.1878,0,0.0
L007225,B,2500,24,0.0813,0,0.0
L007226,B,5000,24,0.0819,0,0.0
L007227,E,2500,24,0.1895,1,0.2755
L007228,B,2500,24,0.0816,0,0.0
L007229,C,2500,24,0.1181,0,0.0
L007230,A,500,36,0.0544,0,0.0
L007231,C,7500,60,0.1132,0,0.0
L007232,A,5000,12,0.0475,0,0.0
L007233,A,7500,12,0.0588,0,0.0
L007234,A,7500,36,0.0428,0,0.0
L007235,A,5000,12,0.0455,0,0.0
L007236,B,7500,60,0.0899,0,0.0
L007237,B,7500,12,0.0863,0,0.0
L007238,B,2500,36,0.0843,0,0.0
L007239,B,7500,12,0.0796,0,0.0
L007240,B,10000,24,0.0844,0,0.0
L007241,D,7500,24,0.1538,0,0.0
L007242,A,10000,60,0.0567,0,0.0
L007243,B,500,12,0.0894,0,0.0
L007244,C,1000,24,0.1054,0,0.0
L007245,D,5000,60,0.1501,0,0.0
L007246,A,500,24,0.0529,0,0.0
L007247,C,7500,60,0.1025,0,0.0
L007248,D,2500,12,0.1445,0,0.0
L007249,D,7500,60,0.1505,0,0.0
L007250,C,5000,60,0.1058,0,0.0
L007251,D,1000,60,0.1556,0,0.0
L007252,D,10000,36,0.1478,0,0.0
L007253,B,5000,24,0.0729,0,0.0
L007254,A,7500,36,0.0598,0,0.0
L007255,D,2500,12,0.1524,0,0.0
L007256,A,10000,24,0.0602,0,0.0
L007257,A,10000,36,0.0628,0,0.0
L007258,D,5000,12,0.1503,0,0.0
L007259,A,500,24,0.0379,0,0.0
L007260,C,10000,36,0.1155,0,0.0
L007261,E,7500,12,0.1977,0,0.0
L007262,D,2500,12,0.1479,0,0.0
L007263,E,2500,36,0.2014,0,0.0
L007264,E,1000,36,0.1979,0,0.0
L007265,A,7500,60,0.0582,0,0.0
L007266,B,500,12,0.0722,0,0.0
L007267,B,7500,60,0.0752,0,0.0
L007268,C,500,60,0.115,0,0.0
L007269,B,1000,36,0.0697,1,0.3257
L007270,C,2500,36,0.095,0,0.0
L007271,B,2500,36,0.0679,0,0.0
L007272,A,10000,24,0.0528,0,0.0
L007273,B,10000,36,0.0763,0,0.0
L007274,C,5000,24,0.1103,0,0.0
L007275,D,10000,24,0.1473,0,0.0
L007276,D,2500,36,0.1473,0,0.0
L007277,A,5000,12,0.0542,0,0.0
L007278,D,500,24,0.1453,0,0.0
L007279,E,5000,12,0.1936,0,0.0
L007280,D,5000,24,0.1456,0,0.0
L007281,A,1000,24,0.0673,0,0.0
L007282,E,500,12,0.2085,0,0.0
L007283,B,7500,24,0.0787,0,0.0
L007284,B,500,60,0.0841,0,0.0
L007285,C,1000,12,0.1119,0,0.0
L007286,D,2500,36,0.154,0,0.0
L007287,B,5000,24,0.081,0,0.0
L007288,B,2500,60,0.076,0,0.0
L007289,E,5000,24,0.1985,1,0.2583
L007290,B,500,60,0.069,0,0.0
L007291,B,2500,24,0.0744,0,0.0
L007292,A,1000,24,0.0527,0,0.0
L007293,B,10000,36,0.0812,0,0.0
L007294,C,5000,36,0.106,0,0.0
L007295,C,10000,60,0.1229,0,0.0
L007296,A,2500,60,0.0584,0,0.0
L007297,C,500,24,0.1084,0,0.0
L007298,B,5000,24,0.0835,0,0.0
L007299,A,10000,36,0.059,0,0.0
L007300,C,5000,24,0.1297,0,0.0
L007301,C,500,60,0.0985,0,0.0
L007302,D,7500,36,0.1528,0,0.0
L007303,A,5000,60,0.0489,0,0.0
L007304,C,10000,24,0.1091,0,0.0
L007305,B,500,12,0.0825,0,0.0
L007306,A,5000,12,0.0489,0,0.0
L007307,B,500,36,0.0813,0,0.0
L007308,C,1000,12,0.1205,0,0.0
L007309,A,10000,60,0.0581,0,0.0
L007310,C,500,12,0.1113,0,0.0
L007311,C,2500,60,0.114,0,0.0
L007312,C,10000,24,0.1123,0,0.0
L007313,C,10000,36,0.1121,0,0.0
L007314,B,2500,12,0.0776,0,0.0
L007315,D,7500,24,0.148,0,0.0
L007316,C,1000,60,0.1052,0,0.0
L007317,D,1000,60,0.1479,0,0.0
L007318,C,10000,60,0.115,0,0.0
L007319,A,500,24,0.0633,0,0.0
L007320,C,500,24,0.1071,0,0.0
L007321,E,1000,36,0.1863,0,0.0
L007322,B,2500,36,0.09,0,0.0
L007323,D,5000,60,0.1373,0,0.0
L007324,C,7500,60,0.116,0,0.0
L007325,B,2500,36,0.0736,0,0.0
L007326,B,1000,12,0.0671,0,0.0
L007327,E,10000,12,0.1958,0,0.0
L007328,A,5000,24,0.0517,0,0.0
L007329,D,7500,60,0.1589,0,0.0
L007330,E,7500,24,0.2,0,0.0
L007331,A,7500,36,0.0626,0,0.0
L007332,C,1000,36,0.1113,0,0.0
L007333,D,500,60,0.147,0,0.0
L007334,E,5000,60,0.19,0,0.0
L007335,D,500,24,0.1511,0,0.0
L007336,B,5000,36,0.0757,0,0.0
L007337,D,500,60,0.157,0,0.0
L007338,D,2500,36,0.1444,0,0.0
L007339,D,1000,12,0.1561,1,0.2637
L007340,C,10000,60,0.1181,0,0.0
L007341,A,500,60,0.0658,0,0.0
L007342,B,5000,12,0.0831,0,0.0
L007343,D,5000,12,0.1591,0,0.0
L007344,B,1000,36,0.0754,0,0.0
L007345,E,5000,60,0.1988,0,0.0
L007346,A,1000,24,0.0524,0,0.0
L007347,B,10000,12,0.0765,0,0.0
L007348,C,7500,24,0.1038,0,0.0
L007349,D,500,24,0.1614,0,0.0
L007350,A,2500,60,0.0624,0,0.0
L007351,C,5000,12,0.1071,0,0.0
L007352,D,1000,36,0.1432,0,0.0
L007353,B,1000,36,0.0739,0,0.0
L007354,A,10000,60,0.0516,0,0.0
L007355,B,1000,24,0.0836,0,0.0
L007356,B,500,24,0.0721,0,0.0
L007357,B,1000,36,0.0822,0,0.0
L007358,D,7500,12,0.1566,0,0.0
L007359,E,10000,60,0.1957,1,0.1083
L007360,C,10000,36,0.1146,0,0.0
L007361,B,10000,60,0.0753,0,0.0
L007362,B,5000,12,0.0878,0,0.0
L007363,A,10000,12,0.0524,0,0.0
L007364,B,1000,36,0.0785,0,0.0
L007365,D,2500,36,0.1563,0,0.0
L007366,E,7500,36,0.1912,1,0.1442
L007367,B,10000,24,0.0838,0,0.0
L007368,C,7500,60,0.1182,0,0.0
L007369,A,500,60,0.062,0,0.0
L007370,E,5000,12,0.2,0,0.0
L007371,B,500,24,0.0926,0,0.0
L007372,B,5000,12,0.0865,0,0.0
L007373,A,5000,24,0.0624,0,0.0
L007374,D,10000,36,0.1625,0,0.0
L007375,D,7500,60,0.157,0,0.0
L007376,A,2500,60,0.0543,0,0.0
L007377,D,7500,60,0.1532,0,0.0
L007378,D,1000,12,0.1504,0,0.0
L007379,C,1000,24,0.1071,0,0.0
L007380,B,2500,60,0.0746,0,0.0
L007381,D,10000,12,0.1507,0,0.0
L007382,E,7500,36,0.2013,0,0.0
L007383,B,5000,36,0.0794,0,0.0
L007384,A,500,36,0.0565,0,0.0
L007385,C,500,12,0.1067,1,0.1474
L007386,A,500,12,0.0501,0,0.0
L007387,D,7500,60,0.1504,0,0.0
L007388,D,1000,60,0.1444,0,0.0
L007389,B,2500,12,0.0756,0,0.0
L007390,C,10000,60,0.1067,0,0.0
L007391,D,5000,12,0.15,0,0.0
L007392,C,7500,12,0.1095,0,0.0
L007393,B,2500,60,0.0745,0,0.0
L007394,B,2500,24,0.0793,0,0.0
L007395,E,5000,60,0.1999,0,0.0
L007396,B,5000,60,0.0905,0,0.0
L007397,B,1000,60,0.0608,0,0.0
L007398,B,2500,12,0.0757,0,0.0
L007399,D,2500,60,0.1516,0,0.0
L007400,A,7500,24,0.0518,0,0.0
L007401,C,2500,12,0.1038,0,0.0
L007402,C,7500,36,0.1013,0,0.0
L007403,A,2500,36,0.0594,0,0.0
L007404,B,5000,60,0.0766,0,0.0
L007405,D,1000,36,0.1584,0,0.0
L007406,A,7500,36,0.0575,0,0.0
L007407,B,7500,24,0.0739,0,0.0
L007408,D,7500,24,0.1496,0,0.0
L007409,C,5000,60,0.1166,0,0.0
L007410,D,7500,24,0.1486,0,0.0
L007411,B,7500,36,0.0695,0,0.0
L007412,C,10000,36,0.1183,0,0.0
L007413,B,2500,24,0.0737,0,0.0
L007414,C,10000,60,0.11,0,0.0
L007415,C,500,36,0.113,0,0.0
L007416,B,1000,24,0.089,0,0.0
L007417,C,2500,36,0.11,0,0.0
L007418,C,2500,12,0.1099,0,0.0
L007419,D,10000,36,0.1493,0,0.0
L007420,D,2500,60,0.1566,0,0.0
L007421,C,5000,60,0.1066,0,0.0
L007422,C,5000,24,0.1094,0,0.0
L007423,C,1000,36,0.1079,0,0.0
L007424,E,7500,12,0.196,0,0.0
L007425,A,5000,60,0.0657,0,0.0
L007426,D,500,36,0.1534,0,0.0
L007427,B,500,60,0.0816,0,0.0
L007428,D,1000,24,0.1479,0,0.0
L007429,C,10000,12,0.1078,0,0.0
L007430,D,5000,24,0.1499,0,0.0
L007431,B,7500,60,0.0665,0,0.0
L007432,C,5000,24,0.1156,0,0.0
L007433,B,5000,36,0.0848,0,0.0
L007434,B,500,36,0.0718,0,0.0
L007435,B,500,12,0.0754,0,0.0
L007436,D,7500,36,0.1557,0,0.0
L007437,C,5000,36,0.1198,1,0.2317
L007438,A,500,36,0.0529,0,0.0
L007439,E,1000,12,0.2073,0,0.0
L007440,C,1000,36,0.1086,0,0.0
L007441,B,1000,24,0.0867,0,0.0
L007442,C,5000,60,0.1186,0,0.0
L007443,B,1000,12,0.0794,0,0.0
L007444,D,1000,36,0.1508,0,0.0
L007445,E,500,24,0.1894,0,0.0
L007446,B,10000,60,0.0773,0,0.0
L007447,E,2500,24,0.1947,1,0.1118
L007448,B,2500,36,0.0752,0,0.0
L007449,D,500,36,0.1335,0,0.0
L007450,D,10000,60,0.1483,0,0.0
L007451,A,7500,12,0.0471,0,0.0
L007452,C,500,36,0.1155,0,0.0
L007453,C,500,36,0.1167,0,0.0
L007454,D,500,12,0.1419,0,0.0
L007455,A,500,36,0.0615,0,0.0
L007456,C,500,12,0.1112,0,0.0
L007457,C,10000,24,0.1105,0,0.0
L007458,A,7500,12,0.0491,0,0.0
L007459,B,1000,36,0.0827,0,0.0
L007460,D,10000,60,0.1505,1,0.1506
L007461,D,5000,12,0.1462,0,0.0
L007462,B,10000,12,0.0773,0,0.0
L007463,A,10000,12,0.0562,0,0.0
L007464,B,7500,24,0.0775,1,0.2419
L007465,B,500,60,0.088,0,0.0
L007466,C,1000,12,0.1017,0,0.0
L007467,B,5000,12,0.0733,0,0.0
L007468,E,10000,12,0.1927,0,0.0
L007469,A,7500,24,0.0715,0,0.0
L007470,C,7500,12,0.1121,0,0.0
L007471,B,2500,24,0.0862,0,0.0
L007472,D,2500,24,0.155,0,0.0
L007473,B,2500,24,0.0848,0,0.0
L007474,A,7500,24,0.058,0,0.0
L007475,A,10000,24,0.0546,0,0.0
L007476,C,7500,60,0.1194,0,0.0
L007477,D,10000,36,0.1564,0,0.0
L007478,D,5000,36,0.1486,0,0.0
L007479,E,1000,24,0.1897,0,0.0
L007480,B,500,36,0.0824,0,0.0
L007481,C,1000,12,0.1095,0,0.0
L007482,C,500,12,0.1151,1,0.2844
L007483,B,2500,60,0.0776,0,0.0
L007484,B,10000,36,0.0794,0,0.0
L007485,B,2500,60,0.0803,0,0.0
L007486,A,5000,12,0.0517,0,0.0
L007487,B,10000,24,0.0783,0,0.0
L007488,B,7500,36,0.0876,0,0.0
L007489,A,1000,12,0.0541,0,0.0
L007490,A,5000,36,0.0529,0,0.0
L007491,B,5000,36,0.0645,0,0.0
L007492,B,1000,24,0.0827,0,0.0
L007493,B,1000,12,0.0707,0,0.0
L007494,B,7500,24,0.0858,0,0.0
L007495,E,5000,12,0.1947,0,0.0
L007496,C,5000,60,0.1109,0,0.0
L007497,B,7500,36,0.0718,0,0.0
L007498,B,2500,12,0.0774,0,0.0
L007499,D,2500,24,0.1541,0,0.0
L007500,A,1000,12,0.0435,0,0.0
L007501,C,10000,36,0.1035,0,0.0
L007502,E,7500,60,0.1911,0,0.0
L007503,C,5000,60,0.1123,0,0.0
L007504,C,500,36,0.1116,0,0.0
L007505,D,5000,24,0.1481,0,0.0
L007506,A,10000,12,0.0547,0,0.0
L007507,B,2500,36,0.0755,0,0.0
L007508,D,7500,12,0.1352,1,0.0573
L007509,C,2500,12,0.104,0,0.0
L007510,A,2500,36,0.0464,0,0.0
L007511,B,10000,36,0.0881,0,0.0
L007512,B,500,24,0.08,0,0.0
L007513,A,7500,24,0.0641,0,0.0
L007514,C,1000,60,0.1044,0,0.0
L007515,A,2500,36,0.049,0,0.0
L007516,E,2500,12,0.1993,1,0.2285
L007517,A,5000,36,0.057,0,0.0
L007518,A,1000,24,0.0582,0,0.0
L007519,B,7500,24,0.0814,0,0.0
L007520,A,2500,24,0.0663,0,0.0
L007521,C,500,24,0.109,0,0.0
L007522,A,2500,60,0.0585,0,0.0
L007523,C,5000,24,0.1087,1,0.2912
L007524,D,7500,12,0.1435,0,0.0
L007525,A,500,24,0.0545,0,0.0
L007526,D,2500,60,0.1496,0,0.0
L007527,C,2500,36,0.1071,0,0.0
L007528,B,10000,36,0.0725,0,0.0
L007529,D,10000,60,0.1488,0,0.0
L007530,D,10000,36,0.1498,0,0.0
L007531,B,500,24,0.0779,0,0.0
L007532,D,2500,12,0.1414,0,0.0
L007533,D,2500,24,0.1572,0,0.0
L007534,B,5000,12,0.0736,0,0.0
L007535,E,1000,60,0.1929,0,0.0
L007536,A,2500,12,0.0729,0,0.0
L007537,B,500,12,0.08,0,0.0
L007538,E,10000,36,0.1921,1,0.2365
L007539,B,1000,12,0.0775,0,0.0
L007540,A,2500,60,0.0575,0,0.0
L007541,D,7500,36,0.1462,0,0.0
L007542,C,10000,60,0.1168,1,0.1911
L007543,A,10000,60,0.048,0,0.0
L007544,B,10000,36,0.088,0,0.0
L007545,C,5000,36,0.1056,0,0.0
L007546,D,500,24,0.1529,0,0.0
L007547,B,1000,36,0.0724,0,0.0
L007548,C,5000,12,0.1131,0,0.0
L007549,E,10000,60,0.1912,0,0.0
L007550,E,10000,12,0.1894,0,0.0
L007551,A,5000,60,0.0558,0,0.0
L007552,D,500,60,0.1476,0,0.0
L007553,C,2500,12,0.1132,0,0.0
L007554,D,10000,12,0.1414,0,0.0
L007555,D,10000,36,0.1512,0,0.0
L007556,A,1000,36,0.0534,0,0.0
L007557,C,1000,36,0.1103,1,0.1716
L007558,A,5000,12,0.0597,0,0.0
L007559,C,500,24,0.1152,0,0.0
L007560,A,2500,60,0.0575,0,0.0
L007561,A,2500,24,0.0533,0,0.0
L007562,D,10000,12,0.1466,0,0.0
L007563,C,7500,60,0.1154,0,0.0
L007564,B,10000,24,0.0727,0,0.0
L007565,A,1000,36,0.0555,0,0.0
L007566,B,500,12,0.0672,0,0.0
L007567,C,7500,36,0.1062,0,0.0
L007568,D,7500,24,0.1522,0,0.0
L007569,D,2500,36,0.1586,1,0.0822
L007570,B,10000,12,0.0775,0,0.0
L007571,A,500,60,0.0563,0,0.0
L007572,A,2500,60,0.052,0,0.0
L007573,E,500,36,0.189,0,0.0
L007574,C,7500,60,0.1194,0,0.0
L007575,B,2500,12,0.0632,0,0.0
L007576,D,1000,60,0.1465,0,0.0
L007577,B,10000,36,0.0768,0,0.0
L007578,A,7500,36,0.0583,0,0.0
L007579,B,10000,24,0.0769,0,0.0
L007580,C,1000,60,0.1179,0,0.0
L007581,B,2500,36,0.0732,0,0.0
L007582,B,2500,60,0.0859,0,0.0
L007583,C,500,24,0.1059,0,0.0
L007584,E,7500,60,0.1962,0,0.0
L007585,C,7500,12,0.1148,0,0.0
L007586,B,1000,60,0.0811,0,0.0
L007587,B,7500,24,0.0871,0,0.0
L007588,A,500,36,0.0497,0,0.0
L007589,C,5000,12,0.1213,0,0.0
L007590,C,500,24,0.1147,0,0.0
L007591,A,1000,24,0.0502,0,0.0
L007592,B,10000,60,0.0784,0,0.0
L007593,D,5000,12,0.1562,0,0.0
L007594,A,10000,36,0.0617,0,0.0
L007595,D,5000,24,0.151,0,0.0
L007596,B,5000,12,0.0704,0,0.0
L007597,C,5000,24,0.1127,0,0.0
L007598,D,5000,60,0.1503,0,0.0
L007599,C,5000,60,0.1155,0,0.0
L007600,C,10000,12,0.1151,0,0.0
L007601,C,2500,12,0.1051,0,0.0
L007602,B,500,60,0.0735,0,0.0
L007603,B,10000,36,0.0763,0,0.0
L007604,C,1000,36,0.1103,1,0.3519
L007605,E,500,12,0.1817,0,0.0
L007606,A,1000,36,0.0761,0,0.0
L007607,C,500,36,0.1146,1,0.3488
L007608,A,10000,12,0.0538,0,0.0
L007609,A,5000,36,0.0448,0,0.0
L007610,A,7500,36,0.0445,0,0.0
L007611,C,2500,60,0.1124,1,0.3636
L007612,B,2500,12,0.0809,1,0.2669
L007613,C,2500,12,0.1046,0,0.0
L007614,C,500,12,0.1077,0,0.0
L007615,A,10000,24,0.0406,0,0.0
L007616,A,7500,24,0.0484,0,0.0
L007617,D,5000,24,0.1496,0,0.0
L007618,A,5000,60,0.0448,0,0.0
L007619,E,500,60,0.191,0,0.0
L007620,B,1000,60,0.0626,0,0.0
L007621,C,500,60,0.1121,1,0.2927
L007622,E,2500,36,0.195,0,0.0
L007623,E,5000,36,0.2003,0,0.0
L007624,B,500,24,0.0868,0,0.0
L007625,C,500,12,0.1172,0,0.0
L007626,C,2500,12,0.1182,0,0.0
L007627,A,500,24,0.0607,0,0.0
L007628,E,10000,12,0.2057,1,0.0834
L007629,A,10000,12,0.0556,0,0.0
L007630,C,2500,60,0.1161,0,0.0
L007631,C,2500,24,0.1086,0,0.0
L007632,C,5000,12,0.1049,0,0.0
L007633,D,7500,24,0.162,0,0.0
L007634,B,1000,24,0.0848,0,0.0
L007635,A,5000,24,0.0571,0,0.0
L007636,A,5000,24,0.0496,0,0.0
L007637,D,2500,36,0.1419,0,0.0
L007638,A,5000,36,0.0572,0,0.0
L007639,E,1000,24,0.2016,0,0.0
L007640,C,10000,60,0.114,0,0.0
L007641,C,5000,12,0.1133,0,0.0
L007642,E,5000,24,0.1875,0,0.0
L007643,A,5000,36,0.0599,0,0.0
L007644,A,1000,24,0.0452,0,0.0
L007645,B,5000,36,0.076,0,0.0
L007646,A,7500,12,0.0571,0,0.0
L007647,C,10000,36,0.114,0,0.0
L007648,D,5000,60,0.1503,0,0.0
L007649,D,1000,36,0.1536,0,0.0
L007650,B,2500,60,0.0773,0,0.0
L007651,B,7500,24,0.0778,0,0.0
L007652,A,2500,24,0.0632,0,0.0
L007653,B,500,24,0.0919,0,0.0
L007654,A,7500,36,0.0503,0,0.0
L007655,D,5000,60,0.1488,0,0.0
L007656,C,10000,12,0.1207,0,0.0
L007657,C,7500,60,0.1044,0,0.0
L007658,B,1000,36,0.0843,0,0.0
L007659,B,1000,60,0.0798,0,0.0
L007660,B,10000,60,0.0773,0,0.0
L007661,C,5000,12,0.1137,0,0.0
L007662,C,10000,12,0.1162,0,0.0
L007663,B,500,24,0.0867,0,0.0
L007664,C,2500,36,0.1201,0,0.0
L007665,A,7500,12,0.0511,0,0.0
L007666,D,2500,12,0.1476,0,0.0
L007667,B,500,24,0.0736,0,0.0
L007668,B,2500,12,0.0796,0,0.0
L007669,D,500,36,0.1572,0,0.0
L007670,D,500,12,0.1561,0,0.0
L007671,A,1000,36,0.0628,0,0.0
L007672,C,5000,24,0.1133,0,0.0
L007673,A,500,24,0.0539,0,0.0
L007674,B,10000,24,0.0836,0,0.0
L007675,D,5000,36,0.1523,1,0.0388
L007676,C,2500,12,0.1147,0,0.0
L007677,B,1000,60,0.0778,0,0.0
L007678,A,10000,36,0.0466,0,0.0
L007679,C,10000,60,0.1097,0,0.0
L007680,E,5000,12,0.1954,0,0.0
L007681,A,1000,24,0.0622,0,0.0
L007682,D,7500,12,0.1475,0,0.0
L007683,B,1000,36,0.0769,0,0.0
L007684,E,7500,36,0.2023,1,0.0653
L007685,C,2500,60,0.108,0,0.0
L007686,D,1000,24,0.1406,0,0.0
L007687,C,1000,12,0.1111,0,0.0
L007688,B,7500,60,0.0866,0,0.0
L007689,C,10000,60,0.1153,1,0.3147
L007690,E,10000,60,0.1941,1,0.096
L007691,A,7500,12,0.0531,0,0.0
L007692,C,500,36,0.1059,0,0.0
L007693,E,5000,36,0.201,1,0.0
L007694,A,7500,24,0.0505,0,0.0
L007695,E,500,24,0.1836,0,0.0
L007696,C,1000,12,0.1141,0,0.0
L007697,D,500,60,0.1486,0,0.0
L007698,D,1000,12,0.1506,0,0.0
L007699,A,1000,36,0.0626,0,0.0
L007700,C,500,24,0.1084,0,0.0
L007701,D,2500,12,0.1551,0,0.0
L007702,A,5000,36,0.0521,0,0.0
L007703,C,5000,24,0.1194,0,0.0
L007704,E,10000,60,0.1888,1,0.2058
L007705,D,2500,24,0.1458,0,0.0
L007706,D,500,24,0.1482,0,0.0
L007707,A,10000,24,0.0449,0,0.0
L007708,E,10000,36,0.1972,0,0.0
L007709,A,7500,12,0.0482,0,0.0
L007710,A,2500,12,0.0502,0,0.0
L007711,C,7500,36,0.1256,0,0.0
L007712,B,1000,36,0.0751,0,0.0
L007713,D,1000,60,0.1439,0,0.0
L007714,A,1000,12,0.0462,0,0.0
L007715,B,2500,12,0.073,0,0.0
L007716,E,1000,24,0.1939,0,0.0
L007717,D,7500,24,0.16,0,0.0
L007718,D,500,36,0.1536,0,0.0
L007719,C,500,36,0.1252,0,0.0
L007720,B,2500,12,0.0754,0,0.0
L007721,D,1000,60,0.1469,0,0.0
L007722,A,7500,36,0.061,0,0.0
L007723,B,10000,36,0.0741,0,0.0
L007724,C,500,36,0.1226,0,0.0
L007725,D,2500,36,0.1588,0,0.0
L007726,A,2500,24,0.0608,0,0.0
L007727,C,5000,24,0.1127,0,0.0
L007728,C,500,12,0.1135,0,0.0
L007729,C,1000,12,0.1151,0,0.0
L007730,C,10000,60,0.1118,0,0.0
L007731,B,10000,60,0.0722,0,0.0
L007732,D,5000,36,0.1518,1,0.2744
L007733,D,7500,36,0.1592,1,0.2042
L007734,C,7500,24,0.0982,0,0.0
L007735,B,10000,12,0.0776,0,0.0
L007736,D,7500,36,0.1544,0,0.0
L007737,A,10000,60,0.0576,0,0.0
L007738,A,1000,24,0.0517,0,0.0
L007739,A,1000,60,0.0713,0,0.0
L007740,D,2500,24,0.1562,0,0.0
L007741,E,1000,36,0.1902,0,0.0
L007742,B,1000,24,0.0808,0,0.0
L007743,A,2500,24,0.0484,0,0.0
L007744,B,7500,12,0.0837,0,0.0
L007745,B,7500,60,0.0798,0,0.0
L007746,A,7500,36,0.039,0,0.0
L007747,B,10000,36,0.0764,0,0.0
L007748,B,500,12,0.0804,0,0.0
L007749,A,500,36,0.0662,0,0.0
L007750,D,7500,36,0.1407,0,0.0
L007751,C,2500,36,0.1239,0,0.0
L007752,D,2500,24,0.1615,0,0.0
L007753,C,10000,60,0.1052,0,0.0
L007754,A,1000,12,0.0629,0,0.0
L007755,D,5000,36,0.1523,1,0.2092
L007756,A,2500,36,0.0492,0,0.0
L007757,B,1000,36,0.0767,0,0.0
L007758,A,10000,12,0.0624,0,0.0
L007759,C,5000,60,0.1146,0,0.0
L007760,A,1000,24,0.0541,0,0.0
L007761,A,7500,24,0.055,0,0.0
L007762,A,500,24,0.0549,0,0.0
L007763,C,1000,12,0.1143,0,0.0
L007764,C,5000,60,0.111,0,0.0
L007765,A,5000,24,0.0604,0,0.0
L007766,A,7500,60,0.0513,0,0.0
L007767,D,5000,36,0.1419,0,0.0
L007768,A,10000,12,0.0448,0,0.0
L007769,D,5000,12,0.1437,1,0.2134
L007770,B,2500,12,0.0731,0,0.0
L007771,A,1000,60,0.053,0,0.0
L007772,A,7500,36,0.0513,0,0.0
L007773,C,5000,60,0.1142,0,0.0
L007774,B,7500,60,0.0839,0,0.0
L007775,C,10000,60,0.1086,0,0.0
L007776,C,1000,12,0.1204,0,0.0
L007777,C,10000,24,0.1078,0,0.0
L007778,B,10000,24,0.0748,0,0.0
L007779,D,10000,60,0.1398,0,0.0
L007780,A,10000,60,0.0675,0,0.0
L007781,E,2500,24,0.188,1,0.208
L007782,B,10000,60,0.0802,0,0.0
L007783,A,7500,36,0.0496,0,0.0
L007784,D,2500,60,0.1515,0,0.0
L007785,C,10000,60,0.1221,0,0.0
L007786,D,7500,36,0.1534,0,0.0
L007787,C,2500,36,0.1048,0,0.0
L007788,C,5000,12,0.104,0,0.0
L007789,E,500,12,0.1896,0,0.0
L007790,D,10000,36,0.1587,0,0.0
L007791,A,2500,60,0.0573,0,0.0
L007792,A,10000,24,0.06,0,0.0
L007793,B,7500,24,0.0648,0,0.0
L007794,E,500,60,0.2026,1,0.0534
L007795,D,500,60,0.149,1,0.3484
L007796,E,5000,60,0.1848,0,0.0
L007797,B,1000,36,0.0763,0,0.0
L007798,A,10000,60,0.0489,0,0.0
L007799,A,2500,24,0.0514,0,0.0
L007800,C,10000,36,0.1084,0,0.0
L007801,C,5000,36,0.1144,0,0.0
L007802,A,2500,36,0.0648,0,0.0
L007803,B,500,12,0.0763,0,0.0
L007804,C,1000,12,0.1159,1,0.2655
L007805,B,2500,24,0.0707,0,0.0
L007806,C,5000,36,0.1086,0,0.0
L007807,C,1000,24,0.1079,0,0.0
L007808,B,7500,12,0.0755,0,0.0
L007809,A,5000,36,0.0452,0,0.0
L007810,C,500,12,0.107,0,0.0
L007811,C,1000,12,0.1022,1,0.1577
L007812,B,1000,24,0.0903,0,0.0
L007813,B,2500,36,0.0833,0,0.0
L007814,D,2500,60,0.1593,0,0.0
L007815,D,7500,36,0.1544,0,0.0
L007816,D,2500,12,0.1474,0,0.0
L007817,D,7500,24,0.1472,0,0.0
L007818,A,10000,60,0.0498,0,0.0
L007819,C,10000,36,0.1208,0,0.0
L007820,B,500,60,0.0861,0,0.0
L007821,A,5000,60,0.06,0,0.0
L007822,A,7500,60,0.0492,0,0.0
L007823,C,5000,12,0.1088,0,0.0
L007824,E,500,24,0.1825,0,0.0
L007825,B,10000,12,0.0821,0,0.0
L007826,B,2500,12,0.0704,0,0.0
L007827,A,1000,36,0.0589,0,0.0
L007828,C,2500,12,0.1146,0,0.0
L007829,A,2500,24,0.0501,0,0.0
L007830,B,2500,60,0.088,0,0.0
L007831,D,10000,60,0.1534,0,0.0
L007832,E,7500,24,0.2035,0,0.0
L007833,B,500,60,0.0734,0,0.0
L007834,D,1000,24,0.1496,0,0.0
L007835,E,2500,60,0.1949,0,0.0
L007836,C,5000,24,0.1152,0,0.0
L007837,E,2500,36,0.1892,0,0.0
L007838,A,10000,24,0.063,0,0.0
L007839,C,500,36,0.1116,0,0.0
L007840,C,2500,60,0.1035,1,0.1885
L007841,B,10000,12,0.0691,0,0.0
L007842,C,500,12,0.1145,0,0.0
L007843,E,5000,36,0.1856,0,0.0
L007844,B,500,24,0.073,0,0.0
L007845,B,5000,24,0.0857,0,0.0
L007846,B,1000,12,0.0796,0,0.0
L007847,B,2500,36,0.0836,0,0.0
L007848,B,1000,36,0.0775,0,0.0
L007849,B,10000,36,0.089,0,0.0
L007850,B,1000,12,0.0758,0,0.0
L007851,B,7500,36,0.0847,0,0.0
L007852,B,500,60,0.077,0,0.0
L007853,C,7500,12,0.0988,0,0.0
L007854,A,10000,36,0.049,0,0.0
L007855,B,500,36,0.0776,0,0.0
L007856,C,2500,24,0.1072,0,0.0
L007857,E,1000,60,0.198,0,0.0
L007858,B,1000,12,0.0717,0,0.0
L007859,E,1000,60,0.1892,0,0.0
L007860,E,7500,24,0.1926,1,0.132
L007861,D,10000,60,0.1438,0,0.0
L007862,E,1000,12,0.1793,0,0.0
L007863,C,10000,60,0.1113,0,0.0
L007864,C,2500,60,0.1122,0,0.0
L007865,A,5000,24,0.0465,0,0.0
L007866,C,1000,24,0.0962,0,0.0
L007867,C,1000,60,0.1045,0,0.0
L007868,B,500,60,0.0712,0,0.0
L007869,C,2500,36,0.1226,0,0.0
L007870,E,1000,60,0.204,0,0.0
L007871,C,5000,36,0.1174,0,0.0
L007872,C,5000,60,0.11,0,0.0
L007873,B,500,12,0.0808,0,0.0
L007874,B,7500,12,0.09,0,0.0
L007875,A,7500,60,0.0459,0,0.0
L007876,B,10000,60,0.0859,0,0.0
L007877,E,2500,36,0.2035,0,0.0
L007878,E,7500,12,0.1882,0,0.0
L007879,C,500,24,0.1142,0,0.0
L007880,A,1000,12,0.0547,0,0.0
L007881,B,500,12,0.0767,0,0.0
L007882,D,5000,60,0.1539,0,0.0
L007883,B,5000,12,0.0807,0,0.0
L007884,A,2500,24,0.0574,0,0.0
L007885,B,1000,24,0.069,0,0.0
L007886,A,1000,12,0.0527,0,0.0
L007887,D,1000,24,0.1553,0,0.0
L007888,D,500,60,0.1473,0,0.0
L007889,D,7500,24,0.1501,0,0.0
L007890,A,2500,60,0.0559,0,0.0
L007891,D,5000,60,0.1424,0,0.0
L007892,B,500,36,0.0975,0,0.0
L007893,C,1000,12,0.1045,0,0.0
L007894,E,1000,12,0.1933,0,0.0
L007895,E,10000,60,0.1939,0,0.0
L007896,B,1000,36,0.0816,0,0.0
L007897,C,10000,36,0.1151,0,0.0
L007898,A,500,12,0.0487,0,0.0
L007899,C,2500,24,0.1132,0,0.0
L007900,B,7500,36,0.0897,0,0.0
L007901,C,7500,24,0.1135,0,0.0
L007902,A,500,12,0.0562,0,0.0
L007903,A,10000,60,0.055,0,0.0
L007904,A,2500,60,0.0523,0,0.0
L007905,D,10000,60,0.1608,0,0.0
L007906,C,500,60,0.1125,0,0.0
L007907,A,1000,60,0.0481,0,0.0
L007908,C,2500,12,0.1179,0,0.0
L007909,D,500,60,0.1512,0,0.0
L007910,C,7500,36,0.1065,0,0.0
L007911,C,7500,12,0.1108,0,0.0
L007912,C,500,60,0.1118,0,0.0
L007913,C,5000,24,0.0998,1,0.0482
L007914,C,5000,36,0.1199,0,0.0
L007915,A,2500,36,0.0544,0,0.0
L007916,D,7500,60,0.1503,1,0.238
L007917,B,10000,24,0.0788,0,0.0
L007918,A,2500,36,0.0447,0,0.0
L007919,B,5000,24,0.067,0,0.0
L007920,E,7500,36,0.2048,0,0.0
L007921,D,7500,60,0.1608,0,0.0
L007922,A,1000,36,0.0553,0,0.0
L007923,C,7500,60,0.1205,0,0.0
L007924,E,5000,60,0.1919,1,0.0
L007925,A,500,24,0.0481,0,0.0
L007926,B,1000,12,0.0793,0,0.0
L007927,E,10000,24,0.1931,0,0.0
L007928,C,1000,12,0.112,0,0.0
L007929,A,7500,12,0.048,0,0.0
L007930,E,7500,24,0.1915,0,0.0
L007931,E,7500,24,0.1969,0,0.0
L007932,A,2500,60,0.0507,1,0.2762
L007933,D,10000,12,0.1467,0,0.0
L007934,A,5000,36,0.0601,0,0.0
L007935,D,500,36,0.1484,0,0.0
L007936,B,2500,24,0.0792,0,0.0
L007937,C,10000,24,0.1121,0,0.0
L007938,C,10000,36,0.1064,0,0.0
L007939,B,5000,12,0.0792,0,0.0
L007940,C,7500,24,0.1243,0,0.0
L007941,E,5000,60,0.1984,0,0.0
L007942,A,1000,60,0.0548,0,0.0
L007943,C,7500,60,0.1182,0,0.0
L007944,E,5000,24,0.2029,0,0.0
L007945,C,2500,60,0.1216,0,0.0
L007946,C,500,12,0.0964,0,0.0
L007947,D,500,12,0.1527,0,0.0
L007948,B,2500,24,0.076,0,0.0
L007949,B,7500,24,0.0772,0,0.0
L007950,C,500,60,0.1131,0,0.0
L007951,D,1000,12,0.1482,1,0.2192
L007952,C,2500,12,0.1192,0,0.0
L007953,B,7500,24,0.0724,0,0.0
L007954,B,500,36,0.0746,0,0.0
L007955,C,5000,36,0.1041,0,0.0
L007956,C,5000,24,0.117,0,0.0
L007957,C,500,24,0.12,0,0.0
L007958,A,5000,12,0.0602,0,0.0
L007959,D,2500,60,0.1443,0,0.0
L007960,A,2500,12,0.046,0,0.0
L007961,B,2500,24,0.0845,0,0.0
L007962,C,7500,60,0.1111,0,0.0
L007963,A,7500,36,0.0402,0,0.0
L007964,D,10000,24,0.1472,0,0.0
L007965,A,5000,60,0.0541,0,0.0
L007966,D,2500,60,0.1501,0,0.0
L007967,B,2500,36,0.0768,0,0.0
L007968,B,5000,12,0.0754,0,0.0
L007969,A,10000,60,0.0465,0,0.0
L007970,D,7500,24,0.1581,0,0.0
L007971,B,7500,24,0.0757,0,0.0
L007972,B,5000,36,0.0745,0,0.0
L007973,A,7500,12,0.0629,0,0.0
L007974,C,10000,36,0.1092,0,0.0
L007975,E,5000,12,0.1976,0,0.0
L007976,C,5000,24,0.1083,0,0.0
L007977,B,1000,36,0.0819,0,0.0
L007978,E,5000,36,0.2002,1,0.0822
L007979,B,10000,36,0.0768,1,0.2677
L007980,B,10000,12,0.084,0,0.0
L007981,A,5000,12,0.0475,0,0.0
L007982,B,5000,60,0.0777,0,0.0
L007983,C,7500,36,0.1182,0,0.0
L007984,D,5000,24,0.1567,0,0.0
L007985,B,500,24,0.0959,0,0.0
L007986,B,2500,60,0.0736,0,0.0
L007987,E,2500,60,0.1856,0,0.0
L007988,A,2500,24,0.0437,0,0.0
L007989,C,5000,24,0.1136,0,0.0
L007990,A,500,12,0.066,0,0.0
L007991,A,2500,36,0.0509,0,0.0
L007992,C,5000,12,0.1085,0,0.0
L007993,D,10000,60,0.1569,0,0.0
L007994,D,1000,24,0.1608,0,0.0
L007995,A,10000,36,0.0508,0,0.0
L007996,B,2500,24,0.0897,0,0.0
L007997,A,5000,12,0.0551,0,0.0
L007998,D,500,60,0.1546,0,0.0
L007999,A,10000,60,0.0484,0,0.0
