tweet_id,split
570306133677760513,train
570301130888122368,train
570301083672813571,train
570301031407624196,train
570300817074462722,test
570300767074181121,test
570300616901320704,train
570300248553349120,test
570299953286942721,test
570295459631263746,train
570294189143031808,train
570289724453216256,train
570289584061480960,train
570287408438120448,validation
570285904809598977,train
570282469121007616,train
570277724385734656,train
570276917301137409,validation
570270684619923457,train
570267956648792064,validation
570265883513384960,test
570264145116819457,train
570259420287868928,validation
570258822297579520,train
570256553502068736,train
570249102404923392,train
570239632807370753,train
570217831557677057,train
570207886493782019,test
570124596180955136,train
570114021854212096,validation
570094701371469825,train
570088404156698625,test
570084582780899328,train
570076792993611776,train
570051991277342720,train
570051381534396416,train
570045393565691904,validation
570038941497192448,test
570035876845084672,validation
570033593394667521,train
570025482344898560,train
570016304284901379,test
570015408788414464,train
570013523650048002,test
570012257549070337,train
570011341483843584,validation
570010571707256832,train
570010539499393025,train
570009713447825408,train
570009035455344640,train
570006886012973056,train
570004391731847169,train
570001194900426752,validation
570000071644872704,train
569996412286582784,train
569996245462159361,train
569990222609412097,train
569990163209850881,train
569989504431316993,train
569989321698074624,test
569989034501500928,test
569987622484848640,test
569986782567071744,train
569986348041547778,train
569982307634794497,train
569976620158578688,train
569973821396152323,train
569972508499283968,train
569967019958730753,train
569961866224652288,train
569949891163615232,train
569948966873370625,test
569946362126602240,validation
569942903683813376,train
569941957490774016,validation
569940834994401280,validation
569940323746516993,train
569935232033366017,validation
569934395865493504,train
569933816963342337,train
569933777931145216,test
569933405506310144,train
569933360564342784,train
569929243146088448,train
569926998824394752,train
569923394990419968,test
569922008588222465,train
569920824905306113,test
569919041244147712,validation
569915941192015872,train
569913339427434496,test
569911816937033728,validation
569911674158731264,train
569911218942517248,train
569910981868060673,train
569909224521641984,train
569907336485019648,train
569896805611089920,train
569894449620369408,train
569894407001939968,train
569892199690678272,validation
569891469210755074,train
569891436100874241,validation
569887310713479168,train
569887049446076416,train
569884551712886785,validation
569884407852437504,train
569881548515708928,test
569873669700358144,train
569873668131717120,train
569873665640292353,train
569873664612704256,test
569872058613673984,train
569861209781989377,train
569847920192655361,validation
569814339785338880,train
569777607371128834,test
569774078233419776,train
569770363623575552,train
569748316776325120,train
569741221783957504,validation
569737603617943552,train
569714127792254976,train
569675144353828864,train
569674358135914496,train
569666477265018881,train
569652497947734017,train
569649116487290880,train
569643262459269120,train
569642845516275712,train
569634318349246464,test
569633630978310145,train
569633279546036224,train
569630092273410048,train
569627480425766912,train
569625739231948800,validation
569625609799774208,train
569620102389350401,train
569619569372823552,train
569618527948115968,train
569616490380439552,train
569615109363929088,test
569614365755899905,train
569614024578600960,train
569609971383586817,test
569608328998887424,validation
569599867716132864,train
569596445680115712,train
569596097540132864,test
569594386066984960,train
569586660909973504,train
569580805036453888,train
569575679722786816,train
569575003248676864,train
569574973662232576,train
569574961158815745,train
569572942381649920,train
569572740723712001,train
569566981835218944,train
569564853460807680,validation
569564610837086209,train
569562202405019650,train
569541127340040192,train
569540405676654592,validation
569494748341407744,train
569482263345307648,train
569477692166316033,validation
569461469042966528,train
569459618881019905,validation
569452063920226304,test
569447071910105089,train
569429411646156800,train
569369239183872000,train
569368160291463168,train
569356387785900032,train
569354267854704641,test
569351220097216512,train
569348775631675392,train
569324558999691264,validation
569323106210152448,train
569323082701275138,test
569318651502989312,train
569318130356502528,train
569316358845911040,train
569311498301870080,train
569311060903268352,validation
569310635986546688,train
569305113589714944,train
569304436612444160,train
569304208534597632,train
569304030847090688,train
569303931916038144,test
569298165855338497,validation
569290361870426112,validation
569282249717194754,train
569277854950817792,train
569277352129138688,train
569263837448269826,train
569262527281913857,validation
569262225900359680,train
569261347688607744,train
569261128532041728,train
569260526976544768,train
569253311813185537,train
569253236093267969,train
569250469178175488,validation
569248437050302464,train
569248400836726786,train
569247769166266368,train
569247394002563072,train
569244860286263297,train
569240250192670720,train
569238877178716161,train
569237252154372097,train
569236471690829825,train
569236251129163777,test
569230983075115010,train
569229785500680192,train
569226875349835776,train
569224234150404096,train
569223788639821824,test
569222494952886272,train
569221440794271745,test
569221156504530944,train
569220232293720066,train
569218762907324416,train
569212570478911489,test
569211675108179968,train
569209566715469824,train
569208480793567233,train
569205125278859265,test
569204272795004928,validation
569202691185909760,train
569201943131738113,train
569200619430420480,test
569200606595952640,train
569198782421663745,train
569198104806699008,train
569197967959154688,train
569197611393163264,train
569197515993534464,train
569192778468626432,train
569182336715243520,train
569180623165915137,train
569179517522046977,train
569176777056079874,train
569165709516759042,train
569110766235877376,train
569083230361673728,train
569028851860254720,test
569022319437357056,train
569020707113476096,train
569018352464588800,validation
569011849976348672,train
568989005162766337,train
568977439398821888,train
568977175149293570,train
568972394297077760,train
568945958970531840,train
568945265899483136,validation
568943244027006976,test
568942331921092608,train
568940002849255425,train
568929979981033472,test
568929026644975616,train
568928741298012160,train
568928605226426370,train
568926018049691648,train
568923762764095488,train
568920614716600320,train
568920221882257408,train
568911350656675841,train
568910590921609216,validation
568901823215448064,train
568898405189038080,validation
568897315458691072,train
568890074164809728,train
568890062286385153,test
568884848632279041,train
568882014415249408,train
568874645564362752,train
568868127364096000,train
568867068331864064,train
568865011717705730,train
568864815654899712,train
568855933360607232,test
568853685855334400,train
568850967673896960,test
568850943359496192,test
568847512372514816,train
568845553104068609,train
568840724700995584,train
568840560347373569,train
568838020041809920,train
568837602071203840,validation
568833739192557569,train
568830466830151680,validation
568830133626253312,train
568828648687591424,train
568828112626012160,train
568824637267685377,train
568823689422053376,train
568815689684815873,train
568812046747201537,train
568811384437411840,train
568805696780824576,train
568803996774879232,train
568802396907835393,train
568800805475782656,train
568795484283736064,train
568795139512127488,train
568792520337039360,train
568791035297468416,train
568790164404899840,train
568781819233091584,validation
568775898234798081,train
568769672922812418,test
568735060104511488,train
568689188377403392,train
568663147189415936,validation
568662343170674688,train
568646087361355776,train
568643040073506816,train
568633361595412481,validation
568632394929958912,validation
568630879246901248,validation
568629385105793024,test
568626625857728513,train
568608718994026496,validation
568607562251108352,validation
568604690767872000,train
568602941940043776,train
568595620002279424,validation
568585196699664384,validation
568579880046227457,validation
568577243200376833,train
568576829000425472,train
568572344056180737,train
568571772251082752,train
568553610981740544,train
568543525505089536,test
568541317816561664,train
568536882012749824,train
568532221180534784,test
568526847320784896,train
568525368572817408,train
568522203198697474,train
568519971971538945,train
568518985056002049,test
568517565548339200,train
568517447847780353,train
568511755040657409,train
568511474580066304,test
568496820604821505,train
568495808053702656,train
568492682152189952,train
568491256508231680,validation
568490223417602050,train
568483591623208961,validation
568483491819753472,train
568481985221537792,train
568478510538493952,train
568476562376531969,train
568472719102234624,train
568469942711885825,train
568463892453724160,train
568463244035289088,train
568460512553353216,train
568458513636134913,test
568457140894969856,train
568456334581981184,validation
568452676452806656,train
568452186977361921,validation
568451468560187393,train
568447216156692480,validation
568440278853525504,test
568437415603507200,train
568434482270707712,train
568432117539065856,train
568429677779365888,train
568428224813916160,train
568423029371334656,train
568406048777900032,train
568392783922372608,test
568391084210036736,test
568382154071089154,train
568364437599436800,train
568349321634013184,train
568307768551026688,train
568303606710956032,train
568279994876571649,test
568265552583479296,train
568259485413715969,train
568245360998658048,validation
568240364315783168,train
568239036533497856,train
568218962833461248,train
568216286561374208,test
568209028188233728,train
568204964742496256,train
568203174198284288,test
568199730989174784,test
568195292803129345,train
568193116437483520,train
568189531033174016,train
568174745293709313,test
568165573869199361,train
568157680696729600,train
568150150289461249,train
568148652352544769,train
568146157534367744,test
568144330268868608,train
568142526110019584,train
568140092453179394,train
568140010458894338,test
568136946016522240,validation
568132935037132800,train
568132204712370178,train
568122723915862016,test
568120102660341760,train
568119079371997186,train
568114097142652928,train
568104519633993728,train
568104264733573122,test
568101393111891968,validation
568100257931747328,train
568100090390425600,train
568095440517754881,validation
568093957080551424,test
568088472772157440,train
568086068328681473,validation
568083179023650818,train
568079278505463808,test
568068513224654848,validation
568068214325784576,train
568064123621093377,train
568061922265804802,test
568059129601724416,train
568058610296565760,train
568054702635483136,validation
568053134439788546,test
568050777744379904,train
568017135236022273,validation
568011935347838977,train
567972416846217216,test
567972174398689280,train
567971836321009664,train
567971610801664000,train
567946319349706753,train
567908796917420032,train
567899492885745664,train
567893201719156736,train
567873698679623680,validation
567858317831249920,validation
567855171335626752,train
567849520781893632,train
567849200295124992,train
567846970141716481,train
567845726220357632,train
567845203014377472,train
567829051559186432,train
567828603976597504,test
567823564167192576,train
567814795895787520,train
567813046811525120,train
567812402764374016,train
567811428779868160,train
567810209088847873,validation
567807967706488832,train
567807640660619267,train
567807288192290816,train
567807278964023296,train
567806905617281024,train
567806884191944705,train
567806872410161152,validation
567806467974365184,train
567796863467839488,train
567792185832394752,train
567787873778278400,train
567786760287096832,train
567786199415136256,train
567785481161953280,train
567785191901376512,train
567783687980367872,train
567772685472915456,train
567770107062284288,train
567769981128282113,train
567767269120688128,validation
567762071258152960,train
567759012806029312,train
567755402943930368,train
567753757702647810,train
567748973910163457,train
567745903474540545,train
567744381432516608,train
567742937325260801,train
567742578561650688,validation
567742148603170816,validation
567735941846937600,validation
567728227465310208,train
567727292739092480,validation
567726092518031360,train
570307876897628160,train
570307847281614848,train
570307109704900608,train
570307026263384064,train
570306733010264064,train
570306217001799680,train
570305603056349184,train
570304912468402177,train
570302375510056960,train
570302023993831425,train
570301670892146688,train
570299819610251265,train
570299388670701568,train
570299182310944768,validation
570298918971576320,train
570298455068971008,train
570298411582394368,train
570298027103162368,train
570298018685165568,test
570297970891075584,train
570296556852789250,train
570295795985080320,validation
570294743684517888,validation
570294445020733440,train
570294205999939584,train
570293957739081728,train
570293265221742594,validation
570291866530398208,train
570291813912858625,train
570291642550386689,train
570291492545298432,train
570291213007491076,train
570290993339244547,train
570290540274688001,train
570289777184002048,test
570289557205327873,train
570288349392605186,train
570286924277030912,train
570286882623369217,test
570286565894828032,test
570286100637466624,train
570285610176532480,validation
570285578563891200,train
570285537833168896,test
570285115655348226,train
570284934771974144,train
570284312697765888,train
570283712409051136,train
570283571941924864,train
570283453750489088,test
570282089863626752,validation
570282087065919488,train
570280548922499073,train
570279720937529345,train
570278024303775745,train
570277667519332353,train
570277418642120704,train
570276787063816192,validation
570276377401827329,train
570276018751016960,test
570275462921850880,train
570275153860386816,validation
570275140157640704,train
570275123854487552,train
570272997052805120,train
570272511050383360,train
570272406570442752,train
570271846718775296,train
570271792314617857,train
570271791400112129,train
570271644473622528,train
570271367519604737,train
570271205300703232,test
570271064141352960,test
570270918095695872,validation
570270728051765248,validation
570270436463759360,train
570269172774649856,train
570269103648350208,train
570269035998408704,train
570267915154538496,train
570265596220166144,train
570265542025719808,test
570264556443824128,train
570264153559949313,validation
570263872004874240,test
570262424038699008,train
570260984704700417,validation
570260383862108160,test
570260294846451712,test
570260118043914240,train
570259691579809792,train
570259632557395968,train
570259311315836928,train
570259131879309312,train
570258760200953856,train
570258476695302144,train
570257564023128064,train
570257563003920384,validation
570257377460514816,train
570254368538173440,test
570252986372329472,test
570252965392592896,train
570252666439385088,train
570252146320351232,train
570251549219393536,train
570251472203587584,train
570250053710819328,train
570249871107723264,validation
570249806540451843,train
570249680535339009,train
570249083790733312,test
570247839563034624,train
570247551368241153,validation
570247428139569152,train
570247027117797376,train
570246963901427713,train
570245996334190592,train
570245555064074240,validation
570244711388065793,train
570243296741752832,train
570241830757007360,train
570240043022991361,train
570239165675249666,test
570237629775675392,validation
570237261494792192,train
570236221575704576,test
570236138603950080,validation
570236014238699521,validation
570235698608869376,test
570235686470746112,train
570235387009839104,train
570235195934117889,train
570234996562112512,train
570234734942523393,train
570234650448125952,train
570232726206312448,validation
570232659282145280,validation
570232533272567813,train
570232477618442241,validation
570230752476049408,train
570230059170004994,train
570229936285331457,train
570229842626478081,test
570229480821628928,train
570229133445242880,validation
570228446053470208,train
570227149682155520,train
570226164146397184,validation
570225191458111489,train
570224727047872514,train
570223703285477376,train
570222630525014017,train
570219942961922048,train
570217606025748480,test
570217145428090880,train
570216086173581312,train
570215359963406337,train
570214660638511104,train
570212246053220352,test
570211810038521856,test
570211313072238592,train
570210970330669056,train
570210145239592960,train
570209482090917888,train
570208036314222592,train
570205880504815616,train
570204900375687168,train
570204730745421826,train
570204649363341312,train
570203218686423041,train
570201707621146624,train
570201440704028672,validation
570200756827000832,train
570197589280366592,train
570196530566701056,train
570196424043814912,train
570189291990728704,train
570188934564737024,train
570188838775103488,train
570188684881821696,train
570188353984958464,train
570187940221071360,train
570187080426397696,validation
570185687569469440,validation
570183702224834560,train
570182980142022656,train
570181906492297216,test
570179158594220032,train
570177593250582528,train
570176998355701760,test
570175761468030977,validation
570175669096882176,train
570175513035214848,train
570175238815657984,test
570175202807586816,train
570173090774294528,validation
570172921102143488,train
570169567374401536,test
570165459783450624,train
570164810144481280,train
570163662100549634,train
570163259560452097,train
570160394494480384,train
570160277934747648,train
570160120698679296,train
570159741441335296,validation
570151698489954304,test
570151672070205440,train
570144025451339776,train
570143097809707008,train
570142263290011649,train
570138826032713729,train
570136977074491392,train
570135557151580160,train
570129828969459712,train
570126668922294272,train
570122958695477248,train
570121588487663616,train
570121361953202178,train
570121135603486720,train
570119457286328320,train
570119247982137344,train
570116209263427584,validation
570115452568891392,train
570115366023770112,validation
570115302991777792,train
570115243747074048,train
570114536448995328,train
570110386827087872,train
570109851709218816,train
570108801711341568,train
570108724636831745,train
570107683027718144,train
570106900970221568,validation
570106717490393088,train
570106573395087362,train
570106249024446464,train
570105665093369856,test
570105441688158208,test
570105020999344128,test
570104913390206976,train
570104743747416064,validation
570102725842575360,train
570101817041747968,validation
570101670882840576,train
570100438487314432,train
570100214733737985,train
570099762709581824,train
570099717314457600,validation
570097432383651840,train
570096582546165760,train
570096448571731968,train
570095499287506946,train
570095172303900672,train
570093170874302464,validation
570092741654401024,train
570092599316389888,train
570092196247969796,validation
570091216013955073,train
570091109675769856,train
570091033368899584,validation
570090102195486722,train
570088980278059008,train
570087435759185920,train
570087270524411904,train
570087006593642496,train
570086475989061632,train
570086399627685888,train
570085628576202752,test
570085589011148801,train
570085448271335424,train
570085056401838081,train
570083898031513600,validation
570083397873373184,test
570083363169669121,train
570083063331319808,train
570082960700870656,train
570082564502728704,validation
570082243596591104,train
570081568733192192,test
570081552891125760,train
570081411715059712,validation
570081213404180480,train
570080863720878081,train
570079868253298688,train
570079699595980802,validation
570079676204347394,train
570079549914005504,train
570079536815034368,validation
570079237350100993,validation
570079041547472896,train
570078894008594432,validation
570078733735821313,test
570078718028222464,test
570077847672328192,train
570076814585913344,validation
570074864708669440,train
570074833993670657,train
570074583379939328,train
570073969690169344,train
570073757508726784,train
570072918094442496,train
570072252026376192,train
570071999780933634,test
570071482182692865,train
570070877351469057,train
570069236971806720,train
570068435805310976,train
570067529206358016,validation
570067181733580800,validation
570067079253991424,train
570066805810601985,train
570066634976555008,train
570066450796257280,train
570066391388172290,train
570065109420101633,validation
570065037231927296,train
570063869596475394,test
570063826508320769,test
570063574858493952,train
570063450174464000,validation
570063224328081408,validation
570061339604987904,train
570060997907447810,train
570059605662834688,train
570059565947101184,validation
570059530567962624,test
570058986025672704,train
570058190647271424,train
570057930332102656,train
570057601976631296,train
570057521353764864,train
570057178687475712,validation
570056648137576449,validation
570055898367799296,test
570055700790931456,validation
570055285500469248,test
570054647689322496,train
570054574389788672,train
570054360505323520,test
570053912214024193,train
570053838499143680,train
570053734639792129,train
570053482029277184,validation
570053417311342593,train
570051875652767744,train
570051265373171712,train
570051191943483392,test
570050891929280512,validation
570050785490419712,train
570050323017920512,validation
570050268588597248,validation
570049923858567168,train
570049743549833216,test
570049697924009984,train
570049295040307200,train
570048844702076930,train
570048726380765184,train
570048528602374144,train
570045712211288064,validation
570045020402626561,train
570044681670696960,train
570044554130423808,train
570044428678778880,train
570044286991015936,train
570043937244622849,train
570043820278050817,test
570043574097555456,train
570042013908914176,train
570041988986347521,train
570041112624295936,train
570040644451708930,validation
570040251764183040,test
570039756731494400,train
570039279050579968,train
570039094257938432,train
570038991527002112,train
570038694817767425,train
570037961020080129,train
570037336886546432,train
570036932270358528,train
570035728832446465,train
570033778300620801,test
570033627939131392,test
570033341250056193,train
570033309113131008,test
570033062202863616,train
570031379456643072,validation
570031098513592320,train
570031016800161792,train
570030715900792832,train
570027321178099712,train
570026514923675648,train
570024703256956929,test
570023321904943105,validation
570023232851419136,train
570023071698055168,train
570022715072983041,validation
570022372901847042,train
570022345424834560,train
570021376024813568,test
570021075355963392,train
570020852210774016,train
570020275150049281,train
570019785788022785,train
570019476235788288,train
570018445695148033,train
570018278946394112,train
570018079993937920,train
570016325667557376,train
570016198747758593,test
570016052895092736,train
570014689322643456,train
570014406320517120,validation
570014190498287616,train
570012706704662528,train
570011505237716993,validation
570011417249759233,train
570010976608780288,test
570009743160254464,train
570009034385805312,train
570008443626647552,train
570007003659149312,validation
570005000643956736,train
570004899234074624,train
570004470370676737,train
570004247586013184,train
570003828658950145,test
570002454839820288,train
570002150115254272,test
570001906199887872,train
570000614794489856,test
570000364692484099,train
570000287080951808,train
569999790328541184,train
569999614624927744,train
569999529677852672,train
569998289447354371,train
569997351412228097,train
569996897009717248,train
569995961570856960,test
569995897234288640,train
569995706909503488,train
569993952469880832,train
569993782311198720,validation
569992543875653633,train
569991606385967107,train
569991529764409344,train
569989661713666049,train
569989557644623875,train
569989416426434560,train
569989291188695040,train
569989178651508737,validation
569989023478841345,train
569988839919394816,validation
569988785330479104,validation
569988762085806081,train
569988297633583104,train
569988078015815680,train
569988061150359552,train
569987348772950016,train
569986029463011328,train
569984791107338240,test
569984785860464640,test
569983990683148288,train
569983826245496832,train
569983375584272384,train
569983149028962304,test
569982678558048256,train
569982327654383616,train
569981034110050305,train
569980415919853569,train
569980177247285249,train
569979566279626752,train
569979211722596353,train
569977492720779264,train
569976426163777536,train
569976131748823040,validation
569976114124349440,train
569974772551032832,test
569973683466272768,train
569973088076460032,train
569972884052930560,test
569972097453137920,test
569972073201688576,train
569972039844438016,train
569971648876584960,train
569971394701873153,train
569971033182048256,train
569970938525016065,train
569970599377788928,validation
569970225443172353,validation
569969999961391105,train
569969952654028800,train
569969447764566016,test
569968282532315136,test
569967925416886273,train
569967850670018560,train
569967848078090240,train
569967841727942657,train
569967632868188160,test
569967493487292416,validation
569967305859293184,test
569967197478526976,validation
569966909019398144,test
569966609080586240,train
569966563245367297,train
569966422744395776,train
569965494519734272,train
569964915710038016,validation
569964888870793216,validation
569964582606934016,train
569963935429824512,train
569963645402099712,validation
569962873209937920,train
569962245620248576,train
569961695835267073,validation
569961410161192960,train
569961203197325312,train
569960988499275776,train
569960440438099969,train
569960311022850048,train
569960085654364160,train
569960080734490624,test
569958946636562433,train
569958935907733504,test
569958524270342144,train
569958247412723712,train
569957240960094209,test
569957053432639488,train
569956446487642112,train
569956201934385152,train
569956192111316992,train
569956115724660736,train
569955602782236672,validation
569955551951622144,train
569955386914181121,train
569954670006763520,validation
569953988537249792,train
569953683309514754,train
569953575226310656,train
569953411988369408,train
569952718707687424,train
569952408450805760,train
569951384390344704,train
569951321719091201,test
569950450352414720,validation
569950355330506752,train
569949439101546496,test
569948910099308545,train
569947174571675648,train
569946921265184768,test
569946703522091008,train
569946571577536512,train
569945386569363456,validation
569945073611374592,train
569942888643227648,train
569941617697644544,validation
569941082420568064,test
569940883975446528,train
569939149756755968,train
569938322161668096,validation
569937806518169600,train
569937143314849792,train
569936861398994945,train
569936640669581313,validation
569936580883783680,train
569936565138403328,train
569936496284663809,train
569936348217352194,test
569936273227427840,train
569936062039986176,test
569936014094897152,train
569935689292259328,train
569935261947330560,validation
569935215654600705,train
569935135132426240,test
569934069712052224,train
569933879299186688,validation
569933357515026432,train
569932669288652800,train
569931716049154051,train
569931387073105920,train
569930942833258496,train
569930630059974656,train
569930577643769856,train
569929653730840577,validation
569929187101966336,validation
569928758024667137,train
569928724147077120,train
569928552621182976,train
569928419435286528,train
569928277613256704,validation
569928034171498496,train
569927842173050881,train
569927837601402880,train
569927630469894144,train
569927263040315392,train
569926124488118272,validation
569925614100189186,train
569925612069998593,train
569924355011932162,test
569924201559293952,train
569923809634947072,train
569923507263557632,train
569923045571350528,train
569922973798420480,test
569922853266694145,test
569922837353402368,train
569922639185072129,validation
569922479734595586,train
569922214255919105,test
569922145264009216,train
569921652374577153,train
569921309439709184,train
569920760522764288,train
569920661642088448,train
569920593597894657,train
569920508923215872,test
569920406737432577,train
569919610025152512,train
569919020784185344,test
569918932116643841,train
569918918602547200,train
569918466821459968,train
569918449121673216,test
569918327767879680,validation
569918026918727680,train
569917363891499008,test
569916731595972608,validation
569916555154169856,train
569916324471828481,train
569916152283041792,train
569915992303730689,train
569915643094396929,validation
569915610890547200,train
569915576862183425,train
569915550127800320,train
569915529496027136,train
569915182329286656,test
569915133113323520,train
569915029950222337,train
569914377442340865,train
569914369905201153,train
569913736774823936,test
569913595762311168,train
569913288122765312,train
569912776199704578,train
569912710848057344,train
569912092351819778,validation
569911713459408896,validation
569911515106582528,test
569910996824780801,train
569910536755748865,test
569910299983130625,train
569909742447009792,validation
569909655813500928,train
569908928667996160,test
569908759125991424,train
569908628141920256,validation
569908175953993728,train
569908123550375936,train
569907773309214721,validation
569907564156035072,train
569907141596864514,train
569907031693520896,train
569906831352578049,train
569906598472228864,train
569905534020820992,train
569905258715082753,train
569905124723675136,train
569904824793362433,validation
569904716328673280,train
569904406285516800,test
569903840507506688,train
569903812569276416,train
569903366647586818,train
569903120781852672,train
569902743135117314,test
569902219602100225,test
569902065247322112,train
569902028719173632,train
569901679975522304,test
569901512190767105,train
569901094945611776,train
569901072443166720,train
569900832616943616,train
569900131488632832,train
569899917935714305,train
569899063790825472,train
569898994408693760,train
569897003255083008,validation
569896025172742144,train
569895406869483520,train
569894828315533312,validation
569894307508965377,test
569890681361186818,train
569888244856455168,test
569888244155981825,train
569888119043915776,train
569887452384481280,test
569886575720574976,test
569886288691773440,test
569886219057926144,train
569885487508418560,train
569885185170223105,train
569885015615664129,train
569883984190005248,test
569882164382322688,train
569881449249316864,train
569880364811837441,train
569880322487263232,train
569879943988948992,train
569879623317659648,train
569879528891416577,test
569878547197616128,train
569878388464177152,train
569878139003740163,train
569877754801360897,train
569877449389051906,test
569876171875328000,train
569875783096741888,train
569875734677712896,train
569875456415170560,validation
569875424924168193,train
569875203473297408,train
569874311823036416,train
569874043395903489,validation
569873050117808128,test
569873019499192320,train
569872896199258113,train
569872009380941825,validation
569871433662271488,train
569870819582586880,test
569869960195006464,test
569869808092749824,test
569869476453158912,train
569868818975219712,train
569868764495400960,train
569868207940603904,train
569868055502696449,validation
569867364390449152,test
569867107749531648,train
569866490423349248,train
569866337427664897,train
569865827274657792,train
569865540098871298,train
569865190822572033,train
569865115291533312,train
569865011788693504,train
569864608145502209,validation
569864290578108419,test
569864108134301697,test
569863836615864320,train
569863765451255809,train
569863714704220160,train
569863453696876544,train
569862755420905473,test
569861240375386112,test
569860989400649729,test
569860904814301184,validation
569860371626004480,train
569859985208770562,test
569859950215700480,train
569859213331189760,train
569858507341606912,train
569858231759085571,validation
569857801725440002,train
569857624549625856,test
569857072310808578,train
569857003855720448,train
569856654394720256,train
569856492477657088,test
569856109613166593,test
569856081180160000,validation
569854540494868481,test
569853714149867521,test
569853646411661314,train
569852334324518912,train
569852332797775872,train
569851578276048896,train
569851498118516736,validation
569851299916869633,train
569850899310358531,test
569850867899170816,train
569850216754618368,train
569849765711769600,train
569849517077622786,train
569849299850305536,test
569847318062632960,train
569846853350457344,test
569846678351540224,train
569846237865885697,train
569845865185206273,train
569844088997949440,train
569842553966571520,validation
569842452716236800,train
569842196045656064,train
569841224221392897,train
569841047456460800,test
569840341899026432,test
569839889564307458,train
569839559728439296,train
569839419211034624,test
569838973490765824,train
569838692220542976,train
569838593423708160,train
569838260077228032,train
569837273828732928,train
569836305066041344,validation
569836091651592192,train
569835312106618880,train
569834960107868160,train
569834804943962113,train
569834720424361985,test
569833653871742976,train
569831129773027329,train
569830265364701184,train
569827329024913408,train
569826992251473921,train
569826411206316032,test
569824906638073856,test
569824790200111104,train
569824565091823616,validation
569821947049218048,train
569817289874411520,train
569816394180788224,train
569816326744776705,test
569815968194678784,validation
569815297475149824,train
569815182265978880,train
569814010398273537,train
569813752268374016,test
569813373413687296,train
569812898815614977,train
569811013786312704,train
569809648712327168,test
569808684252942336,train
569807000927920128,train
569805215605456896,test
569804677472251904,train
569801303204851713,test
569792291264712704,validation
569791792029151232,train
569785570320195585,train
569785074910154752,train
569782352223666176,train
569781926162145281,train
569780939280093185,test
569780773194113025,train
569780368309657600,test
569777772115193856,validation
569777329330884608,test
569769708569767936,validation
569769624780165120,train
569767266075742208,test
569765076980215809,test
569763359278505984,train
569763346431414272,train
569762463811383297,test
569762365572558848,validation
569762067097501697,train
569758414810849280,train
569756967935148032,test
569755876401274880,train
569754680626008064,train
569753797704024065,test
569753041420865536,validation
569751515461603328,train
569751096580812801,train
569750540302680064,train
569749896095358977,validation
569749422482960384,train
569749233344983040,train
569748884164988929,train
569748687812845568,test
569748572104560640,train
569748501342478336,train
569748491943038976,train
569748289945362435,test
569748099616215040,validation
569747706047934464,train
569747702981853185,test
569747668232065024,train
569746687805095936,validation
569745645956771840,train
569745365940830210,train
569744378354401280,train
569744079027896320,train
569743891714347009,train
569743079491547137,train
569741986502041602,train
569741366642618368,train
569741325454540800,train
569741306190172161,test
569740959610572800,train
569740316577632256,test
569739044004823040,train
569738845895335936,train
569738748885278720,train
569738245237395456,train
569734991862607872,train
569734065697353729,train
569731353337581568,test
569730716692393984,test
569730682949398528,validation
569730182371635200,train
569729325546602497,train
569726059937185793,train
569725892324253696,train
569725805066002432,train
569724822177095680,validation
569724705063596032,train
569724682695368705,test
569724281334034432,test
569724257879502848,test
569724245963444224,validation
569724186173640705,validation
569724119748636672,validation
569724056645140480,validation
569723994468962304,train
569723985262354433,train
569723932355358720,validation
569723892358467584,train
569723768773349376,validation
569723119415513088,train
569722907187752960,train
569722230340333569,train
569722020776116224,train
569721972600528897,train
569721804891271168,train
569720565319102464,train
569720394782875649,train
569717327966691330,train
569716774431666176,train
569716703556444161,train
569716594731044865,test
569716558487904258,train
569716148293349377,train
569716101027745792,train
569715707736420352,train
569715687469420545,train
569715563385085952,train
569715552702345216,validation
569715233549369344,validation
569714640764035073,train
569714541178679296,validation
569713494821482498,train
569711632991047680,test
569711003585220608,validation
569710853160710144,test
569710627649761282,train
569710389757419520,validation
569710365770182656,test
569710260136640512,test
569710072491745280,train
569710019333107714,train
569709992175116288,train
569709452594524160,train
569709350903631873,validation
569709246150893568,validation
569709136813826049,train
569707970876936192,test
569707569448558592,train
569707473973739520,train
569706638283833344,train
569706336268611584,validation
569705870830874625,train
569705869816012801,train
569705838870466561,train
569705813142409217,train
569705220088795136,train
569705212274995201,train
569704478808485888,train
569703875390918657,train
569703480933408768,train
569703328940032000,train
569702566126325760,train
569701607144693760,train
569701377779183616,train
569701178054811648,train
569700247275876352,train
569700243383537664,test
569699965527666688,test
569699471954587648,train
569699171868938241,test
569698949474291713,train
569698788216049664,train
569698504467021824,train
569698085821001728,test
569697793801134080,train
569697646501363713,validation
569697298768203776,test
569697234574581760,test
569696881330167808,train
569696313824161792,train
569695553644322816,train
569695452368670720,train
569695198239793153,train
569693820398510080,test
569693689766907904,validation
569693430902861824,train
569692936880791552,test
569692618797355009,train
569690742169292802,train
569690626293305344,validation
569689096882425857,train
569689076439392257,train
569688560376221696,train
569687374193680384,train
569685747080372224,validation
569685581787205632,train
569684963777503232,test
569684654380486656,train
569684282706259968,validation
569683734951170048,train
569683647990599681,train
569683567552262145,train
569681831039074306,test
569681799984492544,train
569681746037383168,train
569681499928158208,train
569681060553826304,train
569681019185573889,train
569679871707783168,train
569679642447052800,train
569678975049588737,validation
569677636613439488,validation
569676933778292736,train
569676871744364544,train
569676535973744640,validation
569673939183493120,train
569673431224074240,validation
569672116750004226,train
569671617674022912,train
569671468369338368,validation
569669992624431105,train
569669516185063424,validation
569669336991969280,test
569668741484515328,train
569668488408616960,test
569667955727818752,test
569667082499035137,train
569666840370110465,test
569666771717890048,train
569666686086819840,train
569666679963312129,train
569666428388958209,train
569666352794898432,train
569666115477098496,test
569665976062644224,train
569665600403808256,train
569665343880368131,validation
569665258605842434,train
569665177135812608,train
569664849522925569,test
569664250521763840,train
569663725172436992,validation
569663687222542336,validation
569663371353546752,validation
569662934520999936,train
569662789377064960,validation
569662132582621184,validation
569662077742096385,train
569661926067736576,train
569661767158075392,train
569660740396720128,test
569660691256188929,train
569660461601447936,train
569660452428513280,train
569659878693695488,test
569658769686339584,train
569658503570296832,test
569657781835460608,train
569657202325229568,train
569656504946536449,train
569656322154565632,train
569655584540266496,train
569654946179579904,train
569654749055864832,validation
569654709964836865,test
569654439646269440,validation
569654428636049408,train
569653506291818496,train
569652316816719873,validation
569652058518908928,test
569651548881465345,validation
569651277916999680,test
569650401085157376,train
569650320613052416,train
569649820798881792,validation
569649806202642432,train
569649006986407936,train
569648584909434880,test
569648492190179328,validation
569647694005870592,test
569647615194898432,validation
569647413285265408,train
569647347547955200,train
569647174277042176,train
569646538814824449,test
569646535215939585,train
569646446586171392,train
569646005315973120,train
569645582387556352,test
569645368075554818,train
569645065792069632,train
569645048696053761,train
569644957188939777,train
569644171331538945,train
569643671198572544,train
569642899828133888,train
569642078990258176,validation
569642063005753344,train
569641805073031168,train
569641735086858240,train
569641686101585921,train
569641615721140224,train
569641607584206850,train
569641346316640256,train
569641326536462336,test
569641319712169984,train
569641234769309696,train
569641125243301888,validation
569640998491578369,validation
569640163393073152,train
569640141989552128,train
569639854277066752,validation
569639823734128640,validation
569639780276953088,train
569639640170254336,validation
569639294152806400,test
569639288649883648,validation
569638675170131968,test
569638419384528897,train
569638013287862273,train
569637373853745152,train
569637147067551746,train
569636929165242368,train
569636454869151744,train
569636013443719169,train
569635707746160642,train
569635623348215808,validation
569635389289459712,train
569635090214449152,train
569635077623148545,train
569634833917452288,train
569634748177514496,train
569634385823182852,test
569634350930636800,train
569634229627297793,train
569633545737490433,train
569632550873915392,train
569632420468625408,validation
569632200913604608,train
569631508379664384,train
569631350304731136,train
569631041356320768,train
569631027385245696,train
569630987858132992,validation
569630959718551552,validation
569630837538361344,train
569630050972143616,train
569629990129520641,validation
569629819559747585,train
569629692661268480,validation
569629228225859584,train
569629019412557826,train
569628591475924994,validation
569628499549548545,validation
569627778892443648,train
569627490672517120,train
569627005852917762,validation
569626978397134848,train
569626849183035392,train
569626655527981058,test
569626585365671938,validation
569626297116176384,validation
569625953602834433,train
569625419097313282,validation
569625173176901632,train
569624909501984768,train
569624798860587008,train
569623889686482944,test
569623343424413697,train
569623171210436608,train
569622678228705280,train
569621598849748993,train
569621528951660545,validation
569621349095702528,train
569620944160886784,validation
569620902742233088,train
569620432204267520,train
569620382023622657,train
569620354781425665,validation
569620098467569664,train
569620002652889088,train
569619557360381952,train
569619545893306369,validation
569619325230960641,train
569619208884977664,train
569619205298855936,train
569619171866222592,train
569619001820590081,test
569618884355092480,train
569618868441722882,train
569618829627666432,validation
569618440396398592,train
569618317440208896,validation
569617556857851904,train
569617494908002304,train
569617083194933248,train
569617064375271424,train
569617019257151488,validation
569616974256472064,train
569616836884619264,validation
569616634601717760,train
569616424995409921,train
569615659333627904,validation
569615644448186369,train
569615215144226816,train
569614679154143232,train
569614651400585216,train
569614009369907200,train
569613554963369985,train
569613526328717313,test
569613272049012736,validation
569612999415111680,test
569610889214754816,validation
569610824647626752,train
569609923807440896,train
569609680961572866,train
569608870429114368,validation
569608866138173440,test
569608734332162048,train
569608624814698496,test
569608322925473792,test
569606901325017090,train
569606016070844420,train
569606005618638848,test
569605942318231553,train
569604985110994945,train
569604805116563457,train
569604655166009345,test
569603875671396352,train
569603669114511360,train
569603236711305216,train
569602975829757952,train
569602861467885568,test
569599713499963394,train
569599295713890304,train
569598985737867265,train
569598457809276928,test
569598171082596352,test
569598072923123712,train
569598047593713665,train
569597663953293312,train
569596665864130562,train
569596089625661440,train
569595245945597952,train
569595218401439744,train
569593910869127168,train
569592626300751873,train
569592236981284864,train
569592022635585536,train
569591954830450688,test
569591647685775361,validation
569591642367401984,train
569591456190504961,train
569590151657103360,train
569589872094289920,train
569589829735821312,validation
569589493138731009,train
569589319846854658,train
569588138273865728,train
569588082284101633,train
569587787680256001,train
569587728607633408,test
569586471570534400,train
569586373042278400,test
569586179185754113,train
569584717843943424,train
569584561312681984,train
569584379258900480,train
569583943772610560,train
569582862472577024,train
569581977889869825,train
569581903965265920,validation
569580671112388608,train
569580648505020416,train
569580279251255296,train
569580197709783040,train
569580180353609729,train
569579962786689024,train
569579575291875328,train
569579474762608640,train
569578942543372288,train
569578441508458496,train
569578005430984704,train
569577959440257025,test
569577455176048642,train
569576418855620608,train
569576395778748416,test
569574646229684224,train
569574074936123392,test
569573704902049793,train
569571772355489792,train
569571643044929536,test
569570819757752320,train
569570644632821760,train
569570477410275328,train
569570444027822081,train
569570013964689410,train
569569639543541762,train
569569272898445313,validation
569569152312213506,train
569568300528635906,validation
569568158584950787,validation
569568010555432960,train
569567685719101440,train
569567167429128192,train
569566252450107392,validation
569566232803803136,train
569565822571679745,validation
569565776010567680,train
569565328012763137,train
569564671688118273,train
569564060678639616,train
569563698374651904,train
569562383489896448,train
569562147279253504,train
569562133249130496,train
569561425955332097,train
569560633957609472,train
569560154619965440,train
569559734199721984,train
569559433887526913,train
569558713079443456,train
569558589628502016,validation
569557763094917120,train
569557756597776384,test
569556796525969409,train
569556131078475777,train
569555174252896258,train
569555146562080768,train
569554937744486400,train
569554916064284672,train
569554815539290112,test
569553741222952960,train
569552374882299904,train
569551241967067136,train
569550779520032770,train
569550676784578562,train
569550290753445889,train
569548316700254208,validation
569547989007646721,train
569546412121202689,train
569544873809989632,test
569544819510345728,test
569544742595391489,train
569544732780556288,train
569544730184261632,train
569544350364889088,train
569544120827379712,train
569543791176257537,train
569543771181981697,train
569541848877957120,train
569541591586643968,train
569540963091259392,train
569539834131443712,train
569539000312188928,train
569538770808266754,test
569538703732772864,train
569538171509350400,validation
569537571685924864,test
569535507815903233,train
569535503827017730,train
569534882952716288,train
569534268130660352,train
569534175973396480,train
569533799815630848,train
569532310716080129,train
569532005320253441,train
569531988702576640,train
569531969110974464,train
569531827989454848,validation
569531484903772161,validation
569531274991239168,train
569531010167250944,test
569530483022962688,train
569529789100507136,train
569529608862875648,train
569528923769298945,train
569528348126216193,validation
569527975252766720,train
569527524323151873,train
569526800767983616,train
569526294477725697,train
569526172335222784,train
569526143730077696,test
569526070615138304,train
569525760337162241,train
569525690950815745,train
569523831460761601,train
569523440547291136,train
569523231524319232,validation
569522354008805376,test
569522040547385344,train
569521863891804160,train
569521101736439809,train
569521081125629953,train
569520712379052032,train
569520425312632832,train
569518979103924224,train
569518596231008258,validation
569517484102909952,train
569517360828145664,train
569517323180236800,train
569516969969389568,validation
569516852805808129,train
569516736162050048,train
569516566380875778,train
569515688898875393,train
569515118125408256,test
569514750842789888,train
569514430393913344,train
569514124490579969,validation
569514063019053056,validation
569514001450672128,train
569513811285311488,train
569513498016923648,validation
569513049507246081,train
569512714961362944,train
569512239344054274,train
569510828023488512,train
569508903735545857,train
569508469088387072,train
569508282995486720,validation
569507834930442241,train
569507197052260354,train
569507060209090561,train
569506670189137920,train
569505479795326977,train
569505407862902784,validation
569504786879528962,train
569504366006132736,train
569504330551861248,train
569504232971362304,train
569504176306331649,train
569504172011356160,train
569503938690584576,train
569503745974902784,train
569503649677750272,train
569503367757754369,train
569503165713948672,train
569502953851252737,test
569502909093646336,train
569502869243736065,train
569502353797173248,validation
569501080607813633,train
569500360651509760,train
569500030459117568,train
569499434633048065,train
569499431369891840,validation
569497995445559298,train
569497092655345664,train
569497031322030081,train
569496936157487104,validation
569496919036305408,validation
569496828376322048,test
569495111337275392,train
569493640990625793,train
569491817600655360,test
569491456173477889,train
569491346647445505,train
569491334643347457,validation
569491295766343681,validation
569491079952642051,validation
569490499377061888,test
569490420356374528,test
569489032100614144,train
569488705146068993,validation
569487167191425024,train
569487156399378434,validation
569484965055832065,train
569484788404322304,train
569484671672651776,train
569484085397057536,test
569483390581383168,train
569481897203494914,train
569481676893622272,train
569481213016023040,train
569480693782339584,train
569480220203474944,train
569480043853946881,train
569478901166055424,train
569478023679905792,train
569477178703908864,test
569476889313562624,test
569476281974132736,train
569475909226401792,train
569475306018353152,train
569475245708419072,train
569475092582789120,train
569475000660422656,validation
569474700386045955,test
569474230854660097,train
569473998519578624,validation
569473302940372992,test
569471635163643905,train
569471541554978817,test
569470757673291777,test
569470098534207489,train
569470053348823040,train
569469326547222528,validation
569468823625027586,train
569462023173619712,train
569461666695524352,train
569460417954746368,train
569459716906229760,train
569459543236874240,train
569457148129779714,validation
569456035930484737,validation
569454641320062976,train
569454437288140800,validation
569453313462132736,train
569451362687143936,train
569448465991737345,train
569445528225718272,test
569444898660691968,validation
569444456660750337,train
569441937826164736,train
569440689253158912,train
569439706339024896,train
569439089063280640,test
569438763115536384,validation
569438531686424577,train
569435214717562881,train
569433059168260096,train
569431307152953344,validation
569428644432617473,validation
569428333500375040,train
569427993958883328,train
569420890003410944,train
569419949007085568,train
569418652128296960,test
569418497694035969,train
569418233322872833,train
569416650325303297,train
569415643474362368,train
569415109933531136,validation
569415076400242688,test
569411383265075203,train
569407352299847680,train
569404245142855680,test
569402506792407041,train
569400869768302592,validation
569400431002173441,test
569397314240049152,validation
569395649310883840,validation
569392315409829888,train
569390507526369280,train
569387614265954304,train
569385898573299712,train
569385864712704001,validation
569385784685363201,test
569385496675295232,train
569383892542738432,validation
569382132231110656,validation
569381891809214464,train
569380923847909376,train
569380416219709440,test
569380122194636800,train
569379756673597444,train
569379726562869248,train
569379367077355520,train
569378568628674561,train
569376145000390656,train
569374127187820545,train
569374011131453441,test
569373743698591744,train
569370900568502272,train
569370010751094784,train
569369416963633152,train
569369331173363712,test
569369243965362176,train
569368621077692417,train
569368523178270721,train
569368286128771072,test
569368056855552001,test
569367983065137152,validation
569367755670966272,train
569367682811715585,validation
569366968446246912,train
569366889719304192,train
569366337929105408,train
569366184904122369,train
569366138963959808,train
569365692618661888,train
569365278963798017,train
569364927191719937,train
569364890307190784,train
569364374755930112,test
569363796113764352,validation
569363354428567552,test
569363221791928320,train
569363188120207360,train
569363173817643009,train
569361701495304192,validation
569359780491476992,train
569359055937908736,validation
569357781402308608,validation
569357497871437824,train
569357196141719552,train
569353669738688512,train
569352559598682112,train
569351147930169344,train
569350924633812992,train
569349932131487746,test
569349274049368064,validation
569347118034501632,train
569346431833673732,train
569346420139905024,train
569345701487906818,test
569344598482546690,train
569343661063823360,train
569343186046332928,train
569342888615620609,train
569342670184648704,validation
569342220534288384,train
569341769114128386,train
569340749466226688,train
569340645023698944,train
569340200934969344,test
569340120790233089,train
569339467615506435,test
569339181136113664,validation
569339072805797888,validation
569338724787593216,train
569338441172983809,validation
569338341306572800,train
569338032572116992,test
569337969233887232,train
569337916872220673,train
569337916125798401,train
569337830184345601,train
569337170210607105,train
569336402401472512,train
569336252597731329,train
569336095411965952,train
569335779371003904,train
569335521752715264,train
569334462292434944,train
569333972452265985,train
569332961813753856,train
569332086345220096,train
569332072185249792,train
569331162897739776,test
569331021163814912,train
569330919020093442,train
569330683623186433,validation
569330646901895169,train
569330115114627073,train
569330006985347072,train
569329401122426880,validation
569329378061979648,validation
569328755409326080,test
569328128310403073,validation
569328072027189248,test
569327949553520640,train
569327646917537793,train
569326940252991488,train
569326818697871360,validation
569325988921810945,train
569325844906115072,train
569325061892481024,train
569324295635247104,train
569323727818657792,train
569323015550296064,train
569322657822285824,train
569322456776892417,train
569322372995551232,train
569321739093614592,train
569321654842564609,test
569320594400874497,train
569319928815202304,train
569319239900725248,train
569319188528963584,train
569319046790819840,train
569318947729887232,test
569318589817364481,test
569318505755103232,train
569318432648273920,train
569317718886903809,train
569316673942990848,train
569316547673526272,train
569316508352045056,train
569316417226600448,train
569316018230677504,train
569315878828949504,train
569315664156069888,train
569314329276715010,train
569313492894752768,test
569312077954854913,train
569310731486699520,train
569310717393944577,train
569310253315174400,train
569310249859080192,train
569310115377102850,train
569309623825670145,train
569309296023998464,train
569308775435390976,train
569308255966666753,train
569308224551309313,train
569308168364425216,train
569307607007150080,train
569307466896424961,train
569307047285690369,train
569306599577112577,train
569306302964506624,train
569305546819571712,train
569304100048912384,train
569303395460259840,train
569302758018420736,train
569302599591022592,train
569302568020549632,test
569302490421833729,train
569302005111508992,train
569301951478935553,train
569301745219850241,test
569300959911768064,train
569300431412850688,train
569300135328530432,train
569299492127842304,train
569299401643917313,train
569298744337788928,validation
569298712247312384,validation
569298251418959872,validation
569298147144556544,validation
569297162795937792,train
569296784922578944,test
569296585697464320,train
569296356143050754,train
569296055478722560,train
569295556729823232,train
569294326259253248,train
569293965448458240,train
569293296872222720,train
569293295655866369,train
569292823805042688,test
569291447377137664,train
569289995749494784,train
569289573395800064,train
569287656607100929,validation
569287433008754688,train
569287399131389953,validation
569287318898495490,train
569286569548320769,train
569285045401178113,train
569283956484415490,train
569283845985427457,validation
569283511192051712,validation
569282692014977025,train
569282312203997185,train
569281144186908672,validation
569281033365037056,train
569280669593038848,test
569280157678071808,validation
569279586921353216,train
569278858123300864,train
569278347441799169,train
569278020441284608,test
569277733416513536,train
569276854458310658,train
569276415927037952,train
569275566077165568,train
569275476642013186,train
569275466936397825,train
569275430311751682,train
569275000232013825,train
569274801388425217,train
569274618428526592,train
569274001173979137,train
569273451564785664,train
569273298325864448,test
569273251186286593,train
569272738826694656,validation
569272664344428545,train
569272359334453249,train
569271943188209667,train
569271561481531392,test
569270012894060545,train
569269140386488320,train
569267323330129920,train
569264951401054208,validation
569264912695840768,train
569264736455536641,train
569262680965402624,test
569262631258705920,train
569261989735718914,train
569261791928315905,train
569261737037455361,train
569261495449595905,train
569261077877248000,train
569261063406882816,train
569260922365063169,train
569260366221348864,train
569259694906220544,train
569259688887492608,train
569259575800569857,train
569259442547470336,test
569259272556535808,test
569259186711764992,train
569259152746221568,train
569259056956727296,train
569258900228190208,train
569258454633701376,train
569258100324048900,test
569258013950808064,train
569257932908470273,train
569257818789978113,test
569257540023951360,train
569257033972604929,train
569256471046823937,train
569256434736746496,train
569256307045179392,train
569256055781240832,train
569253414971899905,validation
569253382898126850,train
569253285015752704,validation
569253190551498752,train
569252801802592256,train
569252759087685632,train
569252732940320768,train
569251080598478848,train
569250623427780608,train
569250015752749057,train
569249933271965696,train
569249783216537601,train
569249769421295616,train
569249493264289793,validation
569249416462409729,train
569249223897526272,train
569248898071580672,validation
569248843532886016,train
569248000456970240,train
569247579692781569,test
569247182337019904,test
569247029446119424,train
569246786440830977,validation
569245240336330752,train
569244295921692672,validation
569244202225307648,train
569244201021362176,test
569243889011281920,validation
569243676594941953,train
569243519652470784,train
569243270745866240,validation
569242387878428672,train
569242111100514305,train
569242047917502464,test
569242037968445441,train
569241682283081728,validation
569240866684071936,train
569239939776274433,train
569239293429833728,train
569238938042421249,train
569238148032671744,train
569237947033255936,train
569237356622024704,train
569236834783342593,train
569236060615667713,test
569235954789015552,train
569235062862036992,train
569234592420331520,train
569233531483918337,train
569233434423353344,train
569233335915925505,train
569233194723078144,validation
569232650965102592,train
569232560330555393,test
569232480181489665,train
569232221397065728,train
569231984334995456,train
569231858485080066,train
569231763173560320,train
569229796401684480,train
569228892638019585,test
569228707203837952,test
569228668918222849,test
569227372223811584,train
569227342675116033,train
569226313220947969,train
569226228152053760,test
569225585181880320,train
569225573773369344,train
569224849144418304,train
569224824066842624,train
569222424236916736,test
569221589822083072,train
569221517298368512,train
569221210019487745,train
569219928957394944,validation
569219701001179138,train
569218838190907393,train
569217440250331136,train
569217317315354624,train
569217285593788416,train
569216245574311936,train
569216055018704896,train
569215779830280192,train
569215742224281600,validation
569215344948199424,test
569213892980641792,train
569213883371683840,test
569213503954915329,train
569213441694568448,train
569213197485514752,train
569212860665978880,train
569212318283771904,train
569211645710495745,train
569211244693098496,validation
569209958627016706,train
569209543533699072,train
569209352730513409,validation
569209084144005120,train
569208751972065280,validation
569208067243401217,validation
569207193377107968,train
569206925046493184,validation
569205367575441408,validation
569204255191490560,train
569204188334264320,validation
569203010410119168,validation
569202773704646658,train
569202656486432768,test
569201516881448960,train
569201109400555520,test
569199524629110784,train
569199095505690624,train
569197921150902272,train
569197579956842496,validation
569196241252282368,validation
569195472650268672,train
569194996143755264,train
569194348375613441,train
569193887706812416,train
569192902922006528,train
569192549170032640,train
569191838579429377,validation
569191687794270209,train
569189285334618112,validation
569188967180058625,train
569188938012880896,train
569188792541818880,train
569187853412012032,train
569186762947493888,validation
569186566247051265,train
569185842876571648,train
569185594095509504,train
569184999900995585,train
569184788784918528,test
569183712606179329,train
569183387816038401,train
569182643155300352,train
569181132685574144,train
569179849518161920,train
569179721549914112,train
569178715051188226,train
569177940027674624,train
569177080014901248,train
569175138349887488,validation
569172396680175616,test
569172176214962176,test
569172065724428288,train
569170903948500992,test
569170897606709250,train
569170541250129920,train
569169897906941952,train
569169887689641984,train
569168955786600448,train
569168884798005248,train
569168028014743552,test
569167347996495872,train
569165652876881920,train
569164871465439232,train
569164614921019392,train
569164042679377921,test
569163885393154048,train
569163371746095104,train
569162600237236224,test
569161748286083073,train
569159619710361600,train
569159333499576320,train
569156387789361153,train
569155039983497216,test
569154879484235776,train
569153669867945984,validation
569153491983327232,validation
569152740414218240,train
569150031216779266,train
569149666027294720,train
569149498183659520,train
569147852217135104,train
569144929093615616,train
569144072843063296,train
569144056305074176,train
569143454434926592,train
569143406724837376,train
569140808227672064,validation
569140362025050112,train
569139586124910593,train
569139480101314560,validation
569134299024367616,validation
569134266052816897,test
569130479690981376,test
569129269139537920,test
569128289178152960,train
569125947200413696,train
569125711556042752,train
569125558568783872,train
569125033509048320,train
569121422817112065,validation
569120847115501568,test
569119503516246016,validation
569117696610185217,train
569116934379323392,validation
569116399039344640,train
569115097198690305,train
569114239996076032,train
569106746486222849,test
569105159764242433,train
569102054922129409,train
569101653573570560,validation
569098396914421763,train
569097525690568704,train
569096764835414016,train
569094744615157760,test
569093984640995328,train
569089890173874176,train
569088814184079361,train
569088496117415937,test
569087906851135488,train
569086687336222720,train
569085424498446337,train
569083899478994944,train
569079375296999424,train
569078346660900864,test
569078332278513665,train
569077766022246400,train
569077393886810112,test
569076717689524224,validation
569075488926371841,train
569075352888176640,train
569059097632337920,train
569058014650433536,train
569056573731020800,validation
569055189988024320,train
569049391337578496,validation
569036254253346818,validation
569035887956271104,train
569035174328934401,train
569034721683861505,train
569034282485698560,train
569033988855037952,train
569032643548811264,validation
569030219438239744,test
569027718626480128,train
569026124484706304,train
569025401906794496,test
569025196230877184,train
569024126641311744,train
569023489492955136,train
569021768788090881,train
569020829033492480,validation
569017927803932672,test
569017631602139137,validation
569017218316369921,test
569015669347319808,train
569014098811351040,validation
569012722169466880,train
569012492598251520,validation
569011846432366592,train
569011727532032001,train
569011185439285248,test
569011048843313153,test
569010309085536257,validation
569009316490911745,train
569008708174262272,test
569008601009762305,validation
569007629868998656,train
569007580925677568,train
569007103542587392,validation
569006044782800896,validation
569005870463344640,test
569005718365298689,train
569004759069421568,train
569003577613512704,train
569002384258502656,train
568999888043638785,train
568998609590419456,train
568995447768899584,train
568995256525398016,train
568995205271015425,train
568990399814987777,train
568989687353729024,train
568989506784722945,train
568989460618203136,train
568988757954678784,train
568988032067616768,train
568987808792223744,train
568987648691449857,train
568987303302950913,train
568986895268519936,test
568986700984283136,train
568986491608834048,train
568985883589906432,train
568985010742693888,train
568984515298922496,train
568984098909237248,test
568983569563033600,train
568983296018751491,test
568982915956277249,test
568982505551851520,test
568982253553844225,train
568979198007595008,validation
568977696786673664,test
568976619089620992,validation
568976326666768384,train
568976065210806272,train
568975398236659712,validation
568973797262372866,train
568973634087165953,train
568972990039265280,train
568972562819997696,train
568972438693916672,train
568971802015170560,train
568970614238617600,train
568969371118391296,train
568968761954443264,train
568968480717983744,train
568968312274718721,validation
568967744076410880,validation
568967598794149889,train
568967381860503552,train
568967313598386176,test
568966873880137728,train
568965937875066880,train
568965883730776065,train
568965870178816000,train
568965585620459520,train
568965165783388160,train
568964974611193858,train
568964534083268608,train
568964028669800448,train
568963398781808640,train
568963218703564800,test
568963006547111936,train
568962811772030976,validation
568962609375895552,train
568962582934978562,test
568962468766212097,train
568961737715789824,train
568961016782036992,train
568960570486976513,train
568959737544339456,train
568958380032860160,train
568958227888500736,train
568958107205783554,validation
568957558444175360,train
568957349534289920,validation
568957001658724353,validation
568955862124863488,validation
568955339607019521,train
568955124300820480,test
568955060165554176,train
568954593591369728,train
568954266628575232,train
568954048038055936,train
568954046700064768,train
568953367646625792,train
568952850908213248,validation
568951922734055424,train
568951819969232896,train
568951601777512448,train
568951462413209601,train
568951377231114240,train
568950980471103489,train
568950850615316480,train
568950706008231936,train
568950548411461632,train
568949970080018433,validation
568949545972961280,train
568948971923742720,test
568948323916255233,train
568948016662474752,test
568948008160661504,validation
568947922731028480,test
568947542899052544,train
568947313676148737,validation
568946825798905856,test
568946758404808704,validation
568944096687075329,test
568942578026086401,train
568941851228528642,validation
568940548301549568,test
568938647795314688,train
568935475815292928,train
568934749571387392,train
568934521506107392,train
568933083472220160,train
568932735181578240,validation
568932482323623937,train
568931996891807744,train
568931924166574080,train
568931759150084096,train
568931637699829761,train
568931356287365120,train
568931215149039617,train
568930692551221248,train
568929299350179840,train
568928251554299906,train
568928163058724865,train
568927730160549888,train
568927727627202560,train
568927631103696896,train
568927281747505152,train
568926552836182016,test
568926321369153536,train
568925709189705728,train
568925583939375104,train
568924206152306688,train
568923233866555392,test
568922616800657411,train
568922057552977920,train
568921968818270208,train
568921625715814401,validation
568921407813521409,train
568921163901984768,validation
568920314073260032,train
568919686978641920,train
568919230671794176,train
568918820632403969,train
568918759664021504,test
568917936783491073,validation
568917792172351488,train
568917786921009153,test
568917611565592577,test
568917429033652226,train
568917261869674497,train
568916446710857728,train
568916345506566145,test
568916213130096640,test
568915741551886336,validation
568913508936458240,train
568911315026063361,validation
568910880416464897,validation
568910220644237312,train
568909613770211329,train
568908748732760064,train
568908474601639936,train
568905448897654784,train
568905087608881152,test
568904684561408000,train
568903773491306496,train
568903479722246144,validation
568903193930764288,train
568903082765000704,validation
568902492118888448,test
568902405909143552,train
568902044561465344,train
568901828055707648,test
568901675903119360,train
568900980080709632,train
568900770860392448,validation
568900079962075137,train
568899587424931840,train
568899516872568832,test
568899252149035008,train
568898792755470336,train
568898784861814785,train
568897992712802304,train
568897757991186432,test
568895856750899202,validation
568895842293309440,train
568895188338380801,train
568894996683870208,train
568894575596580864,train
568894256070287360,train
568894073345437697,test
568893623099654144,test
568893275907575808,train
568893072001646592,train
568892505829347329,test
568890960358166528,train
568890017365561344,train
568889252185903104,train
568887455044259842,train
568887240685785089,test
568885959225446400,train
568885581297651713,test
568885556718907392,train
568885498464374785,train
568885117373927425,train
568884491294351360,train
568884473040752641,train
568884344221081600,train
568884211739971584,train
568883744246878208,train
568883664219537408,test
568883475534745600,test
568883108377808896,train
568882789082222592,test
568882601261273089,train
568882449922416641,train
568882079091400705,test
568881812174299137,train
568881593395208192,train
568881580015366145,test
568881357583097857,train
568880036234682370,test
568878265814949889,train
568878121958694912,train
568877993453420544,train
568877085479071744,train
568875530671554561,train
568874741249007616,train
568874496507174912,train
568873730182504448,train
568873474392854530,train
568873031428415489,train
568872291427160065,validation
568872120471687168,test
568871357007704064,train
568871340498821120,test
568871143022731265,test
568870394708545536,validation
568868944557133825,validation
568868515857321985,test
568868305697525761,train
568865640569806848,test
568864796717805568,train
568862914154770432,train
568862907850743808,train
568860978231709697,train
568860389640962048,train
568860308980117504,train
568859503472422912,train
568859157253611520,train
568858368829313024,train
568858361011154944,test
568857956470517760,train
568857374934601728,validation
568855505747095552,train
568855468975759360,train
568855465842466817,train
568855251123449856,train
568855071322198016,train
568854401802051584,test
568854214136479744,train
568854082536001536,train
568853249551409153,train
568853244476309504,validation
568851544537481216,train
568851512509800448,train
568851396923146240,train
568850852909342720,train
568850826552320000,test
568850600261226496,train
568849007641911296,train
568848928466198530,train
568848699960332288,train
568848259008962560,train
568847735530643457,train
568847616404004864,validation
568847199460835328,train
568846499431337984,train
568845539405656064,train
568844772191940608,train
568844097374560256,train
568844078730727424,train
568842531531681792,train
568842357069770752,train
568841631585021952,train
568841528455659520,train
568840701850419200,validation
568837615220166657,train
568837168350699520,train
568836728716333056,train
568836642825375744,train
568835810532794368,test
568835255722860544,train
568835134603931649,train
568834890046832640,train
568834851517771776,train
568834824410148864,validation
568834799592448000,validation
568833209288372224,train
568832931382366209,train
568832749093687296,train
568832682269888512,validation
568832576468746240,train
568832394196684800,test
568832151119990784,train
568831929102913536,train
568831798857195520,train
568831574474661888,train
568830996365193216,test
568830888089423872,train
568830757730422784,validation
568830614289252352,test
568829906584346624,train
568828543423123456,train
568828240502128640,train
568828240204333056,test
568828064152424448,train
568827741832916994,test
568827677001428992,train
568826499597524992,train
568826225621405696,train
568826215089475584,train
568825791644966912,validation
568825730718666754,train
568825463918833664,train
568824987244584961,test
568823775745028096,train
568822919633240064,train
568822440631144448,test
568821307766222848,train
568821261767303168,train
568820700489781248,test
568819406207356928,validation
568819285990215680,train
568819025733652481,validation
568818998445522944,train
568818346042339328,train
568818335200223232,train
568817985147654144,train
568817894030741504,train
568817637754593280,validation
568817350864023552,train
568815893641211905,train
568815686446788608,test
568815660815519744,test
568815514702770176,train
568815354388078593,train
568815310016548865,train
568815280903864321,train
568815263900180480,train
568814123540221952,train
568813570709782529,train
568813431962226688,validation
568813356296982528,train
568813269906890753,validation
568812829324775428,train
568812129308053504,train
568811854216105984,validation
568810874204327936,test
568810866830913536,train
568810700828741633,test
568810539939459072,train
568810516740644864,validation
568810180269494272,train
568809620019527680,test
568809617087696897,train
568809558786899968,train
568808975828955136,train
568808470536962048,train
568807928154558464,train
568807894264578048,train
568807747661266945,test
568806237804109825,train
568806138973540352,train
568806118660673536,train
568806035294695424,train
568805751386288128,train
568805571647942656,train
568805448696115200,train
568805444761681921,train
568804253151731712,test
568804026789138433,train
568803679018491904,train
568803598638796800,validation
568803260569690112,validation
568803231335387137,train
568803218488033282,test
568803061361025024,validation
568803013487276033,validation
568802906280845312,validation
568802044309430272,train
568802013196242944,train
568801885567606784,test
568801561377439744,test
568801535662166016,train
568801442770743296,train
568801277984944128,train
568801276416401408,test
568800974632050688,train
568800389903962112,train
568797966489690112,train
568797800743313408,train
568797413529538562,train
568797401772892161,validation
568796113081376768,validation
568795875612463104,train
568795791445209088,train
568795451341856768,test
568795018816675841,train
568793902267936769,train
568793432900177920,train
568793043664560128,train
568790336954175488,validation
568789500727570432,train
568788947859607552,train
568788152955092992,train
568787999036583936,train
568787202341081088,test
568787022472740864,validation
568786817404817408,train
568786811381616641,test
568786745715757056,test
568786206932250624,train
568786035053760512,test
568784261064622080,train
568782924302065665,train
568782405965713408,train
568781213651087361,train
568780030538420225,train
568779794902614016,train
568778986567933952,test
568778028773347329,test
568775278505414656,train
568774320773849088,train
568773648724525056,train
568771089372979200,validation
568771007529398272,train
568770352635121664,train
568769786890424320,train
568768952366575618,train
568767621186912256,train
568767144407789569,train
568761425029668864,train
568760341921959936,validation
568760315569053696,validation
568758807418896385,test
568757933502148608,train
568757166674460672,train
568756110456270849,train
568755759670022147,validation
568755688442191872,validation
568752875205238784,train
568751950935691265,train
568751415390285824,train
568747605653643264,validation
568740200479793153,validation
568738229274464256,train
568736451237707776,train
568735994838589441,train
568731988082999296,validation
568731785019990017,train
568731155303956480,train
568726628639100928,validation
568725453831315456,validation
568723674934722560,train
568722339833126912,test
568720333634609153,train
568716618794209280,train
568716388866629632,train
568716027577696256,train
568716015338717184,train
568715107892641792,train
568710194575872001,validation
568706817980796928,train
568702964623216643,train
568701051903336448,train
568699390962958336,train
568696518665998336,train
568695647202717696,train
568694278890901504,validation
568693355183538177,validation
568690023513526272,train
568678201590996992,train
568677786329735168,test
568677633682214912,validation
568677317590937600,train
568677207062609920,train
568676876866224128,train
568676407729131520,train
568675083314552832,train
568673332184240129,train
568672467889176577,train
568672436977168385,train
568671211430891520,train
568670928407625729,train
568669880922165248,train
568668364144398336,train
568667108252319744,train
568663431433187328,test
568662835829415936,train
568662525530628096,train
568659661861175297,validation
568657247896788992,train
568656888935481344,validation
568656758027063296,test
568656507480481792,test
568656014481846272,test
568655789247762432,train
568654569976123392,train
568654556634021890,train
568654382620782592,test
568654300802473985,validation
568654208674586624,train
568652355346022400,validation
568651726858747904,test
568650724399321088,train
568650439639437313,train
568650000227565568,train
568649837610037248,train
568649643187310593,train
568648940033343488,train
568648917551697920,train
568648390738706432,test
568647206695120896,train
568646083162836992,train
568645962425446401,train
568645576008400896,train
568644260129419264,validation
568643928720850944,train
568640713635676160,validation
568640385117003776,train
568639679496454144,train
568639359127150592,train
568639242483556352,validation
568639207846989824,train
568637541513089024,validation
568635531900243968,validation
568632754939805696,train
568631066736529409,test
568630453521022976,train
568629979719675904,train
568628841431867392,validation
568627869225766912,validation
568627619991650305,test
568625959835815936,train
568625749214642176,validation
568625636639506433,validation
568625014037045248,test
568624528131125248,validation
568624487031132162,train
568623603496792064,train
568622671287566336,test
568621100914991104,train
568621033273602048,train
568620841325301760,train
568617891412574208,validation
568616966191226880,validation
568616603568492544,train
568615916730056704,validation
568615812594077696,train
568615063738646528,test
568614750508036096,train
568613354245210112,train
568612911222026241,validation
568612680937766912,test
568612163578773504,train
568611514711552000,train
568611413687603200,validation
568611364803096577,train
568611300609118208,test
568610311487561728,test
568608982321012736,train
568608850569338880,train
568608136485056512,train
568607646204465152,train
568607402645454848,train
568607013212590080,test
568606997546999809,train
568606485716078592,train
568606225027485696,validation
568606101412962304,train
568605113457242112,validation
568604039430033408,train
568603081274986496,train
568602007583354880,validation
568601750074236930,train
568600380977893376,train
568600144406568962,train
568599168949886977,validation
568598412544704512,train
568597262378655744,train
568597062104813568,validation
568596833439760384,test
568596065882017792,train
568595828232863745,validation
568594708177555457,train
568594180014014464,train
568593365601820672,validation
568592520659267584,train
568591705802469376,train
568591278805528576,train
568591158777122818,validation
568590189582536704,train
568589551477886977,train
568589359034859520,train
568589019925368833,train
568588791830736896,train
568588522069733376,train
568587181264146432,train
568585421518544897,train
568584434376577024,train
568584104641368064,train
568583773794799616,train
568583360811016192,train
568582924729073664,train
568582403670851584,train
568580515013398528,train
568579388704292864,validation
568578571129761794,train
568577596172009472,train
568576763212619777,validation
568576245027336193,validation
568575520406765568,train
568575427742011392,train
568575417650679808,validation
568574762433138690,train
568574249553637377,test
568574188086296576,train
568574174677114880,train
568574014505029632,train
568573889359556608,test
568573570114134016,train
568573387817291776,test
568572835666522112,train
568572753403650049,train
568572666178883584,train
568571642265227264,validation
568570905690898432,train
568568938960805888,train
568568593262231552,train
568568197147799552,train
568567425106628609,test
568567048801906688,test
568566729992847360,test
568565044994158592,train
568564957740175360,test
568564799593820161,train
568564757172764672,train
568564675312545792,validation
568564485457252352,train
568564006329434113,train
568563494313857025,train
568563462995099649,train
568562804837490688,validation
568562765654159361,test
568562718854111233,train
568562613040197634,train
568562512284659713,train
568561858875142144,validation
568561041774231553,train
568560510896963584,validation
568560083103137793,validation
568559680894550016,train
568558728263254017,train
568558478039625728,test
568558135637463040,test
568558050635747328,train
568557220473884672,validation
568556636068921344,train
568556238012678144,train
568555130624217089,train
568555022209847296,train
568553155937452034,test
568553014786547712,train
568552943005224961,train
568552711840358401,train
568552347812524032,train
568549214696935424,validation
568549060103135232,validation
568548205421563906,train
568547227527819264,train
568547007003955200,train
568545648284340224,validation
568544738032242688,test
568542661684015105,test
568541544506114048,train
568541325735415808,train
568541016472432641,train
568540843323338752,train
568539224770637825,train
568538872637816832,train
568538044703178752,train
568537219822010368,train
568536972072865792,train
568536646963970048,train
568536634058084352,test
568536558279593985,train
568535677027028992,train
568535502996905984,train
568534166742003712,train
568534107875119105,train
568533371602608128,test
568533330557186048,train
568532825281937408,train
568532050979893249,train
568530234368069632,validation
568528656584146944,train
568527517910319104,validation
568527393754738688,train
568527304348942336,train
568527292135133184,validation
568526386249351168,train
568526349565972480,train
568526136017342464,validation
568525567575744512,train
568524550251479040,train
568522747501895680,train
568522028627533824,train
568520126095441920,test
568516490405679104,train
568516063001853952,train
568515696197439489,train
568515553666539520,train
568515101319254016,train
568514213921947648,train
568513007849840640,validation
568512847178645505,test
568511969335984128,train
568509763048357888,train
568509134276050945,train
568508151852457985,train
568507977235365888,train
568506885130682369,validation
568506797805318144,train
568506752607498241,train
568505228062023680,train
568503887113498625,train
568503322828783617,train
568503174413225984,train
568503120130658305,train
568503048961724417,validation
568502210268692480,train
568502194854612992,train
568497542100586497,train
568496673237929984,train
568496575716175872,train
568495877003857920,train
568494813655527424,train
568494749247778816,train
568493806414381058,train
568493336698490880,validation
568493245191364609,train
568493225788510209,train
568492898553102337,validation
568491094327078912,validation
568490726419517441,test
568489967808327682,train
568487509958774784,train
568486216464785408,train
568485707993497603,validation
568484777336172546,validation
568484603658420224,train
568484161356476416,test
568482353254928384,train
568481989776564224,train
568481405681999872,validation
568479942146707456,validation
568476370130628608,train
568475497275002880,train
568475039680434176,validation
568474931207352320,train
568474866753667072,test
568473862083461121,train
568473140654788609,validation
568471651114811393,train
568471227418832896,test
568469807189790720,train
568469582295379969,train
568468959663489025,validation
568468732441276416,train
568468724048646145,train
568468409471492096,train
568468054306193408,train
568466895554408448,validation
568466673990307840,train
568466370205237248,train
568466243210108928,test
568465710629826560,train
568464076122279937,train
568463707795095552,train
568463644503240704,train
568462632719491072,train
568462402875863041,train
568462177415372801,train
568461830584029184,train
568460680367644672,train
568460278662193152,test
568460037737324545,train
568458999798108160,train
568458813189197824,train
568458701046050816,train
568457810066800640,validation
568457549973987328,train
568457483301339136,train
568456895515607040,train
568456844429160448,train
568454694756069376,train
568454607040606208,train
568454386617356291,train
568450710553174016,train
568450642085171200,train
568450413365571584,train
568450262706167808,train
568450237028798464,validation
568450017649778688,test
568449164951953408,test
568446906524950528,train
568444328873467905,train
568444042851323904,train
568443923485437952,train
568441968327573504,train
568441679503495169,test
568438982301917184,validation
568438724708544514,train
568438094652956673,train
568437450927955969,test
568437324587012096,train
568437120966258688,train
568435938264625152,train
568435290722975745,train
568435244841500673,train
568434065067491328,validation
568433759919452160,train
568433610765815808,train
568433493987844096,train
568433431471886336,train
568432918110064640,train
568432782386466816,train
568431125502144512,train
568431007654924288,validation
568429641699954688,train
568428971504889856,train
568426849040261120,validation
568425564282998785,train
568424596657078272,train
568424482764931072,train
568424307031805952,train
568422817601097728,train
568422622922469376,train
568421732157161472,test
568419711521841152,train
568418165853540352,train
568417968230694912,validation
568417151176060929,train
568416493446270976,train
568414872578465792,train
568413096940666881,validation
568412555045179393,train
568412546673352705,train
568411566233804802,train
568411504497856512,validation
568408759019524097,train
568408653562294272,train
568406334787457024,train
568405095060099072,test
568401790250700800,train
568399913358221312,train
568396209091702784,train
568396205270691840,train
568391639158226944,train
568390014238916608,train
568388502431395840,validation
568385303267782656,train
568383474303959041,train
568382290352590848,train
568381535063306241,train
568380957012525057,test
568380302114086912,train
568380045431058432,train
568379326678368256,train
568375354982842368,train
568374502582816768,train
568372335012679680,train
568371161484161025,validation
568370280415899648,train
568366109461606400,train
568364889280020481,train
568363838158065664,train
568360704652279809,train
568358096290111489,validation
568356641877446656,train
568356065428918272,test
568355672225673216,train
568355601144680448,train
568354331503828992,test
568353091407495168,train
568352803892150273,train
568352692466278400,train
568352500748849153,train
568352134422511616,validation
568351842217947136,validation
568350913858965504,test
568342540837105664,train
568337096177528832,train
568332024802447361,train
568328533421867008,train
568323479826771968,train
568309328127655936,test
568308793005617152,train
568308464985903104,train
568303933774532608,train
568302985802956800,train
568298659537915904,train
568298411163852800,train
568295728272900096,train
568291966909181952,train
568290894992039936,test
568288672627318784,validation
568287936820572160,train
568286497796812800,train
568283819477839872,train
568282692845842432,test
568282656590282754,train
568281801480904704,validation
568281631443841024,train
568281546999754752,validation
568280611552681985,train
568280527305715712,train
568279456780980226,train
568278936561401856,train
568278231973044225,validation
568276805972570112,train
568276144107200512,validation
568275733736353792,train
568275380441726977,train
568275123037286400,validation
568274855814152192,test
568272841780682752,train
568272715519561728,test
568272688273174528,train
568272244792631296,train
568271741207891968,train
568271533782622209,train
568270132956409857,train
568269181394817024,train
568268831228964864,train
568267340405542914,test
568266890499346432,train
568266347450273793,train
568265475114663936,train
568264293478744064,train
568263079789608961,train
568262694123339776,train
568262481698803712,test
568261238444167170,train
568261172610220033,train
568260084230455296,train
568259835474677760,train
568259593773518848,train
568258906159501312,train
568258846235316225,train
568258545772335104,validation
568257389402710016,train
568256563829293056,train
568255550070362113,train
568254094739148800,train
568252997886545920,train
568252909231738880,validation
568252805036638209,train
568252787756302336,test
568250452057427970,train
568250159689113600,train
568250065845944321,train
568250000028925952,train
568249421877653505,train
568249367590768640,train
568249132323770368,validation
568248950450311169,train
568248416418926594,train
568248245563969536,validation
568248180057325568,train
568246093856641024,train
568244663154393088,train
568243964983308289,validation
568241367396192256,train
568240029413163008,train
568239444500865025,validation
568238725626355712,train
568237684277141504,test
568237654606680064,test
568237611208318976,train
568236691397279745,test
568236000390082560,train
568234955672694784,test
568234670166568960,train
568234631465734144,train
568233965800304640,train
568233193738018817,train
568232723170484224,test
568231742449922049,train
568231586585550848,train
568231529823891456,train
568230767714799616,train
568230620595417088,test
568229032652709888,validation
568228749696577536,test
568228505160433665,train
568228257037856768,test
568228124263124992,validation
568226940139782144,train
568226026209341441,validation
568225650760413184,train
568225310753353728,train
568224469480833024,train
568223557806915585,train
568221167288344577,train
568218887973703680,train
568217863611404288,train
568217304259010560,train
568217301243133952,test
568215213620637696,test
568215154569166848,test
568215031608815617,train
568215000306724864,validation
568214796514004992,train
568213785426726912,test
568212521657737216,train
568210978447323136,test
568210563991363584,train
568210483959836672,test
568207908057567232,train
568206570540163072,train
568206538147364864,train
568206350804770816,test
568206092599218176,train
568205117368836096,validation
568204808122974209,train
568204231271796736,test
568204182676578304,validation
568204138091307008,test
568203839242764288,train
568203785996263424,test
568203369053077505,train
568202174917976064,train
568201465958772736,train
568200385849995264,validation
568199122903293952,train
568198349393768448,train
568195829238005760,validation
568195153464143872,validation
568194770524221440,train
568194744574214144,train
568193817943257088,train
568192567348604928,train
568192024026996736,train
568191963838746624,test
568191654986792960,train
568191336764948480,train
568190725319311360,test
568190276990140417,train
568189949415170048,train
568189520992198656,train
568189430202130432,train
568189390444310528,validation
568188415524642816,validation
568188203397574656,train
568187636449472513,train
568186803930464256,train
568186573965172736,train
568186071114252288,validation
568186047659507712,train
568185516971204608,test
568185339245756416,validation
568185323668291584,train
568184886051389440,train
568184857538498560,train
568184231819481088,train
568183699658944512,validation
568183509577125888,train
568183502161743873,train
568181167054196736,train
568180799838801920,train
568180768804978688,train
568180525644398593,test
568179591480811521,test
568179117851578369,test
568178946585579520,validation
568178665189711872,train
568178240101191681,test
568177910101745666,train
568177609281896449,train
568177521327509504,train
568177321724620800,train
568176925845237760,train
568176902801735680,validation
568176862159110144,train
568176078595985408,train
568174139531513856,train
568173937714028544,validation
568172170569887744,train
568170840174538752,train
568170564289867776,train
568170405552205824,validation
568170198433460224,train
568168661732724736,train
568168460468895745,test
568167900919382017,train
568166403246850050,train
568166195758829568,train
568166099184783360,validation
568166054624669696,train
568166027726434304,test
568165907975053312,train
568165349004316672,test
568165339290169344,train
568164374248067072,train
568164165090709504,train
568162409837400064,train
568161901089132544,validation
568161023091478530,train
568159685238329344,train
568159364550406144,train
568159085356384256,test
568158670489387008,validation
568158656522539008,train
568158459553714176,train
568157757406183424,train
568157451729526784,train
568157049344937984,train
568156641339805697,train
568155450824216578,train
568155289146363904,train
568154805362950146,test
568153151636766721,train
568149600403660800,train
568149201466617856,validation
568148294087479296,train
568148282762874881,train
568148251569999873,test
568148213418455041,train
568148149610483712,test
568147319155073024,train
568144896852299776,validation
568144894964994048,validation
568144831496593408,train
568144589162287105,validation
568143658089717761,train
568141442951942146,train
568141110217805824,train
568140850963881984,validation
568140595580919808,train
568140506116571136,train
568138258108051457,train
568137238267047936,test
568135523530899456,train
568134243177463815,train
568134171761065984,train
568133255410671617,train
568132619092795392,train
568132185741500416,train
568129947752992768,train
568129909408841728,train
568129848910204929,train
568129661227499524,validation
568129652625158147,test
568128387576762370,test
568127465224323072,train
568127152450871296,train
568123356899250176,train
568123268231602176,train
568123098546843648,validation
568122371854307328,train
568122284474544128,train
568121964444950529,train
568118981170606080,train
568118452965085184,test
568117667879628800,train
568116996761452544,train
568116146899169280,train
568115946738597888,train
568115588024963072,validation
568115014139162625,train
568114394397147137,test
568112237765722113,train
568111503812870144,train
568110568097374208,train
568109963509415936,train
568109878754934784,train
568109598034554880,train
568109592338518016,test
568109565796958209,train
568108909480824832,validation
568107551553794049,train
568107363195973633,train
568105932917481472,train
568105220410105857,validation
568104397869350912,train
568103618500530176,train
568101609894342656,train
568101444391276544,train
568101176551452673,test
568100858954522625,train
568100000418250752,train
568099620456423424,test
568098115988918273,train
568096772939067392,test
568096711450566657,test
568095956866093057,train
568095662262358016,train
568094839063089153,test
568094342302322688,train
568094311159476224,train
568093443823693824,train
568092350355865600,train
568092209368719360,test
568092044964421632,train
568091960709230592,train
568090924141703169,validation
568090851907207169,train
568090000199270400,test
568089179520954368,train
568088967419023360,train
568088470712950784,train
568087744078954497,train
568087085120233473,train
568086132346322945,train
568085949663584256,train
568085636592349184,train
568084717481775104,validation
568084167390564353,validation
568082658741215235,test
568081386520723456,train
568081281910587392,validation
568080133195755520,test
568078967602860032,validation
568078441364393985,train
568077514905505792,test
568077199162658816,train
568076556997775360,train
568072822955896832,train
568072136192966656,train
568071159285022720,validation
568070338438963200,train
568068509613178880,train
568068468261519360,train
568068216972423169,train
568067938843893761,test
568067622698291200,train
568067535599505408,validation
568067065388642304,validation
568064842466250752,train
568064545568092160,train
568063784318832640,test
568062811856703489,train
568062560198664192,train
568061931761864704,train
568061117429231616,test
568059091848962048,test
568058934428372992,train
568057346607460354,train
568057226776219648,train
568057046303576065,train
568056439291256832,train
568055509795901440,train
568054377421901824,test
568052677881565185,train
568049646062444544,train
568049335235010562,train
568048515932426241,validation
568047650945298432,train
568047159746174976,train
568046603916996609,train
568046298080923649,train
568043126775943168,train
568042973688139777,train
568039503602065408,train
568037880859222016,test
568037433503145984,train
568036157482602497,train
568036095088160768,train
568035703768154112,validation
568034650477580289,train
568034530667274240,train
568031932719566849,test
568030057769410560,train
568023874970861568,train
568020431036420096,train
568017128286261248,train
568011684067078144,validation
568005542997860352,validation
567999609248858112,validation
567997819560333313,train
567987484556013568,train
567987284613545984,test
567985715017072640,train
567985483135000576,test
567985128422690816,train
567984939221852160,train
567982195471736833,test
567969159927205888,train
567968123917242369,train
567967937446834177,train
567967872263331840,train
567967189237518337,validation
567966853068251136,test
567963422903705601,test
567962289460137984,validation
567960564023967745,test
567957027093245952,train
567953560362733568,train
567952115588423681,test
567951376480907264,train
567950122245623808,train
567949332395249664,train
567947943593926657,validation
567946616792952832,validation
567946595481706496,train
567945572746792962,train
567940050186604545,train
567939727023673344,train
567939242854215680,train
567938175634702336,test
567936625453318144,train
567935142418780161,test
567931026686767104,train
567929586077425664,train
567927725815496704,test
567927596572360704,validation
567927503718731777,test
567925054853496832,test
567924953976152064,train
567924107183915009,validation
567922347669262336,test
567921825948250112,train
567921406807261184,test
567920067364540416,train
567919961055711232,test
567919558649995264,validation
567919391515348992,train
567919301732098048,train
567918545046081537,validation
567916798747619328,validation
567913659650805760,validation
567912190788771840,test
567907430069329920,train
567905267033055233,train
567902121992921088,train
567901996763602945,train
567901267063803904,train
567900686089719812,train
567900456460165120,validation
567899010045988865,train
567898499540340736,train
567897640035160064,train
567895584625020928,test
567895319951835137,train
567895211575111680,validation
567895077189627905,train
567894808439570433,train
567894706325188608,train
567894187900710912,train
567893924699770880,train
567893808022568961,train
567893704058474496,test
567892395867656193,train
567892179953262592,train
567891481555382272,train
567890765134852096,train
567889601869668352,test
567887301021413376,train
567886909516685312,train
567886894761005056,train
567886700275310592,train
567886241179377664,test
567886093749604353,train
567886091975462912,train
567885401714589696,test
567884863031762945,train
567884646270267392,train
567883674462588929,test
567883485542658048,train
567883246433878018,train
567883234614210560,train
567882603405008896,train
567882458357714944,test
567881459161260032,train
567881305754595328,test
567880317345771520,train
567877584341479424,train
567876794788872192,train
567875594785923072,train
567875130824658946,validation
567874134174101504,train
567873519356284928,test
567873467401371648,test
567872769049825280,train
567872614296862720,train
567872182136619008,train
567872136745852928,train
567871780188061696,train
567871439585435648,train
567870608152793088,train
567869544049414145,test
567869009661665280,train
567868808586620928,train
567868544572063744,validation
567867311744380928,train
567867168429182976,train
567864939349557248,train
567864117047865344,test
567863121479536641,train
567863082346627072,train
567862940348579840,train
567862586374529026,train
567862454576787456,train
567862181208805376,train
567861975419457537,train
567861727833894913,train
567857491284877312,validation
567856598762156032,validation
567855926486667265,train
567855470142197760,test
567854782678982656,train
567853668608925696,train
567853644420423680,train
567853497435160577,train
567853052943663104,train
567852704980017152,test
567852278893416448,train
567851359178989568,validation
567851352249868288,train
567850537716092928,test
567850015600685056,train
567849597931888640,train
567848852943953920,train
567848544893169664,train
567848374113693697,train
567848201505476608,train
567847753277120512,validation
567845953245413376,test
567845500205936640,validation
567845492849287169,test
567845165781532672,train
567844852135645186,train
567844774994014208,train
567844362601697280,train
567842806930239488,validation
567842015418978304,test
567841954484068353,test
567841308452249600,test
567839160779730944,train
567838896731615234,test
567838799243309056,train
567837709093347328,test
567837314782765056,train
567835857929035776,train
567834498655604736,train
567833916196843520,train
567833666925121536,train
567832640289579008,train
567831549539966976,validation
567831351195484160,train
567830916950822912,train
567829834618904576,train
567829543723102208,train
567828973893259264,train
567828700726620160,train
567827860280324096,train
567827498660159489,train
567827442657677313,train
567827275619549184,train
567827039790571520,train
567826439392927744,test
567826054522617858,train
567825347439370240,test
567824276414558208,train
567824271234592769,train
567824229296566272,train
567823707160354816,test
567823510245236739,train
567822865844928512,train
567822848878968832,train
567822779501846528,validation
567822648047321088,train
567822613608718336,test
567822548545859587,train
567822377473728513,train
567822065471860736,train
567821292797186048,train
567821166775156736,validation
567821133245067264,train
567820210264137729,validation
567819066708226048,train
567818953881419776,train
567816475898310656,train
567816155369570304,train
567816074898513920,train
567814641918832640,test
567814633047728128,train
567814334228774912,test
567814121870348289,train
567814094678675458,test
567814001212809216,train
567813839539159040,test
567813037454917632,validation
567812841081688064,train
567812349895245824,train
567812160253865984,train
567811913586876417,train
567811376686637056,train
567811360404336641,train
567811306900975616,train
567811268900556802,train
567811236231954433,train
567810811491524608,train
567810274083782657,train
567809206314668033,train
567808424696893440,train
567808255566602240,train
567806898549051392,train
567806788708626433,train
567806151191191553,train
567805894885638144,test
567805339790475264,test
567805230550634496,train
567805176388788224,test
567805001050890240,train
567804951288901634,train
567804663303798784,train
567804646157475840,train
567804488687345665,train
567804350040416256,train
567802900480585728,train
567802723127803905,train
567802662026014720,test
567802653078728705,train
567802111321444352,validation
567802015527755776,train
567801519207374849,test
567801163581546496,train
567800930683609088,train
567800823674310658,train
567799935173947392,validation
567798535262060544,train
567798174946172928,train
567797955202416641,train
567797894431117312,train
567797429517692928,train
567797327071838208,train
567796570197086208,train
567796247672721409,train
567794720425144321,train
567794573495250944,validation
567794017593991169,test
567793696956231680,train
567793494695157760,validation
567793423248547840,train
567793064221130752,test
567792433687175168,test
567791786145378304,test
567791389011910656,train
567791059393335297,test
567790995148783616,train
567790926857531393,validation
567790272265887744,train
567790177063608320,train
567789974717747200,validation
567789435795861504,train
567789433010016256,test
567788982974619649,train
567788423352950784,train
567788341538861056,test
567787240399851520,train
567786652991770629,train
567786475262345216,train
567786224812060672,train
567786135904980993,validation
567782895306412032,train
567782346833686528,train
567781813326589952,train
567781357355794432,train
567780888700669952,train
567780426601996288,test
567778703959408641,train
567778606546694144,train
567778009013178368,validation
567775456678912000,train
567775418612195328,train
567775140319358976,validation
567774437673603073,test
567773706707021824,train
567773609939058688,test
567772765756080128,train
567771124235517952,validation
567770993159307264,train
567770910107897856,validation
567769798831255552,validation
567768156111126528,validation
567767997981671424,test
567767810655670272,train
567767744356294656,train
567767439493300224,train
567767341090361344,test
567767251383808000,validation
567767199700758530,train
567767009908109312,test
567766554600038402,train
567766384378388480,train
567766329352921088,train
567765716527771648,train
567765558393700352,train
567765379653849091,validation
567764411205439488,train
567763529277923329,train
567761865779195904,train
567761476338073600,train
567761267826651139,train
567761113631449089,train
567760901869416448,train
567760664752824321,train
567760060080599040,train
567758882484793344,train
567758478371196928,test
567756838529208320,train
567756837320392705,train
567754288055988224,test
567754136255725568,train
567752542491516928,train
567752396097351681,train
567750428595871745,train
567749045524131841,train
567748973428219904,train
567748863449395201,test
567748565095968769,train
567747764906635265,test
567747041976410112,validation
567746540903493632,test
567746527704018944,validation
567745362727686145,train
567745233900044289,train
567745016702181376,test
567745009890623488,train
567744887664439298,test
567744571124482048,validation
567743132180033536,train
567742857411166208,train
567742500366872576,train
567742141334437888,validation
567741700597366784,train
567741692854276096,validation
567740187380170752,test
567739357881040896,train
567739149818413056,train
567738192426590209,train
567738031398866944,train
567736717352763394,test
567736507687895040,train
567735983370539008,train
567735710392659968,validation
567735204656066560,validation
567734795849834497,train
567734731694157824,train
567734618095230976,validation
567734128011784192,train
567733609130233856,train
567733228690083841,train
567733177590874114,validation
567732468657041408,train
567732284959113216,test
567731810910498816,test
567731738924032000,train
567731485894270977,train
567730952260943873,test
567730472076464129,train
567730299912482816,validation
567730143536226304,train
567729696662511616,train
567729246198837248,train
567727599627943936,train
567727403964055552,train
567726860638101504,validation
567725820056068096,train
567725163077070848,train
567724189872697348,train
567724091809878016,validation
567717552290136065,train
567716403117957120,train
567714192980201472,test
567713896627470336,train
567711860938772480,train
567703258425081857,train
567701830805618688,train
567686845903826947,train
567676400933416960,train
567663136082513920,train
567634106058821632,validation
567630296783155203,train
567627253991735296,test
567623209026334720,train
567617486703853568,test
567614049425555457,train
567595670463205376,train
567594579310825473,validation
567592368451248130,train
567591480085463040,train
570309156290367488,test
570309145276125185,train
570307615189835777,train
570306086475075585,validation
570305647759265793,test
570305078470557697,train
570304445734629376,train
570304178314190848,train
570303797605617665,train
570303399276761088,train
570302532955844608,train
570302460235026433,train
570302337069264900,train
570302030742470658,train
570301794850639872,test
570299642887442433,validation
570299331707854848,train
570298362907508738,validation
570298155465609217,test
570296754832318465,train
570296670568751106,test
570294002077061120,train
570293661377961984,train
570293557724110850,test
570293527982301184,train
570293142257311744,validation
570293100326862849,train
570292976603295744,train
570292914686955520,train
570291219919736832,train
570289521113366531,train
570289080090689536,train
570288961064710145,train
570288841447366658,train
570288799860846592,train
570288380384292864,train
570287651137445888,test
570287513874669568,test
570287238145290240,validation
570286359983886336,validation
570285979753443328,train
570285465145876480,train
570285012882472961,train
570284725740285952,train
570284129138274304,train
570284111425892353,train
570283824040382464,test
570283248301043712,train
570282347267895296,train
570282333892251648,train
570281719074566145,train
570281275216367616,train
570280800244994048,train
570280641503211520,train
570280553422950401,validation
570279812922789888,train
570279442750291969,train
570278679491670016,validation
570277221916647425,train
570277008216870912,train
570276440874323968,train
570275218515726337,train
570274815736549376,test
570274371685777409,train
570274362936266752,train
570274049118625792,train
570272778840104960,train
570272714205863936,validation
570272387985514497,validation
570272186419847168,train
570272015598411776,train
570271730729689088,train
570271704972464129,train
570271248640401409,train
570271138464419840,validation
570270848201797632,train
570270818539839488,validation
570270216694968320,test
570270166166183936,train
570268558451720193,train
570268160202567680,train
570267457841033216,test
570266640614498304,train
570266265971003394,train
570265831822778368,train
570265804748550144,train
570265563035004928,validation
570265397058002944,train
570265280674459648,validation
570265133638942720,train
570264856223330304,train
570264793140953088,validation
570264481772777472,train
570264474784894976,train
570264316743544832,validation
570264292169162752,train
570263130141564929,validation
570262460395098112,train
570261981569159169,validation
570261977332731904,train
570261514340474880,validation
570261349172973569,test
570261289420898305,validation
570261225520689152,train
570260387746029568,train
570260325611630592,validation
570259423987404800,train
570257719334187008,train
570257631778107392,train
570257480401469441,train
570257317859610624,test
570256329543012352,train
570256052966395906,train
570255256589766656,train
570253313368698883,train
570253196213383168,train
570252802611679232,train
570252528245456897,validation
570252231624265729,train
570250945281589248,train
570250780252504064,train
570250554670125056,train
570250252382416896,train
570249864841285632,validation
570248600623521793,train
570248044341374976,train
570248035369820162,train
570246695595999232,validation
570246490473566208,train
570245840612265985,test
570245656972894208,train
570245513720647680,train
570244762785210368,test
570242641264320512,train
570241403822813184,train
570238577683996672,train
570237762063831040,train
570236169310437376,train
570229420058918913,train
570228904469725184,test
570227814575804416,test
570227698334720002,train
570226870119215104,train
570224719011704832,train
570224618272731136,train
570222660300378112,validation
570222625621831680,train
570221343985295360,train
570220966284025857,validation
570220817470115840,test
570219228181041153,train
570217918195220480,train
570217425100148738,train
570215711416537088,test
570215548589453313,validation
570214968622239744,train
570214946815868929,train
570213389005414400,train
570212491134930945,test
570211592559685632,train
570211577087041536,train
570210502955155456,train
570210411926016001,validation
570209843199524864,validation
570208349339262976,train
570207643874123777,train
570206560439308289,test
570205399619661824,train
570205323992174592,train
570205088595058688,train
570204088908034049,train
570203916643766273,train
570203842542829568,train
570200237622611968,train
570199956704919552,validation
570198775203016704,train
570197979820224512,train
570195827341312000,validation
570195784358100993,train
570192105752039427,train
570190092213465089,train
570187432815013888,test
570183297759752192,test
570103012380667904,train
570100409009770497,test
570098324172206080,train
570097607478874112,train
570091771675348992,train
570089091276128258,train
570087941277495296,train
570084122636365825,train
570076476252356608,test
570076113453518848,train
570076090917650432,validation
570073365265944576,validation
570070880983711744,train
570070659130220544,train
570068976778153984,test
570066487056027650,train
570066283233972224,train
570065297568194560,test
570064381410734080,train
570062210640322560,train
570062116096331776,train
570061334898872321,train
570059574268469248,train
570059381284302848,train
570058699676520448,train
570056874583654402,train
570054105789550592,train
570053736950685696,train
570053254836416512,train
570052879643381760,train
570051666386374657,train
570050691173101568,train
570050402294636544,train
570049195446444033,train
570046710870728704,train
570044516318748672,test
570042186399657984,train
570041591714455552,train
570040162840907776,test
570035287679590400,validation
570035207316885505,train
570034833633767424,validation
570034397153398784,train
570034301774884865,train
570032949992800256,test
570032300265578496,train
570032108447494144,train
570031211336368128,train
570027786053636096,train
570024300905783296,train
570021128032407552,train
570017987349995521,train
570017357747380224,train
570014884651380736,train
570014685166219264,test
570014474993688576,train
570013108070014976,test
570012094570958850,train
570011378091753472,train
570010703391825920,train
570009897846374400,train
570009576273154048,train
570009252426883072,train
570009135519035392,train
570008817414639616,train
570008612426289153,train
570007457055055873,train
570005561338503170,train
570003111772692480,validation
570000618707746816,test
569998842579566592,train
569998122241232896,train
569998043761803264,train
569996707443970048,train
569996423074160640,train
569995730951147523,train
569995536545091584,train
569995514558550016,train
569995418370646016,validation
569995235608137728,train
569994437390020608,train
569994045205803009,validation
569993437690245120,train
569993176636739584,train
569992825997279232,train
569990034444689408,validation
569989812637167617,train
569989340052344832,train
569989168903819264,validation
569989082719358976,train
569989039874404352,train
569989007532142592,train
569988842335244289,train
569987277734207488,train
569986783024431105,test
569984682873352192,train
569984437720453121,train
569983511609757696,test
569983469930967040,test
569982023667838979,train
569981679806365697,train
569980827209207809,train
569980269379358720,validation
569980137346707456,test
569978876861902848,train
569978748780421121,train
569978197284130817,train
569977907222880256,validation
569977857755234304,train
569977819389800448,train
569977223198822400,test
569977129728749568,validation
569976622054395904,train
569976246135697408,test
569976092359917568,train
569976030603059200,train
569975684476641280,train
569975349750079488,train
569975155964772352,train
569975032127967232,train
569975026239164416,test
569974833418600449,validation
569974710915571712,test
569974656653877248,train
569971949440524288,test
569971775011999744,train
569971526876962819,train
569971070394101763,train
569970865607090176,test
569970729237782528,train
569970324810240000,validation
569969877286461440,train
569969833254764544,train
569968411561701378,validation
569967938607972352,validation
569965376186019840,train
569964332026634241,train
569963097055604736,test
569961977231106048,train
569961503308189696,train
569960248548593665,train
569958189862486016,train
569957516748066817,train
569957187138797569,train
569957081811283968,validation
569956726318850048,train
569956624036540416,train
569956564993310720,test
569956528507236352,validation
569954583209881600,train
569954475433201665,test
569953874435567616,train
569953672861388800,train
569952317556043776,train
569952285024915456,validation
569952282277773312,train
569951879825907713,train
569951253666656257,train
569950945389518848,validation
569950112631296002,train
569947823615012864,train
569946428547551233,train
569946219826548736,train
569944997308407808,train
569944956132990976,train
569944061848760320,train
569943647103406080,validation
569943306613886976,validation
569942616617447424,test
569942482668167168,train
569941609225293824,validation
569941247546286080,validation
569940430365847554,validation
569938799397990401,train
569937700993818625,train
569937119411462144,train
569935609940316160,train
569935276346351616,test
569933882662916096,test
569932197735604224,test
569931705022164992,train
569930801577644034,train
569929973156327424,train
569927965007417344,train
569927739802652672,train
569925645204987904,test
569924965446725632,train
569924679206457344,train
569924393976987649,train
569924243946737664,test
569922915472244736,test
569922730008518656,train
569922657937956864,train
569921747195076608,train
569919280361414656,train
569918484726964224,train
569915419018067968,validation
569914957552353280,validation
569912094272782337,validation
569911555967442944,train
569910583694196736,train
569910383047254016,train
569909718765842432,train
569906668743426048,train
569906317629874176,train
569905567960952832,train
569904613069103104,train
569904370361483264,train
569903377598914562,train
569903253183455233,train
569901998780198912,train
569901925358968832,train
569901802994454528,test
569900699988860928,train
569900147343265792,train
569899502355681280,test
569898033128693760,train
569897334760448000,validation
569895344458170368,train
569895187746418688,validation
569894088209596416,train
569893988846546945,test
569893924942299136,train
569892876642955264,train
569891377351233536,train
569891267666006016,train
569890333456117760,validation
569890211301191680,train
569890103989903360,train
569889885651234816,train
569888280793063424,validation
569887819297992704,train
569887230019284993,train
569885759513034752,test
569884616649269248,train
569883152493240320,train
569882596798132225,train
569881035682521088,train
569880788612866048,train
569878685723049985,validation
569877658286186496,train
569875667245871104,test
569875532600385536,train
569875430951542784,train
569875093360238592,validation
569874524922978304,validation
569872444590129152,train
569872363170373632,train
569869220680470529,train
569868010665611265,train
569866847690100736,train
569865838892691456,test
569865675793170432,train
569865352986951680,train
569864693998690304,train
569862767236255744,test
569857504768757760,train
569857396899606528,validation
569855773951561728,validation
569855106583281664,train
569851178982338563,train
569846771301654528,train
569845106888585216,train
569843082994315264,validation
569842095483199488,train
569840840861839360,train
569837786930540545,test
569834388919328768,train
569832563403051008,validation
569817937131016192,train
569813808987787264,test
569813138910130176,validation
569795913788428288,validation
569791667827388416,train
569779173461336065,train
569769288174870528,train
569767473525862400,train
569766956062134272,train
569757790626906112,test
569752691460706304,train
569748667793588224,train
569735142564102145,test
569734069988286464,train
569733311595020288,train
569731970562961408,train
569731104070115329,train
569728621344104448,train
569728483384930304,train
569727036627034112,train
569726038932111360,test
569720247948861440,train
569716065741045760,train
569715248720007169,train
569714755838935040,test
569714651489050624,test
569713993532600321,test
569713556935077888,validation
569710964712411136,validation
569709058636320768,train
569708173831094272,train
569706320212787200,train
569704587315138560,train
569704454376660992,test
569703794453295104,train
569703041957564416,train
569702019797286913,train
569701794714128384,train
569701285588541441,train
569701004188508161,train
569700277244141568,train
569698892528222208,validation
569698840149950464,train
569698589653344256,train
569698044175757312,test
569697662494121984,test
569697456536965121,train
569697236982104065,train
569695695868817410,train
569694343776194560,train
569693012885770240,train
569692110619877376,test
569691767953436674,train
569691144897953793,validation
569690786180132865,train
569689297084919808,validation
569689184958595072,train
569688749208178688,train
569688256247427072,train
569687888771706880,train
569687540644642817,train
569686814136467456,test
569685957437362176,train
569685746723848193,train
569685259412836354,test
569684982366666752,train
569684626949718017,train
569684137755459584,train
569683780593545218,train
569683748901367808,train
569683741779599361,train
569683334311366656,train
569683240828723201,validation
569682747712770048,train
569682422981218304,test
569682325778231297,train
569681392369590272,test
569681184898162689,train
569679850773958657,train
569678813602418688,train
569678562136956928,train
569676404893163520,test
569676204728389632,train
569675861160386560,train
569675668524441600,train
569675004482351104,test
569674930842775552,test
569674873787658240,train
569673473607344128,test
569672501753724928,train
569672091550658560,validation
569672055471210496,train
569671908251213824,validation
569671596744380416,validation
569671454419079169,train
569671200978436096,train
569670962825846785,train
569670904852172800,test
569670671695011840,test
569670402223562752,test
569670081946333184,train
569669872050765824,train
569669629951549440,train
569668913916567552,train
569668883147137024,train
569668853849919488,test
569668792265019392,test
569668677731274752,validation
569668606142783488,train
569668198389436416,train
569668015047839744,train
569667923326971904,train
569667805643034624,validation
569667787829809152,validation
569667638651170816,train
569667602148151296,validation
569667401769459712,train
569667324879511552,train
569667313609404416,validation
569667246026416130,validation
569667238808068098,train
569667173544812546,train
569667075280498688,train
569667019693359104,validation
569666778030346240,train
569666708278878208,train
569666513352806400,train
569666470482804737,train
569665019899572226,train
569660864653099009,validation
569660698231308290,test
569658322732756992,train
569657389722550272,train
569655614432915456,test
569652584761462784,validation
569651470615887872,train
569650294746820609,test
569649779090833408,train
569649617802891264,test
569649277888106496,validation
569648240150204416,train
569646857632096256,train
569644697309872128,test
569644492040613888,train
569644456376340480,train
569644414395486209,validation
569644350906310657,train
569644310045417472,train
569644213224148993,train
569640446999203842,train
569639587842281473,train
569638751598563328,train
569638417505497088,test
569638063825154049,train
569635513138860032,validation
569635428237778944,train
569630183747153920,train
569628970267705344,train
569626389944659970,train
569626122578726913,validation
569624788244828160,validation
569622053214507008,train
569620438734807042,validation
569619751124795392,train
569619309401546752,train
569617202984255490,validation
569615736387325952,train
569615206625599488,train
569614436660432896,train
569613284455948289,validation
569613113718218752,train
569612549458522113,train
569612143873490944,train
569611549960044544,train
569607647051317249,train
569607114462793730,train
569606089316167680,test
569604665240895488,test
569604198033170432,train
569604066239762432,train
569603326947364864,train
569602278988120064,validation
569601658491002880,train
569598614235942912,train
569598588378087426,train
569598511483789312,train
569596778426855426,test
569596469105299456,validation
569591945816772608,train
569590208095768576,validation
569589955837628416,train
569589454194790400,train
569589379385008129,validation
569589079710380032,validation
569588375037960192,train
569588348593025024,test
569587157574135808,train
569586743831191552,train
569586235259404288,train
569586098772578304,train
569585343084650496,train
569584744532287490,validation
569584431544971264,train
569577548318777345,train
569576624158437376,train
569576038289711104,validation
569571448412438528,train
569571437389881344,train
569568079761403904,train
569567144318365696,validation
569567028136296450,train
569566673235271680,train
569565359524716544,train
569562867281690625,validation
569561754163769344,train
569558600353390592,train
569557305961750528,train
569556215375613952,train
569555719885885441,train
569555395339018241,train
569555199062224897,train
569554826616381440,train
569554065606074368,train
569552971362639873,train
569552378812194816,validation
569551863260913664,train
569550487474712576,train
569549686857736193,train
569548841361412096,train
569546319666110464,train
569545575688830978,train
569543955622338560,train
569542114234671104,train
569541106112827393,train
569538524321419265,train
569534939642925058,train
569531018643955712,train
569528523418775552,train
569527176350969856,test
569526101669769217,train
569524284873424896,train
569522923029041153,train
569522307657388032,train
569521838625312769,train
569520929128251392,train
569518412550033408,train
569517721764786176,train
569516377524076544,validation
569515731022454784,train
569514047554453504,test
569510774957170690,train
569508707178057728,train
569508595181731841,train
569508406551322624,validation
569507649940799489,train
569506823818117121,train
569506563628642304,test
569504763957653504,train
569503512968572928,train
569502963317649408,validation
569502753694691328,train
569502188562546688,train
569499788934291456,train
569496793668591617,test
569495653526724608,train
569495331399995392,train
569494878968811520,validation
569493077368422400,train
569491425110466560,train
569491061543796737,test
569489752732274688,validation
569488587135295488,train
569487788753555456,test
569487121897033728,train
569485882941509632,train
569483821080453121,validation
569483642931691520,validation
569482685061554176,train
569482497496473600,test
569453233044885504,train
569451572792406016,train
569408185125052416,train
569397984519016448,test
569393239700013056,train
569384007550394369,train
569377543687700480,train
569374522157207552,train
569374298168791040,train
569373258010660864,train
569372947720179714,train
569372333267394560,train
569369185559699456,train
569366218429337600,test
569365709500710912,train
569364328857640961,train
569362928710914049,test
569361107745263617,validation
569360777926217728,train
569359647699812353,train
569358701317869571,train
569358646892748801,test
569358476402499584,validation
569358458404802561,train
569358195862462464,train
569357168765501440,train
569357127040540673,test
569356085359996929,test
569355826248474624,validation
569355332113309696,test
569355179717369857,train
569351618522705920,train
569350730034728960,train
569348678911021056,train
569347934866636800,test
569347549858934784,train
569347252550017026,train
569347125575725057,train
569347122992185344,validation
569346451526041600,validation
569345829653254145,validation
569344036256903168,train
569343579899822081,test
569342909205647360,validation
569342650068934657,train
569342608813793280,test
569341791482220545,train
569340341956038657,validation
569338800452669440,validation
569337520573390849,train
569336975750094848,train
569336871853170688,train
569336246474022912,train
569335624056090624,train
569334635227820032,train
569334621252526080,train
569333637382053889,train
569333553705693184,train
569332773326090240,test
569332471193595904,train
569332442194178049,train
569332152065593345,test
569330414193483776,train
569329014826864640,train
569324719993827329,train
569324035835711489,train
569323555365752833,train
569321988591906818,train
569320844503228416,train
569318991224803328,test
569318905476476928,validation
569318043702177793,train
569317747101982720,train
569316487447621632,test
569316220551372800,train
569314535103983617,test
569313760864632832,train
569313734566547456,train
569312734896136193,test
569312688272052224,train
569311935835062272,train
569311644934807552,train
569311482950897665,train
569310885191286784,train
569310448300003328,validation
569309777567875075,validation
569308881438052352,train
569308552671707136,train
569306524155310080,train
569305311007399936,train
569304845091524608,train
569304533140185088,train
569302780013355008,train
569301668904329216,train
569301386262745089,train
569301244948324353,validation
569296792426295297,test
569296707982221312,train
569293537864499200,validation
569293499968950272,validation
569292859909672960,validation
569292280000962561,train
569292068981510144,train
569291509305970688,validation
569288530419175424,test
569288268530917376,validation
569288008144330752,train
569286897404669953,validation
569285269981167616,validation
569285184605986816,train
569282844155125761,train
569282410170314753,train
569282355904548864,train
569279532261203968,train
569277813280415744,train
569277512892551168,train
569276864260255745,test
569276734798893056,test
569276042491211777,train
569275249725870080,validation
569274600196075520,validation
569273769652576256,train
569273733334077440,train
569273409252827137,train
569273375954243584,train
569273230579478529,train
569271529386745856,train
569269761240010752,train
569268243854192640,train
569267194028298241,validation
569266206596734976,train
569264328186179584,train
569264118219214848,train
569263177784905729,train
569262517333196800,train
569262088008417280,train
569262065988308993,test
569261068050141184,train
569261053927919616,train
569260462606569473,train
569260280687005697,train
569259858882662401,train
569259645019275264,train
569259613041897473,train
569259515398504449,train
569259404589191168,train
569259333197930498,train
569259238989688833,train
569259056017178624,train
569258359670644736,train
569258009320419330,validation
569257918815539200,test
569257626715889664,test
569256107186782209,train
569255845394952192,train
569255493610442752,train
569255280275369984,train
569254331725139968,train
569254020457635840,test
569252529596297217,train
569251768770502656,validation
569250912784519168,train
569250842894733312,train
569250176369471489,train
569250085516681216,train
569248904866336768,train
569248702092541952,train
569248055817404416,train
569247724496822272,test
569247351392616448,validation
569245091602124800,train
569244182155534336,train
569243229138202624,train
569242876909109248,train
569242798953594880,train
569242715759779840,validation
569242689348071425,train
569242665956610048,train
569239823820705793,train
569238014418944000,validation
569237713016229888,test
569236557367939072,train
569235727558447105,test
569235155061227520,test
569234924785414145,train
569234280632754176,train
569233955951480832,train
569233400592257024,train
569232776454483969,train
569232748663214080,test
569232738655412225,train
569231300843970561,train
569230652433936384,train
569229483288317952,train
569229056362876928,validation
569228870177591298,train
569228788481069057,test
569228110937202688,validation
569227063300718593,train
569226723738324992,train
569226248393662464,test
569226157901684736,test
569226128168062976,train
569225563417620480,train
569225489329598464,train
569225412540174336,test
569225196386660352,train
569225085330071554,train
569224755426930689,train
569223862941929472,train
569223781593403392,train
569223447005433856,train
569222729125253121,test
569221828025167872,test
569221337077587968,validation
569221317486116864,train
569221213026971649,test
569220096490483712,train
569219456506814464,train
569219080080658432,train
569218789834821632,train
569217012980805632,test
569216546779705344,test
569215950597201921,train
569215124562554880,train
569215035089690624,test
569212457706782720,train
569212300265017345,train
569211825218318336,train
569211553930743809,train
569210501059604480,train
569210406222344192,train
569210394046275586,train
569209306874122241,train
569209051260678144,train
569209016276004864,train
569208488217485312,train
569208317408514048,train
569208236487745536,validation
569208219072991233,train
569208051145650177,train
569207912251289600,train
569207235953307648,validation
569207022597509120,train
569206711443181569,train
569206447608877056,test
569206387483525120,validation
569206183283843072,test
569206152510226432,train
569206071081832448,train
569205327465476096,train
569204914649489408,train
569204692401590273,train
569204474155282433,train
569204038811717632,validation
569203705750237184,train
569203468419751936,train
569202278298755072,validation
569202179476754432,train
569201464658173952,train
569200932577280000,train
569197910895812608,train
569197350901714944,test
569195435736244225,train
569194554290774016,test
569192081618370560,train
569189483469410305,train
569188394716278786,validation
569186384121954305,train
569186177238110208,train
569185684268789761,test
569184886424268800,validation
569184833361936387,train
569183494259273728,train
569183099495383040,train
569181890998964224,train
569181243385909249,train
569180845594046464,train
569180541662027779,train
569180531742486528,train
569179898532761600,test
569179843247517698,train
569179631409958912,train
569176969872605184,test
569176007225188352,train
569175548632698881,validation
569175432702107648,train
569174663089287169,train
569173103009525760,test
569172793608278016,train
569172570932690947,test
569171631756546048,train
569171003852468224,train
569170590831132672,train
569170372018499584,train
569169704805371904,train
569168515674058752,test
569168436280098816,test
569168102212001793,train
569168016136495104,train
569166753101684736,train
569165654848204800,train
569165556722503681,train
569165378359656448,train
569165227847102465,test
569165128366755840,validation
569165102307545088,test
569164886397353985,train
569164064636727298,test
569163696041172992,train
569162467051474944,train
569162276403609600,train
569161583718473728,validation
569160924960919552,test
569159814426853376,validation
569159068834623489,test
569158546404864001,train
569158261301227520,test
569158165176164353,train
569155784988164098,train
569155666440355840,train
569155235156856833,train
569154652735803392,validation
569154129362186240,train
569153793058672641,train
569153249917452288,train
569153098595192832,train
569153071093297152,test
569152201278525440,test
569151232738095105,train
569151206028931072,test
569150371706200064,test
569149949989879808,train
569149358802759680,train
569148485519462400,validation
569148114193530881,train
569146504004415489,test
569146045306793984,train
569143996422995968,test
569143946930196483,train
569143944266833920,train
569143215405674497,train
569143186439991296,test
569143132756914176,train
569140424251715584,train
569138500626292736,train
569134718396051456,train
569133987668623360,train
569132950006185985,train
569132310110588928,test
569130625053155328,train
569129049861304323,train
569127429702348800,validation
569126026938335232,train
569124760224813056,train
569124416891817984,test
569115621213884417,train
569111291454840833,train
569110078403551232,train
569108013547687936,train
569104886119297024,train
569100490027499520,train
569099306147454976,train
569096233232547840,train
569089388350738432,train
569086048388538368,train
569085417045143552,train
569084344930676736,train
569078309033803776,train
569076249487925248,train
569075205106229248,validation
569071393356288000,train
569069311962132480,validation
569030858759213056,train
569030463760650241,train
569025555343007744,test
569022042349051905,train
569021943828983808,train
569020255441264640,train
569019132978405376,train
569017194564096000,validation
569017052310056960,validation
569017002439761920,test
569008329038524417,train
569003484701282304,test
569002132621398016,train
569001941533003776,train
568999279936679937,test
568999266741411840,test
568998681715695618,train
568998369353297921,validation
568992290833899520,train
568988406476189696,train
568987434051989504,validation
568984950709432320,train
568981498046623744,train
568977492410703872,train
568976322032087041,test
568976030947418112,train
568975192615223296,train
568974423358726144,train
568974008076652545,train
568973617687625728,validation
568971982554963969,validation
568971449815289856,train
568970172062691328,validation
568969519252680706,train
568969143581413376,train
568967580595064832,test
568965309505380352,train
568964732981530624,train
568964652455092224,test
568962547891736576,train
568958697856040961,train
568958074230190080,train
568957488021827585,train
568957365464076288,train
568956596862066688,train
568955169183903745,test
568954934084788224,validation
568953190252544000,validation
568953095423705088,train
568951532252585987,test
568951506042425346,train
568951064688373760,train
568951063463616512,train
568949828518084608,train
568949312098476032,test
568949199779155968,validation
568948848263081986,train
568947768149938176,train
568947596242235392,train
568947250325561344,train
568946700791861248,train
568946686896132096,validation
568946502615179264,train
568945639834267648,train
568945562705371136,train
568945176401457153,validation
568945122961784833,train
568944054303625217,train
568943601306210305,validation
568943214130040832,train
568942857123336193,train
568942133698146306,train
568940981321637889,train
568938023439765504,validation
568937199145783297,validation
568934745909829633,train
568932070447140864,test
568929816797323265,validation
568929782286516224,train
568929754151145472,train
568929652003217409,train
568929641756368896,train
568929490929377281,test
568928486188032000,train
568928195581513728,test
568926999680569344,train
568926656615690240,validation
568926306496172032,validation
568925938840240128,train
568925711077117953,validation
568925579933671424,test
568925459540344833,train
568925054089629696,train
568923827788505088,validation
568919211357048832,train
568918313239064576,test
568915699290284032,validation
568915536844759040,test
568914672826474496,train
568913643779203073,train
568913623327703040,train
568913412505251840,train
568913346675613696,test
568913108153946112,train
568911873438920705,train
568911349092212736,test
568911099740839936,train
568910702070534144,train
568908838784475136,train
568906726906335234,test
568906461461393408,train
568906176353554432,train
568905924217217024,train
568905259550056448,train
568904155332354050,validation
568900531696984064,test
568900052397092864,train
568899508601430016,train
568898165635575808,train
568895164577685504,train
568894805914169345,train
568894687911632896,validation
568894680881963008,train
568894341243998208,train
568894224738856961,train
568893685397483522,train
568893498193158144,train
568893453515378689,train
568893092927029249,train
568892942770786304,validation
568892540889509888,test
568892047559503873,train
568891084107087872,train
568889677094232064,train
568889146179072000,train
568889116399525888,validation
568888806805512192,train
568888623787089920,test
568888508703752194,train
568885971913023488,train
568885499986874369,test
568885007646740480,train
568884751022624768,train
568884731489562624,train
568884675021635584,train
568884252110159873,train
568883988338581504,test
568883981371846656,train
568883827218763777,test
568883464923000832,test
568883124517494784,test
568882359409340416,train
568882321119510528,train
568882182686707712,train
568881291766034432,train
568880408701435904,train
568880146284982272,train
568880082606911488,test
568880030123745280,train
568879053496655872,validation
568879046215520256,train
568878340200906752,train
568878319074029568,train
568878244331696128,train
568876836324638720,train
568876016216600576,train
568875674552807425,train
568874435907682304,validation
568873612524032000,train
568873020460126209,train
568872880865325056,train
568870144891600896,train
568869594531651584,train
568868703762296832,train
568866106317746176,train
568863304975839233,validation
568862460519813120,test
568861568609456128,train
568860857326637056,train
568859651980156928,train
568858239372103680,train
568858194447085568,train
568856987632603136,test
568856905445199872,train
568856846523502594,validation
568856823048089600,validation
568855390462603264,train
568855357923074049,train
568853687130390528,train
568853498726449152,test
568853440794730496,train
568852204750135296,train
568852176799277057,train
568850531642253312,train
568850515309826048,test
568849994167529472,validation
568849739346608128,train
568849058523033601,train
568848795733069824,train
568848068977799168,test
568846061307084800,test
568845879307735040,validation
568845241526038528,validation
568845012777111552,train
568844412970770433,train
568843439107919872,train
568842944024875008,train
568841522663329793,train
568841522646552576,validation
568840247657820160,test
568839199773732864,train
568838781907935233,train
568836930550534145,train
568836616166313984,validation
568836477099995137,train
568834328937009152,train
568833691306369025,test
568833608460283904,validation
568832907525152769,train
568831166976884736,train
568830255282040832,test
568829994786426881,train
568829852721106944,test
568829686257623040,validation
568829652233428992,train
568829494556897280,validation
568829196962828289,validation
568828959879790592,train
568828574641328128,train
568828335922356224,train
568828267660054528,train
568827958527275008,train
568826365878730753,validation
568825797613645824,train
568825542792720385,train
568823099182985216,train
568823050571026432,test
568821349688471552,validation
568821268239089664,train
568820729879367680,train
568818517694402561,train
568818427579793409,train
568818229461721088,train
568813634152849408,train
568813302140284928,train
568811734040862720,train
568810642523725824,validation
568808340387536896,test
568808165636214784,validation
568807908374286336,train
568807451249627136,train
568807206059028481,train
568804291755945984,train
568803368367366144,validation
568802316893216769,train
568802305606361089,train
568802232004513792,test
568802105005346817,train
568802037057646594,train
568801542322548737,train
568800998929661953,test
568800246433775617,train
568800184345468929,validation
568798426810355712,train
568797768162127872,train
568797729876344833,train
568795746721513472,train
568794864533385216,train
568793782164062208,validation
568791283575201792,test
568788357431447552,test
568787787815776256,train
568787660266823680,train
568787046778720256,train
568785762218610690,validation
568784615877574656,train
568784436428300290,train
568784295759777797,train
568784239841431552,train
568782761852596225,test
568781747128803328,validation
568781555784507392,train
568781450146787328,test
568781422804262912,test
568780060720701440,train
568779480019251201,test
568779073117245441,train
568778893085290496,test
568778115956092928,train
568777943104802817,train
568776728333541376,train
568774192029523969,train
568773575705899008,test
568772912557133824,train
568772846878461952,train
568772817598050304,train
568772614639845377,train
568772334632349696,train
568768874037915648,train
568768837744611328,train
568768156841308160,train
568764097015058432,train
568763877992706048,train
568763876377907200,train
568763245911126017,train
568763087689379840,train
568762437832478720,train
568761996973379584,train
568760785113120768,train
568759914514014208,train
568758001856847872,train
568755032138469376,train
568753398100692992,train
568752276040495104,train
568742080715104256,train
568724299873431552,train
568697648028487680,test
568673970251116544,validation
568671818262773760,test
568664266502479872,train
568658885361438720,train
568650933049147392,train
568644929595056128,train
568639956622512128,train
568639461648502784,train
568637034761302017,validation
568630779720417280,train
568629791869394945,train
568629558716592128,train
568627477259485185,test
568624572985004033,train
568622676773703681,validation
568622422309482496,test
568621312622657536,train
568621122368851968,test
568618050745864192,train
568617163465957377,train
568615365619662848,train
568614676612964352,train
568613837198340098,test
568613712858198016,train
568613245839224832,train
568611966937214976,train
568611700674584576,test
568611482780508161,validation
568611276026351618,train
568609263485984768,test
568607454893727744,validation
568605955614642176,train
568605600273141760,test
568605358534447104,validation
568604899870711808,train
568604830291222530,test
568604231026003968,test
568597968405835776,train
568596145456291840,train
568592809344819200,validation
568591059602829314,train
568590782640164865,test
568589740833939456,train
568589732520665089,train
568588931379253248,train
568587821264609280,validation
568587490971533312,train
568587424747511808,train
568587228353585154,train
568586882600161280,validation
568586231409475584,train
568585356586586113,test
568584029106266113,train
568582794340896768,train
568582726875516929,test
568582374549807104,train
568581984055906304,train
568581908075933696,validation
568579873926746112,validation
568578381320597504,train
568578230933979136,validation
568578057293807616,test
568575335148580864,train
568575202713583616,train
568574960035360768,train
568574614110117888,test
568573661378174976,train
568573057184473089,train
568572506300243968,train
568571900596772864,train
568571242627903488,train
568571203553599488,train
568571021554556929,test
568570374335524865,test
568570219951554560,train
568568900767653889,test
568567255291703298,train
568566331169247232,train
568565615327227904,train
568565272824582145,test
568563550475698177,train
568562849447948288,train
568562728585064449,test
568562631616942080,train
568560904469684224,train
568559381295407104,test
568559216912416768,train
568559061668507648,validation
568558819959119872,train
568556874439790594,train
568555484589871105,train
568553101587832832,train
568552809555103744,train
568551937185951744,train
568550726311346177,test
568549781502496768,train
568548764484542464,validation
568548629973209089,test
568546953262436352,train
568546414604750848,validation
568545857332588544,train
568543965026390016,train
568543722943614976,train
568542896539873281,train
568542364207325185,validation
568541825092304897,test
568539903979446272,train
568539290344402944,validation
568539193669914626,train
568538790244909056,train
568538599903244290,train
568535948042104832,train
568535604159332352,test
568533372709908480,validation
568531207459221506,train
568531187481706496,train
568531043805999104,test
568531035723603968,train
568531020267458561,train
568528678671360000,validation
568526769373859841,train
568525573175136256,train
568524407850688512,train
568524265663803395,train
568523935853051906,train
568523051853197312,train
568520773444308992,train
568519360953716736,train
568519214211813377,train
568518406959312897,train
568515166410653696,train
568514819369754624,train
568513072819646464,train
568513003307429888,test
568511254530101248,train
568510632930050048,train
568510570799869952,validation
568506661373145089,test
568505615208693761,validation
568504198385373184,test
568502870435336192,train
568502289402630144,train
568502021390786561,test
568498076962451456,train
568496445164273665,train
568496176116457472,train
568495924135235585,validation
568495601471647745,train
568495464015929344,test
568495231877967872,train
568495216291913728,train
568494692117155841,train
568494596973600769,train
568494498361294848,validation
568494397144358914,train
568491900195500032,train
568491765910659072,train
568491484401557504,test
568491160056045568,train
568491142410571778,train
568490268271484929,train
568489786081714176,train
568489413262610433,train
568486399663575040,test
568484677868265473,train
568484335747268608,train
568483773467262976,train
568483386580439040,train
568482840750530560,train
568482803266031616,train
568482252168019968,validation
568481017876623360,test
568480653819453440,train
568479399273758721,train
568478881063276545,train
568478666868588545,validation
568478536715120640,validation
568478204190720000,train
568476518852247552,train
568474442210283520,train
568471761051721728,test
568470715009277952,train
568470266793340929,test
568469882922102785,train
568469155709624321,validation
568468715819266048,validation
568468372524023808,train
568467596414210049,validation
568467366780264448,validation
568467150475812864,test
568467055747313664,train
568466642193104897,test
568466550337875969,validation
568465058264698880,train
568464940367007744,validation
568464798926524417,train
568464337146404864,train
568463331251634176,train
568463093568835584,test
568462314388656128,train
568460539602608128,train
568460395544862720,test
568458879220076545,test
568458185071132672,train
568457802059902976,train
568457761366781952,validation
568457681855340544,train
568456567835619328,validation
568454986574602240,validation
568454606675529731,train
568454418141614080,test
568454304488673280,train
568453988758233089,test
568453818335129601,test
568453351479721986,train
568453042816868352,train
568452051740413952,train
568451916319096832,test
568451244009742336,test
568450643175866368,train
568448902011224064,train
568448300325605377,train
568448282239713280,train
568448265441554432,train
568448242804871168,train
568448077624770560,train
568447937929289729,train
568447131431931904,train
568446993548206081,test
568446450700558336,test
568445415768477696,train
568444321113862145,train
568443742610305024,validation
568443115415035904,train
568442711910576128,train
568441899402584064,train
568440930593697792,validation
568440587411726336,train
568440527328120832,train
568440514506301440,train
568440384897966080,train
568440058895863808,train
568439748047581184,train
568439319779790848,train
568439171028791297,test
568438759466934272,validation
568438312177762304,train
568438257454682112,train
568438018572300289,train
568438000843034624,validation
568437777647460352,test
568437634835595264,test
568437385844924416,train
568437028205035520,train
568437004045672448,train
568436966628261889,train
568436693210173441,validation
568436267702071296,train
568436061959028736,test
568435434964938752,train
568434790707277824,train
568434328943915009,train
568434014672916480,train
568434004732416001,test
568433948126154752,train
568432638823772160,train
568432390957355008,train
568432260912959488,test
568431720707579904,train
568430867447549952,train
568430198254747649,train
568429191546277888,train
568429188975173634,train
568429136584286209,validation
568429062642929664,train
568428195193729025,train
568427566916345856,train
568427565003599872,train
568427056221933568,test
568426870963712000,train
568426579874996224,train
568426007583170560,train
568425737092513792,train
568425421240455168,validation
568425343452721152,train
568425317028610049,train
568421605132484608,train
568421124201017345,train
568418629236219904,train
568418531777355776,train
568416519073468416,train
568413746726457344,train
568413673330331648,train
568413365254488064,train
568413356492599296,train
568408789512105985,train
568404564375969792,train
568403209766744064,train
568397976110010368,validation
568394676501217281,test
568391392528969730,train
568391382496378880,train
568389719093940224,train
568389266155438080,train
568386996525252609,train
568385950486802432,train
568385277514919937,validation
568383068244819968,test
568377392420356096,train
568377318822912000,train
568364870757797888,train
568361830160175104,train
568326927695491072,validation
568319110779514880,train
568308149796474880,train
568305064529408000,train
568303293635522560,train
568299906466762752,validation
568299749121654784,train
568294699515187200,train
568284515728302080,test
568284092707401728,test
568281771298521088,train
568276647885086720,train
568275746516385793,validation
568274752864948224,validation
568273514970501120,train
568271522332192768,train
568269180153274368,train
568269127992913920,train
568267732556255232,test
568266994069295105,test
568262925833515008,train
568260044896243712,test
568258896038506496,train
568247978835578880,train
568243352258236416,train
568240532746473472,validation
568240355772108800,train
568238793150611457,train
568238379847921665,train
568236511524745216,test
568236231374581760,validation
568233937761230848,train
568232493779824640,train
568229659810209792,validation
568228761566642176,validation
568227390566109184,validation
568225322543538176,train
568223025805422592,train
568222976744824832,train
568222514956013568,train
568221293914533889,train
568220487500709889,train
568220464071356416,test
568220313370013696,validation
568216890918637568,validation
568216414957408256,train
568215698524246016,train
568214541852495872,validation
568212893012860928,train
568212796422406144,train
568212443433865217,train
568211739059326976,train
568210342880227328,train
568210101573722112,train
568210087212388353,train
568209603332214784,validation
568206236081995776,validation
568204029517553665,validation
568202940839800832,train
568202855166967808,train
568201125012353024,train
568198843034169344,validation
568196066430083074,test
568193603954085888,validation
568193347216474112,validation
568192038040006656,validation
568192010789777408,test
568191101087019008,test
568190250377461760,train
568189481590886400,train
568188732806963201,train
568188595456118785,validation
568187725834289152,test
568187577909563392,validation
568183277774868480,train
568183137467043840,train
568182492055912449,train
568182386409607168,train
568181877560852481,train
568180928746369027,train
568180868126150656,train
568180710252646400,train
568180422070247424,test
568180264914051072,train
568179570651709441,train
568178355452792832,train
568178151173562368,test
568177022712676353,train
568176529584173056,test
568174911841177600,train
568173585484771328,train
568173435173482496,train
568172001300340736,train
568171015131394048,train
568170929639059456,validation
568170493544673280,train
568170036248092674,train
568169837878484992,train
568169379613032448,test
568169352383602688,train
568168034394873857,train
568166220706418688,train
568165260605014016,train
568164059981307904,test
568162290890964992,train
568161313274404864,train
568160511264571392,validation
568159614069444608,test
568157733746294787,validation
568155440267161600,train
568155246616121344,validation
568154689449168896,train
568153578453524480,test
568151905165316097,train
568149878095753216,validation
568149287948967936,train
568149194654904320,train
568148807684198401,validation
568148009722073089,test
568147483269971969,train
568147443151454208,validation
568146404784209920,train
568145575452876800,train
568144447931686912,train
568144357230026752,validation
568141111601926145,train
568140628959358976,train
568139299021041664,test
568139007617597440,train
568137557935960066,train
568136806224379904,test
568136521502605312,train
568135153903656960,train
568134973728755712,train
568134503987851264,train
568134211493695488,train
568133264168214528,test
568132209330098177,train
568130768788185088,train
568130367900798976,train
568128236649095168,validation
568128069845848064,test
568126682336534529,train
568126169008218112,test
568125472527097856,train
568124227641065472,validation
568122064919527424,test
568121659988824064,train
568118177537744897,train
568116430966648833,train
568113383242911744,train
568112842261594112,train
568112578989137920,validation
568111819325366273,train
568111779705958400,train
568111588546375680,test
568110846057975808,train
568110095646781440,train
568108822360760320,train
568108322924191744,train
568108100827217920,train
568107719737020417,train
568107670177239040,train
568107472260624384,test
568107058605608960,test
568106704866582528,train
568105844174397440,train
568105722413649920,train
568105481018822656,test
568105106647838720,test
568104783061520384,train
568104424029036545,train
568103931307405312,train
568103735827804160,train
568102187294973952,train
568101606585020416,validation
568100987887427584,train
568100973966569472,test
568098977545134080,train
568096674167595008,train
568096554638159872,train
568095623875964928,test
568094581041934336,validation
568094319766147072,train
568093988516802560,validation
568093497431101440,train
568093190185566208,validation
568092537786748928,train
568092489011236864,train
568092479452549120,train
568091794304401409,test
568091623986319360,validation
568090175122907136,train
568088989820792832,train
568087881387884544,train
568087802279288832,validation
568087614303166464,train
568087131748503553,validation
568086667258679296,train
568086184888561664,validation
568086073814827008,train
568086068135895040,train
568085970983251968,train
568085962049216514,train
568085714744684544,train
568085705479618560,test
568085571509334016,test
568085366441246720,train
568085308727808000,test
568085082746933248,train
568084881303072770,validation
568084860008570881,test
568084748020649984,train
568083999761010689,train
568082817562898432,train
568082656413552640,train
568082454336151552,train
568082378406682624,train
568081678272307201,train
568081316282916864,train
568080061372502016,train
568079810389549057,train
568079239343439872,train
568078285520785408,validation
568078069568839680,train
568077930783485952,train
568077464892628993,train
568076650782404608,train
568076399166140416,train
568076081665679360,train
568075679008468992,train
568074028990259200,train
568072958821990400,train
568072079096061952,train
568069670475071488,test
568069616003629057,train
568069437506641920,train
568067878546755584,train
568066878192508928,test
568066302818058240,train
568064339544051712,test
568062804697202688,train
568058224433340416,test
568058146729668608,train
568058084846911488,validation
568057887223894016,train
568057812322021376,train
568057671443750912,train
568056811401703424,validation
568056741885288448,test
568056298937430016,train
568056050877919232,train
568055996884619264,validation
568055766130827264,validation
568055724078706689,train
568055480226066434,train
568055279839023105,train
568055034296049664,train
568054955967418368,train
568054866045747200,train
568054687993352192,test
568054666216509441,test
568054514617622528,train
568054330550587392,validation
568053732929359872,train
568052354525696000,train
568052343922507776,validation
568051605247021056,train
568051218477654016,train
568050804101410816,test
568050718772314112,train
568049316582932480,train
568049201453469697,train
568047468384002048,test
568044275910512640,train
568042869505654784,train
568042046608580608,train
568041723642961920,train
568039503065174016,train
568037842838024192,test
568037591687270400,train
568034773156933632,train
568028183267639297,train
568027403462651905,train
568024504057913344,train
568015713836752896,train
568014567089029120,train
567996668320346112,test
567983341405745152,train
567982055503622144,train
567972426027565056,train
567969280752521216,train
567954287185125377,validation
567951109677027328,train
567943461476806656,train
567935883086688256,validation
567933117610074113,train
567931567881875457,train
567921252901367808,train
567919829589442560,train
567912504656965632,train
567907935331971072,validation
567907813126582272,train
567907483177582592,train
567907070269198337,test
567906137938399232,train
567902921829978112,train
567900433542488064,train
567899634833690624,train
567899604605218816,validation
567899319157669888,train
567898236809277440,train
567898186414710784,train
567897629364850689,train
567896042093617153,train
567895533664120832,train
567892966980870144,test
567892874756501504,train
567890395322920960,validation
567888186967470080,test
567887646162161664,train
567887502306050048,train
567887437998997504,train
567887103465496576,train
567886632155680770,train
567886422826307585,train
567885982340636672,train
567883722948763648,test
567881925727113217,train
567880908528832513,train
567880664600698880,train
567880238962716672,train
567879888490868736,train
567879304593408001,train
567878436909228033,train
567878239156338688,train
567878205157281793,train
567876860647833600,validation
567876290524495872,test
567875758053400576,train
567875729045590017,test
567875308377911297,validation
567875147941552128,validation
567874892634304512,train
567873196730421248,train
567872810770657280,validation
567872411418247169,validation
567871270014025728,train
567870895383015424,test
567870311539933184,train
567870045981929473,train
567869456048865281,train
567869273109958656,train
567869191002263553,test
567868770284208128,train
567866673325285376,train
567866511626346496,train
567865403101298688,train
567864832235405313,train
567863933018640384,test
567863445422546944,train
567863197341847552,train
567862240419934208,test
567861645084631041,train
567861140895580160,train
567860982422306816,test
567860325179072512,train
567859569621372928,train
567859338615865344,train
567858373527470080,train
567858173282906112,train
567858076285452288,train
567857591222603776,train
567856422030942208,train
567856355907760128,test
567855736665051136,train
567855640640516096,train
567853059419856896,train
567851763136491520,train
567847571223388160,train
567845681768968192,train
567843845247016960,train
567843646881599489,validation
567843309349036032,train
567843014300692480,train
567840923008237568,train
567840732305858560,train
567838174816395264,validation
567836660899057664,train
567835334572130304,train
567833247242264577,train
567833231434723328,validation
567831380157206528,train
567831245260005376,train
567831160748916736,test
567831075763003393,validation
567830740373868544,train
567830627219939328,train
567830505414103040,train
567830500095688704,test
567830414615662592,train
567830279809937408,test
567829997668470785,train
567829689600892928,train
567829387485130752,validation
567828625388609536,train
567827255088390144,test
567826899776446464,train
567826761141985280,validation
567825886449250304,train
567823996852428801,train
567823967555178496,test
567823930985091072,test
567823459276877824,train
567823244549480448,train
567822994925441025,validation
567822780135124992,test
567821242029359104,train
567820713156943872,validation
567820352329523200,train
567819541939494913,train
567819359255810048,train
567818783616954369,train
567818765888557056,validation
567817558418804737,train
567817455234715649,train
567816909816635392,train
567815252881977344,train
567814896965124096,test
567814300594769920,train
567814095626575873,train
567813976492417024,train
567813189334790144,test
567813060027772928,test
567812709342822400,train
567812544099827712,train
567811776025468929,test
567811713870876672,train
567811407309185024,train
567811142924656640,train
567811093369790464,validation
567810419672268800,validation
567809695260639232,train
567806843310907392,train
567806786331234305,train
567806501402976257,train
567805887319912448,train
567805714216792064,validation
567804718886711296,train
567803969235390464,test
567802999880552448,test
567802937394655232,train
567802829567467520,train
567802752677457920,validation
567802649526976512,train
567801645795643393,train
567801559788068864,train
567801079388471296,train
567800801248161792,test
567800671572926464,train
567800574051151872,train
567800329824399360,validation
567799932897210368,train
567799259224940544,train
567796413880397825,train
567796276100886528,train
567793635892174848,train
567793538134716417,train
567791323597524992,train
567791182199197697,train
567790581901971456,train
567790510502371328,test
567789749013086208,test
567788514952368129,train
567787583138230272,train
567785122708332546,test
567785042891567104,train
567784912011689984,train
567783978955993088,train
567783802492420096,train
567783187901915136,train
567783113309585409,train
567782794261438466,test
567781731156377600,train
567781675514343424,test
567781663469481984,train
567780392179351553,train
567780076926693376,train
567779815227260928,train
567779798782595072,train
567778721474822145,train
567778453006655488,test
567778403755900928,validation
567777978327633920,validation
567777622357475328,train
567776832410636288,train
567776143273512961,train
567775685796589568,test
567775613348376577,train
567774320170119168,test
567774277656682496,train
567774139353722880,test
567774100299739138,train
567773933928476672,test
567773611591626752,train
567773445195583488,train
567773236734074880,train
567773009092812802,train
567772246060433408,train
567772219549478912,validation
567771317705773056,validation
567770722882580480,validation
567770621451702273,train
567770347065384960,train
567769787317907456,train
567769620648828929,validation
567768484612816896,train
567767201286205441,validation
567767091579592704,train
567766563533897729,train
567766512392364032,train
567766130907832322,train
567765690589790208,test
567765679764697089,train
567765457731624960,train
567764953289875456,test
567764660683857920,train
567764034418909186,train
567764010812985344,train
567763775751987201,test
567763748559937536,train
567762333779628032,test
567762099708112897,test
567761790357209088,train
567761297879646208,train
567760872739975168,train
567760797062152192,train
567760331829559296,train
567760115579621376,train
567759608643452929,validation
567758296417718272,test
567758180068130816,train
567758165287002112,train
567758009607421952,train
567757771953561600,train
567756963329867776,test
567756556536909825,validation
567754562053091328,train
567754504817606656,train
567754223362666496,validation
567754165904887810,validation
567754096272224256,train
567753899939860480,train
567753747283988481,validation
567753194546421760,train
567752826353225728,train
567752680514330624,test
567752478309875714,train
567752407166103552,train
567752230111936512,train
567752048402104320,train
567752009806131200,train
567751489754382336,train
567750645462360064,train
567750589040181248,train
567750529620697088,train
567750519402143745,validation
567750328729485314,train
567749848074813442,train
567749206236880896,train
567748702781992960,train
567748407070953472,train
567748330734641152,train
567748208844365825,train
567748162178125825,test
567748089805799425,train
567747787807526912,train
567746544536145921,train
567745845781864449,validation
567744948934426625,train
567744842935980032,train
567744627143213056,train
567744219281129473,test
567743010322935808,train
567741655587905537,train
567741610373685250,train
567741202884075520,train
567741157070086144,train
567740403755909120,train
567740235061014528,train
567739785981493248,train
567739785406873601,test
567739553251725312,train
567739453884465152,train
567739426499862528,train
567738743491411968,test
567738715657609216,train
567738484082114561,train
567738375755415552,test
567738154128769028,test
567738065595019265,train
567737962541375490,train
567737653118779392,validation
567737625637687296,validation
567737617031380992,train
567737554087059457,validation
567737449938685952,train
567737317432258560,train
567736870365171713,train
567736166787850240,validation
567735766416392194,validation
567735667879575552,validation
567735489688395776,train
567735409724366848,train
567734769312882688,test
567734329212940288,train
567734115899027457,train
567734113088835585,validation
567734002287513602,train
567733978363621376,train
567733656106459136,train
567732510692347904,train
567732427691683840,train
567731712004595714,train
567731598871642112,test
567731546661326848,train
567731246462033920,test
567730704055037953,train
567729904788054017,train
567729416231321600,train
567729203894702082,train
567728679426326528,train
567728229340172288,train
567728114588209152,train
567727499367682048,test
567727026313101315,validation
567726949049454592,train
567725232203390977,train
567724948375212032,validation
567724266045837313,train
567723534344933376,test
567723431513575424,train
567723096186945538,validation
567722937545814018,validation
567722844319404033,train
567722689989578752,train
567722664597286913,train
567722330340986880,train
567722294680641538,train
567721764285726720,validation
567721738155622401,validation
567721299162968065,train
567720839408533504,test
567720082860949504,train
567719199850496000,validation
567719031634157568,train
567718653735731200,train
567717985092395008,train
567717415367090176,test
567715917983776772,validation
567715682918227970,train
567713868747902976,train
567713338873118722,train
567704339448209409,validation
567702414157824000,train
567692504397803520,train
567692251954827265,test
567688411289755648,train
567688325276770306,train
567686758708817921,train
567676626855419904,train
567663504102940672,train
567655489119326209,validation
567617081336950784,train
567594449874587648,test
570309345281486848,train
570309308937842688,train
570308513181904901,train
570307820962373632,test
570305363859406848,validation
570305098557091840,train
570304873620746240,validation
570303683872886784,train
570299924555956227,train
570297402281893888,train
570296417094373376,train
570296110633381889,test
570295207763316736,test
570294460476760064,train
570293674472558592,train
570293669628157952,test
570292360749453312,train
570292174044200963,train
570291934306168834,train
570291828349669378,train
570291817087930369,test
570291699731308545,test
570291473528320001,validation
570291066466897921,validation
570289587794407425,train
570289518194126849,validation
570288803849637888,validation
570287886135918593,train
570287704728084480,train
570287622343540736,test
570287303681294337,validation
570287210219606016,train
570284988224008192,train
570284840752427008,train
570280782373228544,validation
570280776849346561,test
570280755085090816,train
570280008557547520,validation
570279787287093248,train
570278619416694784,validation
570277811795001344,test
570277278627848192,train
570277054635057153,validation
570276843812732928,validation
570273378403102720,train
570267929322921985,train
570267544906555393,train
570267535515324417,train
570267215720800256,train
570265811623002112,train
570264515285266432,train
570264106059624448,validation
570252044528959488,train
570251671265083393,test
570251142942171136,train
570248591295557632,train
570246294582771712,train
570246094157946880,train
570245603118211072,train
570244951914782721,validation
570243767585935360,train
570242512012451840,train
570240052279648257,train
570239998383038464,validation
570239297456091136,validation
570239272575315969,train
570238950801059840,train
570238126347714560,train
570237440616570880,train
570237343669608448,train
570235244999270400,validation
570233869212856320,train
570233306664591361,train
570232676491202561,train
570232616755929088,train
570231750959329280,train
570229813937463299,train
570227706140323840,train
570227199766179840,train
570226143045033985,train
570225899964129281,train
570225396404359168,train
570224962184867840,test
570222626712514560,train
570221178658418689,train
570218339118800896,train
570217760430493698,train
570215386102292480,train
570213762948567040,train
570212129313316864,train
570212047692161025,train
570211016308596736,test
570208115205021696,test
570206077826039808,test
570204309041893376,train
570200546679726082,test
570199572435185664,train
570198506222194692,train
570198409497288705,train
570198289376677888,train
570197146894520320,train
570195373018505216,train
570195036782133248,train
570193464467570688,train
570192452486889473,train
570190438281248768,train
570184343857045504,test
570179466716176384,train
570174713072369664,validation
570173181727674368,train
570168203470446592,train
570137183442608128,train
570121321192894464,train
570102708734197760,train
570095219091361792,train
570093964059156481,validation
570088573598355456,train
570087324949864448,test
570084883332239360,train
570084632999428096,validation
570083989601411072,train
570083380265689088,train
570079918782095360,train
570077234570010624,train
570076673162543104,validation
570076595647426560,train
570075711433609216,train
570073705507725313,test
570073661241057280,train
570073592848715776,train
570070740566990848,train
570068045500194816,train
570066859330019329,train
570066554848743424,train
570066245195829249,test
570066175008350208,test
570066166930145280,train
570065109961322496,train
570063322449616896,train
570061375592136706,train
570060184908910592,validation
570059496300548096,train
570059462976917507,train
570059116066017280,validation
570058565974675456,train
570058262743101440,train
570056726793359360,train
570051731033235456,train
570050603851710464,train
570049623697461248,train
570049018820042752,train
570048915518533634,train
570048890466111488,train
570048804550004737,train
570047938401071105,train
570047651875594240,train
570047059878936576,train
570045153295011841,validation
570044715321569280,train
570043468321419264,train
570042533679656960,train
570042339575640066,train
570040888321318912,train
570039630973829120,test
570038962561134594,test
570037998773018624,train
570035525761011713,test
570032796472778752,train
570030390309552128,train
570027259999821824,test
570025186000539648,train
570023530466840576,train
570021779521085440,validation
570021223482191873,train
570020255793352704,test
570018254271463424,train
570016890996723713,test
570016801192456192,test
570016312610709504,validation
570012934287568898,train
570012849067720704,train
570012000648081409,train
570011803389788160,train
570011200613806082,train
570010882069151744,test
570009951474753537,train
570009886198796288,train
570009292885123072,train
570008005774860289,validation
570007995813273600,validation
570007685367799808,train
570006917927575552,validation
570002674747367424,train
570002509906837504,validation
570001825358860289,validation
570001706676842497,validation
570001601072652288,train
570001601055883265,train
570001601051668480,train
570001191796678656,train
570000250225754114,train
570000249910996992,validation
569998019694866432,train
569996914546094080,train
569996141753802752,train
569994678155780096,test
569994012670734336,train
569993670482644992,validation
569992753649729536,train
569991184120193025,train
569990330227007488,validation
569989971156860928,train
569989575793180672,train
569987608912142337,train
569987325347954688,test
569985299448795137,test
569984773365612544,train
569984653920210944,test
569984229393637377,test
569983750798516225,train
569983421549834240,train
569983338880114688,validation
569979057028227072,train
569978798906716161,train
569978537953902592,train
569977974176378880,validation
569977517945126912,train
569977008077148161,train
569973084398100480,train
569968565513625600,train
569968197224439809,train
569968117037707264,train
569968023592943616,train
569967910417866752,test
569967834203189248,train
569967159549534208,validation
569966440381595648,train
569966215621246976,train
569965774498095105,train
569964286954618880,train
569963701987450880,train
569963064495366145,train
569962605671919616,validation
569962417876131840,train
569962078791979009,test
569961886046760961,train
569961785509478400,train
569961511440879616,train
569961185107431425,train
569961170389618688,train
569960833884803072,train
569960635376766976,train
569960497312768000,train
569960350876979200,validation
569960010249334784,train
569959737246109696,train
569959406927945728,train
569959283934277633,train
569959200891252736,test
569959122331836416,validation
569958895700959232,train
569958873819279360,train
569958588837285890,train
569958349514485760,train
569958127258497025,train
569957235033399297,train
569957094788624384,test
569956617988345856,test
569954824265076737,validation
569954556001566721,validation
569954393216454656,train
569953847797530624,test
569953507874373632,train
569953259479277568,validation
569953001751732225,train
569952664445808640,test
569952605721337856,train
569952340612149250,train
569952252087177216,train
569951324508446721,train
569951211471962112,train
569950913554620416,train
569950766389182464,train
569950567663050752,train
569950348908982273,validation
569949718832398339,train
569949588527775744,test
569949297220980737,validation
569949217843605504,validation
569948928864600064,test
569948808320315392,test
569948710370717696,train
569948686228295681,train
569948353003446274,train
569948345583562752,train
569948225278480384,train
569948212607393792,train
569948131397410816,train
569947823426441216,validation
569947699471974400,train
569947618413031424,train
569947518655721472,train
569947514633191424,test
569947476830101504,train
569947389383065600,train
569947367203450880,validation
569947357787385859,validation
569947356428419073,train
569947332135018496,train
569947331241639936,train
569947151339429889,validation
569946477356818432,train
569946372901707776,validation
569946008840491008,train
569945451564277760,validation
569945380198203392,train
569944919894327297,train
569943785905332225,train
569942703494070272,train
569942253365534721,train
569941529902641153,validation
569941344053018625,train
569941314713726976,train
569940998035345408,train
569940702425169920,train
569940579221504001,train
569940226984042496,train
569939966584852480,train
569939932191559680,train
569939924964630528,train
569939614175248384,train
569939611650166785,train
569939532096925697,validation
569939494465462272,train
569939458965032963,test
569939281084583937,train
569939265154617344,train
569939057247023104,test
569938880495026176,train
569938848156930050,train
569938845111848961,test
569938796986433537,train
569938767860994048,train
569938559836299264,train
569938470824574976,train
569938450633388032,train
569938303694319616,train
569938090510454784,train
569937905872822272,test
569937891788505088,train
569937862109450240,train
569937767775510530,train
569937722804211713,train
569937664964743169,validation
569937408013176832,train
569937260994564098,train
569937017150291968,train
569936900804505600,test
569936658876862464,train
569936613016350720,test
569936426902687744,train
569936252977451008,train
569935956880420864,test
569935951868207104,train
569935918225711105,train
569935592651411456,train
569934977963573248,test
569934594268471296,train
569934048346251264,train
569932678688055296,validation
569931753768382464,train
569931469990154242,train
569930522677399553,train
569930252606164993,test
569929677571166208,train
569929507945234433,train
569929414491779072,train
569929075894194176,test
569928989231353857,train
569928060587233280,test
569927906241212416,train
569927856232534016,train
569927792781086720,train
569927506112815106,train
569927476463452160,validation
569927299908444160,test
569927288751587328,train
569927127350407168,train
569927035524681728,train
569926945535860736,train
569926909515034624,train
569926688244703232,train
569926674353160192,test
569926659219922944,train
569926608997498881,train
569926559982751744,train
569926460036657152,test
569925941067186179,train
569925929713188864,train
569925590276419584,train
569925551475056640,test
569925538946551808,train
569925511394119680,test
569925190236442624,train
569925187757592576,train
569925111475793921,train
569925091095646209,train
569925082832728064,test
569924793232785408,train
569924676715220992,train
569924654401495040,validation
569924418320740352,train
569924385387241474,train
569924375723560961,validation
569924145380634624,train
569924117719199744,validation
569924116335108096,train
569924101080535042,train
569924092280774656,train
569923934054805504,validation
569923825179054081,validation
569923761232850944,test
569923685848653824,test
569923525508665344,train
569923518051323906,validation
569922420624068608,validation
569921913667104768,train
569921467552567296,test
569921385100750849,train
569920656621465601,test
569920515542003712,train
569920090440916994,train
569918453722656768,validation
569917729022586880,train
569913667476549632,test
569911600934752256,train
569909756493746176,validation
569908792776892416,train
569908080114339840,test
569906378233356290,train
569905884425383936,train
569905336380989440,validation
569904537739382784,test
569902181366820864,train
569901265163034624,train
569900367254831104,train
569899437662863360,train
569899413558169600,train
569898995327377408,validation
569894640675102722,validation
569894012800217088,train
569893737385472000,train
569892980712013824,train
569892141335334913,train
569890600474021889,train
569890099917246464,train
569890084893413376,test
569889846472409088,validation
569889547162669056,validation
569889219805642752,train
569889139593646080,validation
569888931443052544,test
569888183409893377,test
569888159707738113,train
569887654713499648,test
569885859954229248,train
569884951207813122,train
569884948091396096,test
569883383930621952,train
569880288702173184,train
569880105507540992,train
569879547908206592,train
569879497891303424,train
569877622869663744,test
569877431227686912,train
569876427270701056,test
569874374741925889,test
569874150636048384,train
569873065464573952,test
569870480993181698,train
569867719874650112,validation
569866317706231808,test
569865536873500672,test
569864437739495424,test
569863166189924352,train
569862271968669697,train
569861557775163393,validation
569857331284078592,train
569855477854691328,test
569854312702201856,train
569851813706539009,train
569851605358669824,train
569847852605812737,test
569847066555498496,train
569845862366633984,train
569844102239531008,train
569836725612220416,train
569836232999612417,train
569835633147056128,train
569830923597955073,test
569797465416683521,train
569786249508048896,train
569775081636782081,validation
569763942144176128,train
569747874952683520,train
569746271336062978,test
569741756968919040,train
569739521291452416,train
569737259999571968,train
569736434803978240,train
569733882007801857,test
569729732952109056,train
569723086465069056,train
569722876879884288,train
569722367343136768,test
569721150156230657,test
569718205524127745,train
569716857869107200,train
569716645150781440,train
569713071435829249,train
569711837656125440,train
569708004075044864,validation
569707583646375936,train
569705786408079360,train
569705380282019841,train
569704700490219523,train
569704005250777090,train
569702870423117825,test
569702567573368832,train
569700499319959553,test
569699027782012930,train
569698562734321665,validation
569698117685268481,test
569697728890056704,train
569696862011133952,test
569696663742365696,train
569693923183972352,validation
569692158287962112,validation
569691489179021312,train
569690317869330432,validation
569687874288914432,validation
569687244031852544,train
569686510108344320,train
569686267354599426,train
569685767527596032,train
569685692038557696,train
569685194908819457,test
569685096527056896,test
569684947151093760,test
569683696422244352,train
569683558081687552,validation
569683366632493056,test
569682277111889920,train
569679888682061826,train
569679240586764288,train
569678931785228288,train
569678787383857152,test
569678058199732225,train
569676138253049859,train
569675848770408448,train
569675498873159680,train
569674356915347456,train
569674349734711296,validation
569674104913014784,train
569672563506458624,train
569672510565969920,train
569672477967835136,validation
569672448716742656,train
569672099704508416,test
569672010734968832,train
569671981852798976,train
569671435309809664,train
569671231001092096,train
569671173136637953,test
569671000486502400,train
569670844047192064,train
569670407709544448,train
569670228713578496,train
569669991450185728,train
569669129130647552,validation
569669059941261312,train
569668818253053952,validation
569668536966053888,train
569668144198848514,train
569667821455708160,train
569667688743763968,train
569666892882952192,validation
569666838340210689,validation
569666455114903552,train
569666011147821057,test
569665766628286464,train
569665692770967552,train
569664636179476480,train
569662513111023616,validation
569661069913821184,test
569660111976689664,train
569659637575917568,train
569659473804947456,train
569658903044218880,train
569658058546286592,train
569657725304610816,validation
569655420962238465,train
569655262765719553,validation
569652510794887168,test
569650936911683586,test
569650612545187840,validation
569650423318982657,train
569648753357037569,test
569648229295329280,train
569647396940075008,train
569647169084526593,test
569646982282612736,train
569646269221773312,train
569646184005894144,train
569646004254998528,validation
569645522363011072,test
569645505950695424,train
569644675352662016,validation
569644634386911232,train
569643287918845952,train
569642730932064256,train
569642569203904512,train
569640193931612160,validation
569638848214507520,train
569638521817968641,validation
569636980612427776,train
569634891857600514,test
569634729324122112,train
569634575653183488,test
569633643821441024,train
569633562879619073,train
569633484333051904,train
569633393673150464,test
569633257689518081,validation
569633166031511552,validation
569633036251340800,validation
569632594221867008,train
569632519387099137,train
569630310779854848,train
569630240512876546,validation
569630160233873411,train
569629537400696832,train
569628922431873025,train
569628752231018496,test
569628503550906368,train
569628172842479616,train
569628159085301760,train
569628053648904195,train
569627907871502338,train
569627675557384192,test
569627624617611264,train
569627374674964480,train
569627273407569920,train
569626884549578752,validation
569626613664653312,train
569625782181617664,train
569625606536732672,train
569624621047111680,train
569624091646431232,test
569623948767268864,train
569623368711991296,test
569623248205430785,train
569622819283337218,validation
569622618195652608,train
569622447869304832,validation
569622389920641024,train
569621991852019713,validation
569621840844464128,train
569621744295682048,validation
569621351650209792,train
569621047353450496,train
569620910019182592,train
569620873394696192,train
569620598307074048,train
569620168671756288,train
569619984802054144,test
569618489788346368,train
569618309357940737,train
569618014141751298,train
569617906390052865,train
569617776509378560,train
569617259548708864,test
569616883734974464,test
569616576481267712,train
569615753885970432,train
569615636869062659,train
569614500044918784,train
569612120758878208,train
569609436714680320,validation
569607909501472769,validation
569607852236640256,validation
569606966772940801,train
569605593159352322,train
569604507405037569,train
569604469324967938,test
569604208661409792,test
569604033083789312,test
569603641767792641,train
569603529888788480,train
569603273033945090,train
569603039750852608,test
569603002278944768,test
569602974671990784,train
569602897572450305,train
569602645712769025,train
569601850820976640,train
569599590355173376,train
569596394819883008,train
569594354924425216,test
569592675638382592,train
569590527349252096,train
569588667225927680,train
569587048811761664,train
569586611085815808,train
569586189776371712,train
569585827019399168,train
569585355319599104,test
569585203666161664,train
569584372820647936,validation
569582603902128128,train
569581303785328640,validation
569581126215438336,train
569580460843651072,train
569580001672237056,train
569579153604743171,train
569578439797313536,train
569578296360378369,train
569577794910490624,train
569577434657492992,train
569577005278064640,train
569576321011077121,train
569576214047760385,train
569576099018985472,train
569576074050473984,validation
569575699314569216,train
569574711899922433,train
569574221216661505,validation
569573843825790976,test
569573528149716992,train
569572707299299328,train
569572180012371968,train
569571938819055617,train
569571829033144320,train
569571763744452608,validation
569571731649667072,validation
569571492947742720,train
569568878977794048,train
569568357030232066,train
569566880006086656,train
569566511184125952,train
569565393502793728,test
569564824939556864,train
569564666013163520,train
569564016906891264,train
569563087964995584,train
569562990250323968,train
569559833415970816,validation
569559370104639488,train
569559136540561408,train
569558286216929280,test
569558235897688064,train
569558114447560706,train
569558065516822528,train
569557216480665600,test
569556860652675072,train
569554776611901440,train
569554727572099072,train
569554300495462400,train
569552658010210305,test
569552552297041920,train
569550230376423424,train
569549922569224192,train
569548726265470976,test
569548188375326721,train
569547458520469505,train
569547374454050816,train
569546763297796096,train
569545323657494528,test
569543615862722561,train
569543457452064768,train
569543012914565126,train
569542909533384707,train
569542385627230208,train
569542242983124992,train
569542052259766272,train
569541545029804034,train
569541478244089857,train
569541336224927744,train
569541328289165312,train
569540050821763072,train
569539928129818624,test
569539746348675073,validation
569539287118692352,train
569539111222190081,train
569538840735703040,train
569538135916351489,test
569538127016144896,validation
569538002025779200,test
569537388986421249,train
569536910990950401,train
569535821486952448,train
569535647704354816,train
569535236884664320,train
569535203888271361,train
569534889055395841,train
569533875308916736,test
569533648367722496,train
569533479362408448,test
569533394025099265,test
569533355248766976,train
569533328396832768,train
569533098402009088,train
569532566610571265,train
569531924219191296,test
569531651732217857,validation
569530599129501696,train
569530195306258432,validation
569530159247826944,train
569529242893090816,train
569529128585555968,train
569529020892651521,validation
569528694613671936,train
569528451339673600,validation
569528351364292608,train
569528083755237376,train
569527951831666688,train
569527848131637248,train
569527641025306624,train
569527586960711681,train
569527183825182720,train
569526960268963840,train
569526894028197888,train
569526559012495361,train
569526493023498240,train
569526458529349632,train
569526325255364609,train
569525974284558338,train
569525875860905984,train
569525684864983041,train
569525641759993856,train
569525452081111041,train
569525270907981825,train
569524310186061824,train
569524116769914882,train
569522879764807680,train
569522767868989440,validation
569522690261950464,train
569521778797744128,train
569520477351383040,train
569519860994203648,train
569519571314589696,train
569517479296409600,train
569516908195815425,train
569514902748061696,validation
569514688809181184,test
569514471296774146,train
569514168576974848,validation
569512447717085185,train
569512252639981568,train
569512239209824256,train
569511892215062528,train
569510849846611968,train
569510667612504065,train
569509408939487232,train
569508802891882497,test
569508336594505728,validation
569506408145784832,validation
569506389397282816,train
569506217271427072,test
569504946120298496,train
569504299992141824,train
569503983623999488,train
569503518224211968,train
569502050536587264,train
569501773863493632,train
569501556275605506,train
569498738856755200,train
569498511609356288,train
569497966660218882,train
569497959932530689,train
569497791623512065,validation
569496729755652098,train
569494958006263809,train
569493813884030976,train
569493046557069313,train
569491537610059776,test
569490427625086976,test
569490072975876097,train
569489114707431424,train
569487598709817344,train
569485297639149568,test
569484400594952192,train
569483493236969473,train
569479404428120064,train
569479008708120576,train
569477571726974976,test
569474081202032641,train
569473231498964992,train
569471837614137344,validation
569462004332646400,train
569460591644925952,train
569447456896917505,test
569439829328408576,validation
569439674294337536,test
569436958281183233,train
569435866902302720,train
569423132240556033,validation
569420237189181440,train
569420073707773952,train
569418216935723008,test
569413676337274880,train
569394918675783681,train
569387453418762241,train
569386956435488768,train
569386581938860032,train
569385087424458752,validation
569382239131168769,train
569381811278770176,train
569380376709238784,test
569378165610524672,train
569373511455776768,train
569369662955261953,train
569366846547369984,test
569366479008862208,train
569365818229829632,train
569364648576872448,test
569364383652044800,test
569359788120907776,train
569358956549681152,train
569357827522699264,train
569355673068118016,train
569353033915584513,validation
569352134774415360,train
569349960228974592,test
569348995136376833,test
569348268154609664,train
569346870423769088,train
569346433305993216,train
569346428839063552,train
569346317706768385,test
569345693770502144,train
569344914485583872,train
569344744297521152,train
569344334761316354,validation
569343882389016577,test
569343781092401152,validation
569343607326547968,test
569343003476819969,test
569342641571291136,validation
569342393943773184,train
569342336158851074,train
569341821505163264,validation
569341641200439296,train
569341255399964672,validation
569341160482856960,train
569339932801703936,train
569339717990400000,validation
569333461401481216,train
569332001720967168,train
569330782537437184,train
569330095644659712,train
569330091857219585,train
569329921740427264,train
569328773876871168,train
569327066887401473,test
569322419036356608,train
569320520728113152,validation
569318653792948226,validation
569313006406012928,validation
569312396097003520,train
569311730540683264,validation
569310328862830592,train
569310202174025729,train
569310070825226241,train
569308292893290496,validation
569307978798645248,test
569307917712805889,train
569305802487439360,train
569305705750114305,test
569305409925873664,train
569304186548047872,train
569303932691984384,train
569301593587208193,train
569301330306699264,train
569301025280167936,train
569300264349364224,validation
569300193503367168,test
569299428068233217,train
569297850456109056,train
569296877902041088,validation
569296354607935488,train
569294070129930240,test
569294014026903552,test
569287489883500545,validation
569284887955558401,train
569284604567228416,train
569283532167757826,train
569280114296401920,train
569280107724050432,train
569279670048452608,test
569278644943757312,train
569276518305820672,train
569275935905722368,train
569275580543320064,test
569275554110664705,train
569275378331717633,train
569274492607967232,test
569274123525844994,train
569274057897730048,validation
569273795850178560,validation
569273785553178624,train
569273777999241216,train
569273297491378176,test
569271994212069376,validation
569271364521103361,test
569271020395241472,train
569268751008436224,validation
569268455314219008,train
569267891721375745,test
569266679903080448,train
569265728408440833,test
569262534232039427,train
569260955953176578,train
569260189486063616,test
569259756344487938,train
569258404742500353,train
569255973958889472,train
569254571622727682,validation
569254216415481856,train
569253874445492225,train
569253270356664322,train
569252657967341569,test
569251925482475520,train
569249704543965184,train
569249554236878848,train
569248721139048448,test
569248084934443010,validation
569247182475407360,train
569245707477131264,train
569245342421491712,validation
569244956663148544,train
569244701875769345,test
569243807331409920,test
569243017552375809,train
569242143748964353,train
569241776617160704,train
569239947061927938,test
569238749802074113,train
569238666654195714,train
569238439373234176,train
569238252676378627,validation
569237160886276096,train
569236960528756737,validation
569236645180018689,train
569236124192931840,train
569235924544045057,validation
569235825680105472,validation
569235773645410304,train
569235531973832704,train
569235333050576898,test
569235156717989888,train
569234639233142784,train
569233861651144704,train
569233554242080768,validation
569233440463155201,validation
569233260108124160,test
569232785786998785,train
569231102428250112,train
569230997650214913,train
569230859896803328,test
569230515833856000,train
569230445654740992,validation
569230193220554753,train
569229572123680769,train
569229142597771265,train
569229104286986240,train
569229091657936896,train
569228412159721473,train
569227490046164992,train
569226460281610241,test
569224171303145473,train
569223830759059458,train
569222694778105857,train
569222108200476672,train
569221909231104000,train
569219656482824192,validation
569215076655214592,train
569213183455563776,test
569211529880576001,test
569204185318723584,validation
569200983173156864,validation
569199676282564609,validation
569196231546830848,test
569195394065952768,test
569191875271372801,validation
569191191448817664,validation
569191124373520384,train
569190933297807360,test
569190811113525249,train
569190678758080512,test
569189652080533504,train
569188266089381888,train
569187541120724992,train
569185441171316737,train
569184255399620608,validation
569179937841815553,validation
569178210325430272,validation
569177868221202432,train
569176746735632384,test
569175278255284224,train
569174723877146625,train
569168865256546304,train
569168473194041344,train
569158629443502081,train
569157073906176000,train
569156321636847617,train
569154503188070400,test
569153142526332930,train
569152332765667328,validation
569152074052542464,test
569150828952444928,train
569146861082161152,train
569146084632760320,train
569144474359738368,train
569143699017371649,train
569143528397254656,train
569138202424025088,train
569132246810144769,train
569130620963696640,train
569126841354743809,train
569125697530101760,train
569125454684278785,test
569122341797691392,train
569121160149012480,test
569118085245898752,train
569114409613860864,train
569113910776881152,train
569113328724807680,train
569109515657826304,validation
569103956795904000,train
569102757875077121,train
569096740676222976,train
569091868153253888,train
569091378438746112,train
569087442092826624,validation
569083604216623104,train
569083132353204224,train
569076569983086592,train
569075196117839872,train
569068027917922304,train
569066946433581056,train
569046984369111041,train
569044397645385728,train
569036471232892929,validation
569017837576069120,train
569006801192161280,train
569005006902468608,train
569003837975089152,train
569003165984534528,train
569002746117902336,train
568996575617409026,test
568995644276383744,train
568993773277069312,validation
568993159419535360,train
568992314296819712,train
568991695917834240,validation
568987540155453440,test
568983580585517056,train
568983464172584960,train
568983310438805505,test
568982494676172800,train
568977430439817216,train
568976617453658113,train
568974681115459584,train
568974096161234946,train
568973348840943616,train
568972783234912257,train
568970344154836993,train
568969600559226880,test
568968141814046720,train
568968059517411329,train
568967907042037761,test
568967902520590337,train
568965774649520128,train
568964945259466752,test
568964635103076354,train
568963192489029632,validation
568962000614658048,train
568961738596462593,train
568961404067164160,train
568961064651460608,train
568960315888668672,test
568960217976864769,train
568959170730266624,validation
568958770849705984,test
568956535679758337,train
568955324511563776,train
568955077165260800,train
568944962311626752,train
568944928266412032,train
568944687077199872,train
568940704451289089,train
568940291530493952,train
568937402837786625,train
568932998051016704,train
568932129872039936,validation
568931762518110208,train
568931575980814336,train
568930822952103938,train
568929935273930752,test
568929608566837249,train
568928817651167232,train
568927427847544833,train
568926268772581377,test
568925181848227840,train
568924781837455360,train
568924327275401218,train
568921315069042688,train
568920810947272704,validation
568920607347384321,train
568920546043408385,train
568920244691070976,train
568919308006395904,train
568919118193291264,test
568917869762904066,validation
568916674168135681,train
568914888728449025,train
568912677994696706,validation
568911851674836992,validation
568911101146091520,validation
568909776635236352,train
568908255310827520,train
568907615809503233,test
568906811308257280,train
568906503358259200,test
568905816973172736,train
568905143883849728,train
568904934495629312,train
568904127834558464,test
568900016636452864,train
568899893206450176,train
568898792247992320,train
568897720410374145,train
568897013997289472,test
568896227917451264,test
568895587900207104,train
568894423507058688,train
568894248457646080,train
568894231651098624,test
568894021688434690,train
568891974687830016,validation
568891233386561537,train
568889828588331009,train
568888413308391424,train
568888167681695744,train
568885004610240512,train
568884379600224258,validation
568883264791785472,train
568882606634369024,test
568881791156822017,train
568879791648088065,train
568877772828880896,train
568876769455054849,train
568876711300997121,test
568875992128729088,train
568875212202078208,train
568872365146251264,validation
568871330495406080,train
568870342443184128,train
568864286266814465,train
568862787193081856,train
568862241497305088,train
568862134966345729,train
568861835568369664,train
568861309384728577,train
568861149053231104,train
568861022343307264,validation
568860520796725248,test
568858899438178305,train
568857976733376512,train
568855090930429952,train
568854763057475584,train
568853588858023936,train
568853321659736064,validation
568851381769134080,train
568850938796118016,validation
568850770331721728,train
568849719625158657,train
568848952768000000,train
568846033997803520,train
568845545986400256,train
568843464361713664,train
568843160224452608,test
568842695864504320,train
568841355226517504,validation
568840506148573186,train
568839596261249024,train
568839278681174016,train
568837638611992576,train
568837619372593153,train
568836750598123521,test
568836365309190145,train
568835573982633984,train
568834558268973056,train
568834182694240256,train
568833490818453504,test
568829891220803584,train
568828957002493953,train
568827568973066240,test
568827397103099904,train
568826055324098562,train
568825255604699136,validation
568824366928039936,train
568823603627565056,train
568823136600371200,validation
568821070767255552,train
568819697438871553,train
568818695562260481,validation
568818669024907264,test
568816016622354432,train
568815117120319488,train
568812654346653697,train
568811069575204864,train
568810170383536128,train
568809510644527104,train
568809330151022592,train
568808746689933312,train
568808318560550912,train
568807823187976193,train
568807083270762497,validation
568806985505726464,test
568806899275018241,train
568806618097455104,train
568805624164851712,validation
568804502645706752,test
568804416662454272,train
568801701378928641,train
568801400815292416,train
568800846789545984,train
568800822693380096,train
568799543698935808,train
568799486392143872,train
568798862086836225,train
568798853656223745,train
568798264943902720,train
568798045799784448,train
568797557914148865,validation
568797120410619904,train
568796340714639360,test
568796240319639552,train
568796018348724226,validation
568794248654426112,train
568789117426921472,train
568787185341751296,train
568786394656722944,train
568785867743105024,train
568785094430883840,train
568784868257214464,validation
568782407698149376,validation
568781359331844096,train
568781140217049088,train
568780552964145152,train
568779615323299840,train
568778730186928128,train
568778553933889536,train
568778374451220480,validation
568775130505207809,train
568774914452418561,train
568773939754889216,test
568769775515635712,validation
568768028831289344,train
568766741746225152,train
568766295761682432,validation
568763889506082816,train
568762267493249024,train
568761693997674496,train
568760613792579584,train
568760299978948608,train
568760283864416257,train
568760152129720320,train
568758241745719297,train
568757775205056512,test
568754053083222016,test
568752951164063745,train
568752793999286273,train
568752061682208768,train
568751647809273856,train
568749392083206144,train
568746335446441984,train
568745705864626176,train
568743141861228544,train
568737248931397632,train
568735841771597825,train
568735475847950336,test
568727789311889409,test
568724024362037248,train
568712938019639296,train
568711179318779904,train
568706272788262912,train
568703064691113984,validation
568682740020690945,train
568679098920206337,train
568677157569826816,train
568676137699651584,test
568672781979619328,train
568670498646700032,train
568668179158806529,train
568662554047696896,train
568660340910592000,train
568652268305666048,train
568649338005487618,train
568649053711380480,train
568648777315147777,train
568647808619659264,train
568645379031347200,train
568644388001337344,train
568643357108531200,train
568642357379399681,validation
568642209823612929,validation
568641342869544960,train
568640650129731585,train
568637437812944896,train
568636973964898305,test
568636474637357056,train
568636400419151873,train
568635298759860226,train
568634780264374272,train
568634515884789761,test
568633738567012352,train
568633534627381248,train
568633098474299392,train
568632724078125056,train
568632557836865536,train
568631249989988354,validation
568631243228762112,train
568631189856264192,train
568630308284850176,train
568629820306952192,train
568628159618424833,train
568626612314308608,train
568626423273017344,train
568625613797511169,train
568625258351063040,train
568623875468226560,train
568621210986090497,train
568620542682468352,validation
568620103895367680,train
568619425886121985,test
568617016917168128,train
568616851531378688,train
568616034384498688,train
568615445596471296,train
568614009584291840,validation
568612181480243200,train
568611819864117248,train
568611474416906240,train
568611024837849088,train
568608189089869825,train
568606685230555136,train
568604366690627584,train
568604311598469121,test
568603024320434176,train
568602933035601921,train
568602701623218177,train
568602614839033856,train
568602597197623298,train
568602015456215040,validation
568601554275721216,validation
568601459983400960,test
568601051584196608,train
568600552814174208,validation
568599227342852096,train
568591345801158656,train
568589571929350144,test
568589127290998784,test
568588936852799488,train
568588896218587137,train
568588797182648320,train
568587875702476800,train
568587429830983680,train
568586894776406017,validation
568583737417605122,train
568583414519083010,train
568579899243380736,validation
568574897988874240,test
568574059652489217,test
568571758627790849,validation
568569739225604096,test
568569662717313024,train
568568690381168640,train
568567970450055170,train
568566512308523008,train
568562657265131520,train
568561938457690112,train
568561033641480192,train
568560914779078656,train
568560786756366336,train
568560685568937985,test
568559580717805568,test
568558979841810432,train
568558887290441728,validation
568558562810544129,test
568558484653883392,train
568556148368019456,validation
568554719934844928,train
568554542897307648,train
568554411078889473,train
568554107952177152,train
568552775325364224,train
568552263641210881,train
568551504505802752,train
568551350025330691,train
568548980122103808,train
568548307200393217,train
568547839636332544,validation
568547201208565760,test
568546837231042560,train
568545534056787968,train
568545438976102400,train
568544491596083200,validation
568544467944407040,train
568542819788451841,train
568542766860541952,train
568542018760286209,test
568541219711819776,train
568540097639030784,train
568540063216197632,train
568539689176530944,train
568538242380742656,validation
568537606503280640,train
568535586325303296,train
568535405361913857,train
568535276546449409,train
568533876873633793,validation
568533099908182016,test
568531409209421826,train
568531076915662848,train
568530694353190912,train
568529886920335360,train
568528982439669761,train
568528082841112576,train
568527922576777216,train
568527764812374016,train
568526521910079488,test
568525820764897280,train
568524724256444416,train
568523834980057088,validation
568521960088449025,train
568521376245501956,train
568510973469855745,validation
568509669758660608,test
568509433229099009,validation
568509343047352322,train
568509302505377792,validation
568503966687993856,train
568502766747971585,train
568502279193681921,train
568502226597101568,test
568501539167473664,train
568501157452230656,train
568499629043687426,train
568498446216400896,train
568498114300153856,train
568495595440234496,test
568492016587436033,validation
568491668858662914,train
568491434397073408,test
568490310524936192,train
568490190194515970,validation
568489782298476544,test
568489700232695808,train
568489124098924546,test
568488247514554369,test
568487688510287873,train
568487677114363904,train
568487439062441984,train
568487293100691457,train
568487040234459138,train
568486660410908674,validation
568485564112117760,train
568484039499378690,validation
568483098310152193,train
568482785389899776,train
568480654347935745,validation
568475439460515840,train
568475010798637056,train
568474960097878016,train
568474423742738432,train
568474096058507264,validation
568473686178717696,validation
568473361388572672,train
568472330097332225,train
568470507433168896,train
568467286333513728,train
568464487931613185,train
568460351873937408,test
568456085536935936,train
568454161962049536,train
568451040397422593,train
568450407204139008,train
568448023845572608,train
568444650903748609,train
568444359391252480,train
568443892569235457,train
568442989258911745,train
568442965661761536,train
568442328794464256,train
568442077400436736,train
568441576206286848,train
568440681531875328,train
568440372206182400,train
568440180769746946,validation
568439661590396928,train
568438528666959872,train
568438162369822720,train
568437285605257216,train
568437189694111744,train
568436943131951104,train
568436613384155136,train
568435926503976960,validation
568435750485819392,test
568435677190336512,train
568435364349808640,test
568434959226179585,train
568434729684307970,train
568434307989159936,train
568434301496381441,train
568433716206436353,train
568433301880479746,train
568433145437138944,train
568433045805465600,train
568432677789011968,train
568432609866457088,train
568432405482229760,train
568432328902610944,train
568431356037996545,train
568431120032915457,train
568430874049581058,train
568430681367453696,train
568430087298801666,test
568429798604857344,train
568427942382071810,train
568427870055305216,train
568427853265571840,train
568426494554480640,train
568426489055719425,train
568425693828132864,train
568425272304934912,train
568424902287446016,validation
568424725929701376,train
568424704597467137,train
568423886762569728,train
568423284401836032,test
568422658494185472,train
568420497563598848,train
568419991030087681,train
568417260668379136,train
568416873211015168,train
568416305101070336,validation
568413198518329344,train
568412747324485632,train
568411980542775296,train
568403649753448448,train
568401416982806528,validation
568400398748266496,train
568400096586395649,validation
568397325820956672,train
568395094232932352,train
568394474243665920,train
568394078817267712,train
568393752596717568,train
568391878871285760,train
568387402810728448,test
568387362239205376,test
568382780251480064,train
568380876855353344,validation
568380749495164929,train
568379591569629185,validation
568378598043852800,train
568365652597014528,test
568335451741749248,train
568290152151269377,test
568282853240209408,train
568279415370735618,test
568278516309090304,train
568273152456810496,train
568270768989081600,train
568269372151734273,train
568260165759307776,train
568256684642213888,train
568255102567518208,train
568254137676242945,train
568253469129187328,train
568253266456395776,train
568251373189349376,test
568250993776803840,train
568246340246999041,train
568244687477161984,train
568244401308184576,train
568244170848137217,train
568244071770296320,train
568243600196296704,test
568243175074242560,train
568242480518434816,train
568241499831287808,train
568241460279181312,train
568241382776635392,test
568241156347305984,train
568240338164252672,train
568240100934426624,train
568240048384151554,validation
568239330168315905,train
568239189055176704,train
568237879337422848,train
568232942612447232,validation
568231725970505728,validation
568228052485812225,train
568221088750161920,test
568220169803325440,train
568220131819720705,train
568219452929662976,train
568218559278661632,train
568218462281183232,train
568216861550239744,train
568216703055876096,train
568215628890411009,train
568215093596573696,train
568214651336396801,train
568214398474432512,validation
568214147025870848,validation
568214091229224960,train
568213769098108928,train
568213658117005314,validation
568212538778906624,validation
568211991757770752,train
568210310663835648,test
568210186755813376,test
568209287517835265,validation
568209150410248192,train
568208831030943744,test
568208666035417088,train
568207527067783168,test
568207228412542976,train
568207206023360512,train
568206634758983681,train
568206455251144704,train
568205359208230912,validation
568205181990637568,train
568204705861652480,train
568204616594165760,train
568203709802532864,train
568203438099529728,train
568203327965696002,train
568203124760055808,train
568202590032236544,test
568202482746335232,train
568202287216234496,train
568201002731622400,test
568200934507057152,train
568199579201605632,train
568199550084591616,validation
568199101981937665,train
568198666613338112,train
568198336651649027,train
568198057155641344,train
568197789655515136,train
568196466503770112,train
568196150718824448,validation
568196117147463680,train
568195569350549504,validation
568193698284118016,train
568192942088843264,train
568192660923666433,train
568192252792541184,train
568191343769620480,train
568190857263915008,train
568189945308786688,validation
568189029478481920,train
568188639412400128,train
568187334111289344,test
568186350219821057,test
568186002759671808,validation
568184134666981376,train
568183785558310914,validation
568182544124014592,train
568181761114546176,validation
568179392293281792,train
568178422175948801,train
568177882620661760,test
568177152924860416,train
568177098038349825,train
568176390325075968,train
568176138574372864,test
568175537258156033,train
568174545854726144,train
568173938292985858,test
568173792406740994,train
568173309747048448,validation
568172923531481088,train
568172843520950272,test
568172398161354752,train
568172386903851008,train
568171002208886784,train
568169348721848322,train
568168505998229505,test
568167917004718080,train
568166479327313920,train
568165395279929344,validation
568164652821184512,train
568162505597566976,train
568162054206435328,train
568161493981794304,test
568161102254616576,train
568160197367242752,train
568159714737049601,test
568159336104636417,validation
568158732930191360,test
568157857151102976,test
568157634999783424,validation
568157491927896064,test
568156758025187329,test
568156672365092864,train
568155933832044544,validation
568155066668060672,train
568154777739259907,train
568153823581216768,train
568152817656930305,train
568152534507855872,validation
568152035767554048,train
568149912665198592,train
568146952635854848,train
568146088416448513,validation
568145983931969536,train
568145883679875072,train
568142966570807296,test
568140724618686464,train
568140722240512001,test
568140717198938112,test
568140329821577217,test
568139150710296577,test
568137238732771328,test
568134036239097856,test
568132912761208832,train
568132703738077185,train
568131853929947136,test
568130484934459392,train
568128390487789568,train
568127434173878272,train
568127068287963136,train
568126722903814144,validation
568126461477068800,train
568125723594133504,validation
568124733851443200,test
568124691673686016,validation
568123089344733184,train
568122440934658048,train
568116088631791616,train
568115928044404736,train
568115829616861184,validation
568115571788808192,test
568115075266973696,test
568109390026448896,test
568108968867819520,validation
568107822275305472,train
568107816923340800,train
568107407647207424,train
568106969812189184,validation
568105765442945024,train
568104907384832000,train
568102992110465025,validation
568101669809946624,train
568101513605681152,validation
568101162672500736,train
568100786657316864,train
568100774204600320,train
568098794031714304,validation
568098769847218177,validation
568098677618683904,train
568096875435282432,train
568095961408507904,train
568095014435229696,test
568094760151486464,validation
568094681256497152,train
568094548141977600,train
568094199586938880,train
568094177394888705,train
568093784417951744,train
568091845848231937,test
568091027774545920,train
568090890549374976,train
568090417641746432,train
568087713972236289,test
568086568059027456,test
568086156899966976,test
568084948948684800,validation
568083588308197376,train
568081068278075394,train
568080730150076416,test
568080542345895937,train
568079126462128129,test
568078149231067136,train
568076919146557440,train
568071468312981504,train
568069392422051841,train
568068967098658816,train
568068942771695616,train
568066927723212800,validation
568066161922977792,test
568064382627921920,train
568064005048152065,train
568059376474439680,train
568056665821413376,train
568052101504372737,train
568051199565533184,train
568045949999661058,validation
568045766280933377,validation
568045665185452032,train
568045397408661504,train
568044610955681793,train
568042975856619520,test
568041225174953985,train
568041161652342784,train
568041051182616576,test
568039128001937408,train
568036279989858304,validation
568034012930936832,validation
568031723004555264,train
568029763438186496,test
568028497001590784,validation
568027668026937344,test
568027443052720130,train
568025019068108800,train
568023553548922880,validation
568020304510869504,train
568018490331930625,train
568017916161085441,test
568016314457047040,train
568014845062332416,validation
568014723926626304,train
568011010029838336,train
568008802865274880,train
568005720026660864,validation
567995970232795136,train
567992830943223808,train
567980868997763072,train
567973066929614848,train
567965767808864256,test
567950666578030594,train
567947508208377858,test
567935527481188352,test
567930900731854848,test
567919283419742210,train
567918931148685312,train
567918283866898432,train
567918173992910848,test
567917894144770049,train
567916937679884288,train
567915499868131328,train
567912664996786177,train
567911142955311104,train
567910969856229377,train
567907212154118145,test
567906937423073280,train
567906374870528001,train
567905540761870336,train
567905220828606466,train
567905158346207233,train
567904873246781440,test
567903883047088128,validation
567903653933101056,train
567902218059264000,train
567899906150703104,train
567897563065511936,train
567897030934269952,train
567896250013601792,train
567895874598215680,test
567895664769785856,test
567894002286096384,validation
567893822585327616,validation
567892715603652608,validation
567892508987908096,train
567891805867483136,test
567890265416945664,test
567887437826908160,train
567887326350811137,train
567885370064506880,validation
567880900358311936,train
567879331810246656,validation
567878078782898176,train
567876244722814976,train
567875974869680128,train
567875922906456064,train
567874970463780864,train
567874858815733761,train
567874505881845760,train
567873801653997569,train
567873229055991808,train
567873087108161536,train
567873006501888000,train
567872392116191233,train
567872361304821760,train
567872267910262784,train
567872077899763712,validation
567872044030918657,train
567871911960645632,validation
567871783107452930,train
567869962800472064,train
567868027376517121,validation
567867483622748160,train
567864793404555264,test
567864588521381888,train
567864058742845440,train
567862754557759488,test
567862628460158976,train
567861067088596993,train
567860450676903936,test
567860067602558977,train
567857135066963968,train
567856962521661440,train
567856400522563584,validation
567856127246999552,train
567855566590255105,train
567853709100720128,train
567853054348754944,validation
567853001534210049,train
567852550512181248,test
567852264099999744,validation
567851942627577856,train
567851561474383873,train
567849376925618176,train
567848716738011136,test
567848437992984576,train
567848171155496960,train
567848084572532736,test
567847163465764864,train
567846268090740737,train
567846026507390976,train
567845998166339584,test
567845382102859777,validation
567845089508233217,train
567843889748418560,validation
567843811990376449,train
567842726861021184,train
567842661463240704,train
567842593440145408,validation
567841828411551744,train
567837218628362241,train
567837023014273024,train
567836728100200449,train
567836310775324672,train
567836118181277696,train
567831806944223232,train
567831434838159360,train
567831392526036992,train
567830303121870848,train
567829349727211521,test
567829088380919809,train
567828425278283777,test
567827488736419840,train
567827091409092608,train
567826599270416385,train
567825891209912320,validation
567824260207738880,test
567821839784939520,train
567821528424845312,validation
567818543569317888,validation
567818156607074304,train
567817897893982208,train
567817476144242688,train
567816742300356608,train
567814769077436416,train
567814010914222080,train
567813515353804801,test
567813437003411456,validation
567812799767003136,validation
567811776566542336,train
567810786576576512,train
567810683485753344,train
567810661372424193,validation
567810573002620928,train
567808748711051264,validation
567808067237326848,train
567808014725464064,train
567807844687577089,train
567807693534031872,train
567807375667912704,train
567807333498355713,validation
567807269707206657,train
567807014388154368,train
567806964832460800,train
567805458053099520,test
567803109687443456,validation
567802194155565056,train
567801642633162753,train
567801569157324800,train
567801567630618624,test
567801343861092352,train
567799665061576704,train
567799518448848897,validation
567798973008994304,train
567797436652199936,test
567796079446745088,train
567795784876589057,validation
567795026307325952,train
567794802394406912,train
567794198095872001,train
567793799590854656,train
567792966690168832,train
567792296654299137,train
567790133224681472,train
567789001374183424,validation
567785752751505412,train
567784566614540289,test
567783892711526400,train
567783456420012032,train
567781694183186432,train
567781607797305345,train
567780486978609152,validation
567779535307800576,validation
567778921812389888,train
567778149132664833,validation
567777885277405184,train
567776761510907904,train
567776348828360707,test
567775864679456768,train
567774038680801281,train
567773326631821312,train
567773176031145984,train
567772770604298240,train
567772568833503233,train
567772565956222976,train
567772012735922176,train
567771662167179264,test
567771077359570944,train
567770698111852544,train
567769879759962112,train
567769468278988800,train
567769131663884290,train
567768878613536769,train
567768330624372736,validation
567768306799882241,train
567766755797389312,train
567766410169954304,train
567766269810581505,validation
567765664459669504,test
567763818257063937,test
567761644802293760,train
567760693643214848,train
567760260598104064,train
567759774016868352,test
567758927111401474,train
567758699574226944,train
567758248481415170,validation
567758065320361985,train
567758020239966208,test
567758007912906752,train
567756085583302656,train
567755768037130241,validation
567754559762612225,train
567754367860633600,train
567752625647394816,train
567750136223518720,train
567749860611211265,train
567749243658858496,train
567747668512735232,train
567746576626356225,train
567743028215836672,train
567742238562975745,train
567740211384168448,train
567740053967736832,train
567739036425805824,validation
567738388980068352,train
567738171215994880,train
567737909072367616,train
567737803060940800,train
567737267095994368,train
567735239456194560,train
567734644515536896,test
567734573464027136,train
567733946717196288,train
567733847132229632,test
567733834964156417,train
567733251620356096,train
567732811772080129,train
567731944151322626,train
567731794498174978,validation
567730696656273408,train
567729368110096385,validation
567728800864010242,train
567728357555437568,train
567727883993358336,validation
567727701620822016,train
567727526777073664,validation
567727490567639041,train
567726912186118144,train
567725676958998528,train
567724950556258304,train
567724178317402112,train
567719957686136832,train
567718292530688000,train
567716378681933825,train
567696188602712064,train
567695310860730369,train
567690417265975296,validation
567680108002291712,train
567671602280923136,train
567667301067915264,train
567590027375702016,train
567588278875213824,train
570310600460525568,train
570310144459972608,train
570309340952993796,validation
570309000279023616,train
570308799950692353,test
570308156699611137,train
570307605631012864,train
570307109218340865,train
570307011981783040,train
570306867135696897,validation
570306715880706049,validation
570304779412508673,train
570304740279640064,train
570304445336178688,train
570304440017788929,train
570304244001193984,train
570304059384713218,train
570303720308809728,train
570302717085790209,train
570302023968694272,train
570300325917270018,validation
570298036938772483,train
570297185704812545,train
570296537433186305,train
570296516314845185,train
570296273611448320,test
570296212336865283,test
570295658185408512,validation
570295637708816384,train
570295405818335236,train
570295290063925249,train
570295202616889345,train
570294237348143104,train
570293289045364736,train
570292371340062720,validation
570291091204919297,train
570290730796777473,train
570290421336813568,train
570289532953874432,train
570289473898082305,test
570288981847502850,train
570288667790594048,train
570288445156941824,train
570288039454486529,validation
570287589216751616,test
570287318264905729,validation
570286925556424705,train
570286345454800896,train
570286290203070465,train
570286035118071808,test
570285320085880832,train
570285070184898561,train
570284855163883520,train
570281232287731712,train
570280852791422976,train
570280737951375360,train
570280653389996034,test
570280436796166144,train
570279106090274817,train
570279050276704257,train
570278902959988736,train
570278432417972224,train
570278202897276928,train
570277612389412864,train
570276878788861953,train
570276806512779264,train
570276681551732736,train
570276439829774336,train
570275106724782080,train
570274750821486592,train
570274417546113025,train
570274302118858752,train
570274057729519617,train
570273880486629377,train
570273188485197825,train
570272465299083264,train
570272309434564608,train
570272154635374592,validation
570271713512046592,train
570271209822294016,train
570271160363057154,train
570270772746461186,train
570270630660218881,train
570269976042573824,train
570269272502607873,train
570267781859557377,train
570266871586553856,train
570265780186710017,validation
570265699215675392,validation
570265609122029568,train
570264306350227456,train
570262977947013120,train
570262676481421312,train
570259388872695808,train
570259268844314625,validation
570258946860171264,train
570258435448688641,train
570258209534922752,train
570257918798516224,train
570257107737571329,train
570256300556165122,test
570255224155348992,train
570253865066602497,train
570252052099678208,train
570251909447192577,train
570250989305004033,train
570250443034640384,train
570249204767055872,train
570248954572619776,test
570248242853773312,train
570247763704868864,train
570245576815546368,train
570243874062503936,train
570242474750423040,train
570242452092813312,train
570242191685234688,train
570241590758920192,train
570240576144211968,test
570239546673238017,train
570237453229019137,train
570236495367315456,train
570236313393373186,train
570235676916117504,train
570235609933078529,validation
570232671353376769,train
570231786824994816,validation
570231607757381632,validation
570230527032229889,train
570229647713148928,validation
570229176621510659,train
570226365410230272,train
570226104839090176,train
570225817873227776,train
570224746652160000,train
570223944260849664,train
570223851570909185,train
570223460632403969,train
570222748615598081,train
570222481618948096,validation
570220968435716097,train
570219953741279232,train
570219138125324288,train
570217639584395264,train
570217450874146818,train
570215793511825408,train
570215234088116224,train
570214488739225601,train
570213946348560388,test
570213783085432832,train
570212087223287809,train
570208640520622080,train
570208313163550721,train
570208172289474560,validation
570206113783795713,validation
570205604314255360,test
570205370649604096,train
570204219191504896,train
570203789963218944,test
570203037823836160,train
570199481943261184,train
570197883716300800,train
570197868813918208,train
570196428364111873,train
570195970610348032,train
570192366272970752,train
570190931321757696,validation
570185347453329409,train
570184073139912704,train
570181464773562368,train
570177698166923267,validation
570157409458642944,train
570157210183069696,validation
570156989541687296,validation
570156777297350656,train
570151995472027649,train
570151703410053120,train
570133607223840768,validation
570125976195219456,test
570120432453615617,train
570119853312311296,test
570114300888678401,train
570114273021534209,train
570110504254857217,train
570110280635588608,train
570109961511895040,test
570109219078152193,test
570108987284197376,train
570108377029685248,train
570106579879645185,train
570105696219308033,validation
570104704241307649,validation
570104544622981122,test
570101746590093312,train
570098159076171776,train
570097596913623040,test
570091270334509056,test
570085837821632512,validation
570085644015419393,train
570085487261700096,train
570085423801888768,train
570085229576265728,train
570085132251598850,validation
570084871101661184,test
570084707548958720,validation
570084406204997632,train
570084337099673600,train
570084217301962752,train
570084200235335680,validation
570083998380232704,train
570083761582428160,train
570083548364992512,validation
570083458925490176,train
570083021099032576,train
570082431304392704,test
570082420936052737,test
570081545211375616,train
570081206412431360,train
570079855821389824,train
570079508797243392,validation
570078379421990912,train
570078355770339328,train
570078280591781888,train
570078102551834624,train
570078049779081216,train
570077991436484609,train
570076827135246336,validation
570075916430397440,test
570075866748694528,train
570075456302649344,train
570074662086045696,train
570074077383102464,train
570073507465469952,train
570073473952968705,train
570072227942674432,validation
570071350133579776,train
570071071220609024,validation
570070928425676800,train
570070449406812160,train
570069362310324224,test
570068659193950208,train
570067865946234883,train
570064017022181376,train
570063683256242177,train
570061827100422144,train
570061033253023744,train
570060873328414721,train
570060752926728192,train
570060273798631424,test
570060272049778688,validation
570058295689523200,validation
570058065480962048,train
570057520162721792,train
570056984986300418,train
570056859698270208,test
570056533356224512,train
570054495943720960,train
570054266267811840,train
570054257577041921,validation
570052124010278912,train
570051488875020288,test
570050881879568384,train
570048851295383552,train
570048275367079937,train
570048188830216192,train
570047737347088384,train
570047733236695040,train
570045890750230529,train
570045818205384704,test
570044019897556994,train
570043607954137090,train
570043569605648385,train
570043114058076160,train
570042796624777216,train
570038112166002688,train
570037369841135616,train
570033719609827328,train
570033554492690432,test
570030761539182592,train
570030590466121728,test
570030173300658176,train
570030083093729280,validation
570024409630515202,train
570024174162485251,train
570023602793238528,train
570023318251642883,train
570022626724220928,train
570021943899877377,train
570021485466685440,train
570021301223604224,train
570020147827752961,train
570020023630057472,validation
570019741806538752,train
570019623078383616,train
570019459244691456,train
570019234505474049,train
570018892031991808,train
570018836239364096,validation
570017568964132865,train
570017458742030336,train
570015794387685376,validation
570015715530395648,train
570015470570639360,validation
570015373447159808,test
570015223408668672,test
570013961808187393,validation
570013535696232449,train
570013472093642752,validation
570012789479055360,validation
570012549631975424,test
570012421345005568,train
570012047917907969,train
570011533205336064,train
570011088508604416,test
570010979074834432,train
570010973047795713,train
570009630786453505,train
570009129579900928,train
570008684413104128,train
570007761355980800,train
570007297927221249,validation
570005034340974592,train
570005004012138496,train
570004421352001536,validation
570003343222964224,train
570001983408635904,train
570001283907768320,validation
570001064424026112,train
570000760035024896,train
570000520083075072,train
570000158454353920,train
569999956796444674,train
569997350493663233,train
569996446348517376,train
569993444342534144,train
569993393767460864,train
569992662779961344,train
569992620744708096,train
569992532123258881,train
569992414653362176,train
569992362728005632,train
569992234801737728,validation
569991295776595968,train
569990010067423233,train
569989999963213824,validation
569989745503297536,train
569989322641936385,test
569989043456380928,validation
569988987420434432,train
569987511830904832,train
569987452334690305,test
569987227075239936,train
569986794797842433,validation
569986344484794369,train
569985838689456128,train
569985813712392194,train
569985760482365440,train
569985288992264192,train
569985270415818752,train
569985084348104704,train
569984789798899712,train
569984789673078785,train
569984178764308480,test
569984162377003008,train
569983587572789248,test
569982742198251520,validation
569981026598043648,validation
569981015378112512,train
569980923179094016,validation
569980771424976896,train
569980561344897024,train
569978187465166848,test
569977263191662595,validation
569976848786034688,train
569976124278640640,train
569975515974656000,train
569975508756267008,train
569973204263034880,train
569972804822704128,train
569972558218440704,train
569972447329574912,validation
569972250385862656,train
569971550008573953,train
569971542538346496,train
569971374820884481,train
569971233351213056,validation
569970977368645632,test
569970853334650880,train
569970659297792000,test
569970626057801728,train
569970608693493760,train
569970518381744128,train
569970287493705728,train
569970186431959040,validation
569970117154484224,validation
569969714245431296,train
569969506740674560,train
569969386062266368,test
569969218306904067,test
569969062228439040,train
569969045946175490,train
569968886227050496,validation
569968799576924160,train
569968609440563201,train
569967974284713984,train
569967965346664448,test
569967808446009345,train
569967469135142914,train
569966745982791680,train
569966073304522752,train
569964627305603073,train
569964389660540928,test
569963395652280320,train
569962709057298432,train
569961481455976449,train
569961117235191809,train
569961070519050240,train
569960904852312064,validation
569960704717008896,train
569960575792504833,test
569960024455454721,train
569959975566467072,train
569959415433965569,test
569959393917149189,train
569959365236690945,validation
569958552493793280,train
569958301443739650,train
569957315568394242,train
569956170393194496,train
569956147433574401,train
569952376473300992,train
569951958552805376,train
569951021398683650,train
569950785859145728,train
569950482665308160,train
569950215513497601,train
569949968750010370,train
569949405136232449,train
569949007465844736,train
569948356933332992,train
569948119712063489,train
569947283846004737,train
569947048574758912,train
569947033857069057,train
569947001456070656,train
569946740855582722,train
569946472751476737,train
569945501166133248,test
569945237025648640,validation
569945085158264832,validation
569944996616351746,train
569944514137362432,train
569944182011379712,train
569943857418399746,test
569943774253621248,train
569943434536091649,train
569943345000280064,train
569943328701095937,train
569943090766721024,train
569942656522047490,train
569942569951600640,train
569941616649244673,test
569941050002972672,train
569940989403635712,validation
569940889591795712,test
569940462678749186,test
569939368598753280,train
569939301301153792,test
569939286935674880,train
569938945871626240,test
569938939122991104,train
569938672935546880,test
569938487920566272,validation
569938470589718528,test
569938119060955136,train
569937457837273088,test
569936893325897728,test
569936213760716801,train
569935818783125504,train
569935639539425280,validation
569935531213086721,train
569935522497478656,train
569934782643224576,train
569933275436707840,train
569932287380467712,train
569932207311048705,test
569930403106172928,train
569930292024221696,train
569930199036497920,train
569929945331449856,train
569929134639611904,test
569928540004753409,train
569926843853185024,train
569926412234326016,train
569926031542345728,train
569925709025509376,test
569923242015764480,train
569923163259318274,validation
569922365322338304,train
569921842204565504,train
569921840904327168,train
569921757647212544,train
569921646057926656,train
569921267601580032,train
569920484856475649,validation
569920436466794496,train
569919319821434880,train
569918035097731072,test
569917765676601344,train
569917692758630400,train
569917431059099648,test
569916586682945536,train
569914295854739456,train
569914076496850945,train
569913838746742784,train
569912963273879552,validation
569911231705944064,train
569911064105754624,train
569910971222892545,train
569910571686088704,train
569910441423417345,train
569910410343804928,train
569910335353851904,train
569909641129402368,train
569909232696483842,train
569909058250997760,validation
569908805724712961,train
569908781720702976,test
569907782108839938,validation
569907323650633728,validation
569906167947898880,train
569905899650883585,test
569905773276307457,test
569905559652012032,train
569904589010575360,train
569903725449322496,train
569903376583913472,train
569902284710084608,validation
569900620095856640,validation
569899859995693056,train
569899859161026560,train
569899709734752256,train
569899203339657217,train
569899102198206464,test
569898346036404224,train
569897798692286465,train
569897573294743552,train
569896616322334720,validation
569896241196339201,train
569895538910498817,train
569895100526039040,train
569894983265710081,train
569894449922252800,train
569894295953645568,train
569894100649947136,train
569894035797753856,train
569893878536527872,train
569893554753040386,train
569892553690124288,train
569892413235294208,train
569891350302367745,train
569891260405665792,test
569890430893993986,train
569890311608111105,train
569890309624082432,validation
569890152832749568,train
569889475658178560,validation
569888762982850560,train
569888646633017344,validation
569887957810864129,train
569887533267611648,train
569886919833874432,train
569886537128632320,train
569885003020181504,train
569884559380238336,train
569884071758835712,train
569884052758659072,validation
569883910735159297,train
569883672679215104,train
569883558749335552,validation
569883376041250816,train
569883285989531649,train
569882980992335872,train
569882442129133568,test
569882324713783296,train
569881123741937664,train
569881062169567232,validation
569880207911460864,train
569880100218544128,test
569879818063507457,validation
569879601784041472,train
569879100971753472,train
569878754551599104,train
569878117583622145,train
569876325588197377,train
569874973021622272,train
569874944282234880,train
569874553175810050,train
569873968175259650,validation
569873190190600192,train
569873091763032065,train
569871932251729920,train
569870924410970112,validation
569870657246404608,train
569870445710671872,train
569870442388983808,train
569870374638235649,train
569870248779902976,train
569870128915083264,validation
569870036992593920,train
569870007368331264,validation
569869978217914368,train
569869163029762048,train
569867947130421249,train
569866875452203010,train
569866461172387841,train
569866081164111873,train
569865823415902208,test
569865637666930688,train
569864720305553409,validation
569863183961165826,train
569862572540878848,train
569861759240171522,train
569860355746213893,train
569857037477158912,validation
569856874604048385,train
569854370726064132,train
569852380327612416,train
569850182784966656,test
569849295786127360,train
569849281533874176,train
569848398129565696,validation
569846619996360704,train
569844919617101824,train
569844782702338048,test
569844191938908160,train
569843749230133248,train
569843142830071808,train
569842257588846592,test
569841949185839104,validation
569837569392967680,test
569833680316829696,train
569832968954499072,train
569827255653941248,train
569827206928715776,train
569825936788598786,train
569825133705216001,train
569824422279950336,test
569822645065093121,train
569821862873726976,train
569820790905970688,train
569817859406352384,train
569817051482726400,train
569815690531758082,test
569815061440679937,train
569810990189191168,test
569810057795391488,train
569802676914909184,test
569783738210525184,train
569777311475765248,test
569776946365620224,train
569775147919372288,train
569772867774230528,validation
569771711408644096,train
569771270839013376,train
569764668366938112,train
569763137819267072,test
569762394169221121,train
569760267485122560,train
569760231846072321,validation
569760128343220224,test
569759999083171840,test
569759558777892864,validation
569759459632750592,train
569759330662109185,test
569759291839803392,train
569759259480600577,validation
569759131143262208,train
569758956941234176,train
569758821310017536,train
569758649112854529,train
569758482989084674,train
569758349354340352,train
569758145020428288,train
569757977785184256,test
569757907048202240,train
569757773937770496,train
569757651539660801,train
569757363797757952,train
569757234260942848,validation
569757094166994944,train
569754180883247104,train
569752107730890752,train
569747533641199617,train
569747390758047745,train
569747046338588672,validation
569746612433629184,train
569746398519955456,train
569745728693784576,test
569735732060753921,train
569734884396302338,test
569734868344684544,train
569734821091487744,test
569731306092961792,train
569729663351832576,test
569729072697352192,test
569727223357427712,train
569726849988878336,train
569726350380150784,train
569725021951791104,train
569724225466073088,test
569722436935151616,train
569721813220995072,train
569721779645767680,train
569721604315312129,train
569720701197750272,validation
569719964023853056,train
569719741906075648,train
569719242427396096,train
569718807939428354,train
569718492108230657,validation
569718474047664129,validation
569717336959160323,train
569717188468334593,test
569716908787933184,train
569716670689902592,validation
569716646165778432,train
569716449704587265,train
569715656632999936,train
569715361660207105,train
569713111537717248,train
569710305707601920,train
569709901737406464,train
569709870729068544,validation
569709195936735232,train
569709103188197376,train
569708507961950209,train
569708139517480960,validation
569706908002578432,test
569706041673322498,train
569704108095111168,train
569704066760232960,train
569703596914282496,train
569703468736376832,train
569702495926267905,train
569702009751916544,train
569701230479413249,train
569701192449654784,test
569700068476866560,train
569699694454001664,train
569699616750489600,train
569699279566016512,train
569698944084680704,train
569698937281470464,validation
569698882797641728,train
569698150757244928,train
569697267856187392,test
569696666611261440,train
569696521425281024,train
569695412740714496,train
569694350831161344,validation
569693042040418304,train
569692835907129345,train
569692108367400960,test
569691438784647168,train
569690010531680256,train
569689743061069824,validation
569689324595376128,validation
569688335788036096,test
569687410969321472,train
569687262444720128,train
569686624721707009,test
569686602940858368,train
569686000240345090,test
569685606202093570,test
569685186495057920,validation
569684917145223170,train
569684686160719872,train
569684138304741377,test
569684101197910016,train
569683278715883523,train
569683111404908544,validation
569682877300023296,train
569682751063924736,train
569682545375354880,train
569682454757257216,train
569682228269068288,train
569682194236641282,train
569682192332234752,train
569682149277900800,train
569680829481406464,train
569680782622633984,train
569679976053805056,test
569679450750750720,train
569678919307280384,test
569678632567881728,train
569678568692719616,validation
569677827068579840,train
569677776384598017,validation
569676612851134464,validation
569676387113672704,train
569673913892003840,train
569673622505328640,train
569672763536842752,train
569672330261106688,train
569672234949742592,test
569672202037170177,train
569671871634935809,train
569671712830308352,test
569671624921915392,train
569671485930876928,validation
569671413671591937,validation
569671332092252160,train
569670882207129601,train
569670708818780161,test
569669921258409985,train
569669815205560320,train
569669786810114048,train
569669547210309632,test
569668704524308480,train
569668310637404163,train
569668179758350336,validation
569668051764969474,train
569666926294798338,train
569666826352898048,train
569666501504073728,test
569665202616020992,train
569663875836219392,train
569663278298890241,train
569662906842750976,train
569662030984056834,validation
569661154638872576,train
569661113593425920,train
569660306298945537,test
569659952681361408,train
569659646916440065,train
569659137581326336,train
569659027073867777,train
569658553381883905,validation
569658168097292288,train
569657895522054145,train
569657128866095104,train
569656884262793216,test
569656088817233921,train
569655603783708673,test
569655302871580673,train
569654471342600193,train
569654319391354880,train
569653977714962433,train
569653415317413888,test
569653219229630464,train
569652631938985984,train
569652266006941698,train
569651499422375936,validation
569651459152859137,test
569651165396373504,train
569651085348110336,train
569650819894652928,train
569650751598944256,test
569650547562811393,train
569649975342333952,train
569649590632374273,train
569649433635368961,train
569649297731399682,train
569649203753791488,train
569649125525983233,train
569648671870099456,train
569648534569361408,train
569647597666889728,test
569647318535786496,train
569647082870415361,validation
569646886610702337,validation
569646309159927808,train
569646045656948737,train
569645836109418496,test
569645701291843584,train
569644766779936768,train
569644694759714816,test
569644249337110528,test
569643648910028801,test
569642526065471488,train
569642419307864064,train
569641916855402496,train
569641343254970368,train
569640733466103808,validation
569640574971715584,train
569639784819372032,train
569639305016152066,train
569638835539349504,train
569638678194040832,train
569638479157723136,train
569638381375909889,validation
569637822929317890,train
569635479383085056,train
569635391965405184,train
569634364780351488,train
569633357451153408,test
569633323997212672,train
569633287204773888,train
569633285288157184,train
569633099174322177,test
569632828478136320,validation
569632685318115329,train
569632379326869504,train
569632283046469634,train
569630712233627648,train
569630148468670464,train
569629882323496961,train
569629631814508544,train
569629346777968640,train
569628521666117632,train
569628242044428288,train
569628145030004736,test
569627574336421888,train
569627477200535552,test
569627346166284288,test
569627079458865153,test
569627069463842816,train
569626882053787649,train
569626841046224896,train
569626683139104768,train
569625848334000128,train
569625599570014209,train
569625053916061696,train
569625014179377152,train
569624406437306370,train
569624021605740545,validation
569624009354170369,train
569623606684209154,train
569623415767871489,train
569623396729917440,test
569623359304003584,train
569623211324735488,train
569623190730887168,train
569623164105433088,validation
569623156337586177,train
569622857120137216,train
569621714046455808,test
569621698905022464,train
569621548446957568,train
569621412325023744,train
569621365634015232,train
569621238152368128,train
569621210746789888,train
569620355783925760,validation
569619861879590912,train
569619668060807169,train
569619075246235648,train
569618838767181825,train
569618750946873344,train
569618538924789760,train
569617777075625986,train
569617704644165632,train
569617332907212800,train
569616551239917569,train
569614672061575168,test
569614422496444417,validation
569614361574158336,train
569613897516380160,test
569612804350717953,train
569612379811676161,train
569611341394264064,validation
569610893052518400,train
569610759795314688,train
569610542723309568,train
569609828831780865,train
569609621834301440,validation
569608831816351745,train
569608141689753600,train
569607757784952832,train
569607719713288192,validation
569607287867883520,validation
569606281998299137,train
569605710314668035,train
569605690471288832,train
569605604416888832,train
569605521050898433,train
569605258621661184,validation
569604286369431552,train
569604198771363840,train
569604041141039104,validation
569603833804038144,train
569603523954016256,validation
569603357406576641,train
569602860020850688,train
569602817633222656,train
569602407417692162,train
569601913832022016,test
569601628279480320,train
569601275672829952,train
569601264679559168,train
569600990430806017,test
569600989055086592,train
569600757516914688,train
569600720254541824,train
569600023597428736,validation
569600009097904128,train
569599725240000513,validation
569599532268449792,validation
569599260288819201,train
569598915722518528,train
569598852912668672,train
569598323621023745,train
569597857013084160,train
569597711789502464,validation
569597328522387456,train
569596783011217408,validation
569596364197199873,train
569596357381644289,train
569596034059358208,train
569595745126494208,train
569595534916202496,train
569595123799101440,train
569595015518793730,train
569594973949206529,train
569592443542343680,validation
569592390211801089,train
569592368518660096,train
569592120954236928,test
569591310589431808,train
569589123218079745,train
569589028590391298,train
569588578159697920,train
569588465593143297,validation
569588073438121984,train
569587844693536768,validation
569587663692554242,train
569586372866150400,validation
569585968610615296,train
569585747503611905,train
569584885108748290,train
569584719089836032,validation
569584207011434497,train
569584057270575105,train
569583725408870401,validation
569583698640818176,train
569581828258078721,test
569581400850096128,validation
569580275182772225,train
569579478168547328,train
569578297945919488,train
569578016843669504,train
569577771292237824,validation
569577696793006080,train
569576236541825024,test
569575780864241664,train
569575176322424832,train
569574737929576448,train
569572536834498560,train
569572184768835585,train
569572095794917376,validation
569571654998888448,test
569569120951390209,train
569568612215865344,train
569567629083430912,test
569567252363812864,test
569567084721655808,train
569566712397471746,test
569566514132717568,train
569566323912671232,validation
569565598772043776,train
569565468937232384,validation
569565125344141312,test
569564566272811008,train
569563297164480513,train
569563148472225794,train
569562731356901376,train
569562007671853056,train
569561389121060864,validation
569561225488678913,validation
569561062749700097,validation
569560386548006912,train
569560151100821504,train
569559847131164672,test
569559311095095296,train
569559149933142016,validation
569558986665537537,train
569558791433416704,train
569558377178603520,train
569558156512088064,validation
569558153202774016,test
569558096613380098,train
569557964991930368,train
569557662997852160,train
569557167411478528,test
569556807703764992,validation
569556697603280897,train
569556500928188416,train
569556399585402880,validation
569555930028748800,test
569555929798217730,train
569555517502300160,train
569555455963471872,train
569555413450027011,train
569555411998613505,validation
569555072067051520,train
569553488885243904,train
569552947903754240,train
569552945324273665,train
569552426698723330,train
569551994949648385,train
569551779752386560,train
569551374867939328,train
569549401364029440,train
569548800169283586,train
569548355489148928,train
569547921189933056,train
569547782039728129,train
569546858122616833,train
569546689943482368,train
569546406442209280,train
569545779079094272,validation
569544955800264704,train
569544528299995137,train
569544271017037824,test
569544122098446337,train
569543665221136384,train
569542699222573056,train
569542427758866433,test
569541879441858560,train
569541291467522048,train
569540826231152640,train
569540668403662849,train
569540659209596928,train
569540652935069696,train
569540460810620928,train
569540173408698369,train
569539560910282752,train
569539074106789889,train
569538992980566017,train
569538857328353280,test
569538649110548480,train
569537708202307584,train
569537485761433600,train
569537042201194496,train
569536791830798336,train
569536168301211649,train
569535962604310529,train
569535820270583809,train
569535527227150336,train
569535230996045825,train
569534372954681344,train
569533663211356161,test
569533202835984385,test
569533159475277825,validation
569533103359660033,train
569532924036407297,train
569532793530785792,train
569532711787892736,train
569532667869335554,test
569532394455359488,test
569531768321269760,train
569531387629318144,train
569529813121290240,train
569529416155402240,test
569529412196167682,train
569528768148041728,train
569528550589464576,train
569528410684461057,validation
569528409723969537,train
569528105557053442,test
569527721916796929,train
569527440499978240,test
569527205291802624,train
569526583473483776,train
569526164575924225,train
569526029859094528,train
569525811704934401,train
569525690615205888,test
569525679823425536,train
569525636575793152,validation
569525480178769920,test
569525150263214080,train
569525116725567491,train
569524522291892226,test
569524497377861632,train
569524026294571008,validation
569523635171405824,train
569523377842606080,train
569523293356630016,train
569523240252661760,train
569522820725788674,train
569522534724403201,train
569522479049400320,test
569521573268480002,validation
569519918833643521,train
569519156502106112,train
569519040504287232,train
569519007965061121,test
569518608797323265,validation
569518382883704832,train
569518200410546176,train
569516370506993664,test
569514501730643968,train
569514031695962112,validation
569513151517073408,test
569513103970455552,train
569512656274468864,train
569512408420622336,train
569512132494159872,test
569510808847196160,validation
569509671213662208,train
569509520034156544,train
569509505022746624,train
569508277026983937,train
569507677501595649,test
569507632509267968,validation
569507522412986368,train
569507349548957696,train
569506974930481153,train
569506361266085888,train
569506137013420032,train
569505992163135490,validation
569504928810414080,train
569504866260930560,validation
569504813915832321,train
569504566380797952,test
569500867159699456,train
569500787849728001,validation
569500607637262336,train
569499262855331840,train
569497632361594880,validation
569496193249767424,validation
569496169652428800,train
569496068255195137,train
569496017210462208,validation
569495664729726976,train
569495613173309441,train
569495604944089088,test
569494421345046528,train
569494270966685696,train
569493923451834369,train
569493018081947649,train
569492838448300032,train
569492459258056704,train
569492269000204288,train
569492208203776000,train
569492106923806720,train
569491590105980929,train
569491240481382400,train
569490688569679872,train
569489753332191232,train
569489006955769856,train
569488962324172801,train
569488002361249792,train
569487757741051904,train
569487317917958144,validation
569487075797565440,train
569485322431696896,validation
569485181633089536,train
569484935557484544,train
569484900828491776,train
569484781668458496,validation
569484638219071488,train
569484458744807425,validation
569484387055734784,validation
569483987564961792,train
569483885404413952,test
569483303067131905,train
569482278646124544,train
569481844300898304,test
569480594419281920,train
569479822226952192,train
569478023839416320,train
569477458023616512,train
569475215832387584,test
569472446954389504,train
569472029717610496,train
569470776576880640,validation
569470441573609473,train
569470268474683393,train
569469169927720960,train
569468659648872448,validation
569467550100267008,train
569466525297590272,train
569465622301552641,train
569465299495358466,train
569464902164856832,test
569464183374385152,train
569463954155700224,train
569463202817417216,train
569459836389335040,test
569459455273897984,train
569459269394956288,test
569457108355289088,validation
569456923663151104,validation
569456828511326208,train
569454891644674049,train
569451523878420480,train
569450700532535296,train
569443675194966016,test
569438126806052864,validation
569437674257276930,validation
569436595746684929,train
569436161032073218,test
569435327544369153,validation
569434598825992192,test
569432100652384256,train
569431884217909248,train
569429468781150208,train
569421478460063745,train
569421367243878400,train
569419928173989889,train
569419080479875072,train
569418962108162048,test
569418351295926273,train
569417702764363776,train
569416670340636672,train
569416236171456513,train
569414739694104576,test
569408340616351744,train
569407067007496192,train
569406451980091392,train
569400188491730945,train
569399153253429248,train
569398722884280320,test
569395278731747329,train
569394015055040512,train
569393942296432640,train
569392880911036416,test
569392511732588544,train
569392471966388224,test
569391350879137792,train
569388260633542657,train
569388156031799297,test
569387765957308416,train
569387570364198913,test
569387211025727488,train
569387005131546624,test
569386555107733505,validation
569386397683073024,train
569385862489776128,train
569382407847211008,train
569382354529030144,train
569381601374638081,test
569381443257958401,train
569380739285786625,train
569380098119499776,train
569380081254027265,train
569379997175177216,validation
569379979055796224,train
569378015429447680,validation
569377633894445056,test
569377149045444608,train
569376311824621568,train
569375244751745025,train
569374561197789184,validation
569374560505737216,test
569373650647945216,train
569373631999926272,test
569373375988150272,train
569373336922230784,train
569372837854756864,train
569372595067490304,validation
569372422509453313,train
569372340309651457,validation
569372015980707840,train
569371693602476032,train
569371393294344192,validation
569370553963786241,train
569369390178799616,train
569369008580874240,train
569368532242145280,train
569368352868556800,validation
569367829188886528,train
569366960871333889,test
569366383458275329,train
569365604832047104,train
569364758681559042,train
569364610572259328,train
569364189753544705,test
569363263588339712,train
569362336991092736,train
569362149400838144,validation
569361961487478785,train
569361898581467136,train
569361887659294720,train
569361587032748032,train
569360552272769024,train
569360352594546688,train
569359793800024064,train
569359025655181312,train
569358953567670272,train
569357810867138560,train
569357691715493888,train
569357122527469568,validation
569357079716229121,train
569356553977012225,train
569356513061556225,test
569355923396780032,train
569354882370572289,train
569353641615687680,train
569353501123280896,validation
569353454914662400,train
569353354545008640,test
569353230007664640,validation
569352847898386432,train
569352324700708864,train
569351289026568192,train
569351224274718720,validation
569350289729458177,test
569347552484728832,train
569347372595212289,train
569346960181870592,train
569346721173655552,train
569345780244312067,train
569345132866220032,validation
569345076406693888,test
569343970360348672,train
569343738331275264,train
569343563244425216,train
569343160062742528,validation
569343070849740801,test
569342681551400960,validation
569342508553121795,test
569341439148236800,test
569340402786025472,train
569339928678522880,validation
569338966857687040,train
569338658295193600,train
569338605057015808,test
569338492515278848,validation
569337645878390784,test
569337605223006209,test
569337274707660800,train
569337230935724032,test
569337064484962304,train
569336493224955904,train
569335998083174400,train
569333934670139392,train
569332399471001600,train
569332237138841600,test
569332044909678592,train
569330686135537664,train
569330337735696385,train
569330030074990592,train
569329707084353536,train
569329041544749056,test
569328931905642496,test
569328854948573187,train
569328005677494272,train
569327664919498752,train
569326785353129984,train
569326191213219841,train
569325844931448832,train
569325511635308544,validation
569325005823217664,train
569324647906480128,train
569323273172832256,train
569322901691707392,train
569322478847135744,train
569322175175352322,train
569322078819766272,train
569321800359927808,train
569319723889876993,train
569319324810235904,train
569317626687717376,train
569317490276360193,train
569317426975760384,validation
569316516321202176,test
569316342769291264,validation
569314734752854017,train
569314643627413504,train
569313126342123520,train
569313112089886720,train
569312745306382336,validation
569312530620817408,train
569312129456545792,train
569310913079214080,validation
569309864759050240,validation
569308130464698368,train
569307561083703296,train
569306871242366977,train
569305239834136576,train
569304295444774912,train
569303779822190593,train
569301606891712512,test
569300435091251200,train
569298163632373761,train
569297324285022209,train
569295822006960128,train
569294599614803968,train
569294079835705346,train
569290509883187202,train
569289836995190784,test
569289545058947072,validation
569289254616076288,train
569289098944507904,test
569288052725694464,train
569287724471066625,train
569284223590232064,train
569281170996891649,train
569280553574277120,validation
569279106086522880,test
569278421743878144,train
569278418606559233,train
569278041165324290,train
569277895224516608,train
569277477652172800,train
569274195332325377,train
569274088289660928,train
569273247252008961,train
569273176775114752,train
569272209887404032,train
569270187725160449,train
569269757293293568,validation
569269594386526209,train
569268918566719488,train
569268155383717889,validation
569267207324246019,validation
569263908973903872,train
569263732280451072,train
569263677234388993,test
569263496560422912,train
569263373092823040,validation
569262702301876224,train
569261236094967808,train
569260276626956288,validation
569259449115942913,train
569258945254191104,train
569258934864781312,train
569258544714911746,train
569256468198924288,train
569256374011428866,train
569255036796215297,train
569253430100946944,test
569252439548952576,validation
569252020474896385,train
569250990291062786,train
569250438882705410,train
569248875825008640,train
569248700947689474,train
569248672606597121,train
569248250424918021,train
569246373020717057,train
569246231500685314,train
569245856680914944,train
569245155837882368,train
569245152406953984,train
569244957698969602,test
569243185832169472,validation
569242425530712064,validation
569242046621491200,train
569241970662645762,test
569241834670698496,train
569241701434449920,train
569241467916566530,train
569241158196400130,train
569239087493857281,validation
569238450794209280,train
569237783715422208,train
569236665950203904,train
569234806543929344,train
569234264153174017,train
569230567759327233,train
569229557468827648,train
569229441739522048,validation
569229135752642560,train
569226857272516608,train
569226044118581248,train
569225958495952897,train
569223653952323584,train
569223536507809792,train
569223492987723778,train
569223482791366656,train
569220920218296320,train
569220438397751299,train
569220243123544065,train
569219405852377090,train
569217929541238784,train
569217342380445696,test
569212558952960000,test
569212376421158912,train
569211350985134081,train
569210743133831168,train
569209605198376961,validation
569206566035042305,train
569202715571703808,train
569198999904886784,train
569198593158086656,train
569198480226439168,train
569196701401128961,train
569194567603499008,train
569192350607671297,train
569191845219209217,train
569191270654070784,validation
569190606276333568,train
569190357344358400,train
569189803746574337,train
569189550570016768,train
569188782492266496,train
569188447157661696,test
569184069734395906,train
569183862493810690,train
569182303034974208,validation
569182050219126785,validation
569181501830656000,train
569180856423567361,train
569180231782801408,train
569178197499256832,train
569176543236399104,test
569176528338202624,train
569174847374233600,train
569174820308590592,test
569171651381702657,validation
569171167174627328,train
569170176165478401,test
569169690997751808,train
569169274109100032,train
569168696083656705,train
569167658698067970,validation
569167514300784640,train
569166368781635584,train
569165517614944256,train
569164415322492928,validation
569164183473762304,train
569163241781403648,train
569163008309657600,train
569162593819955203,train
569162211748245504,train
569161513056935936,train
569159165626716160,train
569158030404800513,train
569156425626329089,test
569154174929244162,validation
569153841083625473,train
569153207148150785,train
569152792314687488,test
569151367702401025,train
569147067559485440,train
569145957721505792,test
569144026084962305,train
569143915405651968,train
569143704109215745,validation
569143443512897536,train
569139808804605953,train
569136628301729792,test
569136050951622656,train
569135312175280128,train
569135148660342784,train
569135011322064897,train
569134333166002177,validation
569129625592274944,train
569128660101427200,train
569126921096859648,train
569126397161054208,validation
569125267270017024,train
569124893477842944,train
569124496990466051,train
569124024426618881,validation
569123565984997376,validation
569120836264853505,train
569120452586700800,validation
569119050682339329,validation
569118675070005248,train
569117839308800001,train
569117360965193728,validation
569116333998256129,train
569115483313582080,test
569114772211437568,test
569114030268424192,train
569108474233270273,train
569108069893992448,validation
569108027644645376,validation
569107706302357504,train
569103591966793728,train
569103475709054976,train
569102942088900608,test
569088825420607488,validation
569083218554519552,validation
569079956912758784,validation
569072664997801984,validation
569064161747083266,validation
569040346262282241,train
569039105775939584,train
569033300662218752,train
569031663520489472,train
569021593852239872,train
569016660927123456,test
569016588411789312,train
569016065600008193,train
569015470025793536,train
569015379021795328,test
569015346624991232,train
569013921660731393,validation
569009996668624896,train
569007993897013249,train
569007890029129728,test
569007852607680512,train
569006176186183680,train
569002703558475777,train
569000361735761920,train
568999879176949760,train
568999631956393984,train
568997394345533440,train
568997237176569856,validation
568997136643309568,validation
568997044406374400,train
568996855566245889,train
568996669167181824,train
568996536555851776,test
568996205910466560,train
568995608238772224,validation
568995277580996609,train
568995213529759745,train
568994886336307200,validation
568994755268513793,train
568994696980238336,train
568994622866915328,train
568994507074772992,train
568992757169065984,train
568992118309462016,train
568991327389671425,validation
568990617394647040,train
568985734163664896,train
568983517037772800,train
568982821454245888,validation
568981931599237120,train
568981079278751744,train
568979232786939904,test
568977167410802688,train
568977086922297345,test
568974120030875648,train
568973830086995968,train
568971304914853889,train
568970274303045634,test
568969970513653762,train
568969667106045952,train
568969274410168321,train
568969040133165056,train
568968393765711874,validation
568966649728114688,train
568966330315091968,train
568966274887389185,validation
568964227366387713,validation
568964010101514240,validation
568963705439789056,train
568963494390820864,train
568962249177436160,train
568961160357285889,train
568959916498509824,train
568959870445031424,train
568959665360384000,train
568959416524886016,train
568958322306650113,train
568957769858060290,validation
568957173692108800,train
568954558589702144,train
568949250152734720,validation
568948462030467072,train
568948170060746752,train
568947860424642560,test
568947623626846208,train
568947358349701120,train
568941140415803393,train
568940264020004864,train
568940215190085633,train
568937741037088768,train
568937707994419200,train
568937604328108032,train
568935917341286400,test
568935636318552064,train
568935494375108608,test
568933672033910784,train
568932061882552320,validation
568930740127326209,train
568930588868141056,test
568929851379478529,train
568929010966765568,train
568924897575088130,test
568923795228139521,train
568922138348019712,validation
568919673548337152,train
568917054004334592,train
568916807815438336,train
568914516546850816,train
568914125549649920,train
568913819881205761,train
568913418092224512,train
568912730742255616,train
568912678917271552,validation
568912588748292097,train
568911270566608896,test
568911225167474688,validation
568910988361244672,train
568909605499215872,train
568909200832618496,train
568908978001993729,train
568905470502670336,train
568904804451409920,train
568903820283158528,train
568903208015433728,train
568902736462262272,train
568902419972694016,train
568902192364548097,test
568901905910521856,train
568899726273323008,train
568898634923843586,train
568897700315435008,train
568896751102533632,train
568895534825639936,train
568895061284364288,train
568895050601508865,train
568894795294363648,validation
568894101766012929,train
568891505869344770,validation
568890203923980288,train
568889054286053377,train
568887349481861120,validation
568885966523527168,train
568885645927686144,train
568883826333777920,train
568883598281076738,train
568882629409411072,train
568881975177515009,train
568881442438176769,train
568881148325007360,train
568878979576410112,test
568877748967444480,train
568877690821877760,test
568877353478299648,train
568875591308611584,train
568875453773168640,train
568874399652306944,train
568874175693242369,test
568873459901702145,train
568873199250706433,train
568870841120731138,train
568870473934761985,test
568870279906234368,train
568869609622904832,train
568868928732028928,train
568867930127114240,train
568864981917110272,train
568863902106320896,train
568863640721477632,validation
568862839340961792,train
568862320442662912,train
568862015575461889,train
568861899435016192,train
568861573479059456,train
568861255731154944,test
568858974281314304,train
568858696198938624,train
568857663171366912,train
568857278721478656,train
568854976119898112,train
568854243097976832,validation
568853412617560064,validation
568853290513010688,train
568852572188098561,train
568852319762313216,test
568852246462631936,validation
568849460450725890,train
568847612503334912,test
568846754701058048,train
568846188725841920,train
568845552114405376,validation
568845421390344192,train
568845145510158336,train
568843696105496577,train
568842945530441728,train
568841635049533440,train
568841068348878848,validation
568840215089041409,train
568839036007260162,validation
568838743030956032,validation
568838717303074816,train
568836390991101952,train
568834902365503488,train
568834884942336000,train
568834834040164352,train
568834249303785472,validation
568834026317832193,train
568833970143698944,train
568833409138745344,validation
568829465788350464,test
568826425538519041,train
568826247809273856,train
568826070897717250,train
568826004891832321,train
568825686472953856,validation
568825563126865922,train
568825140898873344,train
568824821531996162,train
568824786337574912,validation
568824193380425731,train
568823990321598465,train
568823897967034368,train
568823817679847425,train
568823143789416449,validation
568822571875098624,train
568822419823169536,test
568821402389893120,validation
568818512191471616,validation
568818328132841472,train
568817526823456768,validation
568815766474244096,validation
568814284680994816,train
568814251311288320,validation
568813649336381440,train
568812675175591936,train
568812584469528576,train
568811771315814401,train
568811022049349633,train
568810681279111168,train
568809407120855041,train
568809369678315521,train
568809327298883584,train
568808528426741760,test
568808397660774401,train
568807947423375360,test
568807901608828928,train
568807391484997632,train
568806740227166208,test
568806267940048896,train
568805605432958976,train
568804625257791488,train
568804534845345792,validation
568803508784275457,train
568803073835077632,test
568802225058926592,train
568800165886210048,train
568799336097656836,validation
568796551394549760,train
568796449863028736,validation
568796187299606528,train
568795549211738113,train
568795462125428736,train
568794464749264896,test
568793575300796417,validation
568793221809250304,train
568792664931508225,test
568791745925918721,test
568791243800473600,train
568790903776636928,train
568790795253186560,train
568790707470790656,test
568790685723136001,validation
568790282839433216,train
568790015142178816,train
568789565483454464,test
568789267180331008,train
568789020890812416,train
568788849440063489,train
568788652995833856,test
568788141236199424,train
568787831436345344,train
568787210188812289,validation
568786315820470272,train
568785504004497408,train
568785393358905345,train
568783658150191104,train
568783455338819584,train
568782732358258689,train
568782673587658752,train
568781642946490368,train
568781427636092928,train
568780964677201920,train
568780741909319680,train
568780675672907776,validation
568780228648144896,train
568779311261622272,test
568779110710964224,train
568778215671664640,train
568777504368005120,train
568776950665371648,train
568776831006064640,train
568775800599801856,train
568775493727551488,validation
568775413192921088,train
568775265406611456,train
568775146703589376,train
568774932844261376,train
568774385965932545,test
568774317410009088,train
568773869512761345,validation
568773776638406656,train
568773342053969920,train
568772824523001856,train
568770442292551680,train
568770125114929152,validation
568769725175435264,validation
568769373122342912,test
568769216662282240,test
568769111561527297,validation
568768864793681921,test
568764059732058112,test
568762393083449345,train
568761600359993344,train
568760999194591232,train
568760866088337409,train
568760648135544832,train
568759575807184896,train
568759027775225856,train
568753556498604032,test
568751669892268032,train
568751082547089408,test
568750153315676160,test
568749045528842240,train
568748360599019520,train
568748242109927424,train
568725291247525888,validation
568724832898162688,validation
568715209944244224,validation
568706442850660352,train
568678961229762560,validation
568652138915766272,train
568650058780041216,test
568646628795666432,validation
568644931792687104,train
568644286306242561,test
568644053522391041,train
568643981258723328,train
568641157724549120,validation
568640966866935808,train
568639824145584128,train
568638903097421824,train
568638610385158145,validation
568637273945866240,test
568637070207422464,train
568635173216133120,train
568634603885502464,train
568634467587264512,train
568634185155358720,train
568633911959363586,validation
568633802433507329,train
568633680605945856,validation
568632534117908480,train
568631538541326336,train
568627373027020800,train
568627064062009344,train
568626974278733826,train
568626969983750145,validation
568626857576407041,train
568626368373780481,test
568624462863720448,train
568623037962039297,train
568622478081306624,train
568620917531623424,train
568620349027323905,test
568619699212140544,train
568619609101721601,train
568619178363478018,validation
568618649751171072,train
568617305757728768,train
568616488766029824,train
568616463407255552,train
568616190609764354,train
568615362960293888,train
568609999200477185,train
568609430754865152,train
568608665072246784,train
568608132731154432,train
568607755042484224,train
568607425047240704,validation
568607094426996738,train
568606704566439936,test
568606238428270594,train
568606066155634688,train
568605590735294464,test
568605539866976256,validation
568605001666449408,train
568604735772741632,train
568602309703249921,train
568602156988657664,train
568601527591440386,train
568598882613133314,train
568598334643916800,train
568595632140775424,train
568594726317887488,train
568594646168948736,test
568593538520231936,train
568592695699976192,validation
568591324737200128,train
568588273137754112,test
568583191260483584,train
568583014176960513,test
568576810474201088,train
568576058645188608,train
568574989688901632,train
568569972529745920,train
568569906201038848,train
568569646389067776,train
568569324245532672,train
568564623156211712,test
568564342150598656,validation
568561924985782272,test
568561877699182592,train
568560130117251072,train
568556953640820736,train
568553063935557632,train
568552167122055168,test
568552050797068290,train
568550060461408257,test
568549003626811392,train
568548629432004609,train
568544549536198656,train
568544211370418176,train
568544199072735232,test
568542052205666305,test
568541965060427776,train
568541894076026881,train
568541043106435072,train
568540062306181120,train
568538553862340608,validation
568538064487735296,train
568535163690287104,train
568534114527113216,validation
568533394402861056,validation
568531781835571200,train
568529856977199104,train
568527941723774976,validation
568527605063757824,train
568527545097805824,train
568526809387544576,train
568526216958857216,train
568524186185961473,train
568523003778084864,train
568522861205266432,train
568522744356212738,train
568521303956656128,train
568517827482685440,train
568517386795507712,train
568516267440631808,train
568514794287796224,train
568514293441757184,train
568512284202438656,train
568511208011071488,train
568510886324744193,train
568509738763169792,train
568507131902726144,test
568506804096917504,train
568505918540750848,train
568505037833396224,validation
568505005633880064,train
568502112457510912,validation
568501367754661888,test
568501293079248896,train
568501242248499201,validation
568500854082420737,train
568499953041080321,train
568499798099304449,train
568499384704479233,train
568497723109974016,validation
568496915211538436,validation
568496861797076992,train
568496811662581760,train
568496664677363712,train
568494962880475137,train
568494910405517312,train
568494466929188864,train
568494200163074048,train
568492653987418112,train
568492370821562368,train
568492323824381952,train
568492240273874944,train
568491905903939584,train
568491813528576000,test
568491593512198144,train
568491460250742784,train
568491224946098176,train
568491035564879872,validation
568490964173627393,test
568490899396829186,validation
568490860901478400,train
568490780203065347,train
568490703476682752,train
568487367536996354,train
568486436355346432,test
568483559532568576,train
568483338257895424,test
568482925177651201,train
568482893913333762,train
568482672789622784,train
568482472880697345,train
568482412990218241,test
568482168021917697,train
568481998257430530,train
568481836290220033,test
568481515899908096,train
568481179646758913,test
568480476803035137,train
568480213123919874,train
568479680229208064,train
568475947617411072,train
568475305675001857,train
568474825989054464,test
568474546275287040,train
568474189818146816,test
568473401544859648,train
568472920466411520,train
568472783354773504,test
568472775729516544,train
568472259020648448,train
568472185993629696,test
568471991889612800,test
568471539433275393,validation
568469645843279872,train
568467880481665025,train
568465174702772226,train
568464356687679488,train
568463569458741248,validation
568462805235597312,test
568460100970668032,train
568459150444769281,train
568458157703499776,train
568457955223453696,train
568457722909368320,validation
568457663123746816,train
568456310972424192,train
568455524599132160,validation
568454321219596289,train
568454157478326272,train
568454051144339456,train
568451849054851072,train
568451219477250048,train
568451138221166592,test
568450712314753024,test
568449649951907840,train
568449520645906432,train
568449323895275520,train
568449223730925571,train
568447513759522816,train
568447062976524288,train
568444203883204608,train
568444091836604416,train
568444029257584640,train
568443870570278912,validation
568442952176918528,train
568442492569456640,test
568440682584477696,train
568440431454736384,train
568440004281823233,train
568438860390244353,train
568438645591384064,train
568438142673555457,train
568436081303158784,validation
568436010817712128,test
568434509017960449,train
568432364717633536,test
568431753272168448,train
568428263762214913,train
568423848732991488,validation
568423588077936640,train
568422454609219584,train
568422177571258368,validation
568417913914441728,train
568417751854931968,train
568416602728890370,train
568414700326797312,train
568411114448523264,train
568410282298621952,test
568409651466899457,validation
568408074161160192,train
568405950958333952,train
568402562107498497,train
568398620686467072,train
568397140977979392,train
568396913726382080,train
568394432900431872,train
568388846125223936,train
568388625689235456,train
568388037484220416,validation
568387549867036672,train
568387111931527168,test
568386094875738113,test
568386017037672448,train
568384147464568834,train
568384143379156993,train
568383500530769920,train
568382790506389504,train
568382196081229824,train
568378076955938816,train
568374422136070144,train
568373807414714369,validation
568373623737556992,train
568372767810125825,validation
568364074427420672,test
568361346464497664,train
568360334609612801,validation
568356849189150721,train
568354818344923136,train
568341364951388160,test
568298773941755904,test
568289529561518080,validation
568284538914385920,train
568282478076669952,test
568276831134191618,train
568274949275824128,train
568273310347165696,validation
568272139075387392,validation
568265355115814913,train
568265016253628416,train
568259618884993024,train
568258726668443648,train
568258333649604608,test
568258093051727873,train
568258075431477248,validation
568257392195936259,test
568256282668302337,validation
568255924130983936,train
568255867751165952,test
568255534941544448,train
568252192592769025,train
568251315220041728,train
568250311455981570,train
568248151368269824,validation
568248102018285570,train
568247480023961600,train
568246970126438400,train
568246736222879744,train
568245800788221953,train
568245558919503872,train
568245429491654656,test
568244508837736449,train
568244413031448577,test
568244094583107585,train
568243079003529216,train
568242359928037377,train
568241989453393920,test
568239978276360192,train
568238605036064768,train
568236763128463361,train
568235890205532160,train
568234992557527040,test
568234162638999552,train
568232802749161472,train
568231913040814080,test
568230023251042304,validation
568229427286405121,train
568229143860658176,train
568228746697814016,train
568228614275260416,validation
568226977070632960,train
568225166527991808,validation
568224769872502784,train
568223950926446593,train
568223612802637824,train
568223380375076864,validation
568222090769379328,train
568221761898209280,test
568220625648672768,validation
568220033299542016,validation
568219901359460353,train
568218884060241920,train
568218389619077121,train
568217681838641152,train
568216602866376704,train
568216411404808192,train
568216196132302848,train
568215917894737920,test
568215307170521088,validation
568214100578324480,train
568213843618299904,train
568213769798578176,train
568211517398786048,test
568211263303639040,train
568211021497638912,train
568210928484913152,train
568210743390117888,train
568210512405790720,train
568208488335331329,train
568208413286477825,train
568208027775569920,train
568202255205335041,train
568200350697717760,train
568199988255330304,train
568199678896037890,train
568196165780578304,test
568194520497713152,train
568194475077570560,train
568194427904069632,test
568194265022648320,train
568192271453188096,validation
568189372362674176,train
568188243713372161,train
568187959276646401,test
568185352441212929,train
568185092163678208,train
568181747357229057,test
568180869120135169,train
568178085415092226,train
568175505314336768,test
568175323470290944,train
568175282919739392,validation
568174975028465664,train
568174847450329088,train
568174802059464705,train
568173724974878720,train
568173388663013377,validation
568173151798108161,test
568172839758630912,train
568171538324840449,test
568171144504872961,train
568170794670551040,train
568170119664443393,train
568169732895051777,validation
568167414493532161,train
568166478572204032,train
568166390873653248,train
568166268546748416,test
568165058229997569,validation
568164721406418945,train
568163907325599745,train
568163524314144768,train
568163426343784448,train
568162673981943808,train
568162091175182336,test
568162061278011392,train
568161997935607808,validation
568161284249796608,train
568160713170149376,validation
568159483786084352,validation
568158427664527360,train
568157856576475136,train
568156002941415425,train
568155954484797442,test
568155779225788416,train
568154816414789632,train
568153752533733376,train
568153430776287233,train
568152863962238976,train
568151138421207040,train
568150866890522628,train
568150818572144640,train
568148808993013761,validation
568144060248170496,train
568143054856712192,test
568142922031501312,train
568141720556322816,train
568141479132200960,train
568140468854198272,test
568140221994250240,train
568139693574848513,train
568139479237525505,validation
568139253194067968,train
568139144515313664,train
568138996112445440,train
568138663864852481,test
568138172133183488,train
568137336095170560,train
568136286109888512,train
568135839814807552,validation
568135421445545984,train
568135319876468736,train
568134930137550848,test
568134534857764864,train
568134273628155904,train
568134058242400256,train
568133754142793728,train
568132101729443841,train
568129940371214336,train
568128904260685824,validation
568128753223794688,train
568128665801900032,train
568128399035772928,train
568127477555441664,validation
568126621611372545,train
568124226135130112,train
568123193577177089,train
568123010638483456,train
568121535233458176,train
568119831519739904,test
568118361701265408,validation
568117268254568448,train
568116895305617409,train
568116768868159488,train
568116602186502144,test
568116534855503872,train
568115611814858752,validation
568114056034324480,train
568113981866446848,train
568113601480757248,train
568112409841238016,train
568112232208293889,validation
568112076549451776,train
568111402084401152,train
568111178708336640,train
568111010856480768,test
568110197966643201,test
568108522313015296,validation
568107310117212161,train
568106916897034241,validation
568106783241211904,train
568106054283882496,train
568105570215055360,test
568105051622756352,train
568104985935753216,train
568104744025268224,train
568104590387884032,train
568103967185444866,validation
568102228587884545,train
568100935769006080,validation
568100712309256192,train
568100371794665472,test
568095863731433473,train
568094172508336128,train
568089253424594944,train
568088650430468096,train
568088090620919808,train
568087789004300288,validation
568087284483928064,train
568084495078785024,validation
568084209656573952,train
568083251866152960,train
568083224146149376,train
568081558625759233,train
568081401053974528,train
568080349286301697,train
568080078875324416,train
568079676612087808,validation
568079633998086144,validation
568079446592385025,train
568079024943194112,train
568078627687890946,train
568077746481586176,test
568077686507229184,train
568077470085341184,test
568077090656002048,train
568076483664568320,test
568075934609346560,train
568075902493593600,train
568074163270905856,train
568073860911927296,train
568073698877554689,train
568073191068794880,train
568072770103308288,train
568070522908442625,train
568070439945306112,train
568070386627305472,train
568069549591035904,test
568069363280035840,train
568066292114001921,train
568064972086906880,train
568064947214782464,train
568064178478571520,train
568064027437301760,test
568063386321158145,validation
568063225859739648,test
568063182230724608,validation
568063122755485696,validation
568062007108190210,train
568061470933540864,train
568061283200839681,train
568061166871846912,test
568058820376854528,train
568057241435303936,test
568057232392380416,test
568055678201438208,train
568055631065653250,train
568055537952284672,train
568053919575875584,train
568053728944791552,test
568053507179163648,train
568053414682361856,validation
568053242426470401,train
568050773910622209,train
568046797475553280,train
568045111189372928,train
568044626654806016,train
568040818059190273,train
568039715699609600,test
568039648964026368,train
568039498015223808,train
568037876761546753,train
568036804542275584,train
568035844088590336,test
568034808598810625,validation
568034537411895296,validation
568033591973847040,validation
568032561462689793,validation
568032524749942784,validation
568031706944540672,train
568030511530172416,train
568029718173356033,train
568029682626650112,train
568029222574407680,train
568027698452426752,validation
568026425535516674,validation
568024213753364480,train
568022599843893248,validation
568022411783888896,train
568018287302447104,train
568016802191683586,train
568013199599120384,train
568010412798509056,validation
568008391773196288,test
568006455317667840,train
568006084360863745,train
568004984937287680,train
568004004183203840,train
568003851145461760,train
568002085888897025,validation
567997512310767616,train
567988647263252480,train
567979842882428928,validation
567970771718578176,train
567969619849265153,test
567929116969684993,validation
567928302725263360,train
567926839630557184,train
567925957090238464,train
567923361256460288,train
567923103080275968,validation
567921295473512448,train
567919849088770048,validation
567918161540046848,train
567916726668644352,test
567915852260978688,train
567910107163541504,test
567909745211879424,train
567909106553483264,train
567908831545544706,train
567908764650774529,validation
567908702088376320,train
567908391256875008,train
567908046619439104,train
567906248852533248,test
567905855653421056,train
567905194563997696,train
567905184040382464,test
567904569679880192,train
567904438834167809,validation
567903480993558528,test
567898269961101313,train
567897883875217408,train
567897643873148928,train
567897182545686528,train
567896872892899330,train
567896040982069249,validation
567894427244589056,validation
567893710949588993,train
567892300551991296,test
567889710129029121,validation
567889613714522113,train
567887623953457152,train
567885719894642688,train
567885057085566977,train
567881731967229953,train
567881730490646528,train
567881096647569408,train
567880416201293824,test
567878696356433920,train
567875699056467968,train
567875552377450497,train
567874275388043264,train
567874261085454338,train
567872406628356096,train
567871168214106113,train
567867498126770176,validation
567867090729861120,train
567866540424560640,train
567866162865971201,test
567865703765798912,train
567865044580638720,train
567864523585118208,train
567864395264573441,test
567862814578061312,test
567861901603901440,test
567860775752208385,train
567860351569649664,test
567860313883693056,validation
567860175740092416,train
567860107960324096,train
567859888480772096,train
567859714169708544,train
567859601900740609,test
567859008230563840,train
567858957546561536,test
567857402340450305,validation
567857221159297024,train
567856486950576128,test
567855788699607040,validation
567854566122864640,train
567851387641597952,validation
567851275599110144,train
567850746319753217,test
567850465406394368,validation
567849500536152064,train
567849102731526144,train
567848843372601346,validation
567848107456749569,train
567847966989508608,train
567847737061941249,train
567847344307347456,train
567847120990048256,train
567846359631564800,train
567843415716732928,train
567842647739654144,train
567842466851905536,train
567842439911858176,test
567842370533867520,train
567842366473834498,validation
567841818357964800,validation
567840815331991552,test
567840122454052864,train
567840103122509825,validation
567834881939546113,test
567834021293596672,test
567832862130577408,train
567832821013848064,test
567832250110337024,train
567832153670705152,train
567831160978677760,train
567830991491997696,validation
567823045215313920,test
567822717665198080,train
567822117237170178,train
567822098950791168,train
567821288820203520,train
567820647465803776,validation
567820135265759232,test
567819711950635009,train
567819606904295424,train
567818961716387840,train
567818690096541696,train
567818509650124800,train
567816651900583936,train
567813042576199680,validation
567812687893262336,validation
567812370690605056,validation
567812369902133248,train
567811918711504896,test
567811573265260544,test
567810259675537408,train
567809403668430849,train
567808893464899584,validation
567808843373105152,train
567808567580041216,train
567807786748284928,train
567805465854488579,test
567805039583199235,validation
567804923782627330,test
567804700951855104,train
567803627714138112,train
567803477762797570,test
567803306928775168,train
567803049130094592,train
567802808876158976,train
567802781877407744,validation
567802602738708480,train
567802570912305152,validation
567802378041450496,train
567802255215460353,train
567802008292564992,validation
567801274293563393,train
567800771774001153,train
567800315093979138,train
567800210064420864,train
567799968279560194,train
567799412538494976,train
567797906977083392,train
567796792847499265,test
567794202730577920,validation
567793186698190848,train
567793072060276736,test
567791865823789056,test
567791526370365440,validation
567791019086065664,train
567790793197629440,train
567790572833103872,train
567790175813681153,train
567789902633664512,train
567788578026311680,test
567788199175786496,train
567787449053872128,train
567786807224705027,train
567786151370629121,train
567784773780013057,train
567783713833234432,train
567782686077747200,validation
567782645975625729,test
567781757274292224,train
567781582791278592,validation
567781477761314816,train
567781227537915906,train
567781176375803905,validation
567780624531222528,train
567779193342423040,train
567778512548167680,test
567778498723737600,validation
567778236026077185,train
567777743665946624,validation
567777625344593920,train
567777187265515521,train
567777150145949697,train
567777100112101376,train
567776714303238144,test
567776364351074304,train
567776258621464577,test
567776148864913408,test
567775776582672384,train
567774229249421312,train
567771635139502080,test
567771225104338944,train
567769337256484864,train
567768830265401344,train
567768552644423680,validation
567768450471587840,train
567768417038761987,train
567768224607911936,train
567767738886545408,train
567766633637502976,train
567765893355417601,train
567764858817773570,train
567763837055954944,train
567763697230438400,test
567763065706250240,train
567762685200228352,test
567762670045364225,validation
567761568889581569,validation
567761193138671616,train
567761144190746625,train
567760870630244352,train
567760474553348096,validation
567759874403344384,train
567759456503881729,train
567759344360783872,train
567759268724887552,train
567757897841385473,train
567757851104641024,validation
567757203093090305,train
567756326718431232,train
567755891714174976,train
567755542362591233,train
567754593434873857,train
567754392682901504,train
567754056924672000,train
567753872967528448,validation
567753815634370560,train
567753071833665536,train
567752558207586304,train
567751134476259328,train
567751025890709504,train
567748987512705027,train
567747769176432640,validation
567747420650754048,test
567745702231830529,train
567745507834220546,train
567744963870752768,train
567743200614289408,train
567742912579272704,train
567741884140093440,train
567739813114417152,test
567739625465077761,train
567738680945958913,test
567737598115082241,test
567736516420853760,train
567736505477918722,train
567735943424397312,validation
567735337246806016,train
567735186881003520,test
567734830800961537,test
567734790108225536,train
567734584000135168,train
567734506434854912,train
567734499669454848,train
567734357839056896,train
567733682879086592,train
567733511281721344,train
567732946241470464,train
567732372997963777,train
567732351774781440,train
567732265888006145,train
567731585035014144,validation
567730833998757890,train
567730390291714048,train
567730323988172800,validation
567729749087498240,train
567729700110602240,train
567729658276237312,validation
567729414822449152,train
567729325810917377,test
567729135733465088,train
567728890206904320,train
567728860629057537,validation
567728533771132928,validation
567728481623359488,train
567728386014183424,test
567728285174743041,train
567728057700876288,train
567728017196457987,train
567727581873848320,train
567727479633477632,test
567727159096385536,train
567726594698264576,test
567726186038837248,train
567726138223771649,test
567725588937728000,train
567725387904720896,train
567725304958160896,train
567725170367148034,train
567725125194493953,train
567724943375626240,train
567724133434535936,train
567722301471199232,train
567721945954009088,train
567721806040031232,test
567719005713334276,train
567718099794006016,test
567712600772050945,train
567710245053407232,train
567698031081160704,train
567679487383699456,train
567670985403285504,train
567643252753694721,train
570308309682675712,test
570308064185880577,train
570307949614256128,test
570307948171423745,train
570307434113310720,train
570307390752608257,test
570307369328095232,train
570307312675651585,train
570306867878072320,train
570306715599695874,test
570306662575300611,train
570306529947193344,train
570306423818723328,train
570306260010176512,train
570306250442985473,train
570305365159632899,train
570305264613765122,train
570305234838429696,test
570305063052283904,test
570305051819941889,train
570304633048047616,train
570304544128815104,train
570303889754488832,train
570303383782989824,test
570302358242115584,train
570302060035497984,train
570301929580048385,train
570301488192458752,train
570301395141836801,train
570300915418320897,train
570300355843661824,test
570300262302289920,validation
570300177367633921,train
570299824760860672,train
570299252141903873,train
570298770136674304,train
570298744723415040,train
570298679250305024,train
570298644475346945,train
570298371140939776,train
570298285350629376,train
570298117544906754,train
570297548726005761,train
570297479029252097,train
570297414848000000,train
570297070998974464,train
570296996445204480,validation
570296986827694080,test
570296616688750592,test
570296572375900160,validation
570295981985681409,train
570295901555699712,train
570295745921880064,validation
570295576446808065,train
570295174385016832,train
570293494444634114,train
570292715444965377,validation
570292403309035520,train
570291431195205633,validation
570291157340704769,validation
570290552169734144,train
570290337169739776,train
570290334158225408,train
570290220589027328,train
570290034009636865,validation
570289085354541058,train
570288809532891137,train
570288282413633536,train
570288167242375168,train
570287747643998208,test
570287638084763648,train
570287271234174976,validation
570286841737318400,test
570284862122233856,train
570284660510433280,train
570284482588246016,test
570284308210032640,train
570284054605639683,train
570283851018317824,validation
570283544125288448,train
570283309093113856,train
570283254743506944,train
570282555057909760,train
570282469791911936,train
570281958556610560,validation
570281854139572225,train
570281731510571009,train
570281470507352064,train
570281010606120960,train
570280755252895745,validation
570280641771790336,train
570280637946421249,train
570280378193330180,train
570280225625362432,test
570279653337927680,train
570279368766959616,validation
570279220502511617,test
570279118438182913,validation
570279036582109184,train
570278869133107201,train
570278803399798784,validation
570278644918194176,train
570276434763128833,test
570276414567493633,train
570276245960835073,validation
570276196405125120,train
570275970046775297,train
570275944012783616,train
570275726483542016,validation
570275632518733825,train
570275536406253568,test
570275450200711168,train
570275384714862592,test
570275314036649984,validation
570275248052039680,validation
570275010759102466,train
570274148364242947,validation
570273819287531520,train
570273710210469888,train
570272880556011520,train
570272235639828480,train
570272172679282688,train
570272018840428544,test
570271904508092416,train
570271896887017472,train
570271574462369793,train
570271479616573440,train
570271383005085696,train
570270777121103872,train
570270776370311168,validation
570270651996463104,validation
570270444646850561,test
570270435478122497,train
570270039737274369,train
570269774594224128,train
570269633778855936,train
570269280748441601,train
570268875872473088,train
570268646544510976,test
570268420140244992,train
570268326250745856,train
570267902726803456,train
570267608773054464,train
570267592478191617,train
570267562623152128,train
570264948548313088,train
570139793608175616,train
569944281512685570,validation
569842758967386112,train
569699455919726593,validation
569680231012773888,train
569622568459636736,train
569621879633391616,train
569601363799359488,train
569600137296633856,train
569047438880841728,validation
568824537338417154,train
568551906634797056,train
568265091226800130,train
570294451261874177,test
568757671819661314,train
570267287883616256,train
570267241046020096,train
570267066919313408,train
570267037911670784,test
570266460003508225,test
570266233003741184,train
570265919676485632,train
570265876911403009,train
570265689589592064,test
570265626146512896,validation
570265300685488129,test
570264740817010689,train
570264682541522944,train
570264550458695680,train
570264179216510976,train
570264159687806976,train
570264011574415360,train
570263889696305152,train
570263871526559745,train
570263827033432064,train
570263732099649537,test
570263448828780547,test
570263313306615810,train
570263008762601475,train
570262528539779073,train
570262112477401088,train
570262096094498816,test
570261511781941251,test
570261418387353601,train
570261359377698817,train
570261328511643648,train
570261193685749760,test
570260735294607360,validation
570259700937134080,train
570259540697948162,train
570259502685151232,train
570259380999860224,train
570258656383639553,validation
570258597180940288,test
570258457804189696,test
570258226819637248,test
570258141599928321,train
570258040609337344,test
570257935911096320,train
570257660123193345,validation
570257429486706688,train
570257336465387521,test
570257258275164160,train
570256852166029312,train
570256038206824448,train
570255853296746496,train
570255773651099648,train
570255201069899776,validation
570254721140850689,train
570254579578720256,train
570254375081414656,validation
570254322694557696,train
570253932880007168,train
570253919697244160,train
570253859412529152,train
570252885809868801,train
570252614320783361,train
570252431113760768,train
570251814970515456,validation
570251560871002112,validation
570251394965479424,train
570250940290342914,train
570250617379168256,validation
570250566573674496,train
570250470289068032,validation
570250371110539264,train
570250236402094080,train
570249520736374785,train
570249440176570368,train
570249435029970945,train
570249159179145216,test
570248991704788992,train
570248695670841344,train
570248162067107840,train
570248011621609472,validation
570247871716405248,train
570247850858147840,train
570247748286435328,train
570247474465677312,train
570247180734353408,test
570246895530078208,test
570246839225745408,train
570246800247902208,train
570246108699627521,train
570245433466884096,train
570245402982785024,train
570245367607857153,train
570244934634090496,validation
570244910563110912,train
570244720229797889,test
570244388175130625,train
570244158591406080,train
570243095482261504,train
570242829294960640,validation
570242420643917824,train
570242205463359488,test
570241664272371712,train
570241221303468032,train
570241070577139713,train
570241050079420417,test
570240896387710976,train
570240784357830659,train
570240764812378112,validation
570240647678050304,validation
570240625536323585,train
570240524592017408,test
570240452588380161,validation
570240336519258112,train
570240246719381504,train
570240207682998272,train
570239952975482881,train
570239688755302401,train
570239463089000449,validation
570239376283676672,train
570238822157570048,train
570238782202470402,train
570238126611963905,train
570238052943208450,train
570237966355968001,train
570237399932018688,train
570237269753376768,train
570237238631669763,train
570236690637459456,train
570236587386122240,train
570235413224427520,test
570235209783717889,train
570234946700357632,train
570234676494757888,train
570234625848696833,train
570234327071629312,validation
570233809129467905,train
570232494034964481,validation
570232487454113792,train
570232122826493953,train
570231192102019072,train
570230559693078528,validation
570229557740969984,train
570229222662410240,train
570228063625207808,train
570227917877354497,train
570227911803998208,train
570226757380530176,train
570226695724244992,validation
570226471941251072,train
570226414525542400,validation
570226080457449472,test
570225101104226304,validation
570225098189348864,test
570224968417603584,train
570224942681206786,test
570224927602839552,test
570224421194964992,test
570224417445261313,train
570224015656284160,test
570223806322581504,train
570223582380494848,train
570223576038686720,train
570222998919225344,train
570222495145406465,test
570222445971382273,train
570222414400860160,train
570222239603273729,train
570221955976187904,train
570221471844278273,validation
570220301465681921,train
570220267462529024,train
570220208037584896,test
570220154363232256,validation
570220053142097920,train
570219969717219328,validation
570219877006503936,train
570219815941615616,test
570219379696148480,validation
570218829546024960,train
570218794414673921,validation
570218532060835840,train
570218269111664640,train
570217971815211008,train
570216960321044481,train
570216815105847296,validation
570216606057541632,train
570216406119157761,train
570215492838920193,test
570215343530102784,train
570215106426114048,test
570214789487693824,validation
570214732067700736,validation
570213186139525120,validation
570212842206580736,train
570212118059995136,train
570212050548461568,train
570210392539934721,test
570209266264449026,train
570208992439312384,train
570208909522182146,test
570206562855329793,train
570205917024628736,train
570205132094349312,train
570204972589002752,train
570204930520190978,train
570204435663581184,validation
570203943671865345,test
570202978650603520,train
570202730293100544,validation
570202621123780608,train
570202204281425920,test
570202173172281344,train
570202160564203520,test
570202097041305600,validation
570201740496257024,train
570201347414462464,train
570201233220198400,validation
570201172985974784,train
570199974719455232,train
570199267668676609,train
570198744907567106,train
570198522911436800,validation
570197804091621376,train
570197779290697728,train
570197193254170624,test
570196895383080960,validation
570196007243395073,train
570195799256072193,train
570195668850995200,validation
570195492006707200,train
570195444300718080,train
570195089869447168,train
570194709261488129,train
570194141612789760,train
570193870769811456,train
570193599977148416,train
570193307139239936,train
570192886689628160,test
570192751830171648,train
570192546367975424,validation
570192183766196224,train
570191874151092225,test
570191763731841024,train
570191664628699136,train
570191286667513856,test
570189934096719873,validation
570189507447775234,train
570188794730848256,train
570188405541175297,validation
570188115077259266,train
570188097305976832,train
570187686213918721,train
570187239864414208,test
570187100710002689,train
570186666276577280,train
570186533258416133,validation
570186514178519041,train
570185364746461184,train
570184535507210241,train
570184234498805761,train
570184083692658688,train
570183052401508352,test
570182972554371072,train
570182283665088512,validation
570182054987505664,validation
570181700036087809,validation
570181406787301378,train
570181077861474304,validation
570180703746461696,train
570180010125864960,train
570179813845147648,train
570179562174328832,train
570179455911481344,validation
570179344833708033,test
570179236633432065,train
570178966725767168,train
570178443167571968,train
570177752973885440,test
570177745759678466,validation
570177697814425600,train
570177331358076929,train
570177012360462336,train
570176385534300160,train
570176104541122561,train
570175988648316929,test
570175858469515264,train
570175764643094528,train
570175461298475008,validation
570175182012174336,train
570174964856266752,train
570174794425098241,train
570174284284497920,train
570173690475728896,train
570172549910409217,train
570172301163008000,train
570171986648965120,validation
570169851156701185,test
570167726972538880,train
570166071640133632,train
570164654061838336,validation
570163418637996032,test
570162212616212480,train
570160153493774337,train
570159133795741696,train
570158980611350528,validation
570156001485312000,test
570153610870456321,validation
570153000079126528,train
570152557475028992,test
570150741022617600,test
570146467542933505,train
570146395593666560,test
570146348613406720,test
570146091141722112,test
570145544078815232,train
570145106415771648,validation
570143200935063552,train
570142665246965760,test
570142278729076736,train
570141242769559552,test
570139364178530304,train
570138307767578625,train
570137359787827201,train
570137063716216832,train
570136706877272064,train
570136130126897152,train
570135402306080768,validation
570135205123530752,train
570134947828080640,train
570133621870174209,train
570132715577552896,train
570132410588917760,train
570130792443039744,validation
570130746356211713,train
570129843594997760,train
570128847439417344,train
570128633957736448,test
570128126480674816,test
570127035890184192,validation
570126389279662080,validation
570124993176203265,test
570123872168574976,test
570123495180410881,test
570123386925539329,train
570123304498917377,train
570123207824568320,test
570123136542224384,validation
570122982863060992,train
570122962726039552,train
570122868039634944,train
570122183072092160,validation
570121689503301632,train
570121673099190272,train
570121276016234496,train
570119444451745792,train
570118668551458816,train
570116595193810945,train
570116487278501888,test
570116329694310400,test
570115988714164225,train
570115532906569729,test
570115339515592704,train
570115286289899520,train
570114451120074752,train
570112074249928704,train
570110706588262400,train
570109867031191552,train
570108519237558272,train
570106218825564161,train
570106114202861568,train
570105753471746048,train
570105616515145728,train
570103908607135744,train
570103559318081536,train
570102866754592768,train
570102669299351553,train
570102251563274242,train
570101910402940928,train
570101803708080128,validation
570101777934086146,train
570101666571288576,test
570101550787350528,train
570101395698941954,train
570101371409559552,validation
570101194678517761,train
570100947923419136,train
570100829396406272,validation
570100824703143936,validation
570100233398571008,test
570100035167379456,train
570099970742886400,train
570099716379316224,train
570099562548834304,test
570099506135437312,train
570098489943666688,train
570097604182351872,train
570097527841693697,train
570097483432337408,validation
570097456786104320,test
570097279870361600,validation
570097189617143808,train
570096856685871106,train
570095696491241472,train
570095443364831232,test
570095131967295489,train
570095043169529857,train
570094749933289473,train
570094120993054720,train
570093652120178689,train
570093520909832192,test
570093462738984961,train
570092677196181507,test
570092530236149761,validation
570092218058346496,train
570092210466611200,validation
570092184948645889,train
570090452809949184,train
570090252544708608,test
570090251122663425,test
570088600949411840,train
570088470171013120,train
570088310334484480,test
570088135851266048,train
570087950156898305,train
570087510941962241,train
570087305320357888,validation
570087222663229440,validation
570087022292905985,train
570086891342733312,train
570086501222096896,validation
570086488324485121,test
570086434410930176,validation
570086014980648960,validation
570085896319401984,validation
570085859132878848,test
570085625061384192,validation
570085165378068480,validation
570085025896665088,train
570084690608201728,train
570083543553945600,train
570082819025838080,train
570082289939406848,train
570081797427621888,validation
570081695342309377,train
570081679844319232,train
570081513087369216,train
570081165459259392,test
570080703171448832,validation
570080608996556800,train
570080545461407745,validation
570080397628825600,validation
570079755560595456,validation
570079290953486338,test
570079030029848579,validation
570078673090408448,train
570078556711026688,train
570078022201532419,train
570077997648064512,validation
570077431484121088,train
570077011324096514,train
570075821127249920,train
570075716861206528,train
570075101326024704,train
570074976428158976,train
570074886606958592,validation
570074601801318400,train
570073396152676352,train
570072578540347393,test
570072153607049218,train
570072031502340096,train
570071877089148928,train
570070485653786624,train
570070483338731520,validation
570070364723814402,train
570070044547403777,train
570069642976239616,train
570069345818161152,train
570069262586540032,train
570069217879461889,train
570068649295241216,validation
570068466717237249,train
570068449646346240,train
570068397544710144,train
570068393736302594,train
570067446712791040,train
570066231757180928,validation
570066226233417728,test
570065545392861184,train
570065322369101824,train
570064927550889984,train
570064554232688640,train
570064443159089153,train
570064285860171776,train
570064025918115840,train
570063648468688899,train
570063451143462913,validation
570063192581390336,test
570063107701272576,train
570062369096908801,train
570061921145065473,train
570060776301424641,validation
570060726523584512,test
570060687164067840,train
570060649780400128,train
570059874480091136,train
570058070224728064,train
570057993770831872,train
570057871058079745,train
570057855358935043,train
570057809037008896,train
570057784114302977,train
570057416718491649,test
570056907634798593,test
570056289419526145,train
570056002692710400,test
570054549915873280,train
570053952856854528,train
570053168349851648,test
570052723409874947,train
570052545298759680,validation
570051874537271296,train
570051834188075008,train
570050754158800896,train
570050635703300096,validation
570050603927392257,train
570049704618299392,train
570048310876119040,train
570047946932101120,test
570047669370036224,train
570046633418891264,validation
570046387825410048,train
570045914347237376,train
570045645714620417,validation
570045585149063168,train
570045461077352448,train
570044700951838720,train
570044497330987008,train
570044332843134976,train
570044138302808064,train
570043591927537664,train
570043390773084160,train
570043199596531712,validation
570042981794729985,train
570042963021205504,train
570042828983820288,train
570042700835082240,test
570042296357539840,train
570042155634450433,train
570042096242917377,train
570041376005443585,train
570041195113492480,test
570041144488230912,test
570040903735373825,train
570040802845421568,train
570040750412406784,train
570040411206631424,train
570039635541274625,test
570038882294607873,test
570038580967383042,validation
570038564110467074,train
570038498566283264,train
570037969819545600,train
570037613899481088,train
570036538488139776,train
570036463729020928,train
570036327825195008,train
570036187815149570,train
570035338925592577,train
570034368086827008,test
570034112863608832,validation
570034025148108800,test
570033764044304385,train
570033624306708481,train
570033439857979392,train
570033429816999936,train
570033259842801664,train
570033099939184641,test
570033000777457664,train
570032636657311744,train
570032541933051904,test
570032010145607680,train
570031758546063361,test
570031615130394624,validation
570031138913329152,train
570030165788459010,train
570029599930880000,train
570029442514333698,train
570028289399525376,train
570028125024706561,test
570028083606122497,train
570027031326535680,train
570026470741032961,validation
570025681062633472,train
570025428095770624,test
570024324666564610,train
570022265343123456,train
570021871577477120,validation
570021795123699712,train
570021682569555968,validation
570021599392329728,validation
570021329065394176,validation
570021225323298816,train
570021054015541248,train
570020117284724737,train
570019099268358144,train
570018532727103489,train
570018285544206337,train
570017905879986176,validation
570017867342725121,test
570017634495787009,train
570017101097934849,train
570016890996666368,train
570016770708283392,train
570016517829623808,train
570015876902232064,train
570015527961272321,train
570015432750399488,test
570015279654293505,validation
570014637397295104,train
570014602903339008,train
570014299625787392,train
570013289188630529,test
570013116857237505,train
570011304221667328,test
570011216313131008,train
570010327036735488,train
570009856851222529,validation
570009228867293185,train
570009017625526273,train
570009008817500160,train
570008958691364864,train
570008661885526016,train
570008179280646146,train
570007852724699136,validation
570007830083854338,test
570007324380631040,validation
570006834674835456,train
570006830405046272,train
570006768681492481,train
570006737190854656,train
570006707935571969,train
570006301968867328,validation
570006028864999424,validation
570004771496714241,train
570004519679074304,validation
570003289326157824,validation
570003144366792704,train
570003097554006016,train
570002971678756865,train
570002805295095808,validation
570002679142854656,train
570002432375148544,train
570002269577441280,validation
570002236065116160,train
570002186991763457,train
570002083832733696,train
570002051108769792,test
570001483472756736,train
570001418825949185,train
570001282603229186,train
570001183600812033,train
570001092206923776,train
570000805626949633,train
570000777768345600,train
570000126636216320,train
570000101654925312,train
569999640516370432,train
569999632920674304,train
569999295631527937,train
569999091028983808,train
569999076143423488,train
569998992475627521,train
569998668775862272,train
569998120999759872,train
569997655713173504,train
569997258772455424,test
569997215453855744,train
569997196298293249,train
569996776436068354,train
569996647100346368,train
569996479416438784,train
569995513623408641,train
569995335893848064,train
569995212296200192,train
569994134997610496,train
569994090147909632,train
569993908324663296,train
569993494715977728,train
569993218730934273,train
569993098023063552,train
569992886256832512,train
569992815624781824,test
569992712117747712,train
569992708447711232,train
569992602025644034,train
569992310563450880,train
569991566087073792,train
569990481452539904,train
569990229576196098,train
569989697449140224,train
569989598388084736,train
569989551051177984,train
569989330057342977,train
569989252613689344,train
569988849608364032,train
569988479540695040,train
569988207489777664,train
569988016074149889,train
569987992858836992,train
569986978684362753,train
569986326168268800,train
569986246648442881,train
569986129820196864,validation
569985685723209730,train
569984380061351936,train
569984339800416256,validation
569983967467868161,test
569983854464921601,test
569983373378252800,test
569983093341347842,train
569983030108024833,train
569982323598368768,validation
569981968655519744,train
569981947612676096,test
569981899332059136,validation
569981722470834176,validation
569981614543007747,train
569981473060560896,train
569980963926765568,train
569980695184957441,validation
569980631548973057,train
569980365386809344,train
569980358206361601,train
569979612865925120,train
569978804690669569,test
569978315072610304,train
569978312157589504,validation
569978298765344769,train
569978119530029056,train
569977887136342016,train
569977806320476160,validation
569977585003827200,train
569977521690669056,test
569977357055864832,test
569976751205584896,train
569976628220182529,train
569976293573447682,train
569976030708047872,test
569975778953142272,train
569975659730051072,train
569975650691330048,test
569975294158901248,train
569975287364001792,train
569975175321653248,train
569975126659342336,validation
569975113694760960,train
569975063094501376,test
569974766393823233,test
569974705811107840,train
569974668406296577,validation
569974641214644224,train
569974508435562496,train
569974423903715328,train
569974318463119361,train
569974287286845441,validation
569974234908389376,train
569973945270546432,validation
569973504390639616,test
569973352837853184,train
569973337050341376,test
569973278699352064,validation
569973105075990528,test
569973034880098304,train
569972985521532929,train
569972935227674624,train
569972777593262080,train
569972721901277184,validation
569972513721229312,train
569972422130032640,train
569972047931002880,train
569971998572589057,validation
569971756498329600,train
569971722155208706,train
569971637296082945,train
569971216934526976,train
569970829322260481,test
569970775517741056,validation
569970318305046528,train
569970235392073729,train
569969599711571968,train
569969456190869504,validation
569969455171813376,train
569969374875881472,train
569969267589947394,test
569968904409214976,train
569968010431066112,train
569967909155446785,train
569967897600139264,train
569967441591144450,train
569967045544005632,train
569966826639110147,train
569966496698343424,test
569966076047437824,test
569966060926947329,train
569965873752104960,train
569965247093731328,train
569964670531973120,train
569964493066919936,train
569964335038124033,train
569964162979221504,train
569963767066271744,train
569963701794516992,train
569962943980285952,train
569962905493315585,train
569962901601005569,train
569962686219288576,train
569962494283919360,validation
569962134328778752,train
569961680530247681,train
569961398890991617,train
569961398551379968,validation
569961302338072576,train
569961111086362625,train
569960667140235264,train
569960665827258368,train
569960303514923009,train
569959876706885632,train
569959631256051712,train
569959601011068928,test
569959182729785344,validation
569958916668305408,train
569958642411122688,validation
569958485913243648,train
569958295919730688,train
569958232162222082,train
569958224968982528,train
569957958634770432,test
569957703813976065,train
569957675548721152,train
569957170369814528,validation
569957000752140290,train
569956742122983424,train
569956658199134208,train
569956285828853761,train
569955742276407297,train
569955122819817472,validation
569954275016765440,train
569954220184604672,test
569954199821275136,validation
569953628687101954,test
569953475640995840,validation
569953006847954944,validation
569952984257294336,train
569952945028108288,train
569952929756672001,test
569952639116447745,train
569952247641198593,train
569951896808464384,train
569951566784045058,train
569951438329085952,train
569951363670642689,validation
569951353205870592,train
569951222515539968,train
569951016033980416,train
569950980638412800,train
569950766485540864,train
569950724983025665,train
569950555344228352,train
569950510981083136,test
569949946146742272,test
569949655905263616,train
569949415458213888,train
569949017674809344,train
569948991569264640,train
569948646717812736,train
569948645853786113,train
569948507018129408,train
569948411966976000,train
569948398545039360,train
569948314948530177,train
569948241116016641,train
569947414263701505,train
569947324316721152,train
569946742277451776,test
569946475163033600,train
569946012988669954,validation
569945910546989057,train
569945018527428608,test
569944807830736896,train
569944699877724160,train
569944355261304833,validation
569943700010172416,train
569943022474956802,train
569942287318458369,train
569942226224050176,train
569942200735424512,test
569942094766325762,train
569942084393824256,validation
569942011916259330,train
569941858132070400,train
569941647884029952,train
569941389208719360,test
569940980809342976,train
569940935875948544,train
569940889902034944,train
569940832691752960,train
569940740454936576,train
569940685757014016,train
569940582572945409,test
569940199842525184,train
569940147615113216,train
569940075120873472,validation
569939736782962688,train
569939391277350912,train
569939156740149249,train
569938844746956800,train
569938485844422656,train
569938319024332801,train
569937998806011905,validation
569937987619803136,train
569937801942310913,train
569937673206534144,train
569937638674829313,train
569937108095205376,train
569936893166489600,train
569936251551232000,train
569935980129447936,train
569935692161134592,test
569935135895883776,train
569934460617039872,train
569934458364813313,validation
569934457215410176,validation
569934371488202752,train
569934354241212417,train
569934205611872256,test
569934170819948544,train
569934076641030146,train
569933901944066048,train
569933724743274496,train
569933646385188864,train
569933565321990144,train
569933008217755648,train
569932833709527041,train
569932363641298944,train
569932216966516736,train
569931787398303744,train
569931677868273664,validation
569931363505315840,train
569931327253966849,train
569930805688053761,train
569930733512491008,train
569930613962072064,test
569930406591664128,train
569929944291127296,train
569929677214609408,validation
569929141962698752,test
569928501966450689,test
569927843666366464,validation
569927644575182849,train
569927442657386496,train
569927042931814400,validation
569926859699437568,train
569926212400709632,train
569925990283145216,test
569925940224139264,train
569925680168726529,train
569925362471211008,train
569925308368883713,test
569925291331735552,test
569925171294953473,train
569924772349538304,validation
569924309902356480,train
569923730614460416,validation
569923360982900737,test
569923221341908992,train
569922451913777152,train
569922437195829248,train
569922305423495168,train
569921142971969537,train
569921082708389888,train
569921001301024770,validation
569920778306584576,train
569920773105840128,validation
569920723038416897,train
569920618843521024,train
569919996568215552,validation
569919970446053377,train
569919793572261888,train
569919787888988160,train
569919703054991361,train
569919625640615936,test
569919414948237312,train
569919092540510208,test
569918774788419584,test
569918189909487617,train
569917869296758784,train
569917824078090242,train
569917791228157952,test
569917442455175168,train
569917319381712896,train
569917183385432064,train
569917117576949760,test
569916664130637825,train
569916606064828416,train
569916590814203904,train
569916323725217793,train
569916061891633153,train
569915992777687041,train
569915972758446080,test
569915269767757824,train
569915248620150786,train
569915039114661888,train
569914894868328448,train
569914848991010816,train
569914808339836928,train
569914641414905856,test
569914552382418944,validation
569914468404035584,validation
569914141814726657,train
569913899648098304,train
569913796875161600,train
569913274218622977,train
569913149505163264,validation
569912888866906112,train
569912835871879168,train
569912753479147521,validation
569912608901373952,train
569912213068066816,train
569911783596560384,validation
569911608278974465,train
569911528368926720,validation
569911501626028032,train
569911344658386944,train
569911255399596032,validation
569911005557338113,train
569910943720669184,train
569910789651496960,train
569910774556004352,validation
569910765173362688,validation
569910528279228416,validation
569910395667935232,test
569910053249142785,test
569909945514233857,train
569909908738580481,validation
569909711962640384,train
569908990118723584,train
569908918421299200,validation
569908722778157056,test
569908067762094080,validation
569907965223763970,train
569907544124219392,test
569907019081228288,test
569906807696551936,validation
569906662061944834,train
569906532277731328,train
569906446881697793,train
569906183487643648,test
569906117100351493,test
569906035269324800,train
569905765420441600,test
569905298481274880,validation
569905122047758336,test
569905052447592448,train
569903268312125440,test
569903197835407361,train
569903191279710208,train
569903088632352769,train
569903058299199488,train
569903056403505152,train
569902322718871552,train
569901979151024129,train
569901314026692611,train
569900867324932096,train
569900784965554176,train
569900705852608513,train
569899836063019008,train
569899646509666304,train
569899522152726529,test
569898893262983169,train
569898392647811072,train
569897809731854337,validation
569897748859744257,train
569897733466628097,train
569897060717105152,train
569897005297709057,train
569896666465087488,validation
569896560936374272,train
569896010010353664,train
569895932394917888,validation
569895927273517056,train
569895817403768833,train
569895723208040448,validation
569895618866315264,test
569895538046296064,train
569895516139421696,test
569895498527727617,train
569895385851760640,train
569895266670612480,validation
569895210777501696,test
569895176631554049,train
569895082402295810,test
569894969332400128,validation
569894963665707010,test
569894690566369280,train
569894356393570304,train
569893723091238912,validation
569893716711747584,train
569893516609847297,train
569893140066213888,validation
569893064342437888,train
569892686624198657,train
569892670367256576,train
569892434592669696,train
569892361691463682,train
569892297329913856,test
569892024708689920,train
569891937924358145,train
569891790343569408,test
569891568074797056,train
569891440135794688,train
569891369390632961,train
569891023335387136,train
569890859526823936,train
569890836361580544,train
569890741666717697,train
569890715867750400,train
569890695902662657,validation
569890651107491840,test
569890258181070848,train
569890213570457600,train
569890192338735104,train
569890109803220993,test
569889964445470721,train
569889833297915904,train
569889440753172481,train
569889391633518592,train
569888954863890433,validation
569888397205962753,train
569887996071297024,train
569887773953527808,train
569887742479486976,validation
569887584861749250,validation
569886683501473793,train
569886612538023936,test
569886516505407488,train
569885742526124032,train
569885605401915392,train
569885201293307905,train
569885018358575104,train
569884943217762304,test
569884756684476416,train
569884754281046016,train
569884644893532161,train
569884462051418112,train
569884438504427520,train
569884285659848704,train
569884033775063040,train
569883848470859776,train
569883743223050241,test
569883543536574464,train
569883153231257601,train
569883077289181184,test
569882830328569856,test
569882542855352320,train
569881888892055552,train
569881701247291393,train
569881463233097728,train
569881453842042880,train
569881379825164288,validation
569881270987186176,train
569881004262989824,train
569880599764140033,train
569880508181696513,train
569880482109739009,validation
569880374651650048,train
569880251767123968,train
569880215079428096,validation
569880012230242304,validation
569880005729067008,train
569879696093126656,train
569879600907440129,train
569879234572718080,test
569878990841901056,train
569878631322755072,train
569878584967344128,validation
569878537999503360,train
569877540698894336,train
569877301959065600,train
569877197093097472,train
569876837087580161,train
569876741092552704,test
569876553196285952,train
569876152036290560,train
569876015834484736,train
569875419412828161,train
569875024045314048,train
569874933549027328,validation
569874879794831360,train
569874679973818369,train
569874098035142656,train
569873993311916032,validation
569873418075672576,validation
569872921700667392,validation
569872756302422017,train
569872455377879040,train
569872132269682688,train
569871979739635712,test
569871411843461121,train
569871364603031553,train
569871068833435648,train
569870837815205888,test
569870252508635136,train
569870130169163776,validation
569870075316064256,train
569869892960133120,train
569869884164714498,train
569869514944466945,validation
569869506560069633,train
569869374103793664,train
569868638968254467,train
569868478435487744,test
569868201720287232,train
569868115481395201,train
569867943888056320,train
569867786572341252,train
569867607341436928,train
569867582070591488,validation
569867363580903424,train
569867211852156928,train
569867192445083648,train
569866669243265024,validation
569866310793826304,validation
569866272218836992,train
569866168527405056,train
569866091998126080,test
569865357625851905,test
569865061855932416,train
569865022031015937,validation
569864892695490560,train
569864878007001088,train
569864863171764224,validation
569864791323320320,train
569864778702671874,test
569864689452077058,test
569864610016321536,train
569863871030292481,train
569863705841831936,train
569863229356310528,train
569863194929471488,validation
569862869241765888,train
569862827227402241,train
569862449559527426,train
569861417689419776,train
569860677650636801,validation
569860221755117568,train
569860103341518849,test
569860082965426176,train
569859218058162176,test
569859036360908801,train
569858655086120961,train
569858330421694465,test
569858278370516992,validation
569858012967542786,train
569857805483675648,validation
569857475098202113,validation
569857446371438592,train
569857415027564545,train
569857209745584129,train
569857157778132993,validation
569857128988602368,test
569856784086777856,train
569855866255462401,train
569855814716039168,train
569855409567207424,train
569855205187190784,train
569854995958509568,train
569854535608311809,train
569854492126146560,train
569854151531859968,train
569853969469734912,validation
569853568200503296,test
569853327359516672,train
569852965315584000,train
569852657327738880,train
569852250488573952,train
569852112605089792,test
569852084536750080,train
569851972645466112,train
569851952282112000,train
569851855917830145,train
569851241922207746,test
569850912451072000,train
569850808029859840,train
569850597169598464,train
569850259507154944,train
569850239789568000,train
569850083140882432,validation
569849818694037504,validation
569849550032101377,test
569848857498161154,train
569847788986462209,train
569847671822946304,train
569847331064934401,train
569847223829307392,train
569846990076387328,train
569846963350454272,train
569846882291159040,train
569846545715228673,train
569846356409339906,train
569846302663688192,train
569846045892608001,train
569846023553720321,validation
569845438494457856,train
569845041440677888,train
569844812783996928,test
569844379176853504,test
569844262461972480,train
569844251426729984,validation
569844044693577728,train
569844028365275136,train
569843745157451776,test
569843488969371649,train
569843485911560192,validation
569843359029850112,test
569843331930263552,train
569842929860263936,train
569842295387791361,train
569842067544805376,train
569841575737499648,train
569841476240166912,train
569841254655270912,validation
569841119783202817,test
569840848764059648,validation
569839807787958273,train
569839377104285696,train
569839216512917504,train
569839118093398016,train
569838878049345536,train
569838834810093568,test
569838589879685120,validation
569838466697175040,test
569838141273559040,train
569837686367744000,validation
569837685428359168,train
569837650984751104,train
569837381261533185,validation
569837191540551680,train
569837152332333056,train
569836467876470784,train
569836433931808768,train
569835918955143168,train
569835766416867328,train
569835751275433984,train
569835641514692608,train
569835167944019968,test
569832860795985920,train
569832733226110976,train
569832383991525377,train
569832363527708674,train
569832053241450496,train
569831634817708032,validation
569831418412429312,train
569831393682976768,validation
569830532516868097,train
569830322357084160,train
569830069746712576,train
569829960178905089,train
569829233423360000,train
569828817960869888,train
569828681297870848,train
569827699243544576,train
569827608193585152,test
569827602589835265,train
569826633152110592,train
569826452633313280,train
569825634295230466,train
569823770308939776,train
569823600837947392,train
569822277145133056,validation
569822102062309376,validation
569821659097477120,train
569821519116955650,train
569821309137514496,train
569821145697890304,train
569820671234060288,train
569820619682009088,train
569818697113702400,train
569818507891871744,train
569818121302896640,test
569817817522044928,train
569817471940587520,train
569817130801221632,validation
569816739699150849,train
569815545077501952,train
569815422675124225,train
569814855349346304,train
569811470797676544,train
569811246096064512,validation
569811225770479616,train
569810928449003521,train
569806083981758464,validation
569806030584057856,validation
569805521638662144,train
569805235255783424,train
569804589437812736,train
569804373859020801,train
569803373530128384,train
569803188901031936,train
569802396328534016,train
569802164060557312,train
569801797851697152,train
569801344988680192,train
569801089022734336,validation
569800909942886400,train
569799734774272002,train
569799402119770113,train
569799325175275520,train
569799181394538496,train
569799053690556418,test
569798946740166656,train
569797440100036608,train
569796511409704960,test
569795397448634368,train
569795284764532736,train
569794658479394817,train
569794574966591489,train
569793460414189568,train
569792794711220224,train
569790444797865984,test
569790297875599361,validation
569789996707803136,train
569789622491820032,train
569788202174713856,train
569788087481409537,train
569787573725491200,train
569787479324299265,validation
569787232292245504,train
569786809028255744,test
569786720562110464,validation
569786457998680064,train
569786215693742080,test
569784699117137920,train
569784114309693440,train
569782460000514048,train
569782378270314498,test
569780060523261952,train
569779719798951936,train
569775795452792833,train
569774692371820544,train
569774273851568128,test
569772113378217984,train
569771576528220161,validation
569770867841839104,train
569770321563279360,train
569769747019128832,validation
569769643864408064,train
569769633995104256,train
569769606761439232,train
569769525744250880,train
569769214388473857,train
569768294648905728,train
569766964895166465,train
569766662024630272,train
569766247715319808,train
569766140332937216,train
569764857991467008,train
569764275700375552,train
569763959240200193,train
569762940816990208,test
569761641211895808,test
569760118591467520,test
569759892803756032,validation
569758473535164416,validation
569758106395254784,train
569757774395023360,validation
569757272760397824,train
569757115822157826,train
569755053159874561,train
569754550187352064,validation
569754108321607680,train
569753971406999552,train
569753555181006848,train
569753036014247936,train
569752206343348224,test
569750857215922176,train
569749507623120897,train
569748937545883648,train
569747411779735552,train
569747280552538112,train
569747170741465088,validation
569746542275354625,train
569746288499138560,train
569745948437569536,train
569745801121009664,train
569745686784315392,train
569745528382038016,train
569745375713558528,train
569745303794024448,train
569744516715913216,train
569743129928028160,train
569742995102117888,train
569742876793372672,test
569742312059899904,train
569742305499828224,validation
569741854565998593,validation
569741783896367104,test
569740962760499200,train
569740739912949760,validation
569740409787658240,train
569740392372895745,validation
569740152966238208,train
569739695459995648,train
569739515243462656,train
569739154600300544,train
569739141635817472,train
569738877969129472,train
569738779931623425,validation
569738487269756928,train
569737682466656258,train
569737397350461440,train
569737333827887105,validation
569737258191839232,validation
569736870927556608,train
569736283326586880,test
569735461033213952,train
569734641193586688,train
569734526521511936,validation
569733719256272896,validation
569733572606763008,train
569733547843457025,train
569733539899568128,test
569733015896592385,train
569732616376725504,train
569732365968404480,train
569732355067244545,train
569731189214351360,train
569730861593010176,train
569730801480245248,train
569730747675897856,test
569730304111325184,train
569730123210948608,train
569729821397291008,validation
569729657248985089,test
569729569428627456,validation
569728466469453825,train
569728440758181889,train
569728283568418816,validation
569727743450984448,train
569727727881682944,train
569727628766281728,train
569727598130962432,validation
569727488131092481,validation
569727383797829632,test
569727223990775808,train
569727135717281792,validation
569724918016839681,train
569724545738760192,train
569724254473850880,train
569723864252424193,train
569723205142880256,train
569721721944735744,validation
569721575492194304,train
569721419849797632,train
569721410542645248,train
569721379823554562,test
569721039158173697,train
569720969947848704,train
569720605383241728,test
569720452987252736,test
569720366198759424,train
569720325165830144,train
569720168160428032,train
569720084484083712,train
569720008630149120,train
569719978993152000,test
569719693780496384,train
569719540520628224,train
569719449458094080,train
569718904131420161,validation
569718802029666305,test
569718651709820930,validation
569718484151750656,train
569718465034096640,train
569718461217308673,train
569718410944188417,test
569718285060706304,train
569718162595426304,train
569717866611630081,train
569717739113320448,validation
569717632993263616,test
569717605277130752,train
569717037464838144,train
569716576850731008,train
569716270184173568,train
569715908664430593,train
569715860241129472,train
569715802703859712,train
569715539821654017,test
569715419851796482,train
569715341259104256,train
569715074505420802,validation
569715065202577408,train
569715059385114624,train
569714918951391232,train
569714842405249024,validation
569714755109294080,validation
569714439517138944,train
569714383971966976,validation
569714230842302464,train
569714003653431296,train
569713890138963968,train
569713719124602880,train
569713615047168000,train
569713244320837633,train
569712291857485824,train
569711923148689408,test
569711436781322241,validation
569711253490409473,train
569710876682366977,train
569710446112067584,validation
569710119216422912,test
569709973963468801,train
569709793000210432,train
569709666625675264,train
569709552721141764,train
569708886518849536,test
569708573762023424,train
569708269943418880,test
569707409985445889,test
569706873525391360,train
569706809126055936,test
569706793531629570,test
569706754025660417,test
569706627667853312,train
569705524138090496,train
569705276481282048,validation
569704597922557952,train
569704388106719232,train
569704220472913920,train
569704219315318784,train
569704164743376896,train
569703866997952512,train
569703802783145984,train
569703641096933377,train
569703616426045441,train
569703417628770304,train
569703263467126784,train
569702549491752960,train
569701848476745728,train
569701794567163905,train
569701646445326336,validation
569701550039429121,validation
569701210120450049,validation
569701189199089664,train
569701122899775488,train
569700953164615681,validation
569700922248581121,train
569700785824669696,validation
569700696624246785,train
569700635152494592,train
569700397884928000,train
569700252321755137,train
569700244050440192,train
569700071484338177,test
569699607707398146,validation
569699437901000706,train
569699154965827584,train
569699091367665664,train
569698963428925440,train
569698856037789696,train
569698811708370944,test
569698519742861312,train
569698461911683073,validation
569698217614544897,train
569698145703043072,train
569697809017864193,train
569697735177170945,train
569697701098602497,train
569697188508348416,train
569696864091697152,test
569696824061235200,train
569696793652371456,validation
569696449111461888,train
569696080121569280,validation
569696039914971136,train
569695998894673920,train
569695794598531072,train
569695357858238464,validation
569695286907551745,train
569695048889028608,train
569694591290646529,test
569694483769659392,train
569693838329180160,validation
569693808914522113,test
569693767831146497,train
569693713087082497,train
569693664433156096,train
569693592597323776,train
569693551589756928,train
569693300120113152,train
569692982955237377,train
569692788968845312,train
569692664720797696,validation
569692610543005697,train
569692299539517441,train
569692168165527552,train
569692064511692801,test
569692012456181760,train
569691858365915136,train
569691772000931840,train
569691680661762049,train
569691648579338240,validation
569691609404706817,train
569691574625415168,train
569691533101780992,test
569691521454223361,test
569691389958553600,validation
569691155606183937,train
569691100090273792,train
569691079471050752,test
569691049116839936,train
569690711026573312,validation
569690693888663552,train
569690664029462529,test
569690603547697152,train
569690433996984320,train
569690347183480832,test
569690272830922752,train
569690252450799616,test
569690131235340288,train
569689983969202180,train
569689826221363201,validation
569689784517402625,train
569689370988408832,validation
569689239136423936,train
569689221658775553,test
569688901922615296,train
569688822486847488,train
569688822180503552,train
569688698301784064,validation
569688669100994561,train
569688392553799680,train
569688317412970496,train
569688245019111425,test
569688233002401792,train
569688201222160385,validation
569688050386620416,train
569687606901940226,train
569687399426617344,train
569687343403106304,train
569687291007881216,test
569687163136315392,validation
569687056542244864,train
569686478046887937,train
569686415665025024,test
569686401735745536,test
569686397789057024,train
569686372124102656,train
569686237478572032,test
569686145275072512,train
569685890349404160,train
569685644449964032,train
569685261518376960,train
569685165565308928,train
569684864141824000,test
569684820604817408,train
569684565838553088,train
569684433218875392,train
569684298107740160,test
569683974748033026,train
569683921908195328,train
569683872046194688,train
569683866908286976,train
569683804857745409,train
569683456990580736,train
569683397657767937,train
569683183161233408,train
569683041578192896,train
569682961345470465,train
569682818306953216,validation
569682667362344960,train
569682097125896192,train
569682062787149824,train
569682010270101504,test
569681863939371008,validation
569681786860654592,test
569681774307123200,train
569681251734409216,train
569680920162258945,train
569680835894497280,train
569680818228084736,test
569680659288969218,test
569680508088688641,test
569680398185312256,train
569680242194980864,test
569679759250038784,train
569679296572170240,train
569679274535362561,train
569679254495100928,train
569679210454724609,train
569678905344270336,train
569678749056294913,train
569678620878376960,train
569678544869199872,train
569678456478404608,train
569678397158268929,train
569678349846450177,validation
569678154152828928,validation
569678153783877634,train
569678065422311424,train
569677848983801856,train
569677660890116096,train
569677591055106048,validation
569677563334942720,train
569677513539981313,train
569677478077136897,test
569677287551049729,validation
569676866824642561,train
569676702030262272,train
569676640692752385,train
569676450552537088,train
569676336635236352,train
569676333766328320,train
569676317144133632,train
569676304154554368,validation
569676250312249344,train
569676227981791232,train
569676217432977408,test
569675979284721665,train
569675799122591746,test
569675774627848192,train
569675637365071872,validation
569675608969465856,test
569675530792013824,train
569675527662874624,train
569675481857064960,validation
569675178227081216,validation
569674883099205632,train
569674812781694976,train
569674725623926784,train
569674597479677952,train
569674565074481152,train
569674298924900352,train
569674294411669504,train
569674237079744512,train
569674205920411648,train
569673981164277760,train
569673900805783552,train
569673773567381505,test
569673764562010112,train
569673758501412865,validation
569673709520158720,train
569673582609088512,train
569673434721951744,train
569673346864037888,test
569673275183386625,test
569673044802854912,test
569672974657146880,train
569672930851844096,validation
569672905270800385,validation
569672807715463168,train
569672361890295808,validation
569672329321701376,train
569672292919173120,train
569672021078114304,train
569672003403313154,train
569671659394699265,validation
569671368788172800,train
569671290111393792,train
569671087820111872,validation
569671053594591232,train
569670802867556352,train
569670634718023680,train
569670589646032896,train
569670559300239360,train
569670523765960704,train
569670354030989313,train
569670286418841603,train
569670155132907520,test
569670147893383168,train
569669795559432192,train
569669669948424192,train
569669603443519490,train
569669381128654848,train
569669174731153408,test
569669062206332929,validation
569668652045369344,validation
569668644529147904,train
569668637369491458,test
569668455202484224,train
569668448718073856,train
569667918557900800,train
569667782910058496,train
569667675603009537,train
569667517146222592,train
569667378457391106,train
569666885035409408,test
569666866932813824,train
569666814017294339,train
569666689589231616,test
569666687253008384,train
569666244317618177,train
569666226974294016,test
569666202634743808,train
569666042672369665,test
569665983113080832,train
569665738165891073,train
569665707870285824,train
569665295381614594,test
569665260375793664,test
569665225940709376,train
569665193266909184,train
569664965658972160,test
569664878434254848,train
569664828911919104,train
569664787946164224,test
569664668010225664,train
569664514142183424,validation
569664330163200000,test
569664265218600960,train
569664261678600192,train
569664191574859777,train
569664087740715008,test
569664077049384961,train
569664007864492032,test
569663928701038592,train
569663851928485888,validation
569663735217971200,train
569663701017624576,validation
569663687948181504,train
569663577226915840,train
569663351124422656,validation
569663325383979008,train
569662896344592385,train
569662471213948928,validation
569662418898579456,validation
569662221099384832,train
569662145886957568,test
569662113989439488,validation
569661937203572738,train
569661901468270592,train
569661852235509762,train
569661761449791488,train
569661662648610816,train
569661649138941952,train
569661596898709504,train
569661509988708352,train
569661464509861888,validation
569661321744134144,train
569661233923629056,train
569660666014859264,test
569660648738697216,test
569660558112239616,train
569660501526859776,test
569660442408321024,train
569660363794468864,train
569660166959865856,train
569660164149800960,train
569660029093203968,train
569659956384788480,test
569659668412407808,train
569659620517662721,train
569659617699074048,train
569659599709704192,train
569659556869120000,train
569659515706028033,train
569659367001186304,validation
569659364530728961,train
569659317458243584,train
569659230929555456,validation
569659173044129792,train
569659162281377794,validation
569658953828732928,train
569658878939410432,train
569658725016809472,train
569658686999818241,train
569658340147646464,train
569658322413965312,train
569658243871608832,train
569658153115250689,train
569658152741957634,train
569657850856919041,test
569657763069952001,train
569657618576355328,train
569657523944366080,train
569657504273027073,train
569657264262533120,train
569657112109965312,train
569656873315487746,train
569656858400694272,test
569656756764217345,train
569656727995600896,train
569656281885077505,train
569656230769262592,train
569655861297049600,validation
569655392931876864,train
569655339135725568,validation
569655141890170880,train
569655113477988352,test
569655012915322880,validation
569654988877668354,train
569654735592140800,test
569654562031685632,train
569654393898864640,train
569654332246904832,train
569654204375175169,train
569654198901608448,test
569654178789724160,train
569654047151562752,test
569653752279531521,validation
569653423836045312,train
569652564544761856,train
569652510950100992,train
569652478020489216,train
569652313813430273,validation
569651818453708800,train
569651816197169153,test
569651579307069440,train
569651504753332225,train
569651366018166784,train
569651357491326976,test
569651320736522240,validation
569651226280751105,train
569651129136459776,train
569651021175267332,validation
569650859371405312,test
569650813070483457,train
569650542995116033,train
569650276380110848,train
569650273091584000,train
569650182331084801,train
569649747213987841,train
569649712996823041,train
569649508113625089,test
569649222963871744,train
569649152696516608,test
569648849494675456,train
569648713980715010,test
569648102669471744,train
569647825299963904,train
569647618932002816,validation
569647146712113152,train
569646934031343619,validation
569646854402486272,validation
569646827567501312,train
569646613183885312,test
569646601398067200,train
569646347705561088,train
569646280214847488,test
569646230264885249,train
569646144805953536,train
569645815268044801,train
569645783974195202,validation
569645502729457666,validation
569645350379757568,train
569645294708609025,train
569645082414080000,train
569644902637813761,train
569644759024852992,validation
569644716343455744,train
569644637343711232,validation
569644495517589504,test
569644335014092800,validation
569644332573007873,train
569644168584105984,train
569644070470963201,train
569644041857421312,train
569643921543958530,train
569643614113918976,train
569643388611330048,test
569643354557796353,train
569643344462262274,train
569643301332258817,test
569643210785497088,train
569643184067727361,test
569642989515112448,train
569642766407483392,test
569642757767081984,validation
569642742852268032,train
569642306640306176,train
569642267385798657,test
569642200595898368,train
569642145977479169,validation
569641915114659840,validation
569641880276893697,train
569641841454239744,train
569641810571763712,train
569641785347059712,train
569641693726842880,train
569641676244791296,train
569641587766009856,train
569641551116177409,test
569641343439360000,train
569641336652967937,test
569641259826061312,train
569641247075213312,train
569640847119163394,validation
569640139288412160,train
569640038302134273,train
569639972615135232,validation
569639923080404994,train
569639607639285761,train
569639529805688832,test
569638919131627522,train
569638585571221504,validation
569638503199285248,train
569638470538301442,train
569638441803075585,train
569638240233390081,train
569637593278779392,test
569636885863251969,train
569636551321194497,test
569636447956930561,train
569636064035348480,validation
569636003473793024,train
569635939422593024,train
569635382834421761,train
569635291490693120,train
569634918973751297,train
569634828641034240,validation
569634454924357632,train
569634077571051521,train
569633689665216512,train
569633482915209216,test
569633282855301120,test
569633221748637696,train
569632660831625216,train
569632618460753921,train
569632584424153088,train
569632024434057216,validation
569631973859139584,validation
569631860885577729,train
569631847547867136,test
569631824101683200,train
569631775766368256,test
569631742631354369,train
569631648674766848,train
569631575819710464,train
569631567032627200,train
569631404306210816,train
569631377865515008,validation
569631375487139841,validation
569631293429821440,validation
569631041603788800,train
569630885450002432,validation
569630715698151424,train
569630593924911104,train
569630266664325120,train
569630229636853761,validation
569630106940895233,train
569629822789365761,train
569629305023569922,test
569629215869382656,validation
569629100114989056,test
569628494214225922,test
569628431236911104,train
569628323443318785,train
569627839374467072,train
569627784626229248,train
569627770613063680,train
569627744021184513,train
569627485240844288,train
569627200133197824,train
569627123150778368,train
569626951733932032,train
569626796385116160,train
569626787875053568,train
569626703959494656,test
569626673034850304,train
569626388610859008,train
569626174617485313,train
569625607476158465,test
569625456816709633,train
569625356942098432,train
569625210070175744,train
569624948190261249,train
569624865558245376,train
569624713414250496,train
569624299788750848,validation
569623961224351744,validation
569623852403306496,train
569623849752358912,train
569623364337168384,test
569623164143185920,train
569622656770646016,train
569622366768078848,validation
569622243526909952,train
569622208588468224,train
569621976131772416,train
569621883282280448,train
569621852718411776,train
569621808963395585,train
569621583737835520,train
569621527911485440,train
569621367806664705,train
569621332863754240,test
569621228048089088,train
569621173811736576,test
569620850820956160,train
569620782566875136,train
569620643810926592,train
569620597543739392,train
569620512139145216,train
569620494724366336,validation
569620452043317249,test
569620440613826561,train
569620433869217792,train
569620202045841408,train
569620169971998721,train
569620123096494080,test
569620017840398337,test
569619752399667200,train
569619330012463104,validation
569619246520479745,train
569618972535959552,validation
569618884577218560,test
569618659917893632,train
569618371148443649,train
569618327078887424,train
569618210699513856,train
569618056605016064,train
569617894666997761,train
569617887637348352,test
569617808885096448,test
569617807916322817,train
569617089155211265,train
569616934225846273,test
569616839761743872,train
569616699604934656,train
569616586178301952,train
569616573905936384,train
569616554922418177,train
569616362223628289,train
569616335488966656,train
569616283706077184,validation
569616208804380672,train
569616120866476032,validation
569616019708182529,train
569615983205347329,train
569615855505387520,train
569615540089700353,train
569615514928074752,train
569615444300185600,train
569615410720432128,train
569615290956259328,train
569615100006440960,train
569615004489494528,train
569614917826965504,test
569614088390578176,train
569614085807067136,train
569613661045690368,train
569613611510960128,train
569613601918492672,validation
569613537158373376,train
569613523648532480,validation
569613473845542912,train
569613265631780865,train
569612947833671680,validation
569612307363266560,validation
569612280989495296,train
569612035585155073,validation
569612028492570624,train
569611735696580611,test
569611721054162945,train
569611581920808960,train
569611482234687488,train
569611259357863936,train
569611217301450752,test
569611065820110848,train
569610871934205954,train
569610485101768704,train
569609970007674881,train
569609887388270592,train
569609699152273409,train
569609590171676675,train
569609396461936640,train
569609326253502465,test
569609163824713729,train
569608733321498627,train
569608570066436096,train
569608446586200064,train
569608307184242688,train
569608282442047488,train
569608265623064576,validation
569608257607737344,train
569608190410809344,train
569607918569410560,train
569607706358779904,train
569607661655715841,train
569607509167595520,train
569607321908862977,train
569607124772196352,test
569606926234824704,train
569606513859305473,train
569606467646578688,train
569606374591746050,test
569606248095576064,train
569606226880929792,train
569606135960858624,test
569606093393010688,test
569605935280336896,train
569605930146353152,train
569605928636407808,train
569605877512024064,train
569605699308818432,train
569605602961281024,train
569605452230754305,train
569605359406485504,train
569605022197153792,test
569604994825105408,train
569604909571678208,train
569604904689340416,validation
569604777962643457,train
569604674715693057,train
569604659712811009,train
569604466757865472,train
569604453462110208,validation
569604425238454273,train
569604400479649792,test
569604354703020032,train
569604330229092352,train
569604328153083904,train
569604243226652672,train
569604176960827392,train
569604173236477952,train
569604083507556353,validation
569603991551782913,validation
569603962233622528,test
569603590349848576,train
569603156927246336,train
569603127223066624,train
569602798867881985,train
569602682505138176,train
569602563261276160,train
569602295224246272,test
569602069335838720,train
569602057285574656,test
569601934853873664,train
569601869598867456,train
569601519663906819,train
569601354118905859,train
569601337882755073,validation
569601332040089600,test
569601094239825920,train
569600985007558656,train
569600927394631680,train
569600780048560128,train
569600694388445184,train
569600599588630529,validation
569600462661554177,test
569600295833116672,train
569600291290656768,train
569599978722746368,test
569599379893575680,train
569599312671301633,train
569599269189107712,train
569599116403036160,train
569598991463268352,train
569598942821744640,train
569598671420919808,train
569598544379817984,validation
569598406181695488,train
569598314825555968,train
569598155999674368,train
569597962659110913,train
569597885446270976,train
569597742693154816,test
569597666025345024,validation
569597220871282690,validation
569597072350978048,train
569596793941401601,test
569596652622721024,test
569596515510956032,validation
569596502558920707,validation
569596420761604096,validation
569596325076955137,train
569596156927303681,train
569595899204255745,validation
569595791355981825,train
569595643087486976,test
569595595754639360,validation
569595399557685248,validation
569595333899997185,train
569595309279440896,test
569594855556452352,train
569594712337854464,train
569594402114392064,train
569594123222585344,train
569594026732740609,test
569593810390425600,train
569593694963310593,train
569593346223579137,train
569593278636675072,validation
569593050235736064,train
569593045777321985,train
569592981742878721,train
569592830307508224,train
569592778872606720,train
569592674400907264,train
569592590632247297,train
569592447455465472,train
569592402085847041,train
569592270866878464,train
569592177312923650,test
569592148338876416,test
569591765793165312,test
569591730506371072,test
569591700416393216,test
569591653121597440,train
569591540944756737,test
569591533617307648,train
569591393540288512,validation
569591285150908416,test
569591136534319105,validation
569590988395708416,validation
569590965880532993,validation
569590892085915649,train
569590191758962688,train
569590013278756865,train
569589959088173056,train
569589643487928321,train
569589460226183168,train
569588816438169600,train
569588651925098496,train
569588591602458624,train
569588473050611712,train
569588464896876545,train
569587813856841728,train
569587705937600512,train
569587691626622976,validation
569587686496825344,train
569587371693355008,train
569587242672398336,train
569587188687634433,train
569587140490866689,train
