respondent_id,gender,income_quintile,urban_rural,education,has_account,transactions_90d,uses_credit,uses_savings,cost,distance,documentation,trust,no_credit_history,has_mobile_money,has_utility_account
R000000,male,1,urban,primary,0,0,0,0,0,0,1,0,1,1,1
R000001,female,1,rural,secondary,1,5,0,1,0,0,0,0,0,0,0
R000002,female,1,rural,primary,1,1,0,0,0,0,0,0,0,0,0
R000003,male,5,urban,secondary,1,5,0,0,0,0,0,0,0,1,1
R000004,female,2,urban,primary,1,1,0,0,0,0,0,0,0,1,1
R000005,female,5,rural,secondary,1,5,1,1,0,0,0,0,0,0,1
R000006,male,3,rural,secondary,1,0,0,1,0,0,0,0,0,1,0
R000007,male,2,rural,secondary,0,0,0,0,1,1,1,0,1,0,0
R000008,female,1,rural,secondary,1,0,1,0,0,0,0,0,0,0,0
R000009,female,2,rural,secondary,0,0,0,0,0,1,0,0,0,1,0
R000010,female,2,urban,tertiary,1,1,0,1,0,0,0,0,0,0,0
R000011,female,3,rural,primary,0,0,0,0,1,0,0,1,1,1,0
R000012,male,4,urban,none,0,0,0,0,0,1,0,1,0,0,1
R000013,female,3,urban,tertiary,1,1,0,0,0,0,0,0,0,1,1
R000014,male,3,urban,secondary,1,1,0,0,0,0,0,0,0,1,1
R000015,female,3,urban,tertiary,1,0,1,0,0,0,0,0,0,1,1
R000016,male,3,urban,secondary,1,1,1,0,0,0,0,0,0,1,1
R000017,male,3,rural,none,1,2,0,1,0,0,0,0,0,1,1
R000018,female,2,urban,tertiary,1,12,0,1,0,0,0,0,0,0,0
R000019,male,5,rural,primary,1,1,0,1,0,0,0,0,0,1,0
R000020,female,4,urban,secondary,0,0,0,0,0,0,0,1,1,0,1
R000021,male,4,urban,secondary,1,12,1,0,0,0,0,0,0,1,1
R000022,male,3,urban,primary,0,0,0,0,1,0,0,0,0,1,0
R000023,female,4,urban,secondary,1,2,1,0,0,0,0,0,0,1,1
R000024,male,5,urban,primary,1,30,0,0,0,0,0,0,0,1,1
R000025,male,4,rural,tertiary,1,0,0,1,0,0,0,0,0,0,0
R000026,female,1,urban,secondary,1,5,0,0,0,0,0,0,0,0,1
R000027,female,5,rural,none,1,1,1,0,0,0,0,0,0,1,1
R000028,male,3,urban,none,1,12,0,0,0,0,0,0,0,0,1
R000029,female,1,urban,tertiary,1,12,0,0,0,0,0,0,0,1,1
R000030,male,5,urban,secondary,1,30,0,0,0,0,0,0,0,0,1
R000031,female,4,urban,tertiary,1,12,0,1,0,0,0,0,0,0,1
R000032,male,4,urban,secondary,1,2,0,1,0,0,0,0,0,1,1
R000033,female,5,rural,primary,1,2,0,1,0,0,0,0,0,0,1
R000034,male,1,rural,primary,1,2,0,0,0,0,0,0,0,0,0
R000035,female,3,urban,secondary,1,30,0,0,0,0,0,0,0,0,1
R000036,female,1,rural,primary,0,0,0,0,0,0,1,0,1,0,1
R000037,female,2,rural,secondary,0,0,0,0,0,1,0,1,1,1,0
R000038,male,2,urban,primary,1,12,0,1,0,0,0,0,0,1,1
R000039,male,2,rural,secondary,1,1,0,1,0,0,0,0,0,1,0
R000040,male,1,urban,secondary,1,5,0,0,0,0,0,0,0,0,1
R000041,male,4,urban,secondary,1,30,0,1,0,0,0,0,0,1,0
R000042,female,4,rural,tertiary,1,30,0,0,0,0,0,0,0,0,1
R000043,male,3,rural,secondary,1,1,1,0,0,0,0,0,0,0,0
R000044,male,2,urban,primary,1,2,0,1,0,0,0,0,0,1,0
R000045,male,1,urban,secondary,1,1,0,0,0,0,0,0,0,0,0
R000046,male,4,urban,none,1,12,0,0,0,0,0,0,0,1,1
R000047,male,3,urban,primary,1,0,0,0,0,0,0,0,0,1,1
R000048,female,1,rural,none,0,0,0,0,1,1,0,1,1,1,0
R000049,female,2,rural,primary,0,0,0,0,0,1,1,1,0,0,1
R000050,male,4,rural,secondary,0,0,0,0,1,1,1,1,0,1,1
R000051,male,4,urban,secondary,1,1,0,0,0,0,0,0,0,1,1
R000052,female,3,rural,secondary,1,0,0,0,0,0,0,0,0,1,0
R000053,male,3,urban,tertiary,1,2,0,0,0,0,0,0,0,1,1
R000054,male,4,urban,tertiary,1,12,0,1,0,0,0,0,0,0,0
R000055,female,4,urban,secondary,1,12,1,0,0,0,0,0,0,0,1
R000056,male,1,urban,secondary,1,0,0,1,0,0,0,0,0,1,0
R000057,female,5,rural,primary,1,30,1,0,0,0,0,0,0,1,0
R000058,male,3,urban,secondary,1,1,0,1,0,0,0,0,0,0,1
R000059,male,2,rural,primary,0,0,0,0,1,1,1,1,1,0,0
R000060,female,1,urban,secondary,0,0,0,0,1,0,1,1,1,1,1
R000061,male,2,rural,secondary,1,1,0,0,0,0,0,0,0,0,0
R000062,female,2,urban,none,0,0,0,0,1,0,0,1,0,1,1
R000063,male,2,rural,primary,0,0,0,0,0,0,1,0,1,1,0
R000064,male,2,rural,secondary,1,30,0,1,0,0,0,0,0,0,1
R000065,female,1,urban,secondary,1,2,0,0,0,0,0,0,0,0,1
R000066,male,5,rural,secondary,1,30,0,1,0,0,0,0,0,1,0
R000067,male,1,urban,primary,0,0,0,0,1,0,1,0,0,0,1
R000068,female,1,urban,secondary,1,1,1,0,0,0,0,0,0,0,0
R000069,male,5,rural,primary,1,12,0,0,0,0,0,0,0,0,1
R000070,male,3,urban,none,1,2,0,0,0,0,0,0,0,1,1
R000071,female,5,rural,secondary,1,2,1,0,0,0,0,0,0,1,1
R000072,male,3,urban,secondary,1,2,0,0,0,0,0,0,0,0,1
R000073,male,5,urban,secondary,1,30,0,1,0,0,0,0,0,1,1
R000074,male,1,rural,tertiary,1,1,0,0,0,0,0,0,0,0,0
R000075,female,4,rural,primary,1,2,0,0,0,0,0,0,0,0,0
R000076,female,4,urban,tertiary,1,12,1,1,0,0,0,0,0,1,0
R000077,female,1,urban,primary,0,0,0,0,1,0,1,1,0,0,1
R000078,male,1,rural,secondary,0,0,0,0,1,0,0,0,1,1,0
R000079,male,5,rural,secondary,1,2,0,1,0,0,0,0,0,1,1
R000080,female,5,urban,secondary,1,12,0,0,0,0,0,0,0,1,1
R000081,male,4,rural,none,1,5,0,0,0,0,0,0,0,0,1
R000082,female,3,rural,secondary,1,12,1,0,0,0,0,0,0,1,1
R000083,female,3,urban,secondary,1,0,0,0,0,0,0,0,0,1,0
R000084,female,2,urban,primary,1,12,0,0,0,0,0,0,0,1,1
R000085,female,3,rural,secondary,1,12,1,0,0,0,0,0,0,1,1
R000086,male,3,rural,primary,0,0,0,0,0,1,0,0,0,1,0
R000087,female,5,urban,secondary,1,2,0,0,0,0,0,0,0,1,1
R000088,male,4,rural,tertiary,1,2,0,0,0,0,0,0,0,0,1
R000089,female,4,urban,primary,1,30,0,0,0,0,0,0,0,0,1
R000090,male,2,rural,secondary,1,1,0,1,0,0,0,0,0,0,0
R000091,male,5,rural,secondary,1,12,1,1,0,0,0,0,0,1,1
R000092,male,3,rural,tertiary,1,1,1,0,0,0,0,0,0,1,0
R000093,female,1,rural,tertiary,1,2,0,0,0,0,0,0,0,1,0
R000094,female,5,urban,secondary,1,12,0,1,0,0,0,0,0,1,1
R000095,female,1,urban,secondary,0,0,0,0,1,0,0,0,0,1,0
R000096,male,5,urban,secondary,1,1,0,1,0,0,0,0,0,1,1
R000097,male,1,rural,primary,1,5,1,0,0,0,0,0,0,1,1
R000098,male,2,urban,tertiary,1,12,1,1,0,0,0,0,0,1,1
R000099,male,1,urban,secondary,1,2,0,1,0,0,0,0,0,0,0
R000100,male,2,rural,secondary,1,5,0,1,0,0,0,0,0,0,0
R000101,male,2,rural,none,0,0,0,0,1,0,0,0,1,1,0
R000102,female,2,rural,secondary,1,30,0,0,0,0,0,0,0,0,1
R000103,male,4,rural,secondary,1,1,0,1,0,0,0,0,0,1,1
R000104,female,1,urban,secondary,1,1,0,1,0,0,0,0,0,0,1
R000105,female,4,rural,secondary,1,5,1,1,0,0,0,0,0,1,0
R000106,male,5,rural,tertiary,1,2,0,1,0,0,0,0,0,1,1
R000107,female,4,urban,secondary,1,12,0,0,0,0,0,0,0,0,1
R000108,male,1,rural,tertiary,1,1,0,0,0,0,0,0,0,1,1
R000109,male,3,urban,primary,1,0,0,1,0,0,0,0,0,1,1
R000110,female,4,rural,secondary,1,0,1,0,0,0,0,0,0,0,1
R000111,male,2,urban,primary,0,0,0,0,1,0,1,0,1,0,1
R000112,female,3,urban,primary,1,1,1,1,0,0,0,0,0,1,0
R000113,female,2,rural,secondary,0,0,0,0,0,1,0,1,1,0,0
R000114,male,3,rural,secondary,1,0,0,0,0,0,0,0,0,0,0
R000115,male,1,rural,primary,0,0,0,0,1,1,1,0,1,1,0
R000116,female,3,rural,primary,0,0,0,0,0,0,1,1,1,0,0
R000117,male,1,rural,secondary,0,0,0,0,0,1,0,0,0,0,0
R000118,male,1,urban,secondary,1,1,1,0,0,0,0,0,0,1,1
R000119,female,4,urban,tertiary,1,5,0,0,0,0,0,0,0,1,1
R000120,male,2,rural,secondary,1,2,1,1,0,0,0,0,0,1,0
R000121,female,4,urban,primary,1,2,0,0,0,0,0,0,0,1,1
R000122,female,2,urban,secondary,0,0,0,0,0,1,1,0,1,0,0
R000123,male,5,urban,secondary,1,2,0,0,0,0,0,0,0,1,1
R000124,male,2,urban,secondary,1,5,0,0,0,0,0,0,0,0,1
R000125,male,2,urban,primary,1,1,0,0,0,0,0,0,0,1,1
R000126,female,4,urban,secondary,1,12,1,1,0,0,0,0,0,0,1
R000127,female,1,rural,secondary,0,0,0,0,1,1,0,0,1,0,1
R000128,male,2,urban,primary,0,0,0,0,1,0,1,0,0,1,1
R000129,female,3,rural,secondary,0,0,0,0,1,1,0,0,0,1,0
R000130,male,2,rural,primary,0,0,0,0,1,1,0,1,1,1,1
R000131,female,3,urban,tertiary,1,0,0,0,0,0,0,0,0,0,0
R000132,female,2,rural,secondary,1,5,0,1,0,0,0,0,0,1,1
R000133,male,3,rural,secondary,1,2,0,1,0,0,0,0,0,1,0
R000134,female,1,rural,secondary,1,5,0,1,0,0,0,0,0,0,0
R000135,female,2,rural,none,0,0,0,0,1,0,0,0,0,1,0
R000136,male,5,urban,none,1,2,0,0,0,0,0,0,0,0,1
R000137,female,1,urban,secondary,1,12,0,0,0,0,0,0,0,0,0
R000138,female,4,urban,primary,1,1,1,0,0,0,0,0,0,1,0
R000139,male,1,rural,primary,1,12,0,0,0,0,0,0,0,1,0
R000140,male,4,rural,secondary,0,0,0,0,1,0,0,0,0,0,1
R000141,male,4,urban,primary,1,5,1,0,0,0,0,0,0,1,1
R000142,female,1,rural,primary,0,0,0,0,1,0,0,1,0,1,0
R000143,male,5,urban,secondary,1,0,1,0,0,0,0,0,0,1,1
R000144,male,3,rural,tertiary,1,12,0,0,0,0,0,0,0,1,0
R000145,female,1,rural,secondary,1,5,0,0,0,0,0,0,0,0,0
R000146,female,5,urban,primary,1,2,0,1,0,0,0,0,0,1,1
R000147,male,2,urban,none,0,0,0,0,0,0,0,0,0,0,1
R000148,female,1,urban,secondary,1,5,0,0,0,0,0,0,0,0,0
R000149,female,2,rural,secondary,1,12,0,1,0,0,0,0,0,0,0
R000150,female,3,urban,tertiary,1,5,1,0,0,0,0,0,0,1,0
R000151,female,1,urban,primary,1,5,0,0,0,0,0,0,0,0,0
R000152,female,3,urban,primary,1,5,0,1,0,0,0,0,0,0,1
R000153,male,4,rural,tertiary,1,12,1,1,0,0,0,0,0,1,1
R000154,male,4,urban,secondary,1,5,1,0,0,0,0,0,0,1,1
R000155,male,2,urban,none,1,5,0,0,0,0,0,0,0,1,0
R000156,male,5,rural,primary,1,5,1,1,0,0,0,0,0,1,1
R000157,female,2,urban,secondary,1,12,1,0,0,0,0,0,0,0,1
R000158,male,3,urban,secondary,1,0,0,0,0,0,0,0,0,0,1
R000159,female,1,urban,tertiary,1,2,0,0,0,0,0,0,0,0,0
R000160,male,4,urban,secondary,1,1,0,1,0,0,0,0,0,1,1
R000161,female,5,rural,primary,0,0,0,0,1,0,1,0,0,1,1
R000162,female,1,urban,primary,0,0,0,0,1,0,0,0,0,1,0
R000163,male,2,urban,tertiary,1,5,0,0,0,0,0,0,0,1,0
R000164,male,3,rural,secondary,1,0,0,0,0,0,0,0,0,0,0
R000165,male,4,rural,primary,1,5,0,1,0,0,0,0,0,0,1
R000166,male,1,urban,primary,1,5,0,0,0,0,0,0,0,0,0
R000167,male,1,urban,primary,1,5,0,0,0,0,0,0,0,1,0
R000168,female,2,rural,secondary,0,0,0,0,0,0,1,1,0,1,0
R000169,female,2,urban,secondary,1,2,0,0,0,0,0,0,0,1,1
R000170,male,2,rural,secondary,0,0,0,0,0,1,1,0,1,1,1
R000171,female,1,urban,tertiary,1,1,0,0,0,0,0,0,0,1,0
R000172,male,3,urban,secondary,1,1,0,1,0,0,0,0,0,1,0
R000173,female,5,rural,secondary,1,30,1,0,0,0,0,0,0,0,1
R000174,male,3,rural,tertiary,1,1,0,1,0,0,0,0,0,0,0
R000175,female,3,rural,tertiary,0,0,0,0,0,1,0,1,0,1,0
R000176,male,3,rural,tertiary,1,1,1,1,0,0,0,0,0,1,1
R000177,female,4,rural,secondary,1,1,0,0,0,0,0,0,0,0,1
R000178,female,3,urban,primary,1,1,0,1,0,0,0,0,0,0,0
R000179,female,4,urban,secondary,1,0,1,1,0,0,0,0,0,1,1
R000180,male,4,urban,primary,0,0,0,0,1,0,1,1,1,0,1
R000181,female,3,urban,secondary,1,1,1,0,0,0,0,0,0,0,1
R000182,female,4,urban,secondary,1,5,0,0,0,0,0,0,0,1,1
R000183,male,1,urban,secondary,1,5,0,0,0,0,0,0,0,0,1
R000184,female,2,rural,secondary,1,12,0,0,0,0,0,0,0,1,1
R000185,female,5,rural,none,0,0,0,0,1,1,0,0,0,1,1
R000186,male,2,rural,tertiary,1,5,0,0,0,0,0,0,0,0,1
R000187,female,3,urban,secondary,1,0,1,1,0,0,0,0,0,0,1
R000188,male,4,urban,primary,1,30,0,1,0,0,0,0,0,0,1
R000189,male,5,urban,primary,1,0,0,0,0,0,0,0,0,1,1
R000190,female,1,urban,tertiary,1,5,0,0,0,0,0,0,0,0,1
R000191,male,3,urban,primary,1,5,1,1,0,0,0,0,0,1,0
R000192,male,5,rural,secondary,1,30,0,0,0,0,0,0,0,0,1
R000193,female,1,urban,secondary,1,12,0,0,0,0,0,0,0,0,0
R000194,male,5,urban,primary,1,1,0,0,0,0,0,0,0,0,1
R000195,male,1,urban,secondary,1,12,0,0,0,0,0,0,0,0,0
R000196,female,5,urban,tertiary,1,30,0,1,0,0,0,0,0,0,1
R000197,female,3,urban,tertiary,1,12,0,0,0,0,0,0,0,1,1
R000198,male,3,urban,tertiary,1,12,0,0,0,0,0,0,0,1,1
R000199,female,1,urban,tertiary,1,2,0,0,0,0,0,0,0,1,0
R000200,female,3,rural,primary,0,0,0,0,0,0,0,1,0,1,0
R000201,female,5,urban,secondary,1,0,0,0,0,0,0,0,0,1,1
R000202,female,4,urban,secondary,1,5,0,0,0,0,0,0,0,0,1
R000203,female,2,urban,secondary,1,5,0,0,0,0,0,0,0,1,0
R000204,male,4,rural,primary,1,1,1,0,0,0,0,0,0,0,1
R000205,female,2,urban,secondary,0,0,0,0,1,0,0,0,0,0,1
R000206,female,3,urban,none,1,5,0,0,0,0,0,0,0,1,0
R000207,female,3,urban,primary,0,0,0,0,0,0,1,1,0,0,1
R000208,female,5,urban,tertiary,1,12,0,1,0,0,0,0,0,1,1
R000209,female,4,urban,tertiary,1,12,1,0,0,0,0,0,0,0,1
R000210,male,1,urban,tertiary,1,12,0,0,0,0,0,0,0,0,1
R000211,female,5,urban,primary,0,0,0,0,1,0,0,1,0,0,1
R000212,female,1,rural,secondary,0,0,0,0,1,1,1,0,1,1,1
R000213,female,2,urban,secondary,1,2,1,0,0,0,0,0,0,1,1
R000214,female,2,urban,tertiary,0,0,0,0,0,0,1,0,1,1,1
R000215,female,2,urban,secondary,1,1,0,0,0,0,0,0,0,0,1
R000216,female,2,rural,primary,0,0,0,0,0,1,1,0,0,0,1
R000217,female,5,urban,primary,0,0,0,0,0,0,0,0,0,1,1
R000218,male,2,urban,secondary,1,5,0,0,0,0,0,0,0,0,1
R000219,male,2,urban,secondary,1,12,0,0,0,0,0,0,0,0,1
R000220,male,4,rural,none,0,0,0,0,1,1,0,0,0,1,0
R000221,female,5,urban,secondary,1,12,0,1,0,0,0,0,0,1,1
R000222,male,3,urban,secondary,0,0,0,0,1,1,1,0,0,0,1
R000223,female,2,rural,secondary,1,2,1,1,0,0,0,0,0,1,0
R000224,female,5,urban,primary,1,1,0,1,0,0,0,0,0,1,1
R000225,female,2,rural,primary,0,0,0,0,0,0,1,0,1,1,1
R000226,male,5,urban,secondary,1,5,0,1,0,0,0,0,0,1,1
R000227,male,2,rural,primary,0,0,0,0,0,1,1,0,1,1,0
R000228,female,5,urban,secondary,1,5,0,1,0,0,0,0,0,0,1
R000229,male,4,urban,secondary,1,1,1,1,0,0,0,0,0,1,1
R000230,male,2,urban,secondary,1,5,0,0,0,0,0,0,0,0,1
R000231,female,1,urban,secondary,1,2,1,1,0,0,0,0,0,0,0
R000232,female,3,rural,secondary,0,0,0,0,1,1,1,0,1,1,0
R000233,female,2,rural,secondary,1,1,1,0,0,0,0,0,0,0,1
R000234,male,1,rural,secondary,0,0,0,0,1,0,0,0,0,0,0
R000235,male,2,rural,secondary,1,12,0,0,0,0,0,0,0,0,0
R000236,female,1,urban,primary,1,2,0,0,0,0,0,0,0,1,0
R000237,female,2,rural,tertiary,1,1,0,0,0,0,0,0,0,0,0
R000238,male,1,rural,primary,0,0,0,0,0,0,0,0,0,1,0
R000239,female,3,rural,none,0,0,0,0,1,0,1,0,1,1,0
R000240,male,4,urban,secondary,1,0,0,1,0,0,0,0,0,1,1
R000241,female,4,urban,secondary,1,5,0,0,0,0,0,0,0,1,1
R000242,male,2,urban,tertiary,1,0,0,1,0,0,0,0,0,0,1
R000243,male,1,rural,primary,0,0,0,0,1,1,0,1,1,1,0
R000244,female,3,rural,none,0,0,0,0,1,1,0,1,0,0,0
R000245,female,1,urban,secondary,0,0,0,0,1,0,0,1,0,0,1
R000246,male,1,urban,none,0,0,0,0,1,0,0,1,1,0,0
R000247,female,1,rural,secondary,1,30,0,1,0,0,0,0,0,1,1
R000248,male,3,rural,secondary,1,12,0,1,0,0,0,0,0,1,0
R000249,male,2,urban,tertiary,0,0,0,0,1,1,0,0,0,0,0
R000250,male,1,rural,secondary,1,5,0,0,0,0,0,0,0,0,1
R000251,female,2,urban,none,0,0,0,0,1,0,0,0,0,1,1
R000252,male,2,urban,secondary,1,12,0,0,0,0,0,0,0,0,0
R000253,male,1,rural,secondary,0,0,0,0,1,1,0,0,0,1,0
R000254,male,1,rural,secondary,1,30,0,0,0,0,0,0,0,0,1
R000255,female,4,urban,tertiary,1,0,0,1,0,0,0,0,0,1,1
R000256,male,1,urban,primary,1,5,0,0,0,0,0,0,0,1,0
R000257,male,1,urban,none,0,0,0,0,1,0,1,1,0,0,0
R000258,male,4,urban,primary,1,5,1,1,0,0,0,0,0,1,1
R000259,male,1,rural,tertiary,0,0,0,0,1,0,1,0,1,0,1
R000260,female,3,urban,secondary,1,5,0,0,0,0,0,0,0,1,0
R000261,male,1,urban,secondary,1,2,0,0,0,0,0,0,0,0,1
R000262,male,4,rural,primary,1,1,0,1,0,0,0,0,0,0,0
R000263,female,5,rural,secondary,1,2,0,1,0,0,0,0,0,1,1
R000264,male,1,urban,secondary,0,0,0,0,1,0,1,0,0,0,1
R000265,female,1,urban,secondary,1,1,0,0,0,0,0,0,0,0,0
R000266,male,1,urban,primary,1,1,0,0,0,0,0,0,0,0,1
R000267,male,2,urban,primary,1,5,0,1,0,0,0,0,0,0,1
R000268,female,2,rural,primary,0,0,0,0,0,1,1,0,0,1,0
R000269,female,3,rural,secondary,1,12,1,1,0,0,0,0,0,0,1
R000270,female,5,rural,primary,1,2,1,0,0,0,0,0,0,0,1
R000271,female,3,urban,primary,1,1,0,1,0,0,0,0,0,0,1
R000272,female,2,urban,none,1,1,0,0,0,0,0,0,0,0,0
R000273,male,4,rural,secondary,1,5,0,0,0,0,0,0,0,1,1
R000274,female,2,urban,tertiary,1,0,0,0,0,0,0,0,0,0,0
R000275,male,1,rural,primary,0,0,0,0,0,1,0,1,0,0,0
R000276,male,4,urban,secondary,1,5,0,1,0,0,0,0,0,0,0
R000277,male,3,urban,tertiary,1,5,0,0,0,0,0,0,0,1,1
R000278,female,3,urban,tertiary,1,1,0,0,0,0,0,0,0,0,1
R000279,female,3,rural,secondary,0,0,0,0,0,0,1,0,1,1,1
R000280,female,1,rural,secondary,0,0,0,0,0,1,0,0,0,0,1
R000281,male,1,urban,secondary,1,5,0,0,0,0,0,0,0,0,0
R000282,male,1,rural,tertiary,0,0,0,0,1,0,0,1,0,1,0
R000283,female,5,urban,secondary,1,12,0,1,0,0,0,0,0,1,1
R000284,female,1,urban,secondary,0,0,0,0,0,0,0,0,0,1,1
R000285,male,3,rural,primary,1,12,0,1,0,0,0,0,0,0,1
R000286,female,2,rural,secondary,0,0,0,0,1,0,0,0,1,0,1
R000287,male,1,urban,primary,1,5,0,0,0,0,0,0,0,1,1
R000288,female,1,urban,tertiary,1,2,0,0,0,0,0,0,0,0,0
R000289,female,1,urban,primary,1,12,0,0,0,0,0,0,0,0,0
R000290,female,3,urban,tertiary,1,2,0,0,0,0,0,0,0,1,1
R000291,female,4,rural,none,1,5,0,0,0,0,0,0,0,1,0
R000292,male,2,urban,tertiary,1,12,0,1,0,0,0,0,0,0,0
R000293,female,5,rural,secondary,1,1,0,1,0,0,0,0,0,0,0
R000294,male,1,urban,tertiary,1,30,0,0,0,0,0,0,0,1,0
R000295,male,1,urban,secondary,1,1,0,0,0,0,0,0,0,0,0
R000296,male,2,urban,primary,1,12,0,0,0,0,0,0,0,0,1
R000297,female,3,urban,secondary,1,5,0,1,0,0,0,0,0,1,1
R000298,male,4,urban,tertiary,1,1,0,0,0,0,0,0,0,0,1
R000299,male,2,urban,secondary,1,1,0,1,0,0,0,0,0,0,1
R000300,male,2,urban,secondary,1,1,0,0,0,0,0,0,0,0,0
R000301,male,3,urban,primary,1,1,0,0,0,0,0,0,0,1,1
R000302,male,4,urban,secondary,1,5,1,0,0,0,0,0,0,1,1
R000303,female,1,urban,secondary,1,12,0,0,0,0,0,0,0,1,0
R000304,male,3,urban,secondary,1,5,0,0,0,0,0,0,0,0,1
R000305,female,2,urban,secondary,0,0,0,0,1,0,0,0,1,1,0
R000306,female,5,rural,secondary,1,2,1,1,0,0,0,0,0,1,0
R000307,female,1,urban,secondary,0,0,0,0,1,0,0,0,1,1,0
R000308,male,5,urban,secondary,1,2,1,0,0,0,0,0,0,0,1
R000309,male,3,rural,secondary,1,5,0,1,0,0,0,0,0,1,1
R000310,female,4,urban,primary,1,1,0,0,0,0,0,0,0,0,1
R000311,female,4,rural,tertiary,1,1,1,1,0,0,0,0,0,0,0
R000312,female,3,urban,none,1,12,0,0,0,0,0,0,0,1,1
R000313,female,4,urban,tertiary,1,30,1,0,0,0,0,0,0,1,0
R000314,female,2,urban,tertiary,1,1,0,0,0,0,0,0,0,0,1
R000315,female,4,rural,secondary,1,1,0,1,0,0,0,0,0,1,0
R000316,female,4,urban,secondary,1,5,0,1,0,0,0,0,0,0,1
R000317,female,1,urban,none,0,0,0,0,0,0,0,0,1,0,1
R000318,female,2,rural,primary,0,0,0,0,1,1,0,0,1,0,0
R000319,female,5,urban,primary,0,0,0,0,0,0,1,0,1,1,1
R000320,female,2,rural,none,0,0,0,0,1,0,1,0,0,0,1
R000321,male,2,urban,secondary,1,1,0,0,0,0,0,0,0,1,0
R000322,male,2,rural,primary,0,0,0,0,1,0,1,1,1,1,1
R000323,female,3,urban,secondary,1,0,0,1,0,0,0,0,0,0,1
R000324,female,3,rural,tertiary,1,1,1,0,0,0,0,0,0,0,1
R000325,female,1,rural,primary,0,0,0,0,1,1,1,0,0,1,0
R000326,female,4,urban,tertiary,1,1,0,1,0,0,0,0,0,1,0
R000327,female,4,urban,secondary,0,0,0,0,1,0,0,0,0,0,1
R000328,male,1,rural,primary,0,0,0,0,0,0,0,1,1,1,1
R000329,male,4,rural,primary,0,0,0,0,1,1,1,1,1,0,0
R000330,male,3,urban,tertiary,1,2,0,0,0,0,0,0,0,1,1
R000331,female,2,rural,secondary,0,0,0,0,1,0,1,0,1,0,0
R000332,male,1,urban,primary,0,0,0,0,1,0,0,0,1,0,0
R000333,female,4,urban,primary,1,5,1,1,0,0,0,0,0,1,1
R000334,female,3,rural,primary,1,1,0,0,0,0,0,0,0,1,1
R000335,female,2,urban,secondary,1,5,0,1,0,0,0,0,0,0,1
R000336,female,4,rural,primary,1,5,1,1,0,0,0,0,0,1,0
R000337,male,1,rural,primary,0,0,0,0,1,1,0,0,1,0,0
R000338,male,3,rural,secondary,1,30,1,0,0,0,0,0,0,1,1
R000339,male,4,urban,secondary,1,1,0,0,0,0,0,0,0,1,1
R000340,male,5,urban,secondary,0,0,0,0,0,0,1,0,0,1,1
R000341,female,4,rural,primary,0,0,0,0,0,0,0,0,1,1,1
R000342,female,3,rural,secondary,0,0,0,0,1,0,1,1,1,1,0
R000343,male,2,rural,tertiary,1,12,0,0,0,0,0,0,0,1,1
R000344,male,1,rural,primary,1,1,0,0,0,0,0,0,0,1,0
R000345,female,4,urban,tertiary,1,12,0,0,0,0,0,0,0,1,1
R000346,male,2,rural,tertiary,1,30,0,0,0,0,0,0,0,0,1
R000347,female,3,rural,tertiary,1,30,0,0,0,0,0,0,0,0,0
R000348,male,4,rural,primary,1,5,1,1,0,0,0,0,0,1,1
R000349,female,3,urban,secondary,1,2,0,1,0,0,0,0,0,1,1
R000350,female,5,rural,secondary,1,5,1,0,0,0,0,0,0,1,1
R000351,female,1,urban,secondary,1,1,0,0,0,0,0,0,0,1,1
R000352,female,4,urban,tertiary,1,30,1,0,0,0,0,0,0,1,0
R000353,male,3,rural,secondary,1,30,0,0,0,0,0,0,0,1,1
R000354,male,4,urban,secondary,1,0,0,1,0,0,0,0,0,1,0
R000355,female,5,urban,none,1,5,0,0,0,0,0,0,0,1,1
R000356,male,4,rural,secondary,1,30,0,1,0,0,0,0,0,1,1
R000357,female,1,rural,secondary,0,0,0,0,1,1,1,0,1,1,0
R000358,male,3,rural,secondary,1,5,1,0,0,0,0,0,0,1,0
R000359,female,1,rural,secondary,1,5,0,0,0,0,0,0,0,1,0
R000360,male,3,rural,primary,1,30,0,0,0,0,0,0,0,1,0
R000361,male,3,urban,none,1,5,0,1,0,0,0,0,0,0,0
R000362,female,2,rural,secondary,1,1,0,1,0,0,0,0,0,1,0
R000363,male,4,rural,tertiary,1,5,1,1,0,0,0,0,0,1,0
R000364,female,2,urban,secondary,1,5,0,0,0,0,0,0,0,1,1
R000365,female,3,urban,primary,1,2,1,1,0,0,0,0,0,1,0
R000366,female,4,urban,secondary,1,2,0,1,0,0,0,0,0,1,1
R000367,male,4,rural,primary,1,1,0,1,0,0,0,0,0,1,1
R000368,female,1,rural,secondary,0,0,0,0,0,0,0,0,1,0,0
R000369,female,4,rural,primary,1,5,0,0,0,0,0,0,0,0,0
R000370,male,3,urban,secondary,1,1,0,0,0,0,0,0,0,0,0
R000371,female,2,urban,secondary,1,2,1,1,0,0,0,0,0,0,1
R000372,female,2,urban,tertiary,1,5,0,0,0,0,0,0,0,0,1
R000373,male,1,rural,primary,0,0,0,0,0,0,1,0,0,1,0
R000374,female,2,rural,secondary,1,1,1,0,0,0,0,0,0,1,1
R000375,female,4,urban,primary,1,5,0,0,0,0,0,0,0,1,1
R000376,male,1,urban,secondary,1,5,1,0,0,0,0,0,0,1,1
R000377,female,5,rural,secondary,1,5,0,1,0,0,0,0,0,1,1
R000378,male,5,urban,tertiary,1,12,0,1,0,0,0,0,0,1,1
R000379,male,2,urban,secondary,1,2,1,1,0,0,0,0,0,0,1
R000380,female,1,urban,secondary,1,0,0,0,0,0,0,0,0,1,1
R000381,female,3,rural,tertiary,1,5,0,0,0,0,0,0,0,1,0
R000382,female,4,rural,secondary,1,12,0,0,0,0,0,0,0,1,1
R000383,female,1,rural,primary,0,0,0,0,1,1,0,0,0,1,1
R000384,male,3,urban,primary,1,5,1,0,0,0,0,0,0,1,1
R000385,female,3,rural,secondary,0,0,0,0,1,1,0,1,1,1,0
R000386,male,4,rural,secondary,1,5,1,1,0,0,0,0,0,1,1
R000387,male,4,rural,primary,0,0,0,0,1,1,1,0,1,1,1
R000388,female,1,urban,tertiary,1,5,0,0,0,0,0,0,0,0,0
R000389,male,2,urban,secondary,1,2,1,0,0,0,0,0,0,0,1
R000390,female,1,urban,none,1,30,0,0,0,0,0,0,0,0,0
R000391,male,4,urban,none,1,12,0,1,0,0,0,0,0,0,1
R000392,male,1,rural,secondary,1,2,1,1,0,0,0,0,0,1,0
R000393,male,5,rural,secondary,1,5,0,0,0,0,0,0,0,0,0
R000394,male,2,urban,secondary,1,1,1,0,0,0,0,0,0,0,0
R000395,female,2,rural,secondary,1,12,0,1,0,0,0,0,0,0,0
R000396,female,5,urban,primary,1,1,0,0,0,0,0,0,0,0,1
R000397,female,4,rural,primary,1,1,0,1,0,0,0,0,0,1,0
R000398,male,3,rural,secondary,1,0,0,0,0,0,0,0,0,1,0
R000399,male,5,urban,tertiary,1,1,1,0,0,0,0,0,0,1,1
R000400,female,3,urban,secondary,1,1,0,0,0,0,0,0,0,1,1
R000401,female,1,rural,primary,0,0,0,0,1,0,1,0,0,1,0
R000402,female,4,urban,tertiary,1,1,1,0,0,0,0,0,0,1,1
R000403,female,1,urban,secondary,1,30,0,0,0,0,0,0,0,1,1
R000404,male,4,urban,secondary,1,2,0,0,0,0,0,0,0,1,1
R000405,female,4,urban,secondary,1,2,0,0,0,0,0,0,0,0,1
R000406,female,1,rural,tertiary,1,5,0,1,0,0,0,0,0,0,0
R000407,male,2,rural,tertiary,1,2,0,1,0,0,0,0,0,1,0
R000408,female,3,urban,tertiary,1,1,1,1,0,0,0,0,0,1,1
R000409,male,2,urban,tertiary,1,5,0,0,0,0,0,0,0,1,1
R000410,male,3,rural,secondary,1,1,1,1,0,0,0,0,0,0,0
R000411,female,2,rural,none,0,0,0,0,1,0,0,0,1,1,0
R000412,female,4,urban,secondary,1,2,0,0,0,0,0,0,0,1,1
R000413,female,5,rural,primary,1,5,0,0,0,0,0,0,0,1,1
R000414,female,2,urban,secondary,1,2,0,0,0,0,0,0,0,1,0
R000415,male,2,urban,none,0,0,0,0,0,0,1,0,1,1,1
R000416,female,2,urban,secondary,1,12,0,0,0,0,0,0,0,1,1
R000417,female,4,rural,secondary,1,1,0,0,0,0,0,0,0,1,0
R000418,female,2,rural,secondary,1,5,1,1,0,0,0,0,0,1,0
R000419,female,1,urban,secondary,0,0,0,0,1,0,0,0,1,0,0
R000420,female,4,urban,tertiary,1,0,0,1,0,0,0,0,0,1,1
R000421,male,4,rural,primary,1,1,0,1,0,0,0,0,0,0,1
R000422,female,4,urban,tertiary,1,5,1,1,0,0,0,0,0,1,1
R000423,male,3,urban,secondary,1,12,0,1,0,0,0,0,0,1,1
R000424,female,1,urban,primary,0,0,0,0,1,1,0,0,0,1,1
R000425,female,1,rural,tertiary,0,0,0,0,0,1,0,0,0,1,1
R000426,male,4,rural,secondary,1,1,0,1,0,0,0,0,0,1,0
R000427,female,2,urban,secondary,1,1,0,0,0,0,0,0,0,1,0
R000428,male,3,urban,primary,1,1,0,1,0,0,0,0,0,0,1
R000429,female,1,rural,secondary,1,5,0,0,0,0,0,0,0,1,0
R000430,female,3,rural,primary,0,0,0,0,1,0,1,0,1,0,1
R000431,female,1,urban,tertiary,1,5,0,0,0,0,0,0,0,1,0
R000432,female,5,urban,secondary,1,1,0,1,0,0,0,0,0,1,0
R000433,female,2,rural,tertiary,1,0,1,0,0,0,0,0,0,0,0
R000434,female,4,urban,primary,1,1,0,1,0,0,0,0,0,0,1
R000435,female,3,urban,secondary,1,12,1,1,0,0,0,0,0,1,1
R000436,female,5,urban,primary,1,30,1,1,0,0,0,0,0,0,1
R000437,male,3,urban,primary,1,30,1,0,0,0,0,0,0,1,1
R000438,male,5,rural,secondary,0,0,0,0,1,1,1,0,1,0,1
R000439,female,3,urban,tertiary,1,0,0,1,0,0,0,0,0,1,1
R000440,female,4,urban,secondary,1,12,0,0,0,0,0,0,0,1,0
R000441,male,3,rural,secondary,1,12,0,1,0,0,0,0,0,1,0
R000442,female,4,urban,tertiary,1,1,0,0,0,0,0,0,0,1,1
R000443,female,2,urban,secondary,1,5,0,1,0,0,0,0,0,0,1
R000444,female,3,urban,primary,1,2,1,1,0,0,0,0,0,0,1
R000445,female,1,urban,secondary,1,1,0,0,0,0,0,0,0,0,1
R000446,male,4,urban,none,1,2,0,1,0,0,0,0,0,0,1
R000447,female,2,rural,none,0,0,0,0,0,0,0,0,1,1,0
R000448,female,2,rural,tertiary,1,0,0,0,0,0,0,0,0,0,0
R000449,female,4,urban,secondary,1,1,0,1,0,0,0,0,0,1,1
R000450,female,4,urban,secondary,1,5,0,1,0,0,0,0,0,1,1
R000451,male,3,urban,secondary,1,2,0,0,0,0,0,0,0,0,0
R000452,female,5,rural,primary,1,30,1,1,0,0,0,0,0,0,1
R000453,female,3,urban,tertiary,1,1,0,1,0,0,0,0,0,1,1
R000454,female,2,rural,primary,0,0,0,0,1,0,0,0,0,0,1
R000455,male,2,urban,tertiary,1,1,0,0,0,0,0,0,0,0,0
R000456,female,1,urban,tertiary,0,0,0,0,1,0,1,1,0,0,0
R000457,female,4,urban,primary,0,0,0,0,0,0,0,0,1,1,0
R000458,female,2,rural,secondary,0,0,0,0,0,1,0,0,0,0,0
R000459,female,4,urban,primary,1,5,1,0,0,0,0,0,0,1,1
R000460,male,2,rural,secondary,1,5,0,0,0,0,0,0,0,0,0
R000461,female,1,urban,secondary,1,1,0,0,0,0,0,0,0,0,0
R000462,female,5,rural,tertiary,1,2,0,1,0,0,0,0,0,1,1
R000463,male,2,urban,secondary,1,5,0,0,0,0,0,0,0,0,1
R000464,female,4,urban,tertiary,1,2,0,0,0,0,0,0,0,1,1
R000465,female,2,urban,primary,0,0,0,0,1,0,0,1,0,1,0
R000466,female,4,urban,secondary,0,0,0,0,0,1,0,0,1,1,1
R000467,female,2,urban,secondary,0,0,0,0,0,0,1,1,1,1,1
R000468,female,4,urban,tertiary,1,2,0,0,0,0,0,0,0,1,1
R000469,female,5,urban,secondary,1,2,0,1,0,0,0,0,0,1,1
R000470,female,1,rural,primary,0,0,0,0,0,0,1,0,1,0,0
R000471,female,1,rural,primary,0,0,0,0,0,0,0,1,1,0,1
R000472,male,3,rural,primary,0,0,0,0,1,1,1,0,0,0,0
R000473,male,1,urban,secondary,0,0,0,0,1,0,1,0,1,0,0
R000474,female,1,rural,primary,0,0,0,0,1,0,0,1,0,0,0
R000475,female,3,rural,tertiary,1,5,0,0,0,0,0,0,0,0,1
R000476,female,3,urban,secondary,1,1,0,0,0,0,0,0,0,0,1
R000477,female,3,urban,tertiary,1,30,0,1,0,0,0,0,0,1,1
R000478,female,1,urban,secondary,1,5,0,1,0,0,0,0,0,0,1
R000479,male,3,urban,primary,1,2,0,0,0,0,0,0,0,0,1
R000480,female,3,rural,secondary,1,12,0,0,0,0,0,0,0,0,1
R000481,male,2,urban,primary,1,12,0,0,0,0,0,0,0,0,1
R000482,female,5,rural,tertiary,1,2,0,0,0,0,0,0,0,0,0
R000483,female,1,urban,secondary,1,2,0,0,0,0,0,0,0,1,1
R000484,male,4,rural,secondary,1,5,0,1,0,0,0,0,0,0,0
R000485,male,4,urban,tertiary,1,30,0,1,0,0,0,0,0,0,1
R000486,male,3,urban,tertiary,1,5,1,0,0,0,0,0,0,1,1
R000487,male,2,urban,primary,0,0,0,0,1,0,1,0,1,1,1
R000488,female,1,rural,secondary,1,2,0,1,0,0,0,0,0,0,1
R000489,female,1,rural,primary,0,0,0,0,1,0,0,1,1,0,1
R000490,male,3,rural,secondary,1,2,0,0,0,0,0,0,0,0,0
R000491,male,4,urban,primary,1,30,0,1,0,0,0,0,0,0,1
R000492,female,1,urban,tertiary,1,30,0,0,0,0,0,0,0,0,0
R000493,male,2,urban,secondary,1,2,1,0,0,0,0,0,0,0,1
R000494,female,4,rural,primary,1,12,0,1,0,0,0,0,0,1,0
R000495,male,5,urban,primary,1,5,0,1,0,0,0,0,0,0,1
R000496,female,3,urban,tertiary,1,5,0,0,0,0,0,0,0,1,0
R000497,female,5,urban,primary,1,12,1,1,0,0,0,0,0,1,1
R000498,male,5,rural,secondary,1,1,1,1,0,0,0,0,0,1,1
R000499,female,3,urban,secondary,0,0,0,0,1,0,0,0,1,1,1
R000500,male,2,urban,primary,1,5,1,0,0,0,0,0,0,0,1
R000501,male,5,urban,secondary,1,2,1,1,0,0,0,0,0,1,1
R000502,female,1,urban,tertiary,0,0,0,0,1,0,0,1,1,1,0
R000503,female,2,rural,none,0,0,0,0,1,1,0,0,1,1,0
R000504,male,2,urban,primary,1,5,0,1,0,0,0,0,0,0,1
R000505,male,2,rural,secondary,1,1,0,0,0,0,0,0,0,1,0
R000506,male,5,rural,secondary,1,12,1,1,0,0,0,0,0,1,0
R000507,female,3,rural,primary,1,2,0,0,0,0,0,0,0,1,1
R000508,male,2,rural,secondary,1,0,0,0,0,0,0,0,0,0,0
R000509,female,2,urban,none,0,0,0,0,0,0,1,1,1,0,1
R000510,female,2,rural,none,1,1,0,1,0,0,0,0,0,1,0
R000511,female,4,urban,secondary,1,2,1,1,0,0,0,0,0,0,1
R000512,female,5,rural,primary,1,5,1,0,0,0,0,0,0,1,1
R000513,male,1,urban,secondary,1,12,0,0,0,0,0,0,0,1,0
R000514,female,1,rural,none,0,0,0,0,1,0,0,0,1,0,0
R000515,male,2,rural,tertiary,1,1,1,0,0,0,0,0,0,1,0
R000516,male,4,rural,primary,1,5,1,0,0,0,0,0,0,0,0
R000517,female,1,urban,secondary,1,1,0,1,0,0,0,0,0,1,0
R000518,male,4,rural,secondary,1,1,0,1,0,0,0,0,0,1,0
R000519,male,5,rural,secondary,1,2,0,0,0,0,0,0,0,0,1
R000520,female,5,rural,primary,1,0,0,1,0,0,0,0,0,1,1
R000521,male,2,urban,secondary,0,0,0,0,0,0,0,1,0,1,0
R000522,male,4,urban,none,1,1,0,0,0,0,0,0,0,1,1
R000523,male,3,urban,secondary,1,5,0,0,0,0,0,0,0,1,1
R000524,male,4,rural,secondary,1,30,0,0,0,0,0,0,0,1,0
R000525,female,3,urban,secondary,0,0,0,0,1,0,0,1,1,0,1
R000526,female,1,urban,primary,0,0,0,0,0,0,1,1,0,0,1
R000527,female,4,rural,secondary,1,5,1,0,0,0,0,0,0,0,1
R000528,male,1,urban,secondary,1,1,0,0,0,0,0,0,0,0,0
R000529,male,1,urban,tertiary,1,1,0,0,0,0,0,0,0,0,1
R000530,male,1,urban,none,1,12,0,1,0,0,0,0,0,0,0
R000531,female,3,rural,primary,0,0,0,0,1,0,0,0,1,0,0
R000532,female,4,rural,secondary,1,2,1,1,0,0,0,0,0,1,0
R000533,male,2,rural,none,1,12,0,0,0,0,0,0,0,1,0
R000534,female,1,urban,secondary,0,0,0,0,1,0,0,0,1,0,0
R000535,female,5,rural,none,1,5,0,0,0,0,0,0,0,0,1
R000536,female,1,urban,secondary,1,2,0,0,0,0,0,0,0,1,0
R000537,male,2,urban,secondary,1,30,0,1,0,0,0,0,0,0,1
R000538,male,2,urban,primary,0,0,0,0,0,1,0,0,1,0,1
R000539,female,5,rural,secondary,1,1,0,1,0,0,0,0,0,0,1
R000540,female,4,rural,primary,1,2,0,0,0,0,0,0,0,1,0
R000541,female,2,urban,secondary,1,30,0,1,0,0,0,0,0,0,1
R000542,female,4,urban,primary,1,12,0,0,0,0,0,0,0,1,1
R000543,female,5,rural,none,0,0,0,0,1,0,0,0,1,1,0
R000544,female,2,urban,tertiary,1,1,0,1,0,0,0,0,0,0,1
R000545,female,4,urban,secondary,1,12,0,1,0,0,0,0,0,1,1
R000546,female,4,rural,primary,1,5,1,0,0,0,0,0,0,1,0
R000547,male,4,urban,secondary,1,12,0,0,0,0,0,0,0,1,1
R000548,male,5,urban,tertiary,1,0,0,1,0,0,0,0,0,0,1
R000549,male,4,urban,tertiary,1,0,0,0,0,0,0,0,0,0,1
R000550,female,3,urban,primary,1,0,0,1,0,0,0,0,0,0,1
R000551,female,2,rural,secondary,0,0,0,0,1,0,1,0,1,0,1
R000552,female,2,urban,secondary,1,5,0,0,0,0,0,0,0,1,0
R000553,male,5,rural,tertiary,1,12,0,1,0,0,0,0,0,0,1
R000554,male,1,urban,secondary,1,12,0,0,0,0,0,0,0,1,0
R000555,male,1,urban,secondary,1,2,1,0,0,0,0,0,0,1,0
R000556,male,2,urban,secondary,1,5,0,0,0,0,0,0,0,1,1
R000557,female,4,urban,primary,1,30,0,1,0,0,0,0,0,1,1
R000558,female,5,rural,primary,0,0,0,0,0,0,0,1,1,1,1
R000559,female,2,urban,secondary,1,2,0,0,0,0,0,0,0,0,1
R000560,female,5,urban,secondary,1,2,1,1,0,0,0,0,0,1,0
R000561,female,4,urban,primary,0,0,0,0,0,0,1,0,0,1,1
R000562,male,5,urban,secondary,1,2,0,1,0,0,0,0,0,1,1
R000563,male,3,urban,tertiary,1,0,0,0,0,0,0,0,0,0,1
R000564,male,1,urban,secondary,0,0,0,0,0,0,1,0,1,1,1
R000565,female,5,rural,none,0,0,0,0,1,0,0,0,0,0,1
R000566,male,1,rural,none,0,0,0,0,1,0,0,1,0,0,1
R000567,female,5,urban,secondary,1,12,1,1,0,0,0,0,0,1,1
R000568,female,4,rural,primary,1,2,1,1,0,0,0,0,0,1,0
R000569,male,2,rural,tertiary,1,5,0,1,0,0,0,0,0,1,1
R000570,male,1,rural,secondary,1,12,0,0,0,0,0,0,0,0,1
R000571,male,3,rural,primary,1,2,0,1,0,0,0,0,0,1,1
R000572,female,5,urban,primary,1,30,0,0,0,0,0,0,0,1,1
R000573,male,3,rural,tertiary,1,2,0,0,0,0,0,0,0,1,0
R000574,male,1,urban,primary,1,2,0,1,0,0,0,0,0,1,1
R000575,female,5,rural,tertiary,1,5,0,0,0,0,0,0,0,1,1
R000576,female,4,rural,secondary,1,2,0,0,0,0,0,0,0,1,0
R000577,female,4,urban,secondary,1,12,1,1,0,0,0,0,0,1,1
R000578,female,4,rural,none,0,0,0,0,0,1,1,0,0,1,1
R000579,female,1,rural,secondary,0,0,0,0,0,1,0,1,1,1,0
R000580,male,5,urban,primary,1,5,1,0,0,0,0,0,0,1,1
R000581,female,1,urban,primary,0,0,0,0,1,0,1,1,1,0,1
R000582,male,2,rural,primary,1,2,0,1,0,0,0,0,0,1,0
R000583,female,1,urban,secondary,0,0,0,0,1,1,1,1,1,0,1
R000584,male,2,urban,primary,0,0,0,0,1,1,0,0,0,1,0
R000585,female,1,urban,secondary,1,1,0,0,0,0,0,0,0,1,0
R000586,male,1,rural,primary,0,0,0,0,0,1,0,0,1,0,0
R000587,female,4,rural,secondary,1,5,0,0,0,0,0,0,0,1,0
R000588,female,1,urban,secondary,1,1,1,1,0,0,0,0,0,0,0
R000589,female,3,urban,secondary,1,0,0,0,0,0,0,0,0,0,1
R000590,male,3,urban,primary,0,0,0,0,1,0,1,0,0,1,1
R000591,female,2,urban,secondary,0,0,0,0,1,0,0,1,0,0,1
R000592,male,3,rural,secondary,1,12,0,0,0,0,0,0,0,1,0
R000593,male,2,rural,primary,1,0,0,0,0,0,0,0,0,0,1
R000594,male,2,urban,primary,1,2,0,1,0,0,0,0,0,0,1
R000595,male,1,urban,primary,1,2,0,0,0,0,0,0,0,0,0
R000596,female,4,rural,tertiary,1,2,0,0,0,0,0,0,0,1,0
R000597,female,3,rural,primary,0,0,0,0,1,1,0,0,0,0,0
R000598,female,1,rural,secondary,1,12,1,0,0,0,0,0,0,1,0
R000599,female,4,urban,primary,1,5,1,0,0,0,0,0,0,1,1
R000600,female,2,rural,secondary,0,0,0,0,1,1,0,0,0,1,0
R000601,male,2,rural,secondary,1,12,0,0,0,0,0,0,0,0,0
R000602,female,1,urban,secondary,1,2,0,0,0,0,0,0,0,1,1
R000603,female,4,rural,primary,1,2,1,1,0,0,0,0,0,1,0
R000604,female,3,urban,secondary,1,1,1,1,0,0,0,0,0,0,1
R000605,female,4,rural,secondary,1,12,1,0,0,0,0,0,0,0,0
R000606,female,2,rural,none,0,0,0,0,0,1,1,0,0,0,0
R000607,male,5,urban,tertiary,1,1,0,1,0,0,0,0,0,1,1
R000608,male,1,urban,primary,1,30,0,0,0,0,0,0,0,0,1
R000609,female,5,urban,secondary,1,30,0,0,0,0,0,0,0,1,1
R000610,male,1,rural,secondary,0,0,0,0,0,0,0,0,1,0,0
R000611,male,2,rural,primary,0,0,0,0,0,1,0,0,0,1,1
R000612,male,1,urban,tertiary,0,0,0,0,0,0,0,0,1,0,0
R000613,male,2,urban,tertiary,1,12,0,0,0,0,0,0,0,0,1
R000614,female,3,rural,secondary,1,0,1,0,0,0,0,0,0,0,0
R000615,female,2,rural,primary,1,1,0,0,0,0,0,0,0,0,0
R000616,male,3,rural,primary,1,12,0,0,0,0,0,0,0,0,0
R000617,female,2,urban,tertiary,0,0,0,0,0,0,0,0,0,0,0
R000618,male,1,rural,primary,0,0,0,0,1,1,1,0,0,1,0
R000619,female,5,urban,secondary,1,5,1,0,0,0,0,0,0,0,1
R000620,female,1,rural,secondary,0,0,0,0,1,0,0,0,1,1,1
R000621,male,5,urban,secondary,1,0,1,1,0,0,0,0,0,1,1
R000622,male,4,rural,primary,1,0,0,1,0,0,0,0,0,0,0
R000623,male,5,rural,secondary,1,1,0,1,0,0,0,0,0,1,1
R000624,male,3,rural,primary,1,30,0,1,0,0,0,0,0,1,0
R000625,female,1,urban,primary,0,0,0,0,0,0,0,0,0,0,0
R000626,female,2,rural,primary,0,0,0,0,0,1,0,0,0,1,1
R000627,female,1,urban,secondary,1,30,0,1,0,0,0,0,0,1,0
R000628,female,3,rural,tertiary,1,1,0,1,0,0,0,0,0,1,0
R000629,female,5,rural,secondary,0,0,0,0,1,0,0,1,0,1,0
R000630,female,3,rural,secondary,1,30,0,1,0,0,0,0,0,1,0
R000631,male,2,rural,secondary,1,30,0,0,0,0,0,0,0,1,0
R000632,male,5,urban,primary,1,5,1,1,0,0,0,0,0,1,0
R000633,female,2,urban,tertiary,1,1,0,1,0,0,0,0,0,0,1
R000634,male,3,urban,secondary,1,12,0,0,0,0,0,0,0,1,1
R000635,male,3,urban,tertiary,1,5,0,0,0,0,0,0,0,0,1
R000636,female,2,urban,primary,1,1,0,1,0,0,0,0,0,0,0
R000637,male,2,urban,tertiary,1,1,1,0,0,0,0,0,0,0,1
R000638,female,1,urban,none,1,2,1,0,0,0,0,0,0,0,1
R000639,female,1,urban,primary,0,0,0,0,1,0,0,1,0,1,0
R000640,female,3,rural,primary,0,0,0,0,0,1,1,0,0,0,1
R000641,male,1,urban,primary,1,5,0,0,0,0,0,0,0,0,1
R000642,male,5,urban,secondary,1,2,1,1,0,0,0,0,0,1,1
R000643,female,5,rural,primary,1,5,0,0,0,0,0,0,0,0,1
R000644,female,2,urban,none,1,1,0,0,0,0,0,0,0,1,0
R000645,male,1,urban,tertiary,1,0,0,0,0,0,0,0,0,0,0
R000646,male,3,urban,primary,1,5,0,0,0,0,0,0,0,0,0
R000647,female,4,urban,secondary,1,0,0,1,0,0,0,0,0,1,1
R000648,male,2,rural,none,1,1,0,1,0,0,0,0,0,1,0
R000649,female,3,rural,secondary,1,2,0,0,0,0,0,0,0,0,0
R000650,male,4,rural,tertiary,1,1,0,0,0,0,0,0,0,1,1
R000651,male,1,urban,tertiary,1,1,1,1,0,0,0,0,0,0,1
R000652,female,4,rural,none,1,2,0,1,0,0,0,0,0,1,1
R000653,female,2,urban,tertiary,1,1,0,0,0,0,0,0,0,0,0
R000654,male,2,urban,tertiary,1,1,0,0,0,0,0,0,0,0,0
R000655,female,1,rural,tertiary,0,0,0,0,1,1,0,0,0,1,0
R000656,female,1,rural,secondary,1,12,0,0,0,0,0,0,0,1,0
R000657,female,2,rural,primary,0,0,0,0,1,0,0,1,0,1,0
R000658,female,4,rural,primary,1,1,1,0,0,0,0,0,0,0,1
R000659,female,5,urban,none,1,5,0,0,0,0,0,0,0,1,1
R000660,male,3,urban,primary,1,5,0,1,0,0,0,0,0,0,0
R000661,female,2,urban,tertiary,1,2,0,0,0,0,0,0,0,0,0
R000662,male,5,rural,secondary,1,2,1,1,0,0,0,0,0,1,0
R000663,female,5,urban,none,1,5,0,1,0,0,0,0,0,1,1
R000664,male,1,rural,secondary,0,0,0,0,1,1,1,0,1,1,0
R000665,female,2,rural,secondary,0,0,0,0,0,0,0,0,0,0,0
R000666,female,2,rural,secondary,0,0,0,0,0,0,1,0,0,0,1
R000667,female,4,rural,none,1,12,0,1,0,0,0,0,0,1,1
R000668,male,3,urban,primary,1,2,0,0,0,0,0,0,0,1,0
R000669,male,1,urban,secondary,1,5,0,1,0,0,0,0,0,1,1
R000670,male,5,urban,tertiary,1,2,1,0,0,0,0,0,0,1,1
R000671,female,5,urban,secondary,1,1,0,1,0,0,0,0,0,0,1
R000672,female,4,urban,primary,1,12,0,0,0,0,0,0,0,1,0
R000673,male,2,rural,secondary,0,0,0,0,1,0,0,0,0,1,0
R000674,male,2,urban,secondary,1,30,0,0,0,0,0,0,0,0,0
R000675,male,3,rural,secondary,1,1,0,1,0,0,0,0,0,0,0
R000676,female,3,urban,secondary,0,0,0,0,1,0,1,1,0,1,1
R000677,male,2,rural,secondary,1,0,0,1,0,0,0,0,0,1,0
R000678,male,2,urban,primary,1,1,1,1,0,0,0,0,0,1,1
R000679,female,1,rural,primary,1,0,0,0,0,0,0,0,0,0,0
R000680,female,4,urban,primary,1,5,0,0,0,0,0,0,0,1,1
R000681,female,2,urban,secondary,1,1,0,1,0,0,0,0,0,0,0
R000682,female,3,rural,primary,1,1,0,1,0,0,0,0,0,0,1
R000683,male,4,urban,secondary,1,2,1,0,0,0,0,0,0,0,1
R000684,male,1,rural,secondary,1,12,0,0,0,0,0,0,0,0,0
R000685,male,1,rural,secondary,1,2,0,1,0,0,0,0,0,0,1
R000686,female,3,rural,primary,0,0,0,0,1,1,0,0,1,0,1
R000687,female,3,urban,secondary,1,0,0,0,0,0,0,0,0,0,1
R000688,male,4,rural,secondary,1,5,1,1,0,0,0,0,0,0,0
R000689,male,2,rural,tertiary,1,1,0,0,0,0,0,0,0,1,0
R000690,male,2,urban,none,1,30,0,1,0,0,0,0,0,0,1
R000691,male,1,urban,primary,1,12,0,0,0,0,0,0,0,1,0
R000692,female,5,urban,secondary,1,5,0,0,0,0,0,0,0,1,1
R000693,female,1,urban,secondary,1,5,0,0,0,0,0,0,0,0,0
R000694,male,3,urban,secondary,1,30,0,0,0,0,0,0,0,1,0
R000695,female,5,urban,secondary,1,2,0,0,0,0,0,0,0,1,1
R000696,female,2,urban,primary,1,5,1,0,0,0,0,0,0,0,1
R000697,female,1,urban,primary,0,0,0,0,1,0,0,0,0,1,1
R000698,female,1,urban,none,0,0,0,0,0,0,0,0,0,0,0
R000699,female,1,urban,primary,0,0,0,0,1,1,0,0,1,0,1
R000700,male,3,urban,secondary,1,12,1,0,0,0,0,0,0,0,1
R000701,female,4,rural,secondary,1,30,0,1,0,0,0,0,0,1,1
R000702,female,3,urban,secondary,1,5,0,1,0,0,0,0,0,1,0
R000703,female,1,rural,none,0,0,0,0,1,0,0,0,0,0,1
R000704,female,2,urban,none,0,0,0,0,0,1,0,0,0,1,1
R000705,female,5,rural,primary,1,5,0,0,0,0,0,0,0,1,1
R000706,male,3,urban,primary,1,12,1,1,0,0,0,0,0,1,1
R000707,female,3,urban,secondary,0,0,0,0,1,0,1,1,0,1,1
R000708,female,1,urban,primary,0,0,0,0,0,1,1,1,1,0,0
R000709,female,3,urban,none,0,0,0,0,0,1,0,0,0,1,0
R000710,female,1,rural,secondary,0,0,0,0,0,0,0,0,1,1,0
R000711,male,1,urban,primary,1,30,0,1,0,0,0,0,0,0,1
R000712,male,4,urban,none,0,0,0,0,0,0,0,0,1,1,1
R000713,male,1,urban,secondary,1,5,0,0,0,0,0,0,0,1,1
R000714,male,4,urban,primary,1,30,0,1,0,0,0,0,0,1,1
R000715,male,2,urban,tertiary,1,30,0,0,0,0,0,0,0,1,1
R000716,female,2,rural,secondary,0,0,0,0,1,0,0,0,1,1,1
R000717,female,3,urban,none,0,0,0,0,1,0,0,0,1,1,1
R000718,female,1,urban,primary,0,0,0,0,0,0,0,0,0,0,0
R000719,male,1,urban,tertiary,1,2,0,0,0,0,0,0,0,0,1
R000720,male,4,urban,secondary,1,12,0,0,0,0,0,0,0,0,1
R000721,male,2,rural,primary,1,12,0,1,0,0,0,0,0,1,0
R000722,female,3,urban,tertiary,1,12,0,1,0,0,0,0,0,1,1
R000723,female,4,urban,primary,1,12,0,1,0,0,0,0,0,0,1
R000724,male,3,rural,tertiary,0,0,0,0,1,1,0,1,1,1,1
R000725,male,1,urban,secondary,1,5,0,1,0,0,0,0,0,1,0
R000726,female,1,rural,none,1,5,0,0,0,0,0,0,0,0,1
R000727,female,3,urban,none,0,0,0,0,0,1,1,0,0,1,1
R000728,male,3,urban,secondary,1,0,1,1,0,0,0,0,0,1,0
R000729,male,5,rural,secondary,1,12,1,0,0,0,0,0,0,1,0
R000730,male,2,rural,secondary,1,1,0,0,0,0,0,0,0,1,0
R000731,female,3,urban,tertiary,1,12,0,0,0,0,0,0,0,1,0
R000732,male,4,urban,secondary,0,0,0,0,1,0,1,1,0,1,1
R000733,female,3,urban,none,0,0,0,0,0,0,0,0,1,1,1
R000734,male,2,rural,secondary,1,5,0,0,0,0,0,0,0,1,0
R000735,male,1,urban,primary,1,5,0,1,0,0,0,0,0,0,0
R000736,female,2,urban,none,0,0,0,0,1,0,0,0,0,0,0
R000737,female,2,urban,none,0,0,0,0,0,0,1,1,1,1,0
R000738,female,1,rural,primary,0,0,0,0,0,0,1,1,1,1,0
R000739,male,1,urban,secondary,0,0,0,0,1,0,1,1,1,1,1
R000740,female,1,rural,secondary,1,0,0,0,0,0,0,0,0,0,0
R000741,female,3,rural,tertiary,1,30,0,0,0,0,0,0,0,0,0
R000742,male,4,urban,secondary,1,2,0,0,0,0,0,0,0,1,1
R000743,male,2,rural,primary,0,0,0,0,0,1,0,0,1,0,0
R000744,male,1,urban,primary,1,1,1,0,0,0,0,0,0,0,0
R000745,male,2,urban,secondary,1,5,0,0,0,0,0,0,0,1,1
R000746,male,2,urban,secondary,0,0,0,0,0,0,0,0,0,1,1
R000747,female,1,rural,none,0,0,0,0,0,1,1,1,0,0,0
R000748,female,1,rural,primary,0,0,0,0,1,1,1,0,1,0,1
R000749,male,1,rural,secondary,1,2,0,0,0,0,0,0,0,0,0
R000750,male,1,urban,tertiary,1,30,0,1,0,0,0,0,0,0,1
R000751,female,2,urban,secondary,1,1,0,1,0,0,0,0,0,1,1
R000752,female,4,urban,tertiary,1,30,0,0,0,0,0,0,0,1,1
R000753,female,1,rural,secondary,0,0,0,0,1,1,1,0,0,0,0
R000754,male,4,rural,tertiary,1,1,1,0,0,0,0,0,0,1,0
R000755,male,3,urban,secondary,1,1,0,0,0,0,0,0,0,0,1
R000756,male,3,rural,secondary,1,12,0,1,0,0,0,0,0,1,0
R000757,female,2,rural,secondary,1,2,0,0,0,0,0,0,0,0,1
R000758,male,4,urban,primary,1,30,0,1,0,0,0,0,0,0,1
R000759,female,1,rural,secondary,0,0,0,0,0,1,1,0,1,1,0
R000760,female,4,urban,none,1,12,1,0,0,0,0,0,0,1,1
R000761,male,5,urban,primary,1,1,1,0,0,0,0,0,0,1,1
R000762,female,1,rural,none,0,0,0,0,0,1,0,1,0,0,0
R000763,male,2,urban,secondary,1,12,0,0,0,0,0,0,0,0,0
R000764,female,1,urban,primary,1,2,0,0,0,0,0,0,0,0,1
R000765,male,5,urban,secondary,1,2,0,0,0,0,0,0,0,1,1
R000766,female,5,rural,secondary,1,2,1,0,0,0,0,0,0,1,1
R000767,male,2,rural,none,0,0,0,0,0,0,0,0,0,0,1
R000768,female,1,urban,secondary,0,0,0,0,1,1,0,0,0,0,0
R000769,female,2,urban,secondary,1,1,0,0,0,0,0,0,0,1,1
R000770,male,1,rural,tertiary,1,1,0,0,0,0,0,0,0,0,1
R000771,female,3,rural,none,0,0,0,0,0,0,0,0,0,1,0
R000772,male,2,rural,secondary,0,0,0,0,0,1,1,1,1,0,0
R000773,male,1,urban,tertiary,0,0,0,0,1,1,1,0,0,0,1
R000774,female,3,rural,secondary,1,1,0,0,0,0,0,0,0,1,1
R000775,male,4,urban,secondary,1,1,0,0,0,0,0,0,0,0,1
R000776,female,5,urban,tertiary,1,5,0,1,0,0,0,0,0,1,1
R000777,male,2,rural,primary,0,0,0,0,0,0,1,0,1,0,1
R000778,male,3,rural,tertiary,1,2,0,0,0,0,0,0,0,0,1
R000779,male,2,rural,primary,0,0,0,0,1,1,0,0,0,0,0
R000780,female,1,urban,secondary,1,1,0,0,0,0,0,0,0,0,1
R000781,male,3,rural,tertiary,1,30,0,0,0,0,0,0,0,0,1
R000782,male,1,urban,tertiary,1,5,0,0,0,0,0,0,0,0,1
R000783,female,2,rural,tertiary,1,2,0,0,0,0,0,0,0,0,0
R000784,male,3,urban,secondary,1,1,1,0,0,0,0,0,0,0,1
R000785,female,3,urban,primary,0,0,0,0,0,0,0,0,1,0,1
R000786,female,5,rural,primary,0,0,0,0,1,0,0,0,1,1,1
R000787,male,4,urban,secondary,0,0,0,0,0,0,0,1,0,0,1
R000788,female,1,urban,secondary,0,0,0,0,1,0,0,0,0,0,0
R000789,female,2,rural,secondary,0,0,0,0,0,1,0,0,0,0,1
R000790,male,1,urban,secondary,1,1,0,0,0,0,0,0,0,0,0
R000791,female,2,urban,secondary,1,1,0,0,0,0,0,0,0,1,1
R000792,female,2,rural,secondary,1,12,0,0,0,0,0,0,0,1,1
R000793,male,4,rural,secondary,1,30,0,1,0,0,0,0,0,1,1
R000794,female,1,urban,none,0,0,0,0,1,0,1,0,1,1,1
R000795,male,2,urban,tertiary,1,5,0,0,0,0,0,0,0,0,1
R000796,male,5,urban,secondary,1,1,0,1,0,0,0,0,0,1,1
R000797,male,3,rural,tertiary,1,1,1,0,0,0,0,0,0,1,1
R000798,female,4,urban,secondary,0,0,0,0,0,0,0,0,1,0,1
R000799,female,2,urban,tertiary,1,12,0,0,0,0,0,0,0,0,1
R000800,female,1,urban,secondary,0,0,0,0,1,1,0,0,1,0,0
R000801,female,3,rural,secondary,1,30,0,0,0,0,0,0,0,1,0
R000802,male,4,rural,secondary,1,1,0,0,0,0,0,0,0,0,0
R000803,male,3,rural,tertiary,1,12,0,1,0,0,0,0,0,1,0
R000804,male,5,urban,primary,1,1,0,1,0,0,0,0,0,1,1
R000805,female,2,urban,primary,0,0,0,0,1,0,1,0,0,0,1
R000806,female,3,urban,primary,1,2,0,1,0,0,0,0,0,0,1
R000807,female,1,urban,none,0,0,0,0,1,1,0,1,0,1,1
R000808,female,2,urban,secondary,1,2,0,1,0,0,0,0,0,1,1
R000809,female,5,urban,primary,1,2,0,0,0,0,0,0,0,1,1
R000810,female,3,urban,secondary,1,12,0,1,0,0,0,0,0,0,0
R000811,female,5,rural,secondary,1,1,1,1,0,0,0,0,0,1,0
R000812,female,3,urban,tertiary,1,2,0,0,0,0,0,0,0,0,1
R000813,female,3,urban,secondary,0,0,0,0,0,0,0,1,0,0,1
R000814,female,1,rural,secondary,0,0,0,0,1,1,1,0,0,0,0
R000815,female,1,urban,primary,0,0,0,0,1,0,0,0,0,1,1
R000816,female,2,urban,primary,1,0,1,0,0,0,0,0,0,1,1
R000817,male,1,urban,tertiary,1,2,1,1,0,0,0,0,0,0,0
R000818,female,4,urban,secondary,1,2,0,1,0,0,0,0,0,1,0
R000819,female,4,urban,secondary,1,5,1,0,0,0,0,0,0,0,1
R000820,male,2,rural,tertiary,1,5,1,1,0,0,0,0,0,0,1
R000821,male,4,rural,tertiary,1,2,0,0,0,0,0,0,0,1,1
R000822,male,3,urban,secondary,1,1,1,0,0,0,0,0,0,0,1
R000823,male,2,rural,tertiary,0,0,0,0,1,0,1,0,1,1,1
R000824,female,1,rural,tertiary,0,0,0,0,1,0,0,0,1,0,0
R000825,female,1,urban,none,1,12,0,0,0,0,0,0,0,0,0
R000826,female,4,urban,none,1,5,0,1,0,0,0,0,0,0,1
R000827,male,2,rural,primary,1,12,0,1,0,0,0,0,0,0,1
R000828,male,3,rural,secondary,1,1,0,0,0,0,0,0,0,0,0
R000829,male,3,rural,primary,1,5,0,0,0,0,0,0,0,1,1
R000830,male,2,rural,none,1,1,0,1,0,0,0,0,0,0,0
R000831,male,1,urban,primary,1,5,1,1,0,0,0,0,0,1,0
R000832,male,1,urban,secondary,0,0,0,0,0,0,1,0,0,0,1
R000833,female,1,urban,secondary,1,30,0,1,0,0,0,0,0,0,1
R000834,male,1,urban,secondary,1,1,0,1,0,0,0,0,0,1,0
R000835,male,1,rural,primary,1,5,0,1,0,0,0,0,0,0,1
R000836,female,1,rural,primary,0,0,0,0,1,0,0,1,1,1,1
R000837,male,2,rural,primary,0,0,0,0,0,0,0,1,0,0,0
R000838,female,3,urban,secondary,1,1,0,0,0,0,0,0,0,0,0
R000839,male,1,urban,tertiary,1,5,0,0,0,0,0,0,0,0,0
R000840,female,1,urban,tertiary,1,1,0,1,0,0,0,0,0,1,1
R000841,female,4,urban,secondary,1,12,0,1,0,0,0,0,0,1,1
R000842,male,3,rural,secondary,1,2,0,0,0,0,0,0,0,0,0
R000843,female,1,rural,none,0,0,0,0,0,0,1,0,0,0,0
R000844,female,1,rural,tertiary,0,0,0,0,1,0,1,1,0,0,0
R000845,female,5,urban,secondary,1,0,0,0,0,0,0,0,0,1,1
R000846,female,1,urban,secondary,1,1,0,0,0,0,0,0,0,0,1
R000847,female,2,rural,secondary,1,1,0,1,0,0,0,0,0,0,0
R000848,female,4,rural,tertiary,1,12,0,0,0,0,0,0,0,0,1
R000849,female,5,urban,tertiary,1,1,0,1,0,0,0,0,0,1,1
R000850,male,4,rural,secondary,1,5,0,1,0,0,0,0,0,0,0
R000851,female,1,urban,secondary,0,0,0,0,1,0,0,1,0,0,1
R000852,male,3,urban,primary,0,0,0,0,1,0,0,1,1,0,1
R000853,female,2,urban,primary,0,0,0,0,0,0,0,1,1,0,1
R000854,male,1,rural,secondary,1,12,0,1,0,0,0,0,0,0,0
R000855,female,4,rural,secondary,1,12,1,0,0,0,0,0,0,1,0
R000856,male,5,urban,secondary,1,2,0,1,0,0,0,0,0,0,1
R000857,female,1,rural,none,0,0,0,0,0,0,0,1,0,0,0
R000858,male,1,urban,primary,0,0,0,0,1,0,1,1,1,0,1
R000859,female,1,rural,secondary,1,1,0,1,0,0,0,0,0,0,0
R000860,male,5,urban,primary,1,30,1,0,0,0,0,0,0,1,1
R000861,male,3,rural,secondary,1,1,0,1,0,0,0,0,0,0,1
R000862,female,2,urban,secondary,1,1,0,0,0,0,0,0,0,0,1
R000863,female,4,rural,tertiary,1,1,1,1,0,0,0,0,0,0,1
R000864,male,2,urban,none,1,2,0,0,0,0,0,0,0,1,1
R000865,female,5,urban,secondary,1,0,0,0,0,0,0,0,0,1,1
R000866,male,1,urban,secondary,1,5,0,0,0,0,0,0,0,0,1
R000867,male,1,rural,primary,0,0,0,0,1,1,0,0,0,1,0
R000868,female,4,urban,none,0,0,0,0,0,1,0,0,1,0,0
R000869,male,4,urban,primary,1,1,0,1,0,0,0,0,0,0,1
R000870,male,1,urban,tertiary,1,2,0,1,0,0,0,0,0,1,0
R000871,female,3,urban,primary,1,30,0,0,0,0,0,0,0,1,0
R000872,female,5,urban,tertiary,1,5,0,1,0,0,0,0,0,1,1
R000873,male,4,urban,primary,1,1,0,0,0,0,0,0,0,1,0
R000874,male,2,urban,secondary,0,0,0,0,0,0,0,1,0,0,1
R000875,female,4,rural,none,0,0,0,0,0,1,1,0,1,1,1
R000876,female,2,urban,tertiary,0,0,0,0,1,0,0,0,1,1,1
R000877,female,5,urban,tertiary,1,2,1,0,0,0,0,0,0,1,1
R000878,female,2,rural,tertiary,1,2,0,0,0,0,0,0,0,1,0
R000879,female,3,rural,secondary,1,1,0,0,0,0,0,0,0,1,0
R000880,male,2,urban,secondary,1,5,0,0,0,0,0,0,0,0,1
R000881,male,5,urban,none,1,5,0,1,0,0,0,0,0,1,0
R000882,female,2,rural,primary,0,0,0,0,0,1,1,0,1,0,1
R000883,male,4,rural,secondary,1,30,0,0,0,0,0,0,0,1,1
R000884,female,3,urban,primary,0,0,0,0,1,0,1,0,1,1,1
R000885,female,5,urban,secondary,1,2,0,0,0,0,0,0,0,1,1
R000886,female,3,rural,none,0,0,0,0,0,0,0,0,1,0,0
R000887,female,1,urban,secondary,1,12,1,0,0,0,0,0,0,1,1
R000888,male,5,urban,secondary,1,2,0,1,0,0,0,0,0,1,1
R000889,male,2,urban,primary,1,12,0,0,0,0,0,0,0,0,0
R000890,female,4,rural,secondary,0,0,0,0,1,0,0,0,0,1,1
R000891,female,3,urban,primary,1,5,0,1,0,0,0,0,0,0,1
R000892,male,2,urban,primary,1,12,0,1,0,0,0,0,0,0,1
R000893,male,1,urban,none,1,2,0,0,0,0,0,0,0,0,1
R000894,male,3,urban,primary,1,12,0,1,0,0,0,0,0,0,1
R000895,male,2,urban,primary,0,0,0,0,1,0,0,1,1,1,1
R000896,male,2,rural,tertiary,0,0,0,0,0,1,0,0,0,0,1
R000897,male,1,urban,secondary,1,1,0,0,0,0,0,0,0,0,1
R000898,male,2,rural,secondary,0,0,0,0,0,1,1,0,1,1,1
R000899,female,2,rural,secondary,1,1,0,0,0,0,0,0,0,0,0
R000900,male,5,urban,secondary,1,30,1,1,0,0,0,0,0,1,1
R000901,female,1,urban,secondary,1,12,0,0,0,0,0,0,0,0,1
R000902,female,1,urban,secondary,0,0,0,0,0,0,0,1,1,1,1
R000903,male,5,rural,secondary,1,0,0,1,0,0,0,0,0,1,1
R000904,male,1,urban,primary,1,5,0,0,0,0,0,0,0,1,1
R000905,female,3,rural,primary,1,30,0,0,0,0,0,0,0,0,1
R000906,female,1,urban,tertiary,1,1,0,0,0,0,0,0,0,1,0
R000907,female,1,rural,secondary,1,30,1,0,0,0,0,0,0,1,0
R000908,female,1,urban,none,0,0,0,0,0,0,1,0,0,0,1
R000909,female,3,rural,tertiary,1,0,1,1,0,0,0,0,0,1,1
R000910,female,3,rural,secondary,1,12,0,1,0,0,0,0,0,1,0
R000911,female,2,rural,secondary,1,5,0,0,0,0,0,0,0,1,0
R000912,female,2,urban,primary,0,0,0,0,1,1,0,0,1,1,1
R000913,male,4,rural,tertiary,1,5,1,1,0,0,0,0,0,0,1
R000914,male,4,urban,primary,1,1,1,0,0,0,0,0,0,1,1
R000915,male,1,urban,primary,1,2,0,0,0,0,0,0,0,0,0
R000916,male,3,urban,secondary,1,0,0,0,0,0,0,0,0,0,1
R000917,female,1,rural,tertiary,1,12,0,0,0,0,0,0,0,0,0
R000918,male,3,rural,secondary,0,0,0,0,1,1,0,0,1,1,0
R000919,female,1,urban,primary,0,0,0,0,1,0,0,0,1,0,1
R000920,male,2,urban,tertiary,1,5,0,0,0,0,0,0,0,0,1
R000921,female,2,rural,none,0,0,0,0,1,0,1,1,1,1,0
R000922,male,4,urban,none,1,30,1,0,0,0,0,0,0,1,1
R000923,female,2,rural,secondary,1,30,1,1,0,0,0,0,0,1,1
R000924,male,3,urban,secondary,1,1,1,0,0,0,0,0,0,1,1
R000925,male,3,urban,primary,0,0,0,0,1,1,0,0,0,0,1
R000926,female,2,urban,none,0,0,0,0,0,0,0,0,1,1,1
R000927,female,3,urban,primary,0,0,0,0,1,0,1,0,0,1,1
R000928,female,4,rural,primary,1,2,0,1,0,0,0,0,0,1,0
R000929,male,4,urban,primary,1,12,0,1,0,0,0,0,0,0,0
R000930,female,2,rural,none,0,0,0,0,0,1,1,0,1,1,1
R000931,female,4,urban,none,1,2,0,0,0,0,0,0,0,0,1
R000932,male,3,rural,secondary,1,5,1,0,0,0,0,0,0,0,1
R000933,male,3,urban,primary,1,30,0,0,0,0,0,0,0,1,1
R000934,female,2,urban,none,0,0,0,0,1,1,1,0,0,0,1
R000935,male,5,urban,secondary,1,30,1,0,0,0,0,0,0,1,1
R000936,male,2,urban,secondary,1,5,0,0,0,0,0,0,0,0,1
R000937,male,2,urban,tertiary,1,2,0,0,0,0,0,0,0,0,0
R000938,male,3,urban,primary,0,0,0,0,1,0,0,1,0,1,1
R000939,female,5,urban,secondary,0,0,0,0,0,0,1,0,1,0,1
R000940,female,1,rural,primary,0,0,0,0,1,0,0,0,0,1,0
R000941,female,5,urban,primary,1,2,1,1,0,0,0,0,0,1,1
R000942,male,1,rural,secondary,0,0,0,0,1,0,0,0,1,0,1
R000943,female,4,rural,secondary,1,12,0,0,0,0,0,0,0,1,0
R000944,male,1,urban,secondary,1,0,1,0,0,0,0,0,0,1,1
R000945,female,3,urban,primary,0,0,0,0,0,0,0,1,0,0,1
R000946,male,4,rural,secondary,1,0,0,1,0,0,0,0,0,1,0
R000947,female,1,urban,primary,1,12,0,0,0,0,0,0,0,0,0
R000948,male,5,urban,none,0,0,0,0,0,0,0,1,0,0,1
R000949,male,1,urban,tertiary,1,0,1,0,0,0,0,0,0,0,1
R000950,female,4,rural,none,1,12,0,0,0,0,0,0,0,0,0
R000951,male,3,urban,secondary,1,2,0,1,0,0,0,0,0,1,0
R000952,male,2,urban,secondary,1,1,0,1,0,0,0,0,0,0,0
R000953,male,3,rural,none,0,0,0,0,0,1,1,1,1,1,0
R000954,female,2,rural,secondary,1,0,0,0,0,0,0,0,0,0,0
R000955,female,5,urban,secondary,1,12,1,0,0,0,0,0,0,1,1
R000956,male,3,urban,tertiary,1,5,0,1,0,0,0,0,0,1,0
R000957,female,4,urban,primary,1,1,0,0,0,0,0,0,0,1,1
R000958,female,3,urban,primary,1,12,1,1,0,0,0,0,0,0,1
R000959,male,2,urban,primary,1,2,1,0,0,0,0,0,0,0,1
R000960,female,3,rural,tertiary,0,0,0,0,0,0,0,0,0,1,1
R000961,male,4,urban,primary,1,5,0,0,0,0,0,0,0,0,1
R000962,male,3,urban,primary,1,12,0,1,0,0,0,0,0,1,0
R000963,male,1,urban,secondary,1,2,0,0,0,0,0,0,0,0,0
R000964,male,3,urban,secondary,1,1,1,0,0,0,0,0,0,1,1
R000965,male,2,rural,primary,1,30,0,0,0,0,0,0,0,1,1
R000966,female,4,urban,tertiary,1,5,1,0,0,0,0,0,0,1,1
R000967,female,3,rural,secondary,1,5,1,0,0,0,0,0,0,1,1
R000968,male,4,urban,secondary,1,2,1,1,0,0,0,0,0,1,1
R000969,female,2,rural,secondary,0,0,0,0,0,1,1,0,1,1,0
R000970,female,5,rural,primary,1,30,0,1,0,0,0,0,0,1,0
R000971,male,4,urban,secondary,1,1,0,1,0,0,0,0,0,0,1
R000972,male,1,urban,tertiary,1,5,0,0,0,0,0,0,0,0,0
R000973,male,3,urban,secondary,1,2,0,0,0,0,0,0,0,1,1
R000974,female,4,urban,secondary,1,1,1,0,0,0,0,0,0,0,1
R000975,female,3,rural,secondary,1,2,0,0,0,0,0,0,0,0,1
R000976,male,4,urban,secondary,1,1,1,1,0,0,0,0,0,1,1
R000977,male,3,rural,secondary,0,0,0,0,0,1,1,1,0,0,0
R000978,female,1,urban,secondary,0,0,0,0,1,0,0,0,1,0,0
R000979,male,1,rural,tertiary,1,5,0,1,0,0,0,0,0,0,0
R000980,female,2,urban,tertiary,1,5,1,1,0,0,0,0,0,0,0
R000981,male,1,rural,secondary,1,5,0,0,0,0,0,0,0,0,0
R000982,male,1,urban,primary,1,12,0,0,0,0,0,0,0,0,1
R000983,female,1,urban,secondary,0,0,0,0,0,0,0,0,0,1,1
R000984,female,2,urban,tertiary,1,30,0,0,0,0,0,0,0,0,0
R000985,female,1,rural,secondary,1,12,0,0,0,0,0,0,0,0,1
R000986,male,1,urban,tertiary,1,12,0,0,0,0,0,0,0,1,1
R000987,male,4,urban,secondary,1,12,0,0,0,0,0,0,0,1,1
R000988,female,4,rural,primary,1,1,0,0,0,0,0,0,0,0,0
R000989,female,5,urban,tertiary,1,2,0,0,0,0,0,0,0,0,1
R000990,male,1,urban,primary,0,0,0,0,0,0,1,0,0,1,1
R000991,male,5,rural,secondary,1,0,0,1,0,0,0,0,0,1,1
R000992,female,2,rural,secondary,1,5,1,0,0,0,0,0,0,1,1
R000993,female,4,urban,primary,1,1,1,0,0,0,0,0,0,0,1
R000994,male,2,rural,primary,1,2,1,0,0,0,0,0,0,0,0
R000995,female,4,urban,secondary,1,2,0,0,0,0,0,0,0,0,1
R000996,male,2,urban,secondary,1,2,0,1,0,0,0,0,0,0,1
R000997,male,2,urban,secondary,1,1,0,0,0,0,0,0,0,0,1
R000998,male,1,rural,secondary,1,5,0,0,0,0,0,0,0,0,0
R000999,male,2,urban,primary,1,12,0,0,0,0,0,0,0,0,1
R001000,female,4,rural,none,1,30,1,1,0,0,0,0,0,1,1
R001001,female,1,rural,primary,0,0,0,0,1,0,0,1,0,1,1
R001002,female,4,rural,secondary,1,12,0,1,0,0,0,0,0,0,0
R001003,female,3,urban,primary,1,0,0,1,0,0,0,0,0,1,1
R001004,female,2,urban,tertiary,1,5,0,0,0,0,0,0,0,1,1
R001005,female,2,urban,secondary,1,1,0,0,0,0,0,0,0,1,1
R001006,male,3,urban,secondary,0,0,0,0,1,0,0,0,1,1,1
R001007,female,4,urban,primary,1,1,1,1,0,0,0,0,0,1,1
R001008,male,2,urban,secondary,1,12,0,0,0,0,0,0,0,0,1
R001009,male,3,rural,tertiary,1,1,0,0,0,0,0,0,0,0,1
R001010,male,1,urban,tertiary,1,2,0,0,0,0,0,0,0,0,0
R001011,male,2,urban,secondary,1,30,0,0,0,0,0,0,0,0,1
R001012,male,1,urban,primary,0,0,0,0,0,0,1,0,0,0,0
R001013,male,1,urban,tertiary,1,2,0,1,0,0,0,0,0,0,1
R001014,female,4,urban,primary,1,2,1,1,0,0,0,0,0,1,1
R001015,male,5,urban,tertiary,1,5,1,0,0,0,0,0,0,1,1
R001016,male,3,urban,primary,1,1,0,1,0,0,0,0,0,0,1
R001017,male,2,rural,secondary,1,12,0,0,0,0,0,0,0,1,1
R001018,male,5,urban,secondary,1,1,0,1,0,0,0,0,0,0,1
R001019,male,2,rural,primary,1,1,0,0,0,0,0,0,0,1,0
R001020,female,3,urban,tertiary,1,30,0,0,0,0,0,0,0,0,0
R001021,male,3,rural,secondary,1,2,0,1,0,0,0,0,0,1,1
R001022,male,4,urban,secondary,0,0,0,0,0,0,1,0,1,1,1
R001023,female,2,urban,primary,1,30,0,1,0,0,0,0,0,1,1
R001024,female,4,urban,secondary,0,0,0,0,0,0,0,0,0,1,1
R001025,male,4,rural,none,1,12,1,0,0,0,0,0,0,0,1
R001026,female,4,urban,secondary,1,1,0,0,0,0,0,0,0,1,1
R001027,female,4,rural,primary,0,0,0,0,0,0,0,0,0,1,0
R001028,male,1,rural,secondary,0,0,0,0,1,1,1,1,1,1,0
R001029,male,1,urban,primary,1,5,0,0,0,0,0,0,0,0,1
R001030,female,4,urban,secondary,0,0,0,0,0,0,1,0,1,0,1
R001031,male,3,rural,primary,0,0,0,0,1,1,0,1,1,1,1
R001032,female,5,urban,primary,1,1,0,0,0,0,0,0,0,1,1
R001033,female,3,rural,none,0,0,0,0,1,0,1,0,1,0,0
R001034,female,4,urban,tertiary,1,1,0,1,0,0,0,0,0,1,1
R001035,female,3,urban,primary,1,2,0,0,0,0,0,0,0,1,1
R001036,male,5,urban,secondary,1,5,1,0,0,0,0,0,0,1,1
R001037,female,1,rural,secondary,0,0,0,0,1,1,0,1,1,1,0
R001038,female,5,rural,secondary,0,0,0,0,1,1,0,0,1,1,1
R001039,male,5,rural,tertiary,1,30,0,1,0,0,0,0,0,1,0
R001040,male,2,rural,secondary,1,1,1,1,0,0,0,0,0,0,1
R001041,female,1,urban,none,0,0,0,0,0,0,1,0,1,0,0
R001042,male,5,rural,tertiary,1,12,1,1,0,0,0,0,0,0,1
R001043,male,5,rural,secondary,1,2,1,1,0,0,0,0,0,1,1
R001044,female,3,rural,primary,1,12,0,0,0,0,0,0,0,0,0
R001045,female,1,urban,secondary,1,5,0,0,0,0,0,0,0,1,0
R001046,female,5,urban,primary,1,12,0,1,0,0,0,0,0,1,1
R001047,male,4,urban,primary,1,2,0,0,0,0,0,0,0,0,1
R001048,male,2,urban,secondary,1,12,0,0,0,0,0,0,0,1,1
R001049,male,2,rural,tertiary,1,2,0,1,0,0,0,0,0,1,0
R001050,male,1,rural,secondary,1,0,0,1,0,0,0,0,0,0,0
R001051,male,3,urban,primary,1,12,0,1,0,0,0,0,0,1,1
R001052,female,3,rural,primary,1,12,1,1,0,0,0,0,0,1,0
R001053,male,2,urban,tertiary,1,1,0,0,0,0,0,0,0,0,1
R001054,female,1,urban,primary,0,0,0,0,0,0,1,0,1,0,0
R001055,female,1,rural,primary,0,0,0,0,0,0,0,1,1,1,0
R001056,male,4,urban,secondary,1,2,0,1,0,0,0,0,0,0,1
R001057,female,3,rural,tertiary,1,1,0,1,0,0,0,0,0,1,1
R001058,female,3,rural,primary,1,0,0,1,0,0,0,0,0,1,0
R001059,male,3,rural,primary,1,30,1,1,0,0,0,0,0,1,1
R001060,female,4,urban,secondary,1,1,1,0,0,0,0,0,0,0,1
R001061,male,2,urban,tertiary,1,2,0,0,0,0,0,0,0,1,0
R001062,female,2,urban,tertiary,1,30,0,0,0,0,0,0,0,1,0
R001063,female,3,rural,none,1,30,0,1,0,0,0,0,0,1,0
R001064,male,2,urban,secondary,1,5,0,0,0,0,0,0,0,1,0
R001065,male,4,urban,secondary,1,12,0,0,0,0,0,0,0,0,1
R001066,male,1,urban,secondary,1,2,0,0,0,0,0,0,0,1,0
R001067,male,2,rural,secondary,1,5,0,0,0,0,0,0,0,0,0
R001068,female,1,urban,secondary,1,2,0,0,0,0,0,0,0,0,0
R001069,male,4,urban,primary,1,1,0,0,0,0,0,0,0,1,1
R001070,male,1,urban,primary,1,30,0,0,0,0,0,0,0,0,1
R001071,male,2,rural,primary,1,30,1,1,0,0,0,0,0,0,0
R001072,male,5,urban,secondary,1,5,1,0,0,0,0,0,0,1,1
R001073,female,2,rural,primary,0,0,0,0,0,0,1,0,0,0,0
R001074,female,1,urban,tertiary,1,1,0,0,0,0,0,0,0,1,0
R001075,male,1,urban,secondary,1,12,0,0,0,0,0,0,0,1,1
R001076,female,4,rural,secondary,1,12,1,1,0,0,0,0,0,1,1
R001077,female,2,rural,primary,0,0,0,0,1,1,1,0,0,1,1
R001078,female,3,urban,primary,1,5,1,0,0,0,0,0,0,0,0
R001079,female,3,urban,primary,1,12,0,0,0,0,0,0,0,0,1
R001080,female,3,urban,tertiary,1,30,0,1,0,0,0,0,0,1,1
R001081,male,4,rural,primary,1,30,0,0,0,0,0,0,0,0,0
R001082,male,1,urban,secondary,1,1,0,1,0,0,0,0,0,0,0
R001083,male,5,rural,none,1,1,1,0,0,0,0,0,0,1,1
R001084,female,3,urban,none,0,0,0,0,1,1,1,0,1,0,1
R001085,female,1,rural,secondary,0,0,0,0,1,0,1,0,1,1,1
R001086,female,3,urban,secondary,1,5,0,1,0,0,0,0,0,0,0
R001087,female,4,rural,secondary,1,12,0,0,0,0,0,0,0,1,1
R001088,male,5,urban,tertiary,1,1,0,1,0,0,0,0,0,1,0
R001089,male,2,urban,tertiary,1,1,1,0,0,0,0,0,0,1,0
R001090,female,3,urban,primary,0,0,0,0,0,0,0,0,0,1,1
R001091,male,3,urban,primary,1,12,0,0,0,0,0,0,0,1,0
R001092,male,3,rural,secondary,1,30,0,0,0,0,0,0,0,1,1
R001093,female,2,rural,secondary,1,2,0,0,0,0,0,0,0,1,0
R001094,female,4,rural,secondary,1,5,1,0,0,0,0,0,0,1,1
R001095,female,4,urban,secondary,1,1,0,0,0,0,0,0,0,1,1
R001096,female,2,rural,secondary,0,0,0,0,1,0,0,0,1,1,0
R001097,female,1,rural,primary,0,0,0,0,0,1,1,0,1,0,0
R001098,female,1,urban,primary,1,1,0,0,0,0,0,0,0,1,0
R001099,female,1,rural,none,0,0,0,0,0,1,0,0,1,0,1
R001100,female,2,urban,secondary,1,1,0,1,0,0,0,0,0,1,1
R001101,female,2,urban,secondary,0,0,0,0,1,1,0,1,1,0,0
R001102,female,3,rural,secondary,1,30,0,0,0,0,0,0,0,0,0
R001103,female,5,rural,tertiary,1,12,0,1,0,0,0,0,0,1,0
R001104,male,3,urban,secondary,1,5,0,0,0,0,0,0,0,1,1
R001105,male,1,rural,none,0,0,0,0,1,1,1,0,1,0,0
R001106,male,3,urban,tertiary,1,1,0,1,0,0,0,0,0,1,1
R001107,male,4,rural,secondary,0,0,0,0,1,1,1,1,1,1,1
R001108,male,1,urban,primary,0,0,0,0,1,0,1,0,0,0,1
R001109,female,2,urban,secondary,0,0,0,0,1,0,0,0,1,0,1
R001110,female,3,rural,primary,1,30,0,1,0,0,0,0,0,1,1
R001111,female,1,rural,secondary,0,0,0,0,1,0,0,0,0,1,0
R001112,female,3,urban,secondary,0,0,0,0,1,0,1,1,1,1,1
R001113,female,4,rural,none,0,0,0,0,0,0,1,0,1,1,0
R001114,male,4,rural,primary,0,0,0,0,1,1,0,0,0,0,1
R001115,female,4,urban,tertiary,1,12,0,1,0,0,0,0,0,1,1
R001116,male,1,urban,tertiary,1,30,1,0,0,0,0,0,0,0,0
R001117,male,1,rural,secondary,1,2,0,1,0,0,0,0,0,0,0
R001118,male,4,urban,secondary,1,1,1,1,0,0,0,0,0,0,1
R001119,female,1,urban,tertiary,1,1,0,0,0,0,0,0,0,1,0
R001120,male,3,urban,tertiary,1,1,0,0,0,0,0,0,0,0,0
R001121,female,5,urban,none,1,1,1,1,0,0,0,0,0,0,1
R001122,female,3,urban,primary,1,12,0,0,0,0,0,0,0,1,1
R001123,male,1,urban,secondary,0,0,0,0,1,0,1,0,1,0,0
R001124,male,2,urban,none,1,5,0,1,0,0,0,0,0,1,1
R001125,female,3,urban,tertiary,1,2,0,1,0,0,0,0,0,0,1
R001126,female,5,rural,primary,0,0,0,0,1,1,0,0,0,1,0
R001127,male,4,urban,primary,0,0,0,0,1,0,1,1,0,1,0
R001128,male,1,rural,secondary,0,0,0,0,1,0,0,0,0,0,0
R001129,female,1,rural,none,0,0,0,0,1,1,0,0,0,1,0
R001130,female,4,rural,secondary,0,0,0,0,1,0,0,0,1,0,1
R001131,male,2,rural,primary,0,0,0,0,0,1,0,0,0,1,1
R001132,female,1,rural,secondary,0,0,0,0,1,1,0,0,1,0,0
R001133,female,2,rural,secondary,0,0,0,0,1,0,0,0,0,0,0
R001134,female,1,rural,secondary,0,0,0,0,1,0,0,0,0,0,0
R001135,male,2,rural,primary,1,5,0,0,0,0,0,0,0,0,1
R001136,female,4,urban,secondary,1,5,1,0,0,0,0,0,0,0,1
R001137,male,2,urban,tertiary,1,5,0,0,0,0,0,0,0,0,1
R001138,female,4,urban,secondary,1,2,0,0,0,0,0,0,0,1,1
R001139,male,3,urban,tertiary,1,5,0,0,0,0,0,0,0,1,1
R001140,female,5,urban,tertiary,1,5,0,1,0,0,0,0,0,0,1
R001141,male,1,urban,none,0,0,0,0,0,0,0,1,0,0,1
R001142,female,2,rural,tertiary,0,0,0,0,1,0,0,0,1,0,1
R001143,male,3,urban,secondary,1,2,0,0,0,0,0,0,0,1,0
R001144,male,4,rural,primary,1,5,0,0,0,0,0,0,0,1,0
R001145,male,2,rural,primary,1,5,0,0,0,0,0,0,0,1,0
R001146,male,2,rural,primary,0,0,0,0,0,0,1,0,1,0,0
R001147,female,3,rural,primary,1,12,0,1,0,0,0,0,0,1,0
R001148,female,1,urban,none,0,0,0,0,0,0,0,0,1,0,0
R001149,male,5,rural,secondary,1,30,0,1,0,0,0,0,0,1,0
R001150,male,2,urban,tertiary,1,12,0,1,0,0,0,0,0,0,1
R001151,male,4,urban,secondary,1,12,0,0,0,0,0,0,0,0,1
R001152,male,5,urban,secondary,1,5,0,1,0,0,0,0,0,0,1
R001153,male,3,urban,primary,0,0,0,0,1,0,1,0,0,0,0
R001154,male,3,rural,tertiary,0,0,0,0,1,1,0,0,1,1,0
R001155,male,1,urban,secondary,1,0,0,0,0,0,0,0,0,1,1
R001156,male,3,urban,secondary,1,1,0,0,0,0,0,0,0,1,1
R001157,male,3,urban,none,0,0,0,0,1,0,1,0,0,1,1
R001158,female,2,rural,tertiary,1,1,0,1,0,0,0,0,0,0,0
R001159,female,4,urban,none,1,30,1,1,0,0,0,0,0,1,0
R001160,male,1,urban,none,0,0,0,0,1,0,0,1,0,1,1
R001161,female,5,rural,secondary,1,12,0,0,0,0,0,0,0,1,1
R001162,male,1,urban,secondary,0,0,0,0,0,0,1,0,1,1,1
R001163,male,3,rural,tertiary,1,30,0,0,0,0,0,0,0,1,1
R001164,female,3,urban,primary,1,12,1,0,0,0,0,0,0,1,0
R001165,male,4,rural,secondary,1,1,0,0,0,0,0,0,0,1,1
R001166,male,3,urban,secondary,1,2,0,1,0,0,0,0,0,0,1
R001167,female,1,urban,primary,0,0,0,0,0,0,0,0,0,0,0
R001168,female,5,urban,secondary,1,5,0,0,0,0,0,0,0,1,1
R001169,female,1,rural,none,0,0,0,0,0,0,0,1,1,0,0
R001170,female,5,rural,secondary,1,1,1,0,0,0,0,0,0,1,0
R001171,female,3,rural,none,1,12,0,0,0,0,0,0,0,0,0
R001172,female,4,urban,primary,1,5,0,1,0,0,0,0,0,1,0
R001173,male,1,rural,secondary,1,5,0,0,0,0,0,0,0,1,0
R001174,male,2,rural,secondary,1,5,0,0,0,0,0,0,0,1,0
R001175,female,5,urban,primary,1,30,1,0,0,0,0,0,0,0,1
R001176,male,2,urban,primary,1,12,0,0,0,0,0,0,0,0,1
R001177,female,5,urban,primary,1,12,1,0,0,0,0,0,0,0,1
R001178,male,2,urban,secondary,1,30,0,1,0,0,0,0,0,1,1
R001179,male,5,urban,tertiary,1,2,1,0,0,0,0,0,0,1,1
R001180,female,1,urban,primary,0,0,0,0,1,0,1,1,0,0,1
R001181,male,1,rural,secondary,1,5,0,0,0,0,0,0,0,1,1
R001182,female,1,urban,secondary,0,0,0,0,0,1,1,0,0,1,0
R001183,male,5,rural,primary,1,2,0,0,0,0,0,0,0,1,1
R001184,male,2,rural,primary,1,2,1,0,0,0,0,0,0,1,0
R001185,male,5,urban,none,1,1,0,0,0,0,0,0,0,1,1
R001186,female,4,urban,tertiary,1,2,0,1,0,0,0,0,0,1,1
R001187,female,2,rural,primary,1,1,0,0,0,0,0,0,0,0,0
R001188,male,3,rural,secondary,1,1,1,1,0,0,0,0,0,0,1
R001189,male,4,rural,none,1,5,1,1,0,0,0,0,0,1,1
R001190,female,4,urban,secondary,1,12,0,1,0,0,0,0,0,1,1
R001191,female,2,urban,tertiary,1,30,0,0,0,0,0,0,0,0,0
R001192,male,3,rural,none,1,12,1,0,0,0,0,0,0,1,0
R001193,female,1,urban,tertiary,1,30,0,0,0,0,0,0,0,0,0
R001194,female,1,urban,tertiary,1,2,0,0,0,0,0,0,0,1,0
R001195,female,5,rural,tertiary,0,0,0,0,0,1,0,0,1,1,1
R001196,female,1,rural,secondary,0,0,0,0,0,1,0,0,0,0,0
R001197,male,5,urban,primary,1,2,1,0,0,0,0,0,0,0,1
R001198,male,2,rural,tertiary,1,5,0,1,0,0,0,0,0,0,0
R001199,female,4,urban,primary,1,30,0,0,0,0,0,0,0,1,1
R001200,female,2,urban,none,0,0,0,0,0,0,1,0,1,0,0
R001201,male,1,urban,tertiary,1,0,0,0,0,0,0,0,0,1,0
R001202,male,4,urban,primary,0,0,0,0,0,0,0,1,0,0,1
R001203,male,2,urban,primary,0,0,0,0,0,1,1,0,1,0,0
R001204,male,1,urban,secondary,0,0,0,0,0,0,0,0,1,0,0
R001205,female,1,rural,primary,0,0,0,0,1,1,0,1,0,1,1
R001206,female,2,urban,secondary,1,30,0,1,0,0,0,0,0,1,0
R001207,male,1,urban,none,1,1,0,0,0,0,0,0,0,0,0
R001208,male,1,urban,primary,0,0,0,0,1,0,0,0,1,1,1
R001209,male,4,urban,secondary,0,0,0,0,1,0,1,1,1,0,1
R001210,male,1,rural,secondary,1,12,1,0,0,0,0,0,0,0,0
R001211,male,3,urban,primary,1,2,0,0,0,0,0,0,0,1,0
R001212,female,5,urban,secondary,1,2,0,1,0,0,0,0,0,0,1
R001213,male,2,rural,secondary,1,12,0,1,0,0,0,0,0,1,1
R001214,male,3,urban,none,0,0,0,0,0,0,0,1,1,1,1
R001215,female,1,urban,primary,0,0,0,0,1,0,0,0,1,0,1
R001216,male,1,rural,none,0,0,0,0,1,1,1,0,0,0,1
R001217,female,1,rural,secondary,1,1,0,0,0,0,0,0,0,0,0
R001218,male,2,rural,none,0,0,0,0,1,1,1,1,0,1,0
R001219,male,4,urban,secondary,1,1,1,1,0,0,0,0,0,1,0
R001220,female,3,urban,secondary,1,2,1,0,0,0,0,0,0,1,0
R001221,male,1,urban,secondary,0,0,0,0,0,0,0,0,0,1,1
R001222,male,1,urban,secondary,1,12,0,1,0,0,0,0,0,1,1
R001223,male,3,urban,tertiary,1,30,0,1,0,0,0,0,0,0,0
R001224,female,4,urban,secondary,1,12,1,1,0,0,0,0,0,1,1
R001225,male,4,urban,secondary,1,1,0,0,0,0,0,0,0,1,1
R001226,female,2,urban,secondary,1,1,1,0,0,0,0,0,0,1,0
R001227,male,2,urban,secondary,1,5,0,0,0,0,0,0,0,1,0
R001228,female,2,urban,secondary,0,0,0,0,1,0,1,1,1,1,1
R001229,male,1,rural,tertiary,1,2,0,0,0,0,0,0,0,0,0
R001230,male,2,urban,tertiary,1,2,1,0,0,0,0,0,0,1,1
R001231,male,3,urban,tertiary,1,0,1,1,0,0,0,0,0,1,0
R001232,female,2,rural,secondary,1,12,0,0,0,0,0,0,0,0,0
R001233,female,3,urban,secondary,1,5,0,1,0,0,0,0,0,0,1
R001234,female,3,rural,secondary,1,5,0,1,0,0,0,0,0,1,0
R001235,female,2,urban,primary,1,0,0,0,0,0,0,0,0,0,1
R001236,female,1,rural,secondary,0,0,0,0,1,0,0,0,0,0,0
R001237,female,1,rural,secondary,0,0,0,0,1,0,1,1,1,1,0
R001238,male,4,urban,secondary,1,30,0,0,0,0,0,0,0,0,1
R001239,male,1,urban,none,1,0,1,0,0,0,0,0,0,1,1
R001240,male,5,urban,primary,1,30,0,1,0,0,0,0,0,1,1
R001241,female,1,urban,primary,0,0,0,0,0,0,0,1,0,0,0
R001242,male,5,urban,primary,1,2,0,0,0,0,0,0,0,1,1
R001243,male,1,rural,primary,0,0,0,0,1,1,0,0,1,1,0
R001244,male,5,rural,secondary,1,1,1,0,0,0,0,0,0,0,1
R001245,male,4,rural,none,1,12,0,0,0,0,0,0,0,0,0
R001246,male,2,urban,primary,0,0,0,0,1,0,0,0,0,1,0
R001247,female,3,urban,tertiary,1,1,0,0,0,0,0,0,0,0,1
R001248,male,1,urban,primary,0,0,0,0,0,0,0,0,0,1,0
R001249,male,1,urban,secondary,1,12,0,0,0,0,0,0,0,0,0
R001250,female,4,rural,tertiary,1,5,0,1,0,0,0,0,0,1,0
R001251,male,3,rural,secondary,1,12,0,0,0,0,0,0,0,1,0
R001252,female,2,urban,secondary,1,5,0,0,0,0,0,0,0,0,1
R001253,female,4,urban,primary,1,0,0,1,0,0,0,0,0,1,0
R001254,male,1,rural,none,1,1,0,0,0,0,0,0,0,1,1
R001255,male,2,urban,secondary,1,2,0,1,0,0,0,0,0,1,1
R001256,female,3,urban,secondary,1,2,1,0,0,0,0,0,0,0,1
R001257,male,1,rural,secondary,1,30,0,1,0,0,0,0,0,1,0
R001258,male,2,urban,none,0,0,0,0,0,0,0,0,1,0,1
R001259,female,4,rural,primary,1,0,1,0,0,0,0,0,0,0,0
R001260,female,3,urban,secondary,1,30,0,1,0,0,0,0,0,0,1
R001261,female,5,urban,primary,1,2,1,1,0,0,0,0,0,0,1
R001262,female,1,rural,secondary,0,0,0,0,0,1,1,0,0,0,1
R001263,female,4,rural,primary,1,12,0,0,0,0,0,0,0,1,1
R001264,male,1,urban,secondary,1,1,0,0,0,0,0,0,0,0,1
R001265,female,2,rural,primary,0,0,0,0,0,0,0,1,1,0,0
R001266,female,5,urban,primary,1,12,1,1,0,0,0,0,0,1,1
R001267,female,1,rural,none,1,12,1,0,0,0,0,0,0,0,1
R001268,male,1,rural,tertiary,0,0,0,0,1,0,0,1,1,0,0
R001269,male,1,urban,secondary,0,0,0,0,1,0,0,0,1,0,0
R001270,female,1,urban,none,0,0,0,0,0,0,1,0,0,0,0
R001271,male,4,urban,secondary,1,12,0,0,0,0,0,0,0,1,1
R001272,female,4,urban,none,1,1,0,1,0,0,0,0,0,1,1
R001273,female,2,rural,tertiary,1,5,0,0,0,0,0,0,0,0,0
R001274,female,5,rural,secondary,0,0,0,0,0,0,0,0,1,1,1
R001275,male,3,urban,primary,1,2,0,1,0,0,0,0,0,0,0
R001276,male,2,urban,tertiary,1,2,0,0,0,0,0,0,0,0,0
R001277,male,1,rural,primary,0,0,0,0,1,0,1,0,0,1,0
R001278,male,3,urban,secondary,1,1,0,0,0,0,0,0,0,1,1
R001279,female,3,urban,primary,1,1,0,0,0,0,0,0,0,0,1
R001280,female,5,rural,secondary,0,0,0,0,0,1,0,1,1,1,0
R001281,male,2,urban,primary,1,2,0,1,0,0,0,0,0,0,1
R001282,male,2,rural,tertiary,1,1,0,0,0,0,0,0,0,1,1
R001283,male,2,urban,primary,1,5,0,0,0,0,0,0,0,0,1
R001284,male,2,urban,secondary,1,1,0,0,0,0,0,0,0,1,0
R001285,male,2,urban,none,0,0,0,0,1,0,1,1,1,1,1
R001286,female,3,rural,secondary,1,1,1,0,0,0,0,0,0,1,0
R001287,female,3,urban,secondary,1,12,0,0,0,0,0,0,0,1,1
R001288,female,3,rural,secondary,1,5,0,0,0,0,0,0,0,1,0
R001289,female,2,urban,primary,1,1,0,0,0,0,0,0,0,1,0
R001290,female,4,urban,secondary,1,2,0,0,0,0,0,0,0,0,0
R001291,female,1,urban,primary,0,0,0,0,1,0,0,0,0,0,0
R001292,male,2,rural,none,0,0,0,0,1,0,1,1,0,1,1
R001293,male,2,rural,primary,1,5,0,1,0,0,0,0,0,1,0
R001294,male,5,rural,primary,1,30,0,1,0,0,0,0,0,0,1
R001295,male,1,urban,secondary,1,1,0,0,0,0,0,0,0,0,1
R001296,male,1,urban,tertiary,1,5,1,0,0,0,0,0,0,1,1
R001297,female,1,urban,tertiary,0,0,0,0,1,0,1,1,1,1,0
R001298,male,1,urban,none,0,0,0,0,0,0,0,0,1,0,0
R001299,male,2,rural,secondary,0,0,0,0,0,0,0,0,1,0,1
R001300,male,2,urban,secondary,1,2,0,0,0,0,0,0,0,1,1
R001301,female,3,urban,tertiary,1,12,0,1,0,0,0,0,0,1,1
R001302,female,2,urban,secondary,1,12,0,0,0,0,0,0,0,1,0
R001303,male,5,urban,none,1,2,0,1,0,0,0,0,0,1,1
R001304,male,2,rural,tertiary,1,2,0,0,0,0,0,0,0,1,0
R001305,female,4,urban,none,1,5,1,1,0,0,0,0,0,0,1
R001306,male,2,urban,secondary,1,2,0,0,0,0,0,0,0,1,0
R001307,male,3,urban,tertiary,1,2,0,0,0,0,0,0,0,0,1
R001308,female,5,urban,secondary,1,0,1,0,0,0,0,0,0,1,1
R001309,female,4,urban,secondary,1,30,1,1,0,0,0,0,0,0,1
R001310,female,1,urban,tertiary,0,0,0,0,1,1,0,0,0,0,0
R001311,male,1,urban,tertiary,1,2,0,0,0,0,0,0,0,0,0
R001312,male,3,rural,secondary,1,12,0,1,0,0,0,0,0,0,1
R001313,male,5,urban,secondary,1,1,0,0,0,0,0,0,0,0,1
R001314,male,2,urban,none,0,0,0,0,1,0,0,0,1,1,1
R001315,male,1,urban,tertiary,1,12,0,0,0,0,0,0,0,1,0
R001316,female,1,rural,secondary,0,0,0,0,0,1,0,0,0,1,1
R001317,female,2,urban,none,0,0,0,0,1,0,0,1,0,0,0
R001318,male,1,urban,primary,0,0,0,0,1,0,0,0,0,1,0
R001319,female,1,rural,tertiary,1,12,0,1,0,0,0,0,0,0,0
R001320,female,3,rural,secondary,0,0,0,0,1,1,0,1,0,0,1
R001321,male,3,urban,tertiary,1,5,0,1,0,0,0,0,0,1,1
R001322,male,2,rural,primary,0,0,0,0,1,1,1,1,1,1,0
R001323,female,1,urban,primary,1,12,0,0,0,0,0,0,0,0,1
R001324,female,3,rural,secondary,1,30,1,0,0,0,0,0,0,1,1
R001325,female,1,urban,tertiary,1,1,0,0,0,0,0,0,0,0,0
R001326,female,1,urban,tertiary,1,2,0,0,0,0,0,0,0,0,1
R001327,male,5,urban,secondary,0,0,0,0,1,0,1,0,0,0,1
R001328,female,4,rural,secondary,1,2,1,0,0,0,0,0,0,0,1
R001329,female,2,rural,secondary,1,5,0,0,0,0,0,0,0,0,0
R001330,female,5,rural,secondary,1,5,0,0,0,0,0,0,0,1,1
R001331,female,3,rural,secondary,0,0,0,0,0,0,0,1,1,0,1
R001332,female,3,urban,primary,0,0,0,0,1,0,0,1,0,1,1
R001333,female,5,rural,primary,0,0,0,0,1,1,0,0,0,1,1
R001334,male,1,rural,primary,0,0,0,0,1,1,1,0,0,1,0
R001335,female,3,urban,secondary,0,0,0,0,1,1,0,1,0,0,1
R001336,male,1,urban,none,0,0,0,0,1,0,0,1,0,0,0
R001337,female,1,rural,secondary,0,0,0,0,0,1,0,1,0,0,0
R001338,female,3,urban,none,0,0,0,0,1,0,1,0,0,0,1
R001339,male,4,rural,primary,1,5,0,1,0,0,0,0,0,0,0
R001340,female,2,urban,secondary,1,5,0,1,0,0,0,0,0,1,0
R001341,male,4,urban,tertiary,1,5,0,0,0,0,0,0,0,0,1
R001342,male,1,urban,secondary,1,2,0,0,0,0,0,0,0,0,1
R001343,male,5,rural,none,0,0,0,0,0,0,1,1,1,0,0
R001344,female,3,urban,tertiary,1,2,0,1,0,0,0,0,0,0,1
R001345,female,5,urban,primary,1,1,1,1,0,0,0,0,0,1,1
R001346,female,2,urban,none,0,0,0,0,1,0,0,0,0,0,1
R001347,female,2,urban,tertiary,1,1,0,1,0,0,0,0,0,1,0
R001348,male,3,rural,secondary,1,5,0,1,0,0,0,0,0,1,1
R001349,male,4,urban,tertiary,1,5,1,1,0,0,0,0,0,1,0
R001350,male,1,urban,secondary,1,5,0,0,0,0,0,0,0,0,0
R001351,female,1,rural,secondary,0,0,0,0,0,1,1,0,1,0,0
R001352,female,5,urban,secondary,1,12,0,1,0,0,0,0,0,1,1
R001353,female,3,urban,secondary,1,2,0,0,0,0,0,0,0,1,1
R001354,male,1,urban,secondary,1,30,0,0,0,0,0,0,0,1,1
R001355,female,3,urban,secondary,1,0,0,0,0,0,0,0,0,0,1
R001356,female,1,rural,secondary,0,0,0,0,0,0,1,1,1,1,0
R001357,male,5,urban,secondary,1,5,0,1,0,0,0,0,0,1,1
R001358,female,5,rural,secondary,1,30,0,1,0,0,0,0,0,1,1
R001359,male,4,rural,secondary,1,1,1,1,0,0,0,0,0,1,0
R001360,female,4,urban,secondary,1,1,1,0,0,0,0,0,0,0,0
R001361,female,2,urban,primary,0,0,0,0,0,0,0,0,0,1,1
R001362,female,1,urban,tertiary,1,2,0,1,0,0,0,0,0,0,1
R001363,male,1,urban,tertiary,0,0,0,0,0,0,0,0,0,0,1
R001364,male,2,rural,secondary,1,0,0,1,0,0,0,0,0,1,0
R001365,female,4,rural,secondary,1,30,0,1,0,0,0,0,0,1,0
R001366,male,2,rural,primary,0,0,0,0,1,0,0,0,0,1,0
R001367,female,5,urban,secondary,0,0,0,0,1,0,0,0,1,1,1
R001368,female,1,rural,secondary,0,0,0,0,0,0,0,1,0,0,1
R001369,female,3,rural,tertiary,1,2,0,1,0,0,0,0,0,0,0
R001370,male,2,rural,secondary,0,0,0,0,1,0,1,0,1,0,0
R001371,male,3,urban,secondary,0,0,0,0,1,0,1,0,1,1,1
R001372,male,1,urban,none,0,0,0,0,0,1,0,0,1,0,0
R001373,male,2,rural,tertiary,1,2,1,1,0,0,0,0,0,1,0
R001374,female,1,urban,none,0,0,0,0,1,0,1,0,0,0,0
R001375,male,3,rural,secondary,1,2,0,0,0,0,0,0,0,0,1
R001376,female,1,rural,secondary,1,5,0,0,0,0,0,0,0,0,1
R001377,female,4,urban,none,1,12,1,1,0,0,0,0,0,0,1
R001378,male,3,urban,secondary,1,12,1,1,0,0,0,0,0,0,0
R001379,female,1,rural,secondary,1,5,1,0,0,0,0,0,0,1,1
R001380,male,4,urban,secondary,1,1,0,0,0,0,0,0,0,1,1
R001381,female,2,rural,none,0,0,0,0,1,0,0,0,1,1,1
R001382,male,1,rural,none,0,0,0,0,0,0,0,1,1,0,1
R001383,male,3,urban,secondary,1,5,0,0,0,0,0,0,0,1,1
R001384,male,3,urban,primary,1,5,1,0,0,0,0,0,0,1,1
R001385,male,4,urban,tertiary,1,5,1,1,0,0,0,0,0,1,1
R001386,female,3,urban,primary,1,2,0,1,0,0,0,0,0,1,1
R001387,female,3,urban,primary,1,1,0,0,0,0,0,0,0,1,0
R001388,male,2,urban,secondary,1,0,0,0,0,0,0,0,0,0,1
R001389,male,4,urban,secondary,1,30,0,1,0,0,0,0,0,1,1
R001390,female,1,urban,tertiary,1,5,0,1,0,0,0,0,0,0,1
R001391,male,1,rural,secondary,0,0,0,0,1,1,0,0,1,1,1
R001392,female,4,rural,primary,1,5,0,0,0,0,0,0,0,1,1
R001393,female,2,rural,primary,0,0,0,0,1,1,1,0,1,0,0
R001394,female,5,urban,primary,1,12,0,1,0,0,0,0,0,1,1
R001395,male,2,rural,primary,0,0,0,0,0,1,1,0,1,1,1
R001396,male,4,urban,tertiary,1,12,0,0,0,0,0,0,0,1,1
R001397,male,2,rural,secondary,0,0,0,0,1,0,1,0,1,0,1
R001398,male,1,rural,primary,0,0,0,0,1,1,0,0,1,1,1
R001399,female,3,urban,secondary,1,5,0,1,0,0,0,0,0,0,1
R001400,female,1,urban,primary,1,12,0,0,0,0,0,0,0,0,0
R001401,male,3,rural,primary,1,2,0,0,0,0,0,0,0,1,0
R001402,male,1,urban,tertiary,0,0,0,0,1,1,0,1,1,0,0
R001403,female,2,urban,secondary,1,1,0,1,0,0,0,0,0,0,1
R001404,female,3,urban,primary,0,0,0,0,1,1,1,1,1,1,0
R001405,female,3,urban,secondary,1,12,0,0,0,0,0,0,0,1,1
R001406,male,5,rural,secondary,1,2,1,1,0,0,0,0,0,1,0
R001407,male,4,urban,secondary,1,12,0,0,0,0,0,0,0,0,1
R001408,female,2,urban,secondary,1,5,1,1,0,0,0,0,0,0,1
R001409,female,1,rural,secondary,1,2,0,1,0,0,0,0,0,0,1
R001410,female,2,urban,secondary,1,1,0,0,0,0,0,0,0,1,0
R001411,female,1,urban,secondary,0,0,0,0,1,0,0,0,0,0,1
R001412,male,1,urban,secondary,0,0,0,0,0,0,1,1,0,0,0
R001413,male,2,urban,secondary,1,1,1,0,0,0,0,0,0,0,1
R001414,male,3,rural,secondary,1,2,0,0,0,0,0,0,0,0,1
R001415,female,4,urban,secondary,1,30,0,0,0,0,0,0,0,0,0
R001416,male,4,rural,secondary,1,5,0,0,0,0,0,0,0,1,1
R001417,female,4,urban,secondary,1,1,0,1,0,0,0,0,0,0,0
R001418,male,4,rural,tertiary,1,1,0,0,0,0,0,0,0,1,0
R001419,male,2,urban,tertiary,1,5,1,0,0,0,0,0,0,1,0
R001420,female,2,rural,secondary,1,1,0,0,0,0,0,0,0,1,0
R001421,female,3,rural,secondary,0,0,0,0,1,0,0,1,0,1,1
R001422,female,2,rural,tertiary,0,0,0,0,1,1,1,0,0,1,0
R001423,male,1,rural,none,0,0,0,0,1,1,0,0,1,0,0
R001424,female,4,rural,secondary,1,2,0,0,0,0,0,0,0,1,0
R001425,male,2,urban,secondary,1,12,0,0,0,0,0,0,0,0,0
R001426,female,4,urban,secondary,1,5,0,1,0,0,0,0,0,0,1
R001427,male,2,urban,none,1,5,0,0,0,0,0,0,0,1,0
R001428,female,1,rural,none,0,0,0,0,1,0,1,0,1,0,1
R001429,male,2,urban,primary,1,1,0,1,0,0,0,0,0,0,1
R001430,female,1,rural,secondary,1,2,0,0,0,0,0,0,0,0,0
R001431,male,1,rural,secondary,0,0,0,0,0,0,0,0,0,1,0
R001432,female,5,rural,primary,0,0,0,0,1,1,1,1,0,1,0
R001433,female,5,urban,secondary,1,2,1,0,0,0,0,0,0,0,1
R001434,female,1,urban,primary,0,0,0,0,0,0,1,0,0,0,1
R001435,female,2,rural,secondary,1,5,0,1,0,0,0,0,0,0,1
R001436,male,2,urban,secondary,1,1,1,0,0,0,0,0,0,0,0
R001437,female,3,rural,tertiary,1,5,0,0,0,0,0,0,0,1,0
R001438,male,5,rural,secondary,1,1,1,1,0,0,0,0,0,0,1
R001439,male,4,urban,secondary,1,1,0,0,0,0,0,0,0,0,1
R001440,male,4,urban,secondary,1,0,1,0,0,0,0,0,0,0,1
R001441,male,3,rural,secondary,1,30,0,0,0,0,0,0,0,1,0
R001442,female,2,rural,primary,0,0,0,0,1,1,0,1,0,1,0
R001443,female,1,rural,secondary,0,0,0,0,1,1,0,0,0,0,1
R001444,female,3,rural,none,0,0,0,0,1,1,0,0,1,0,0
R001445,female,2,rural,primary,0,0,0,0,1,1,0,1,1,1,0
R001446,male,3,urban,tertiary,1,5,0,1,0,0,0,0,0,1,0
R001447,female,4,urban,secondary,1,1,0,0,0,0,0,0,0,1,1
R001448,male,4,urban,primary,1,12,0,1,0,0,0,0,0,1,1
R001449,male,1,rural,primary,0,0,0,0,0,1,0,0,1,0,0
R001450,female,3,rural,secondary,1,1,0,1,0,0,0,0,0,0,1
R001451,male,4,urban,secondary,1,5,0,0,0,0,0,0,0,1,1
R001452,male,3,rural,secondary,1,5,0,0,0,0,0,0,0,1,0
R001453,female,5,urban,secondary,1,1,1,1,0,0,0,0,0,1,1
R001454,female,4,rural,primary,1,30,0,0,0,0,0,0,0,0,0
R001455,male,1,rural,secondary,0,0,0,0,1,1,0,1,0,0,1
R001456,male,4,rural,primary,0,0,0,0,1,0,1,0,1,0,1
R001457,male,3,urban,tertiary,1,1,0,1,0,0,0,0,0,1,1
R001458,male,5,rural,secondary,1,2,0,0,0,0,0,0,0,0,1
R001459,female,3,urban,secondary,1,5,0,1,0,0,0,0,0,1,1
R001460,female,3,rural,secondary,1,0,0,1,0,0,0,0,0,1,1
R001461,female,2,urban,primary,0,0,0,0,1,0,0,0,0,0,1
R001462,female,4,urban,tertiary,1,12,0,0,0,0,0,0,0,1,0
R001463,male,1,urban,secondary,1,30,0,0,0,0,0,0,0,0,1
R001464,male,1,urban,primary,1,12,0,0,0,0,0,0,0,1,1
R001465,female,2,rural,secondary,1,0,0,0,0,0,0,0,0,0,0
R001466,female,2,urban,primary,1,2,0,0,0,0,0,0,0,0,1
R001467,female,3,rural,secondary,1,5,0,1,0,0,0,0,0,1,0
R001468,male,5,rural,secondary,1,1,0,0,0,0,0,0,0,1,0
R001469,female,1,rural,primary,0,0,0,0,1,0,0,0,0,0,1
R001470,female,2,urban,primary,0,0,0,0,1,0,1,0,0,0,1
R001471,male,5,urban,secondary,1,30,1,1,0,0,0,0,0,1,1
R001472,male,3,urban,none,1,5,0,1,0,0,0,0,0,1,1
R001473,male,3,rural,primary,1,12,0,1,0,0,0,0,0,1,1
R001474,female,4,urban,primary,1,2,1,1,0,0,0,0,0,1,1
R001475,female,4,urban,none,1,2,0,1,0,0,0,0,0,1,1
R001476,male,2,urban,secondary,1,5,0,0,0,0,0,0,0,0,0
R001477,female,3,urban,secondary,1,2,0,0,0,0,0,0,0,0,1
R001478,male,1,urban,primary,1,0,0,0,0,0,0,0,0,0,0
R001479,male,3,rural,tertiary,1,2,1,0,0,0,0,0,0,1,0
R001480,male,5,rural,secondary,1,5,0,0,0,0,0,0,0,1,1
R001481,female,1,rural,secondary,1,5,0,0,0,0,0,0,0,0,0
R001482,female,2,rural,secondary,0,0,0,0,1,0,1,0,0,1,1
R001483,male,4,rural,secondary,1,2,0,0,0,0,0,0,0,1,1
R001484,female,1,urban,primary,0,0,0,0,1,0,0,1,1,0,1
R001485,male,3,rural,primary,1,12,0,1,0,0,0,0,0,0,1
R001486,male,5,urban,primary,1,1,0,0,0,0,0,0,0,0,1
R001487,male,3,urban,primary,1,12,0,0,0,0,0,0,0,1,1
R001488,male,2,urban,tertiary,1,30,0,1,0,0,0,0,0,1,1
R001489,male,3,rural,tertiary,1,1,1,0,0,0,0,0,0,1,1
R001490,male,5,rural,none,1,5,0,0,0,0,0,0,0,1,1
R001491,female,2,urban,secondary,1,1,0,1,0,0,0,0,0,1,1
R001492,female,1,rural,none,0,0,0,0,1,1,1,1,1,1,0
R001493,male,2,urban,secondary,1,5,0,1,0,0,0,0,0,1,1
R001494,female,1,urban,secondary,1,5,0,0,0,0,0,0,0,0,0
R001495,female,3,rural,none,0,0,0,0,1,1,0,0,1,0,0
R001496,male,1,rural,primary,1,1,0,0,0,0,0,0,0,0,1
R001497,female,1,rural,tertiary,1,2,0,0,0,0,0,0,0,0,0
R001498,female,5,rural,tertiary,1,12,0,0,0,0,0,0,0,1,1
R001499,male,1,rural,secondary,1,1,0,1,0,0,0,0,0,1,0
R001500,female,2,urban,primary,0,0,0,0,1,1,0,0,0,1,0
R001501,male,2,urban,primary,1,5,1,0,0,0,0,0,0,1,0
R001502,male,2,rural,none,1,1,0,0,0,0,0,0,0,0,1
R001503,female,5,rural,secondary,1,1,0,1,0,0,0,0,0,1,1
R001504,male,5,urban,secondary,1,5,1,0,0,0,0,0,0,1,1
R001505,female,3,rural,primary,1,1,1,0,0,0,0,0,0,1,0
R001506,female,2,urban,secondary,0,0,0,0,0,0,1,1,0,0,1
R001507,female,2,rural,none,1,5,0,0,0,0,0,0,0,0,0
R001508,female,1,urban,secondary,0,0,0,0,0,0,1,1,1,1,1
R001509,female,1,urban,tertiary,1,5,0,0,0,0,0,0,0,0,1
R001510,male,1,urban,primary,1,5,0,0,0,0,0,0,0,0,1
R001511,female,1,urban,primary,0,0,0,0,0,0,0,0,0,0,1
R001512,female,2,rural,none,0,0,0,0,1,0,0,0,1,0,0
R001513,female,2,urban,secondary,1,12,1,0,0,0,0,0,0,0,1
R001514,female,1,rural,secondary,0,0,0,0,0,1,0,0,0,0,1
R001515,female,1,rural,none,0,0,0,0,1,0,0,0,1,0,0
R001516,male,2,rural,tertiary,1,5,0,0,0,0,0,0,0,0,0
R001517,female,3,urban,secondary,1,1,1,1,0,0,0,0,0,1,1
R001518,female,1,urban,primary,1,12,0,0,0,0,0,0,0,0,0
R001519,male,5,urban,none,1,30,1,1,0,0,0,0,0,0,1
R001520,female,2,urban,secondary,1,1,1,1,0,0,0,0,0,1,0
R001521,female,4,rural,none,0,0,0,0,0,0,0,1,0,0,1
R001522,male,5,rural,secondary,1,1,0,0,0,0,0,0,0,1,1
R001523,male,5,rural,secondary,1,12,0,0,0,0,0,0,0,0,1
R001524,female,4,urban,tertiary,1,5,0,0,0,0,0,0,0,1,1
R001525,female,1,urban,secondary,1,0,0,0,0,0,0,0,0,1,0
R001526,male,2,urban,secondary,1,5,1,1,0,0,0,0,0,0,0
R001527,male,4,rural,secondary,1,1,0,1,0,0,0,0,0,0,0
R001528,male,3,urban,none,1,5,1,0,0,0,0,0,0,0,1
R001529,female,1,rural,secondary,1,1,0,0,0,0,0,0,0,0,0
R001530,female,1,rural,secondary,0,0,0,0,0,0,1,0,0,0,0
R001531,female,3,urban,primary,1,5,1,0,0,0,0,0,0,1,1
R001532,female,3,urban,primary,0,0,0,0,1,0,0,0,0,1,1
R001533,male,4,urban,secondary,1,5,0,0,0,0,0,0,0,1,1
R001534,female,5,rural,secondary,1,2,0,1,0,0,0,0,0,1,1
R001535,male,3,rural,secondary,1,12,0,0,0,0,0,0,0,0,0
R001536,male,1,urban,secondary,0,0,0,0,1,0,1,1,0,1,1
R001537,male,1,urban,tertiary,1,2,0,1,0,0,0,0,0,1,1
R001538,female,1,urban,none,0,0,0,0,1,1,0,0,0,0,0
R001539,female,1,urban,secondary,1,5,0,0,0,0,0,0,0,0,1
R001540,male,1,urban,primary,1,30,0,0,0,0,0,0,0,0,0
R001541,male,5,urban,secondary,1,12,1,0,0,0,0,0,0,1,1
R001542,female,5,urban,primary,1,1,1,1,0,0,0,0,0,1,1
R001543,female,3,rural,secondary,1,5,0,1,0,0,0,0,0,0,1
R001544,male,2,urban,none,0,0,0,0,1,0,0,0,0,1,1
R001545,female,4,urban,secondary,1,2,1,0,0,0,0,0,0,1,1
R001546,male,2,urban,secondary,1,1,0,0,0,0,0,0,0,1,0
R001547,male,4,urban,secondary,1,0,0,1,0,0,0,0,0,1,1
R001548,female,2,urban,secondary,1,12,0,0,0,0,0,0,0,1,1
R001549,female,4,rural,none,1,12,0,0,0,0,0,0,0,0,0
R001550,male,1,urban,secondary,1,2,0,0,0,0,0,0,0,1,1
R001551,male,3,urban,primary,1,2,0,0,0,0,0,0,0,1,0
R001552,male,2,urban,secondary,1,2,1,1,0,0,0,0,0,0,1
R001553,female,5,urban,tertiary,1,5,1,1,0,0,0,0,0,0,0
R001554,female,2,urban,secondary,1,30,1,0,0,0,0,0,0,1,1
R001555,male,2,rural,none,0,0,0,0,1,0,0,1,1,0,1
R001556,male,5,urban,secondary,1,12,0,1,0,0,0,0,0,1,1
R001557,female,4,urban,secondary,0,0,0,0,0,0,1,0,1,1,1
R001558,male,3,rural,primary,0,0,0,0,0,1,0,0,1,1,0
R001559,female,1,urban,tertiary,1,30,0,0,0,0,0,0,0,0,0
R001560,male,4,rural,secondary,1,12,1,1,0,0,0,0,0,0,0
R001561,female,2,rural,secondary,1,0,0,0,0,0,0,0,0,1,1
R001562,female,2,rural,secondary,1,12,0,0,0,0,0,0,0,1,1
R001563,female,3,urban,secondary,1,1,0,0,0,0,0,0,0,1,1
R001564,female,4,rural,none,0,0,0,0,0,0,0,0,0,1,1
R001565,female,5,rural,primary,1,1,0,0,0,0,0,0,0,1,1
R001566,male,1,urban,primary,1,5,0,0,0,0,0,0,0,0,1
R001567,male,4,rural,secondary,1,5,1,1,0,0,0,0,0,1,0
R001568,male,4,rural,secondary,1,5,0,1,0,0,0,0,0,0,0
R001569,female,5,urban,secondary,1,5,1,1,0,0,0,0,0,1,1
R001570,female,1,rural,secondary,0,0,0,0,1,1,1,0,0,0,0
R001571,female,1,urban,primary,0,0,0,0,0,0,0,0,0,0,0
R001572,male,3,urban,none,1,30,1,1,0,0,0,0,0,0,1
R001573,female,5,urban,secondary,1,2,1,0,0,0,0,0,0,1,1
R001574,male,3,rural,secondary,1,0,1,1,0,0,0,0,0,1,0
R001575,female,5,urban,secondary,1,5,0,1,0,0,0,0,0,1,1
R001576,female,2,rural,tertiary,1,1,0,0,0,0,0,0,0,0,0
R001577,male,1,urban,secondary,1,12,0,1,0,0,0,0,0,1,0
R001578,male,5,rural,secondary,1,0,0,1,0,0,0,0,0,0,1
R001579,female,1,urban,secondary,0,0,0,0,1,1,1,0,0,1,1
R001580,male,3,urban,secondary,1,5,0,0,0,0,0,0,0,1,1
R001581,male,4,urban,secondary,1,1,0,0,0,0,0,0,0,1,1
R001582,male,4,urban,secondary,1,5,0,1,0,0,0,0,0,1,1
R001583,male,4,urban,none,0,0,0,0,1,0,0,0,0,1,1
R001584,female,5,urban,tertiary,1,2,0,0,0,0,0,0,0,1,1
R001585,female,1,rural,secondary,1,30,0,0,0,0,0,0,0,1,1
R001586,female,2,urban,tertiary,1,2,0,0,0,0,0,0,0,1,1
R001587,male,4,urban,secondary,1,5,1,0,0,0,0,0,0,1,0
R001588,female,1,urban,tertiary,1,5,0,0,0,0,0,0,0,0,0
R001589,female,4,urban,primary,0,0,0,0,1,0,0,0,1,0,1
R001590,male,1,rural,primary,0,0,0,0,0,1,0,1,1,0,0
R001591,female,5,urban,primary,1,12,0,1,0,0,0,0,0,1,1
R001592,female,4,rural,none,1,5,0,0,0,0,0,0,0,1,0
R001593,male,1,urban,secondary,1,30,0,0,0,0,0,0,0,1,1
R001594,female,2,urban,secondary,0,0,0,0,1,0,0,0,0,0,1
R001595,male,1,urban,none,0,0,0,0,0,0,0,0,1,0,1
R001596,female,1,urban,primary,1,30,0,0,0,0,0,0,0,0,1
R001597,female,4,urban,primary,1,12,1,0,0,0,0,0,0,1,1
R001598,male,5,urban,primary,1,30,0,1,0,0,0,0,0,1,0
R001599,male,3,urban,secondary,1,12,1,0,0,0,0,0,0,0,1
R001600,female,1,urban,secondary,1,1,0,0,0,0,0,0,0,1,0
R001601,male,4,urban,secondary,1,1,0,1,0,0,0,0,0,1,1
R001602,female,3,urban,secondary,1,5,0,0,0,0,0,0,0,0,0
R001603,female,3,rural,primary,1,30,0,0,0,0,0,0,0,0,1
R001604,female,1,urban,secondary,1,1,1,0,0,0,0,0,0,0,1
R001605,female,2,urban,primary,0,0,0,0,0,0,1,0,1,0,0
R001606,male,3,rural,tertiary,1,1,1,0,0,0,0,0,0,0,1
R001607,male,1,urban,primary,0,0,0,0,0,1,0,1,1,0,1
R001608,female,4,rural,secondary,1,1,1,1,0,0,0,0,0,1,1
R001609,female,4,urban,tertiary,1,1,0,0,0,0,0,0,0,0,1
R001610,female,1,rural,primary,0,0,0,0,0,0,0,1,0,0,1
R001611,female,5,urban,secondary,1,12,0,0,0,0,0,0,0,0,1
R001612,male,2,urban,primary,0,0,0,0,1,1,0,0,0,0,0
R001613,female,4,urban,none,1,30,0,1,0,0,0,0,0,1,1
R001614,male,1,urban,secondary,0,0,0,0,0,0,1,0,0,0,1
R001615,male,1,urban,secondary,1,2,1,1,0,0,0,0,0,0,0
R001616,male,3,urban,secondary,1,12,1,0,0,0,0,0,0,0,1
R001617,female,4,urban,secondary,1,5,0,0,0,0,0,0,0,0,1
R001618,female,3,rural,primary,1,0,0,0,0,0,0,0,0,0,1
R001619,female,1,rural,tertiary,1,1,0,0,0,0,0,0,0,0,1
R001620,female,3,urban,none,1,30,0,1,0,0,0,0,0,0,1
R001621,male,1,rural,none,1,12,0,0,0,0,0,0,0,1,1
R001622,male,3,rural,secondary,1,1,0,1,0,0,0,0,0,1,1
R001623,female,5,urban,secondary,0,0,0,0,0,0,0,0,0,0,1
R001624,male,5,urban,secondary,1,2,1,1,0,0,0,0,0,0,1
R001625,male,5,rural,tertiary,1,2,0,1,0,0,0,0,0,1,1
R001626,female,3,urban,secondary,1,2,1,0,0,0,0,0,0,1,1
R001627,female,5,urban,secondary,1,1,1,0,0,0,0,0,0,0,1
R001628,male,4,rural,secondary,1,12,0,1,0,0,0,0,0,1,1
R001629,female,3,urban,secondary,1,2,0,1,0,0,0,0,0,1,1
R001630,female,5,urban,primary,1,12,0,1,0,0,0,0,0,1,1
R001631,male,3,rural,tertiary,1,1,0,1,0,0,0,0,0,1,1
R001632,male,1,rural,primary,1,5,0,0,0,0,0,0,0,0,0
R001633,female,3,urban,primary,1,5,0,1,0,0,0,0,0,1,0
R001634,male,1,urban,tertiary,1,5,0,1,0,0,0,0,0,1,0
R001635,female,1,urban,none,0,0,0,0,0,0,1,0,1,0,1
R001636,male,1,rural,none,0,0,0,0,1,1,1,1,1,1,0
R001637,male,2,rural,primary,0,0,0,0,1,1,0,1,0,1,1
R001638,female,1,rural,secondary,0,0,0,0,0,0,0,0,0,0,1
R001639,male,3,urban,secondary,1,12,0,0,0,0,0,0,0,1,1
R001640,female,3,rural,primary,1,5,0,1,0,0,0,0,0,1,1
R001641,male,4,rural,secondary,1,12,0,0,0,0,0,0,0,0,1
R001642,male,2,urban,primary,1,12,0,0,0,0,0,0,0,1,1
R001643,male,3,rural,primary,1,2,1,0,0,0,0,0,0,1,1
R001644,female,1,urban,tertiary,1,2,0,0,0,0,0,0,0,0,1
R001645,male,2,rural,secondary,1,1,0,0,0,0,0,0,0,0,0
R001646,male,3,rural,tertiary,1,12,0,1,0,0,0,0,0,1,1
R001647,male,1,rural,secondary,1,1,0,0,0,0,0,0,0,1,0
R001648,male,5,rural,primary,1,0,0,1,0,0,0,0,0,1,1
R001649,male,4,urban,none,0,0,0,0,0,0,0,0,0,1,1
R001650,male,5,urban,primary,1,2,0,0,0,0,0,0,0,0,1
R001651,male,5,rural,tertiary,1,1,1,1,0,0,0,0,0,0,1
R001652,male,3,urban,tertiary,1,1,0,1,0,0,0,0,0,1,1
R001653,male,5,urban,tertiary,1,30,1,1,0,0,0,0,0,1,1
R001654,male,2,rural,secondary,1,12,1,0,0,0,0,0,0,1,0
R001655,male,1,urban,secondary,0,0,0,0,1,0,0,0,0,0,0
R001656,male,1,rural,tertiary,0,0,0,0,1,1,1,0,1,0,1
R001657,male,1,rural,secondary,1,5,0,1,0,0,0,0,0,0,0
R001658,male,1,urban,primary,1,1,0,0,0,0,0,0,0,1,1
R001659,male,2,rural,secondary,0,0,0,0,0,1,0,0,0,1,0
R001660,male,1,rural,secondary,1,5,0,0,0,0,0,0,0,0,1
R001661,female,2,urban,secondary,1,1,0,1,0,0,0,0,0,0,0
R001662,female,4,rural,secondary,1,30,1,0,0,0,0,0,0,1,0
R001663,male,1,urban,primary,0,0,0,0,1,1,1,0,0,0,1
R001664,female,2,rural,secondary,1,30,0,0,0,0,0,0,0,0,1
R001665,male,5,urban,primary,1,2,1,0,0,0,0,0,0,1,1
R001666,male,1,rural,tertiary,1,2,0,0,0,0,0,0,0,1,0
R001667,male,1,urban,primary,0,0,0,0,0,0,0,1,0,0,1
R001668,female,2,rural,tertiary,0,0,0,0,0,1,1,0,1,0,0
R001669,female,1,rural,none,0,0,0,0,0,0,1,0,1,0,0
R001670,female,3,urban,none,0,0,0,0,0,0,1,0,0,0,1
R001671,female,4,rural,tertiary,1,5,1,0,0,0,0,0,0,0,1
R001672,female,4,urban,primary,0,0,0,0,1,0,1,0,0,1,1
R001673,male,2,rural,primary,0,0,0,0,0,0,0,0,0,0,1
R001674,male,2,urban,tertiary,1,30,0,0,0,0,0,0,0,0,1
R001675,male,4,urban,secondary,1,5,0,1,0,0,0,0,0,0,1
R001676,female,1,urban,primary,0,0,0,0,0,0,0,0,1,0,1
R001677,female,2,urban,secondary,1,1,0,0,0,0,0,0,0,1,1
R001678,male,4,urban,primary,1,12,0,0,0,0,0,0,0,1,1
R001679,male,1,urban,tertiary,1,2,1,0,0,0,0,0,0,1,0
R001680,male,1,urban,secondary,1,1,0,1,0,0,0,0,0,1,1
R001681,female,1,urban,secondary,0,0,0,0,1,0,1,0,0,0,0
R001682,female,5,urban,secondary,1,2,0,1,0,0,0,0,0,1,1
R001683,female,2,urban,secondary,0,0,0,0,1,0,0,1,0,0,0
R001684,male,2,urban,primary,0,0,0,0,0,0,0,0,0,1,1
R001685,female,4,urban,primary,0,0,0,0,0,0,0,1,1,1,1
R001686,female,4,rural,secondary,1,30,0,1,0,0,0,0,0,0,1
R001687,male,1,urban,secondary,1,2,0,0,0,0,0,0,0,0,0
R001688,male,5,rural,none,0,0,0,0,1,1,0,1,0,1,1
R001689,female,4,urban,none,0,0,0,0,0,0,0,0,1,1,1
R001690,male,1,rural,primary,1,5,0,0,0,0,0,0,0,1,0
R001691,female,1,urban,primary,1,30,0,0,0,0,0,0,0,0,0
R001692,male,3,urban,secondary,1,2,0,1,0,0,0,0,0,1,1
R001693,male,5,rural,primary,1,0,0,0,0,0,0,0,0,1,0
R001694,male,4,urban,secondary,1,1,0,1,0,0,0,0,0,0,0
R001695,female,3,rural,secondary,1,1,1,1,0,0,0,0,0,1,0
R001696,female,5,rural,secondary,1,12,0,0,0,0,0,0,0,1,1
R001697,female,1,rural,secondary,1,5,1,0,0,0,0,0,0,1,0
R001698,male,3,urban,secondary,1,2,0,0,0,0,0,0,0,0,1
R001699,female,1,urban,secondary,1,30,0,0,0,0,0,0,0,0,0
R001700,female,4,urban,primary,1,12,0,0,0,0,0,0,0,0,1
R001701,male,1,rural,secondary,0,0,0,0,0,0,0,0,0,0,0
R001702,female,2,urban,primary,1,2,1,1,0,0,0,0,0,0,1
R001703,male,2,urban,tertiary,1,5,1,0,0,0,0,0,0,1,1
R001704,female,2,rural,none,0,0,0,0,1,0,0,0,0,1,0
R001705,male,1,rural,tertiary,1,5,0,0,0,0,0,0,0,1,0
R001706,male,1,rural,none,0,0,0,0,1,0,1,1,0,1,0
R001707,female,1,rural,tertiary,0,0,0,0,1,0,0,0,1,1,0
R001708,male,4,rural,primary,1,30,0,1,0,0,0,0,0,1,1
R001709,female,5,urban,tertiary,1,1,1,1,0,0,0,0,0,1,1
R001710,male,2,urban,tertiary,1,12,1,0,0,0,0,0,0,0,0
R001711,female,5,urban,primary,1,0,0,1,0,0,0,0,0,1,1
R001712,male,4,urban,none,1,30,0,1,0,0,0,0,0,1,1
R001713,male,4,rural,secondary,0,0,0,0,1,1,1,1,0,1,0
R001714,female,4,rural,tertiary,1,12,0,0,0,0,0,0,0,1,0
R001715,male,4,urban,primary,1,12,0,0,0,0,0,0,0,0,1
R001716,female,3,urban,tertiary,1,5,0,1,0,0,0,0,0,0,1
R001717,female,3,rural,secondary,1,2,0,1,0,0,0,0,0,1,0
R001718,male,5,urban,secondary,1,12,1,1,0,0,0,0,0,1,1
R001719,female,3,rural,none,0,0,0,0,0,0,0,0,1,0,0
R001720,female,4,rural,secondary,1,12,0,0,0,0,0,0,0,1,1
R001721,male,1,urban,secondary,1,12,1,1,0,0,0,0,0,1,0
R001722,male,4,urban,secondary,1,0,0,1,0,0,0,0,0,1,1
R001723,male,3,urban,tertiary,1,30,0,0,0,0,0,0,0,1,1
R001724,female,5,urban,secondary,1,0,0,1,0,0,0,0,0,1,1
R001725,female,2,urban,primary,0,0,0,0,0,0,0,0,0,0,1
R001726,male,3,rural,tertiary,1,5,1,0,0,0,0,0,0,0,1
R001727,female,1,rural,secondary,0,0,0,0,1,1,1,0,0,1,1
R001728,male,1,rural,secondary,0,0,0,0,1,1,1,0,0,0,1
R001729,female,2,rural,secondary,1,2,0,0,0,0,0,0,0,1,0
R001730,male,4,rural,tertiary,1,2,0,1,0,0,0,0,0,1,0
R001731,male,1,urban,primary,0,0,0,0,0,1,1,0,0,0,1
R001732,male,1,rural,none,0,0,0,0,0,1,1,0,0,0,0
R001733,male,3,urban,tertiary,1,0,0,1,0,0,0,0,0,1,1
R001734,female,2,urban,primary,0,0,0,0,1,0,1,0,0,0,0
R001735,female,4,urban,secondary,0,0,0,0,0,0,0,0,0,1,1
R001736,female,2,urban,secondary,1,2,1,1,0,0,0,0,0,1,1
R001737,female,2,rural,secondary,0,0,0,0,1,0,0,0,0,0,0
R001738,female,5,urban,tertiary,1,5,0,1,0,0,0,0,0,1,1
R001739,female,4,urban,secondary,1,12,0,1,0,0,0,0,0,0,1
R001740,female,1,rural,secondary,0,0,0,0,1,1,0,1,0,1,1
R001741,female,3,urban,secondary,0,0,0,0,1,0,0,0,1,0,0
R001742,female,2,urban,secondary,0,0,0,0,0,0,0,1,0,0,0
R001743,female,5,rural,tertiary,1,12,0,0,0,0,0,0,0,1,1
R001744,male,5,rural,secondary,1,1,0,1,0,0,0,0,0,1,0
R001745,female,5,urban,secondary,1,1,1,0,0,0,0,0,0,1,1
R001746,female,5,urban,primary,1,5,1,1,0,0,0,0,0,1,1
R001747,male,1,rural,secondary,1,5,0,0,0,0,0,0,0,1,0
R001748,female,5,urban,primary,1,1,0,0,0,0,0,0,0,1,1
R001749,female,2,urban,primary,0,0,0,0,1,0,0,0,1,0,1
R001750,male,5,rural,primary,1,2,0,1,0,0,0,0,0,1,1
R001751,male,3,urban,primary,1,5,0,0,0,0,0,0,0,1,1
R001752,male,3,rural,none,1,2,1,0,0,0,0,0,0,1,1
R001753,female,4,urban,secondary,0,0,0,0,1,0,0,0,0,1,1
R001754,female,3,urban,primary,1,5,0,1,0,0,0,0,0,1,0
R001755,male,4,urban,secondary,1,2,0,1,0,0,0,0,0,1,1
R001756,male,1,urban,secondary,1,1,0,0,0,0,0,0,0,1,0
R001757,male,5,urban,primary,1,30,1,1,0,0,0,0,0,1,1
R001758,female,3,urban,tertiary,1,5,1,0,0,0,0,0,0,0,1
R001759,male,3,urban,secondary,1,5,0,0,0,0,0,0,0,1,1
R001760,female,4,rural,primary,1,30,1,1,0,0,0,0,0,0,0
R001761,male,1,urban,secondary,1,12,0,0,0,0,0,0,0,0,0
R001762,male,1,rural,primary,1,5,0,0,0,0,0,0,0,0,0
R001763,male,5,urban,secondary,1,5,0,1,0,0,0,0,0,1,1
R001764,female,3,urban,primary,0,0,0,0,1,0,1,1,0,1,0
R001765,female,3,urban,secondary,1,30,0,0,0,0,0,0,0,0,1
R001766,female,1,urban,secondary,1,30,0,0,0,0,0,0,0,0,1
R001767,female,1,rural,primary,0,0,0,0,1,1,0,0,1,1,0
R001768,female,2,urban,secondary,1,5,0,0,0,0,0,0,0,1,0
R001769,female,1,urban,tertiary,0,0,0,0,1,0,1,1,0,0,1
R001770,male,2,rural,tertiary,0,0,0,0,1,0,0,0,0,0,0
R001771,female,4,urban,secondary,1,2,1,0,0,0,0,0,0,1,1
R001772,male,2,rural,primary,0,0,0,0,1,1,0,0,1,1,1
R001773,female,1,rural,none,0,0,0,0,1,1,1,0,0,0,0
R001774,female,2,urban,secondary,1,1,0,0,0,0,0,0,0,1,1
R001775,male,3,urban,primary,0,0,0,0,1,0,0,0,1,1,1
R001776,female,4,rural,primary,1,30,0,1,0,0,0,0,0,1,1
R001777,male,1,rural,none,0,0,0,0,1,0,1,0,1,1,1
R001778,female,2,urban,primary,0,0,0,0,0,0,0,0,0,1,1
R001779,female,2,urban,primary,0,0,0,0,1,0,0,0,1,0,1
R001780,female,2,urban,secondary,1,5,0,0,0,0,0,0,0,1,0
R001781,female,3,urban,secondary,1,1,0,0,0,0,0,0,0,1,1
R001782,male,1,rural,secondary,1,5,0,0,0,0,0,0,0,0,0
R001783,female,2,urban,tertiary,1,2,0,0,0,0,0,0,0,0,0
R001784,male,2,urban,tertiary,1,12,0,0,0,0,0,0,0,1,1
R001785,male,4,rural,none,1,2,0,0,0,0,0,0,0,1,0
R001786,male,4,rural,primary,1,5,0,1,0,0,0,0,0,1,1
R001787,female,3,urban,tertiary,1,12,0,0,0,0,0,0,0,1,1
R001788,male,3,urban,secondary,1,5,0,1,0,0,0,0,0,1,0
R001789,male,1,urban,primary,0,0,0,0,1,0,1,0,0,0,1
R001790,male,3,rural,tertiary,1,12,0,0,0,0,0,0,0,0,1
R001791,female,5,rural,secondary,1,12,1,0,0,0,0,0,0,1,1
R001792,male,4,urban,secondary,1,5,1,0,0,0,0,0,0,1,1
R001793,female,1,rural,none,0,0,0,0,1,0,0,0,0,1,1
R001794,male,1,urban,secondary,0,0,0,0,0,0,0,1,1,0,1
R001795,male,1,urban,primary,0,0,0,0,0,0,1,0,0,1,0
R001796,female,3,urban,primary,1,5,0,0,0,0,0,0,0,1,0
R001797,male,4,urban,primary,0,0,0,0,1,0,0,0,0,1,1
R001798,female,2,rural,primary,1,2,0,1,0,0,0,0,0,1,0
R001799,female,2,urban,tertiary,1,2,0,0,0,0,0,0,0,1,0
R001800,female,3,urban,primary,1,5,0,1,0,0,0,0,0,1,0
R001801,female,5,rural,primary,1,12,0,1,0,0,0,0,0,1,0
R001802,male,1,rural,secondary,1,30,1,1,0,0,0,0,0,0,0
R001803,male,3,urban,secondary,1,2,0,0,0,0,0,0,0,0,0
R001804,male,3,urban,none,1,1,0,0,0,0,0,0,0,0,1
R001805,male,1,urban,secondary,1,1,0,0,0,0,0,0,0,1,1
R001806,male,1,rural,tertiary,1,5,0,1,0,0,0,0,0,0,0
R001807,male,1,rural,secondary,0,0,0,0,0,0,0,0,0,0,0
R001808,female,2,urban,secondary,1,0,0,0,0,0,0,0,0,1,0
R001809,male,1,urban,secondary,1,2,0,1,0,0,0,0,0,0,0
R001810,male,1,rural,primary,0,0,0,0,0,0,1,1,1,1,1
R001811,female,2,rural,primary,0,0,0,0,0,0,0,0,1,1,0
R001812,female,1,rural,secondary,0,0,0,0,1,0,1,0,0,0,0
R001813,female,2,rural,none,0,0,0,0,1,0,0,0,0,0,0
R001814,male,5,rural,secondary,1,1,1,1,0,0,0,0,0,1,1
R001815,female,2,rural,secondary,1,2,1,0,0,0,0,0,0,1,1
R001816,female,2,rural,primary,0,0,0,0,1,1,0,1,0,1,1
R001817,male,4,urban,tertiary,1,1,0,1,0,0,0,0,0,0,1
R001818,female,2,rural,none,1,1,0,0,0,0,0,0,0,0,1
R001819,female,3,urban,secondary,1,2,1,1,0,0,0,0,0,1,1
R001820,female,3,rural,secondary,1,1,1,0,0,0,0,0,0,1,0
R001821,male,4,rural,tertiary,1,1,0,0,0,0,0,0,0,1,1
R001822,female,1,urban,tertiary,0,0,0,0,0,0,0,0,1,1,0
R001823,female,2,urban,secondary,1,1,0,0,0,0,0,0,0,0,1
R001824,female,4,rural,secondary,1,5,1,1,0,0,0,0,0,1,1
R001825,female,5,urban,none,1,12,0,1,0,0,0,0,0,0,1
R001826,male,4,urban,secondary,1,0,1,0,0,0,0,0,0,1,0
R001827,male,5,urban,secondary,1,2,0,1,0,0,0,0,0,1,1
R001828,female,2,urban,tertiary,0,0,0,0,0,1,0,0,0,0,1
R001829,female,1,rural,secondary,0,0,0,0,0,0,1,1,1,0,1
R001830,female,1,urban,secondary,0,0,0,0,0,0,0,1,0,0,1
R001831,female,2,urban,secondary,1,1,0,1,0,0,0,0,0,1,1
R001832,male,2,urban,primary,1,0,1,1,0,0,0,0,0,0,1
R001833,male,1,urban,tertiary,1,1,0,1,0,0,0,0,0,1,1
R001834,female,2,rural,secondary,1,1,1,0,0,0,0,0,0,0,0
R001835,male,1,urban,secondary,1,30,0,0,0,0,0,0,0,0,0
R001836,male,1,urban,tertiary,1,5,0,0,0,0,0,0,0,0,0
R001837,male,2,urban,secondary,1,30,0,0,0,0,0,0,0,0,1
R001838,female,1,urban,none,0,0,0,0,0,0,0,0,1,1,1
R001839,male,5,urban,none,0,0,0,0,1,0,0,0,1,1,1
R001840,male,2,rural,primary,1,12,1,0,0,0,0,0,0,1,1
R001841,female,1,urban,tertiary,1,1,0,0,0,0,0,0,0,0,1
R001842,female,1,urban,primary,0,0,0,0,0,0,0,0,1,0,0
R001843,male,3,rural,secondary,0,0,0,0,1,0,1,0,1,1,1
R001844,female,1,urban,tertiary,1,1,0,0,0,0,0,0,0,1,0
R001845,female,2,urban,none,0,0,0,0,0,0,1,0,0,0,0
R001846,male,5,urban,none,1,12,1,1,0,0,0,0,0,1,1
R001847,female,2,urban,none,0,0,0,0,1,0,1,0,0,1,0
R001848,female,4,rural,secondary,1,1,0,1,0,0,0,0,0,1,1
R001849,female,2,rural,primary,0,0,0,0,0,0,0,0,0,0,1
R001850,female,1,urban,tertiary,0,0,0,0,1,0,1,0,1,1,1
R001851,male,3,urban,secondary,1,1,1,0,0,0,0,0,0,1,1
R001852,female,1,rural,secondary,0,0,0,0,1,1,0,0,0,0,0
R001853,male,2,urban,secondary,1,1,1,0,0,0,0,0,0,0,0
R001854,female,5,rural,secondary,1,1,0,1,0,0,0,0,0,0,1
R001855,male,3,urban,none,0,0,0,0,1,0,0,0,1,1,1
R001856,male,4,urban,primary,1,12,0,1,0,0,0,0,0,1,1
R001857,male,2,urban,secondary,1,2,0,1,0,0,0,0,0,0,0
R001858,female,2,rural,secondary,1,5,0,1,0,0,0,0,0,0,0
R001859,female,1,rural,primary,1,5,0,0,0,0,0,0,0,0,0
R001860,male,3,urban,secondary,1,30,0,0,0,0,0,0,0,1,0
R001861,male,5,urban,primary,1,2,0,1,0,0,0,0,0,0,1
R001862,male,1,urban,primary,0,0,0,0,1,1,0,0,1,0,0
R001863,female,5,urban,none,1,1,0,0,0,0,0,0,0,1,1
R001864,female,1,urban,tertiary,1,30,0,1,0,0,0,0,0,1,0
R001865,male,3,urban,secondary,1,12,1,0,0,0,0,0,0,1,0
R001866,male,5,rural,secondary,1,0,0,1,0,0,0,0,0,1,0
R001867,male,4,urban,primary,1,1,1,1,0,0,0,0,0,1,1
R001868,male,1,rural,secondary,0,0,0,0,0,0,1,1,1,0,0
R001869,female,5,urban,none,1,1,0,0,0,0,0,0,0,1,1
R001870,male,5,rural,tertiary,1,5,1,1,0,0,0,0,0,1,1
R001871,female,2,rural,tertiary,1,12,0,0,0,0,0,0,0,0,1
R001872,female,5,urban,none,1,5,1,0,0,0,0,0,0,1,1
R001873,male,1,rural,secondary,1,30,0,0,0,0,0,0,0,0,0
R001874,female,3,urban,secondary,1,2,0,0,0,0,0,0,0,1,0
R001875,male,2,rural,tertiary,1,2,0,0,0,0,0,0,0,0,0
R001876,female,1,rural,primary,0,0,0,0,0,0,0,0,0,1,0
R001877,male,4,rural,tertiary,1,2,0,0,0,0,0,0,0,1,1
R001878,male,4,rural,secondary,1,2,1,1,0,0,0,0,0,1,1
R001879,female,2,rural,secondary,1,2,0,1,0,0,0,0,0,0,0
R001880,male,1,urban,none,1,12,0,0,0,0,0,0,0,0,1
R001881,male,3,rural,secondary,1,30,0,1,0,0,0,0,0,1,0
R001882,male,1,urban,none,0,0,0,0,1,0,1,0,0,0,1
R001883,female,1,rural,secondary,0,0,0,0,0,0,1,0,1,0,0
R001884,male,5,rural,secondary,1,1,1,1,0,0,0,0,0,1,1
R001885,male,2,urban,secondary,1,5,0,0,0,0,0,0,0,0,0
R001886,female,2,urban,primary,1,1,0,0,0,0,0,0,0,0,1
R001887,female,2,urban,none,0,0,0,0,1,0,0,0,0,0,1
R001888,male,2,urban,secondary,1,0,0,0,0,0,0,0,0,1,1
R001889,female,4,urban,primary,1,30,0,1,0,0,0,0,0,1,1
R001890,female,3,rural,tertiary,1,2,0,1,0,0,0,0,0,1,0
R001891,male,2,rural,primary,0,0,0,0,0,0,1,0,1,0,0
R001892,male,2,urban,secondary,0,0,0,0,1,0,0,1,1,1,0
R001893,female,2,rural,secondary,0,0,0,0,1,1,1,0,1,0,1
R001894,male,3,urban,primary,1,2,0,0,0,0,0,0,0,1,1
R001895,female,5,urban,primary,1,12,0,0,0,0,0,0,0,1,1
R001896,male,1,urban,secondary,1,12,0,0,0,0,0,0,0,0,1
R001897,male,1,urban,primary,1,5,0,0,0,0,0,0,0,1,1
R001898,female,2,rural,secondary,1,1,0,1,0,0,0,0,0,0,1
R001899,male,1,urban,tertiary,1,12,0,0,0,0,0,0,0,0,1
R001900,male,2,rural,tertiary,1,30,0,1,0,0,0,0,0,1,0
R001901,female,5,urban,primary,1,12,1,1,0,0,0,0,0,1,0
R001902,male,1,urban,secondary,1,12,0,1,0,0,0,0,0,0,0
R001903,male,5,urban,secondary,1,5,1,0,0,0,0,0,0,0,1
R001904,male,1,rural,primary,1,2,1,0,0,0,0,0,0,0,0
R001905,female,2,urban,secondary,1,1,0,0,0,0,0,0,0,1,0
R001906,male,2,rural,secondary,1,5,0,0,0,0,0,0,0,1,1
R001907,male,5,rural,tertiary,1,0,1,0,0,0,0,0,0,1,0
R001908,male,3,urban,secondary,1,12,0,0,0,0,0,0,0,1,1
R001909,female,3,urban,primary,0,0,0,0,1,0,1,1,1,1,1
R001910,male,5,rural,primary,0,0,0,0,1,0,1,0,1,1,0
R001911,female,2,urban,secondary,1,5,0,1,0,0,0,0,0,0,1
R001912,female,4,urban,primary,1,0,0,1,0,0,0,0,0,0,1
R001913,male,1,rural,secondary,0,0,0,0,1,0,1,0,0,0,0
R001914,male,3,rural,primary,1,5,1,0,0,0,0,0,0,1,1
R001915,female,5,urban,secondary,1,5,0,0,0,0,0,0,0,1,0
R001916,female,1,urban,none,0,0,0,0,1,0,0,0,0,1,1
R001917,male,3,rural,primary,1,30,0,0,0,0,0,0,0,1,1
R001918,male,1,urban,primary,0,0,0,0,1,0,0,0,1,0,1
R001919,male,5,urban,primary,1,5,1,0,0,0,0,0,0,1,1
R001920,male,3,urban,tertiary,1,1,0,0,0,0,0,0,0,1,0
R001921,male,1,urban,secondary,1,1,0,0,0,0,0,0,0,0,0
R001922,male,4,rural,primary,1,5,0,0,0,0,0,0,0,0,1
R001923,female,1,urban,secondary,1,2,0,0,0,0,0,0,0,1,1
R001924,male,3,rural,primary,0,0,0,0,1,0,0,0,0,0,0
R001925,male,2,urban,secondary,1,12,1,0,0,0,0,0,0,1,1
R001926,male,1,urban,primary,0,0,0,0,0,0,1,0,1,1,1
R001927,female,4,urban,primary,1,30,0,0,0,0,0,0,0,0,1
R001928,male,1,rural,tertiary,1,1,0,0,0,0,0,0,0,1,1
R001929,female,3,rural,secondary,1,5,0,0,0,0,0,0,0,1,1
R001930,female,2,rural,primary,0,0,0,0,0,1,1,1,0,0,1
R001931,female,1,rural,none,0,0,0,0,1,1,0,1,1,0,1
R001932,male,2,urban,none,0,0,0,0,0,0,0,1,1,1,0
R001933,male,4,urban,tertiary,1,2,1,0,0,0,0,0,0,0,1
R001934,male,1,urban,primary,1,12,0,0,0,0,0,0,0,0,1
R001935,male,1,urban,none,0,0,0,0,0,0,1,0,1,1,1
R001936,female,5,urban,tertiary,1,1,0,0,0,0,0,0,0,1,1
R001937,female,5,urban,tertiary,1,1,1,0,0,0,0,0,0,1,1
R001938,female,1,urban,primary,0,0,0,0,1,0,0,0,0,1,1
R001939,female,5,urban,primary,1,12,1,1,0,0,0,0,0,1,1
R001940,male,4,urban,secondary,1,5,0,1,0,0,0,0,0,0,1
R001941,female,1,rural,primary,0,0,0,0,1,0,1,0,0,1,0
R001942,male,1,urban,secondary,1,12,0,0,0,0,0,0,0,1,1
R001943,female,2,rural,none,0,0,0,0,0,1,0,1,1,1,0
R001944,male,4,urban,secondary,1,5,1,1,0,0,0,0,0,1,1
R001945,male,2,rural,tertiary,1,1,0,0,0,0,0,0,0,0,1
R001946,female,3,rural,tertiary,1,5,0,1,0,0,0,0,0,1,0
R001947,male,1,urban,secondary,0,0,0,0,1,0,1,0,1,0,0
R001948,male,2,urban,primary,1,12,1,0,0,0,0,0,0,1,1
R001949,female,2,urban,primary,1,5,0,1,0,0,0,0,0,1,0
R001950,male,1,rural,primary,1,2,0,0,0,0,0,0,0,0,0
R001951,male,4,urban,secondary,1,1,0,0,0,0,0,0,0,0,1
R001952,female,1,urban,primary,0,0,0,0,0,0,0,0,1,0,0
R001953,female,5,urban,none,1,2,1,0,0,0,0,0,0,1,1
R001954,male,3,rural,secondary,1,2,0,1,0,0,0,0,0,1,1
R001955,female,1,rural,secondary,0,0,0,0,0,1,1,0,0,0,0
R001956,male,3,urban,secondary,1,1,1,0,0,0,0,0,0,0,0
R001957,male,1,urban,secondary,0,0,0,0,1,0,1,1,1,1,1
R001958,male,3,rural,secondary,0,0,0,0,1,0,0,0,0,0,1
R001959,female,4,rural,secondary,1,2,1,0,0,0,0,0,0,0,1
R001960,female,1,rural,primary,0,0,0,0,1,0,0,0,0,0,0
R001961,male,4,rural,none,0,0,0,0,1,0,0,1,0,0,1
R001962,female,1,rural,secondary,0,0,0,0,0,0,1,0,1,0,0
R001963,male,5,rural,none,1,30,0,1,0,0,0,0,0,1,1
R001964,female,3,urban,tertiary,1,5,0,0,0,0,0,0,0,0,0
R001965,female,1,urban,primary,0,0,0,0,1,0,0,0,0,1,0
R001966,male,1,urban,secondary,1,2,0,0,0,0,0,0,0,0,1
R001967,female,3,urban,secondary,1,5,0,0,0,0,0,0,0,1,1
R001968,female,1,urban,primary,1,5,0,0,0,0,0,0,0,0,0
R001969,female,3,rural,primary,1,12,0,0,0,0,0,0,0,0,1
R001970,male,4,urban,none,1,12,1,0,0,0,0,0,0,1,1
R001971,male,2,urban,none,1,30,0,0,0,0,0,0,0,1,1
R001972,male,3,urban,secondary,1,1,0,0,0,0,0,0,0,1,0
R001973,female,2,urban,secondary,1,0,0,0,0,0,0,0,0,1,1
R001974,female,3,urban,primary,0,0,0,0,0,0,0,0,1,0,1
R001975,female,2,rural,secondary,1,5,0,0,0,0,0,0,0,1,0
R001976,male,1,urban,secondary,1,12,0,0,0,0,0,0,0,0,1
R001977,male,3,urban,tertiary,1,30,1,1,0,0,0,0,0,1,1
R001978,female,1,urban,secondary,1,2,1,0,0,0,0,0,0,0,0
R001979,female,5,urban,tertiary,1,30,0,1,0,0,0,0,0,0,1
R001980,male,3,urban,secondary,1,12,0,0,0,0,0,0,0,0,1
R001981,female,5,urban,primary,1,5,1,0,0,0,0,0,0,0,1
R001982,male,1,urban,secondary,1,12,1,0,0,0,0,0,0,0,1
R001983,male,2,urban,tertiary,1,30,1,0,0,0,0,0,0,0,1
R001984,male,4,rural,tertiary,1,12,0,1,0,0,0,0,0,1,1
R001985,male,3,urban,secondary,1,1,0,0,0,0,0,0,0,0,0
R001986,female,1,rural,tertiary,1,30,0,0,0,0,0,0,0,0,1
R001987,female,2,urban,secondary,1,2,0,0,0,0,0,0,0,0,1
R001988,male,2,rural,secondary,0,0,0,0,0,0,0,1,0,1,0
R001989,male,1,rural,primary,0,0,0,0,1,1,1,0,0,0,1
R001990,male,5,rural,secondary,1,0,1,0,0,0,0,0,0,1,1
R001991,female,1,urban,primary,0,0,0,0,1,0,1,0,1,0,1
R001992,male,2,urban,none,0,0,0,0,0,0,1,0,0,0,1
R001993,female,1,urban,primary,1,2,0,0,0,0,0,0,0,0,1
R001994,female,3,urban,primary,1,2,0,0,0,0,0,0,0,1,1
R001995,male,5,rural,secondary,1,2,0,0,0,0,0,0,0,0,1
R001996,male,3,rural,tertiary,1,5,0,1,0,0,0,0,0,1,1
R001997,female,2,rural,none,0,0,0,0,1,1,1,0,0,0,0
R001998,female,4,urban,secondary,1,5,1,0,0,0,0,0,0,0,1
R001999,female,2,urban,none,1,12,1,0,0,0,0,0,0,0,1
R002000,female,1,rural,secondary,0,0,0,0,1,1,0,1,1,1,0
R002001,male,4,urban,secondary,1,5,0,0,0,0,0,0,0,1,1
R002002,female,2,urban,primary,1,5,0,0,0,0,0,0,0,1,0
R002003,male,1,urban,primary,0,0,0,0,1,1,1,0,1,0,1
R002004,female,1,rural,secondary,1,5,0,0,0,0,0,0,0,0,0
R002005,female,3,urban,secondary,1,12,0,0,0,0,0,0,0,0,0
R002006,female,1,rural,primary,0,0,0,0,1,1,1,0,1,1,0
R002007,female,1,rural,secondary,1,2,0,0,0,0,0,0,0,1,0
R002008,male,2,urban,secondary,1,5,0,0,0,0,0,0,0,0,1
R002009,male,5,rural,tertiary,1,1,0,1,0,0,0,0,0,1,0
R002010,male,4,urban,secondary,1,12,0,1,0,0,0,0,0,1,1
R002011,male,3,rural,primary,0,0,0,0,1,1,0,0,1,1,0
R002012,female,1,urban,secondary,1,12,0,1,0,0,0,0,0,0,1
R002013,female,1,rural,tertiary,1,5,0,1,0,0,0,0,0,0,1
R002014,male,3,rural,tertiary,1,12,0,1,0,0,0,0,0,1,0
R002015,female,3,rural,secondary,1,2,0,1,0,0,0,0,0,1,0
R002016,female,2,urban,secondary,1,1,0,0,0,0,0,0,0,0,1
R002017,female,2,rural,tertiary,1,1,0,0,0,0,0,0,0,0,1
R002018,female,2,urban,primary,1,5,0,0,0,0,0,0,0,1,1
R002019,female,5,rural,secondary,1,2,0,0,0,0,0,0,0,1,1
R002020,female,3,urban,secondary,1,30,0,0,0,0,0,0,0,0,1
R002021,female,2,urban,tertiary,1,2,0,1,0,0,0,0,0,1,0
R002022,female,3,urban,primary,1,0,0,0,0,0,0,0,0,0,1
R002023,female,1,urban,primary,0,0,0,0,1,1,1,1,1,1,1
R002024,female,4,rural,secondary,1,1,0,0,0,0,0,0,0,0,1
R002025,female,4,urban,tertiary,1,5,0,0,0,0,0,0,0,1,0
R002026,male,4,urban,primary,1,12,0,1,0,0,0,0,0,1,1
R002027,female,3,urban,secondary,1,5,1,1,0,0,0,0,0,1,0
R002028,female,2,rural,secondary,1,0,0,0,0,0,0,0,0,1,0
R002029,female,1,urban,secondary,0,0,0,0,0,0,0,1,0,0,1
R002030,female,5,rural,primary,1,12,0,0,0,0,0,0,0,1,1
R002031,male,1,urban,secondary,1,30,0,0,0,0,0,0,0,0,0
R002032,female,1,urban,secondary,1,30,1,0,0,0,0,0,0,1,0
R002033,male,2,urban,primary,1,5,0,0,0,0,0,0,0,1,0
R002034,female,2,urban,tertiary,1,1,0,0,0,0,0,0,0,1,1
R002035,male,3,urban,tertiary,1,0,0,0,0,0,0,0,0,0,1
R002036,female,4,urban,secondary,1,30,0,0,0,0,0,0,0,1,0
R002037,female,4,rural,none,1,30,0,1,0,0,0,0,0,0,1
R002038,male,1,urban,none,0,0,0,0,1,0,1,0,1,0,0
R002039,male,2,urban,tertiary,1,5,0,0,0,0,0,0,0,0,1
R002040,female,2,urban,tertiary,1,2,1,0,0,0,0,0,0,1,1
R002041,male,3,urban,tertiary,1,2,0,1,0,0,0,0,0,1,1
R002042,male,2,rural,secondary,1,5,0,0,0,0,0,0,0,0,0
R002043,male,4,rural,tertiary,1,0,0,0,0,0,0,0,0,1,1
R002044,male,2,urban,tertiary,1,12,0,0,0,0,0,0,0,0,1
R002045,female,1,urban,secondary,0,0,0,0,1,1,0,0,0,0,0
R002046,male,5,urban,primary,1,1,1,0,0,0,0,0,0,1,1
R002047,male,5,rural,primary,1,5,0,0,0,0,0,0,0,0,1
R002048,male,5,urban,secondary,1,5,0,0,0,0,0,0,0,0,1
R002049,male,1,urban,secondary,1,0,0,0,0,0,0,0,0,1,1
R002050,female,4,rural,primary,0,0,0,0,1,1,1,0,0,1,0
R002051,female,1,rural,secondary,0,0,0,0,0,0,0,1,0,1,1
R002052,male,5,urban,secondary,1,12,1,0,0,0,0,0,0,1,1
R002053,female,1,urban,tertiary,1,5,0,0,0,0,0,0,0,0,0
R002054,male,2,rural,primary,1,1,0,1,0,0,0,0,0,1,1
R002055,female,3,urban,secondary,1,5,1,0,0,0,0,0,0,1,1
R002056,female,2,urban,tertiary,1,1,0,0,0,0,0,0,0,1,1
R002057,female,4,urban,secondary,1,30,1,0,0,0,0,0,0,0,0
R002058,male,4,urban,tertiary,1,0,0,0,0,0,0,0,0,1,0
R002059,male,2,urban,secondary,1,0,0,0,0,0,0,0,0,1,1
R002060,male,4,urban,secondary,1,12,0,0,0,0,0,0,0,1,1
R002061,male,4,urban,secondary,1,2,1,1,0,0,0,0,0,1,1
R002062,female,1,urban,none,1,12,0,0,0,0,0,0,0,1,1
R002063,male,3,urban,secondary,1,1,1,1,0,0,0,0,0,0,0
R002064,female,3,urban,primary,1,1,0,0,0,0,0,0,0,1,1
R002065,female,5,rural,secondary,1,1,0,1,0,0,0,0,0,1,1
R002066,female,1,rural,secondary,0,0,0,0,1,0,0,0,1,1,0
R002067,female,2,rural,secondary,1,0,0,0,0,0,0,0,0,0,1
R002068,male,5,rural,secondary,1,5,1,0,0,0,0,0,0,1,0
R002069,female,4,urban,secondary,1,12,1,1,0,0,0,0,0,1,0
R002070,female,4,urban,secondary,1,1,0,0,0,0,0,0,0,1,1
R002071,female,5,urban,tertiary,1,2,0,1,0,0,0,0,0,1,1
R002072,female,2,urban,secondary,1,0,0,1,0,0,0,0,0,1,0
R002073,female,2,urban,secondary,1,30,0,1,0,0,0,0,0,0,1
R002074,female,4,rural,secondary,1,12,0,0,0,0,0,0,0,1,0
R002075,male,4,rural,secondary,1,0,0,1,0,0,0,0,0,1,1
R002076,male,5,rural,secondary,1,0,0,1,0,0,0,0,0,1,1
R002077,female,3,urban,secondary,1,30,0,0,0,0,0,0,0,1,0
R002078,female,2,urban,secondary,1,12,0,0,0,0,0,0,0,1,1
R002079,male,3,urban,tertiary,1,5,0,1,0,0,0,0,0,1,0
R002080,male,1,urban,secondary,1,2,0,0,0,0,0,0,0,0,1
R002081,male,3,urban,tertiary,1,12,0,1,0,0,0,0,0,1,1
R002082,female,2,urban,secondary,1,5,0,1,0,0,0,0,0,0,0
R002083,male,3,rural,secondary,1,5,1,0,0,0,0,0,0,1,0
R002084,male,4,rural,tertiary,1,2,0,0,0,0,0,0,0,1,0
R002085,male,4,rural,tertiary,1,2,0,0,0,0,0,0,0,0,1
R002086,male,2,rural,secondary,1,5,0,0,0,0,0,0,0,0,1
R002087,female,2,urban,primary,0,0,0,0,1,0,0,1,0,1,1
R002088,female,3,urban,none,1,30,1,0,0,0,0,0,0,1,0
R002089,male,1,urban,secondary,0,0,0,0,1,0,1,0,1,0,0
R002090,male,2,urban,primary,0,0,0,0,1,0,0,0,0,1,0
R002091,male,4,urban,primary,1,2,1,0,0,0,0,0,0,0,0
R002092,female,5,urban,secondary,1,30,0,0,0,0,0,0,0,1,1
R002093,male,4,urban,none,1,1,0,0,0,0,0,0,0,0,1
R002094,male,1,urban,none,0,0,0,0,0,1,1,0,0,0,0
R002095,female,2,urban,primary,1,2,0,1,0,0,0,0,0,1,0
R002096,male,3,rural,tertiary,1,12,0,0,0,0,0,0,0,1,1
R002097,female,5,rural,none,0,0,0,0,1,0,0,0,0,1,0
R002098,female,2,urban,secondary,1,5,0,1,0,0,0,0,0,0,1
R002099,female,5,rural,secondary,1,2,0,0,0,0,0,0,0,0,0
R002100,female,1,rural,secondary,0,0,0,0,0,0,0,0,0,1,0
R002101,female,2,urban,secondary,0,0,0,0,1,0,1,0,0,0,1
R002102,male,5,urban,tertiary,1,5,0,1,0,0,0,0,0,1,1
R002103,male,1,urban,secondary,1,2,0,0,0,0,0,0,0,1,0
R002104,male,2,rural,primary,1,1,1,1,0,0,0,0,0,1,0
R002105,female,2,urban,primary,0,0,0,0,1,0,0,1,1,0,1
R002106,female,3,rural,primary,0,0,0,0,1,0,1,0,1,1,0
R002107,female,5,rural,primary,1,1,0,0,0,0,0,0,0,0,1
R002108,male,4,urban,none,1,1,0,0,0,0,0,0,0,0,0
R002109,female,3,urban,primary,0,0,0,0,1,1,0,1,1,1,1
R002110,female,4,urban,secondary,1,12,1,1,0,0,0,0,0,1,1
R002111,female,3,rural,primary,1,12,1,1,0,0,0,0,0,1,1
R002112,female,2,urban,primary,0,0,0,0,0,0,1,0,0,0,1
R002113,female,1,urban,none,0,0,0,0,1,0,0,0,1,0,1
R002114,female,1,rural,secondary,1,2,0,0,0,0,0,0,0,1,0
R002115,male,1,rural,tertiary,1,1,0,1,0,0,0,0,0,0,1
R002116,male,1,urban,primary,1,30,0,0,0,0,0,0,0,0,0
R002117,male,1,urban,tertiary,1,12,1,0,0,0,0,0,0,1,1
R002118,female,2,urban,secondary,1,0,0,0,0,0,0,0,0,0,1
R002119,male,1,urban,primary,1,30,0,0,0,0,0,0,0,1,0
R002120,female,2,rural,none,0,0,0,0,0,1,1,0,1,1,1
R002121,female,1,urban,primary,1,30,0,1,0,0,0,0,0,0,1
R002122,male,2,urban,primary,1,5,0,0,0,0,0,0,0,0,1
R002123,female,2,urban,secondary,1,12,0,0,0,0,0,0,0,1,1
R002124,female,3,rural,tertiary,1,5,0,0,0,0,0,0,0,1,1
R002125,female,2,rural,primary,1,2,0,0,0,0,0,0,0,1,0
R002126,female,4,urban,primary,1,12,0,0,0,0,0,0,0,1,1
R002127,female,4,urban,primary,0,0,0,0,0,0,0,0,0,0,1
R002128,male,3,urban,secondary,1,5,0,0,0,0,0,0,0,0,1
R002129,male,4,urban,primary,0,0,0,0,0,0,0,1,1,1,1
R002130,female,3,rural,tertiary,1,5,1,1,0,0,0,0,0,0,1
R002131,male,3,urban,secondary,1,12,0,0,0,0,0,0,0,1,1
R002132,male,3,rural,secondary,1,0,1,0,0,0,0,0,0,0,0
R002133,female,5,urban,primary,1,0,1,0,0,0,0,0,0,1,1
R002134,female,1,rural,none,1,5,0,0,0,0,0,0,0,0,0
R002135,male,1,rural,secondary,1,30,0,0,0,0,0,0,0,1,0
R002136,male,2,urban,secondary,1,12,0,0,0,0,0,0,0,1,0
R002137,female,2,rural,primary,1,1,0,0,0,0,0,0,0,0,0
R002138,female,2,urban,secondary,1,30,1,0,0,0,0,0,0,0,1
R002139,female,2,rural,secondary,0,0,0,0,1,0,1,0,0,1,0
R002140,female,2,rural,none,0,0,0,0,0,0,1,0,0,1,1
R002141,female,2,urban,secondary,0,0,0,0,0,0,0,0,1,1,1
R002142,male,2,rural,tertiary,1,5,0,1,0,0,0,0,0,1,0
R002143,female,1,urban,secondary,1,5,0,1,0,0,0,0,0,1,0
R002144,female,5,urban,secondary,1,12,0,1,0,0,0,0,0,1,1
R002145,male,5,rural,primary,1,30,0,1,0,0,0,0,0,0,0
R002146,female,2,urban,none,1,0,1,0,0,0,0,0,0,0,1
R002147,male,5,urban,tertiary,1,1,0,1,0,0,0,0,0,1,1
R002148,female,1,urban,secondary,1,2,0,1,0,0,0,0,0,1,0
R002149,male,1,rural,secondary,0,0,0,0,1,1,1,0,0,1,1
R002150,female,4,rural,secondary,0,0,0,0,1,0,0,0,1,1,1
R002151,male,1,rural,secondary,1,1,0,1,0,0,0,0,0,0,1
R002152,female,1,urban,tertiary,1,1,0,0,0,0,0,0,0,1,0
R002153,female,3,urban,secondary,1,2,1,1,0,0,0,0,0,0,1
R002154,female,1,urban,primary,0,0,0,0,0,0,0,0,0,1,0
R002155,male,2,rural,secondary,0,0,0,0,0,0,1,1,0,0,1
R002156,female,5,rural,primary,1,5,0,0,0,0,0,0,0,1,1
R002157,female,1,urban,secondary,1,2,0,0,0,0,0,0,0,0,0
R002158,female,4,rural,primary,0,0,0,0,1,0,0,0,1,1,1
R002159,male,2,rural,tertiary,1,5,0,0,0,0,0,0,0,0,0
R002160,male,4,urban,primary,1,2,1,0,0,0,0,0,0,1,1
R002161,male,1,urban,secondary,1,5,0,0,0,0,0,0,0,0,0
R002162,male,2,rural,secondary,1,1,1,0,0,0,0,0,0,1,0
R002163,female,2,rural,secondary,0,0,0,0,1,1,0,0,1,0,0
R002164,male,1,rural,secondary,0,0,0,0,1,0,1,0,0,1,0
R002165,male,3,urban,primary,1,5,0,1,0,0,0,0,0,1,1
R002166,male,4,urban,primary,1,12,1,0,0,0,0,0,0,0,1
R002167,male,2,urban,secondary,1,12,1,1,0,0,0,0,0,1,1
R002168,male,3,urban,primary,1,30,0,0,0,0,0,0,0,1,0
R002169,female,3,urban,primary,1,5,0,0,0,0,0,0,0,1,0
R002170,female,4,rural,none,0,0,0,0,1,0,0,0,0,1,0
R002171,male,2,urban,secondary,1,5,0,0,0,0,0,0,0,0,1
R002172,female,3,urban,none,1,0,0,0,0,0,0,0,0,1,0
R002173,female,5,urban,primary,1,1,1,0,0,0,0,0,0,1,1
R002174,male,1,urban,none,1,5,0,0,0,0,0,0,0,0,0
R002175,female,2,rural,secondary,0,0,0,0,1,0,1,0,1,0,0
R002176,female,2,urban,none,1,5,0,0,0,0,0,0,0,1,0
R002177,female,1,urban,primary,1,30,0,0,0,0,0,0,0,0,0
R002178,female,1,urban,secondary,1,12,0,1,0,0,0,0,0,0,0
R002179,female,1,urban,none,0,0,0,0,0,1,1,1,1,0,0
R002180,female,5,rural,secondary,1,1,1,1,0,0,0,0,0,1,1
R002181,female,2,urban,secondary,0,0,0,0,1,0,1,0,0,1,0
R002182,female,1,urban,primary,1,1,0,0,0,0,0,0,0,0,1
R002183,male,4,urban,primary,1,5,1,0,0,0,0,0,0,1,1
R002184,male,2,urban,secondary,1,5,1,0,0,0,0,0,0,1,1
R002185,female,4,urban,secondary,1,5,0,1,0,0,0,0,0,0,1
R002186,male,3,rural,tertiary,1,1,0,0,0,0,0,0,0,0,1
R002187,female,5,rural,secondary,0,0,0,0,1,1,1,0,0,0,1
R002188,male,1,urban,secondary,1,5,0,0,0,0,0,0,0,0,0
R002189,female,2,urban,none,1,2,0,0,0,0,0,0,0,1,0
R002190,female,1,rural,primary,0,0,0,0,1,1,0,1,1,1,1
R002191,female,3,rural,none,0,0,0,0,1,1,1,1,1,1,0
R002192,male,1,urban,secondary,1,1,0,0,0,0,0,0,0,0,1
R002193,female,1,urban,none,1,12,0,0,0,0,0,0,0,0,0
R002194,male,5,urban,primary,1,1,1,1,0,0,0,0,0,1,1
R002195,female,3,urban,secondary,0,0,0,0,0,1,0,1,0,1,1
R002196,male,2,urban,secondary,1,1,0,0,0,0,0,0,0,0,0
R002197,female,2,urban,secondary,0,0,0,0,0,0,1,0,1,0,1
R002198,female,5,rural,secondary,1,5,1,0,0,0,0,0,0,1,0
R002199,female,2,urban,secondary,1,12,0,0,0,0,0,0,0,0,1
R002200,female,1,urban,secondary,1,5,0,0,0,0,0,0,0,1,1
R002201,male,1,urban,primary,1,2,0,0,0,0,0,0,0,1,1
R002202,female,2,rural,primary,0,0,0,0,0,1,0,0,0,0,0
R002203,female,4,urban,secondary,1,12,0,0,0,0,0,0,0,0,1
R002204,male,5,rural,secondary,1,2,0,1,0,0,0,0,0,1,1
R002205,female,3,urban,none,1,5,0,0,0,0,0,0,0,1,1
R002206,female,4,urban,none,1,5,1,0,0,0,0,0,0,1,1
R002207,male,1,urban,secondary,1,12,0,0,0,0,0,0,0,0,1
R002208,female,1,rural,primary,0,0,0,0,0,0,0,0,1,1,0
R002209,female,5,urban,primary,1,2,0,0,0,0,0,0,0,1,1
R002210,female,5,urban,secondary,1,5,0,1,0,0,0,0,0,0,1
R002211,female,5,rural,tertiary,1,0,0,0,0,0,0,0,0,1,0
R002212,female,5,urban,secondary,1,1,0,1,0,0,0,0,0,1,1
R002213,male,1,urban,primary,1,2,0,0,0,0,0,0,0,0,0
R002214,female,5,urban,secondary,1,5,0,1,0,0,0,0,0,1,1
R002215,female,2,urban,secondary,0,0,0,0,1,0,0,1,0,1,1
R002216,female,2,urban,secondary,1,5,1,0,0,0,0,0,0,0,1
R002217,female,1,rural,secondary,1,1,0,1,0,0,0,0,0,0,0
R002218,male,2,rural,secondary,1,1,0,0,0,0,0,0,0,1,0
R002219,female,5,urban,secondary,1,5,0,1,0,0,0,0,0,1,1
R002220,male,3,urban,none,0,0,0,0,0,0,1,0,1,1,1
R002221,male,3,urban,secondary,1,2,0,1,0,0,0,0,0,1,1
R002222,male,3,urban,secondary,1,1,0,0,0,0,0,0,0,1,1
R002223,male,3,urban,secondary,1,5,1,0,0,0,0,0,0,0,1
R002224,male,2,urban,tertiary,1,12,0,0,0,0,0,0,0,0,1
R002225,female,2,rural,none,0,0,0,0,0,1,1,1,1,0,0
R002226,female,5,urban,secondary,1,12,0,0,0,0,0,0,0,0,1
R002227,male,4,rural,secondary,1,30,0,1,0,0,0,0,0,0,1
R002228,female,1,rural,secondary,0,0,0,0,1,0,1,0,1,1,0
R002229,male,2,urban,secondary,1,12,0,0,0,0,0,0,0,0,0
R002230,male,2,urban,secondary,1,12,0,0,0,0,0,0,0,0,1
R002231,female,2,rural,secondary,0,0,0,0,1,1,1,0,0,1,0
R002232,female,4,urban,secondary,1,1,0,1,0,0,0,0,0,1,1
R002233,male,2,rural,secondary,0,0,0,0,1,0,0,0,1,0,1
R002234,female,4,urban,primary,1,1,0,0,0,0,0,0,0,1,0
R002235,female,4,urban,none,0,0,0,0,0,0,1,1,1,1,1
R002236,male,4,rural,secondary,1,30,1,1,0,0,0,0,0,1,0
R002237,female,5,rural,primary,1,2,1,1,0,0,0,0,0,1,0
R002238,female,2,rural,tertiary,1,1,1,0,0,0,0,0,0,1,0
R002239,female,1,rural,secondary,1,5,0,0,0,0,0,0,0,1,0
R002240,male,5,urban,primary,1,12,0,0,0,0,0,0,0,1,1
R002241,female,1,urban,secondary,0,0,0,0,1,0,0,0,1,1,0
R002242,female,3,rural,tertiary,1,1,1,0,0,0,0,0,0,0,0
R002243,female,4,rural,primary,1,30,1,1,0,0,0,0,0,1,0
R002244,male,1,urban,primary,1,30,0,0,0,0,0,0,0,1,0
R002245,male,1,rural,primary,1,12,0,1,0,0,0,0,0,0,0
R002246,female,5,rural,secondary,1,1,0,1,0,0,0,0,0,1,1
R002247,male,4,urban,primary,1,5,0,0,0,0,0,0,0,0,1
R002248,female,4,urban,secondary,1,2,0,1,0,0,0,0,0,0,0
R002249,female,2,urban,primary,0,0,0,0,1,0,0,0,0,0,1
R002250,female,3,rural,secondary,1,2,1,0,0,0,0,0,0,0,1
R002251,female,4,urban,secondary,1,12,0,0,0,0,0,0,0,0,1
R002252,male,4,urban,tertiary,1,5,0,1,0,0,0,0,0,1,1
R002253,male,4,urban,tertiary,1,1,0,1,0,0,0,0,0,1,1
R002254,female,4,urban,secondary,1,2,0,1,0,0,0,0,0,1,1
R002255,male,4,rural,none,1,5,0,0,0,0,0,0,0,1,1
R002256,male,2,urban,primary,1,5,0,0,0,0,0,0,0,1,1
R002257,male,3,urban,tertiary,1,30,0,0,0,0,0,0,0,1,0
R002258,female,2,rural,secondary,0,0,0,0,1,0,0,0,1,1,0
R002259,female,1,rural,secondary,1,12,0,1,0,0,0,0,0,0,1
R002260,female,4,urban,tertiary,1,12,0,0,0,0,0,0,0,1,1
R002261,female,1,urban,primary,0,0,0,0,1,0,1,0,0,1,1
R002262,male,5,urban,secondary,1,30,1,0,0,0,0,0,0,1,1
R002263,female,3,urban,tertiary,1,30,0,1,0,0,0,0,0,1,1
R002264,female,2,rural,primary,0,0,0,0,1,1,0,0,0,0,0
R002265,female,5,rural,secondary,1,2,0,0,0,0,0,0,0,1,1
R002266,male,3,urban,secondary,1,12,0,1,0,0,0,0,0,0,1
R002267,female,1,urban,secondary,1,5,0,0,0,0,0,0,0,0,1
R002268,male,2,urban,primary,0,0,0,0,1,0,1,0,1,1,1
R002269,female,2,urban,primary,1,1,0,0,0,0,0,0,0,1,1
R002270,female,3,rural,primary,0,0,0,0,0,0,0,1,0,1,1
R002271,male,2,rural,primary,1,2,0,0,0,0,0,0,0,1,1
R002272,male,1,urban,primary,1,12,1,0,0,0,0,0,0,1,0
R002273,male,4,urban,secondary,1,30,0,1,0,0,0,0,0,0,1
R002274,male,5,rural,tertiary,1,5,1,1,0,0,0,0,0,1,0
R002275,female,1,urban,secondary,1,30,1,1,0,0,0,0,0,0,1
R002276,female,5,urban,secondary,1,5,0,1,0,0,0,0,0,1,1
R002277,male,4,urban,secondary,1,1,1,0,0,0,0,0,0,1,1
R002278,male,2,urban,secondary,1,5,0,0,0,0,0,0,0,1,0
R002279,female,1,urban,primary,1,5,0,0,0,0,0,0,0,0,1
R002280,male,5,rural,tertiary,1,5,1,1,0,0,0,0,0,1,0
R002281,female,2,rural,primary,0,0,0,0,1,0,1,1,0,1,1
R002282,female,2,rural,primary,1,2,0,0,0,0,0,0,0,0,0
R002283,male,4,urban,primary,1,0,1,1,0,0,0,0,0,0,1
R002284,female,1,rural,none,0,0,0,0,1,0,1,0,1,0,0
R002285,female,4,rural,primary,1,2,0,0,0,0,0,0,0,1,0
R002286,male,4,urban,primary,1,30,0,1,0,0,0,0,0,0,0
R002287,male,3,rural,primary,1,30,0,0,0,0,0,0,0,1,1
R002288,male,2,urban,tertiary,1,1,0,1,0,0,0,0,0,1,1
R002289,male,2,urban,secondary,1,5,0,1,0,0,0,0,0,1,1
R002290,male,3,rural,secondary,1,12,0,0,0,0,0,0,0,1,1
R002291,male,1,rural,secondary,1,5,0,0,0,0,0,0,0,0,1
R002292,male,2,urban,tertiary,0,0,0,0,0,0,1,1,1,1,0
R002293,female,1,urban,primary,0,0,0,0,1,0,1,0,1,1,1
R002294,female,4,urban,none,1,5,0,1,0,0,0,0,0,1,1
R002295,male,3,rural,primary,1,1,0,1,0,0,0,0,0,0,1
R002296,male,2,rural,primary,1,5,0,0,0,0,0,0,0,1,1
R002297,female,3,urban,secondary,1,1,0,1,0,0,0,0,0,0,1
R002298,female,2,rural,secondary,1,0,0,1,0,0,0,0,0,0,0
R002299,female,1,urban,secondary,1,1,1,0,0,0,0,0,0,1,1
R002300,female,1,urban,primary,1,5,0,0,0,0,0,0,0,1,1
R002301,male,1,rural,tertiary,1,5,0,0,0,0,0,0,0,1,0
R002302,female,3,rural,none,0,0,0,0,1,1,1,1,0,0,1
R002303,female,2,urban,none,1,1,0,0,0,0,0,0,0,0,0
R002304,female,2,urban,primary,0,0,0,0,0,0,0,0,1,1,1
R002305,female,1,rural,secondary,0,0,0,0,0,1,1,0,0,1,0
R002306,female,4,rural,secondary,1,1,0,0,0,0,0,0,0,1,0
R002307,female,2,urban,secondary,1,2,1,0,0,0,0,0,0,0,0
R002308,female,1,urban,primary,1,1,0,0,0,0,0,0,0,0,1
R002309,male,1,urban,secondary,0,0,0,0,0,0,1,1,1,0,1
R002310,female,1,urban,primary,0,0,0,0,1,0,0,0,1,0,1
R002311,female,1,rural,tertiary,0,0,0,0,1,0,1,1,1,1,0
R002312,male,3,rural,tertiary,1,5,0,1,0,0,0,0,0,1,0
R002313,female,3,rural,secondary,1,12,0,0,0,0,0,0,0,1,0
R002314,male,4,rural,primary,1,5,1,1,0,0,0,0,0,1,1
R002315,male,1,rural,secondary,1,1,0,1,0,0,0,0,0,1,0
R002316,male,1,urban,secondary,1,30,0,1,0,0,0,0,0,0,1
R002317,female,3,rural,secondary,1,12,0,1,0,0,0,0,0,0,0
R002318,female,1,rural,primary,1,1,0,0,0,0,0,0,0,0,0
R002319,male,3,urban,primary,0,0,0,0,0,0,0,0,0,0,1
R002320,female,1,rural,primary,1,5,0,0,0,0,0,0,0,1,0
R002321,male,4,urban,secondary,1,1,0,0,0,0,0,0,0,1,0
R002322,female,4,rural,secondary,0,0,0,0,1,0,0,0,1,1,0
R002323,female,2,urban,primary,0,0,0,0,1,0,0,0,1,1,0
R002324,female,3,urban,primary,1,12,0,0,0,0,0,0,0,1,1
R002325,female,2,urban,secondary,1,1,0,0,0,0,0,0,0,0,1
R002326,male,3,rural,primary,1,1,0,0,0,0,0,0,0,1,0
R002327,male,5,urban,secondary,1,5,0,1,0,0,0,0,0,0,1
R002328,male,5,rural,primary,1,2,1,0,0,0,0,0,0,0,0
R002329,male,2,urban,secondary,1,5,0,1,0,0,0,0,0,0,0
R002330,male,2,urban,secondary,1,5,1,0,0,0,0,0,0,1,1
R002331,male,2,rural,none,0,0,0,0,0,1,0,0,1,0,0
R002332,female,5,rural,tertiary,1,2,0,0,0,0,0,0,0,1,0
R002333,male,2,urban,none,1,30,0,0,0,0,0,0,0,1,1
R002334,female,2,urban,primary,1,30,0,0,0,0,0,0,0,0,0
R002335,male,1,rural,tertiary,0,0,0,0,1,0,0,0,1,1,0
R002336,male,1,urban,secondary,1,1,0,0,0,0,0,0,0,0,1
R002337,male,3,urban,primary,1,12,1,0,0,0,0,0,0,1,1
R002338,male,1,rural,secondary,0,0,0,0,0,1,1,0,0,1,0
R002339,female,3,rural,tertiary,1,2,0,1,0,0,0,0,0,0,0
R002340,male,3,urban,tertiary,1,0,0,0,0,0,0,0,0,1,1
R002341,female,3,urban,secondary,0,0,0,0,1,0,1,0,1,0,0
R002342,female,1,urban,primary,1,2,0,1,0,0,0,0,0,1,0
R002343,male,1,rural,tertiary,1,12,0,0,0,0,0,0,0,0,1
R002344,female,2,urban,secondary,1,1,0,0,0,0,0,0,0,0,1
R002345,female,1,urban,tertiary,1,2,0,0,0,0,0,0,0,1,1
R002346,male,4,urban,primary,1,2,0,1,0,0,0,0,0,1,1
R002347,female,2,rural,secondary,1,30,0,0,0,0,0,0,0,0,0
R002348,male,3,rural,tertiary,1,12,1,0,0,0,0,0,0,0,0
R002349,female,2,urban,none,0,0,0,0,1,1,0,0,0,1,0
R002350,male,2,urban,secondary,1,30,0,0,0,0,0,0,0,0,1
R002351,female,5,urban,secondary,1,1,1,0,0,0,0,0,0,1,1
R002352,male,5,rural,secondary,1,12,0,0,0,0,0,0,0,1,0
R002353,female,3,rural,tertiary,0,0,0,0,1,1,0,0,1,1,0
R002354,female,4,urban,none,1,5,1,0,0,0,0,0,0,0,1
R002355,female,1,rural,secondary,0,0,0,0,1,0,1,0,0,1,0
R002356,male,4,urban,secondary,1,1,0,1,0,0,0,0,0,0,1
R002357,female,1,urban,none,0,0,0,0,1,0,1,0,1,1,1
R002358,female,5,rural,secondary,1,30,0,1,0,0,0,0,0,1,0
R002359,male,4,rural,secondary,1,5,0,0,0,0,0,0,0,1,1
R002360,female,2,urban,primary,1,12,1,1,0,0,0,0,0,0,1
R002361,male,3,urban,secondary,1,0,0,0,0,0,0,0,0,0,1
R002362,male,4,urban,secondary,1,0,1,1,0,0,0,0,0,1,0
R002363,male,1,urban,primary,0,0,0,0,1,0,0,0,0,1,0
R002364,male,1,urban,secondary,1,5,0,0,0,0,0,0,0,0,1
R002365,female,2,urban,primary,1,2,0,0,0,0,0,0,0,1,0
R002366,female,2,urban,secondary,0,0,0,0,0,0,0,1,1,0,1
R002367,female,2,urban,primary,1,2,0,0,0,0,0,0,0,1,1
R002368,female,4,urban,secondary,1,2,0,0,0,0,0,0,0,1,0
R002369,female,5,urban,primary,1,2,1,1,0,0,0,0,0,1,1
R002370,female,4,urban,secondary,1,5,1,0,0,0,0,0,0,0,1
R002371,female,2,urban,primary,1,1,0,0,0,0,0,0,0,0,0
R002372,female,1,rural,tertiary,0,0,0,0,1,1,0,0,0,0,1
R002373,male,2,urban,tertiary,1,0,0,0,0,0,0,0,0,0,0
R002374,female,2,urban,secondary,1,5,0,0,0,0,0,0,0,0,1
R002375,female,5,urban,secondary,1,30,0,1,0,0,0,0,0,1,1
R002376,female,1,rural,secondary,0,0,0,0,0,1,0,0,1,0,0
R002377,female,5,rural,none,1,1,0,0,0,0,0,0,0,1,1
R002378,male,1,rural,secondary,0,0,0,0,1,1,0,0,0,0,0
R002379,male,3,rural,secondary,0,0,0,0,1,1,1,0,0,1,1
R002380,female,5,urban,secondary,1,2,0,1,0,0,0,0,0,1,1
R002381,female,1,urban,secondary,1,0,0,0,0,0,0,0,0,1,0
R002382,male,2,urban,primary,1,30,0,0,0,0,0,0,0,1,1
R002383,male,3,urban,primary,0,0,0,0,0,1,0,1,1,1,1
R002384,male,2,urban,secondary,1,30,0,0,0,0,0,0,0,1,1
R002385,female,3,urban,tertiary,1,0,0,1,0,0,0,0,0,0,0
R002386,female,1,rural,tertiary,1,12,0,0,0,0,0,0,0,1,0
R002387,male,1,urban,tertiary,1,1,0,0,0,0,0,0,0,1,0
R002388,male,4,rural,tertiary,1,1,0,1,0,0,0,0,0,0,0
R002389,female,5,urban,secondary,1,2,0,0,0,0,0,0,0,0,1
R002390,male,1,urban,primary,1,1,1,1,0,0,0,0,0,0,1
R002391,female,2,rural,primary,0,0,0,0,0,1,1,1,1,1,0
R002392,female,4,rural,secondary,0,0,0,0,1,0,1,0,1,1,0
R002393,female,4,urban,tertiary,1,12,0,1,0,0,0,0,0,1,1
R002394,male,4,rural,primary,1,2,1,0,0,0,0,0,0,0,1
R002395,female,1,rural,secondary,0,0,0,0,0,1,1,0,0,0,0
R002396,female,3,urban,secondary,1,1,0,0,0,0,0,0,0,1,1
R002397,male,2,rural,primary,0,0,0,0,0,0,1,1,0,0,0
R002398,male,4,rural,none,1,1,0,0,0,0,0,0,0,0,0
R002399,female,4,urban,secondary,1,1,1,0,0,0,0,0,0,0,0
R002400,female,2,urban,primary,0,0,0,0,1,0,1,0,1,1,0
R002401,female,3,urban,tertiary,1,5,1,0,0,0,0,0,0,1,1
R002402,female,2,urban,secondary,0,0,0,0,1,0,1,0,1,1,0
R002403,male,3,urban,secondary,1,12,0,0,0,0,0,0,0,0,1
R002404,female,3,urban,none,1,5,0,0,0,0,0,0,0,1,1
R002405,male,5,urban,tertiary,1,5,0,0,0,0,0,0,0,0,1
R002406,female,5,urban,primary,0,0,0,0,0,1,1,1,0,1,1
R002407,male,2,rural,secondary,1,12,0,0,0,0,0,0,0,1,1
R002408,female,4,rural,tertiary,1,12,0,0,0,0,0,0,0,1,0
R002409,male,2,rural,secondary,1,12,0,0,0,0,0,0,0,1,0
R002410,male,3,rural,tertiary,1,1,1,0,0,0,0,0,0,0,1
R002411,male,3,rural,primary,1,5,0,0,0,0,0,0,0,0,0
R002412,female,3,urban,tertiary,1,5,0,0,0,0,0,0,0,0,1
R002413,male,4,rural,secondary,1,1,1,1,0,0,0,0,0,1,1
R002414,female,3,urban,tertiary,1,30,0,0,0,0,0,0,0,0,1
R002415,female,3,urban,primary,1,2,0,1,0,0,0,0,0,1,1
R002416,female,5,urban,primary,1,2,0,0,0,0,0,0,0,1,1
R002417,male,2,urban,tertiary,1,5,0,0,0,0,0,0,0,0,0
R002418,female,2,urban,secondary,1,5,0,1,0,0,0,0,0,1,1
R002419,female,2,rural,secondary,1,12,0,0,0,0,0,0,0,0,1
R002420,male,5,urban,tertiary,1,5,1,0,0,0,0,0,0,1,1
R002421,female,4,urban,secondary,1,1,1,1,0,0,0,0,0,1,1
R002422,male,2,rural,primary,1,5,0,0,0,0,0,0,0,1,0
R002423,female,1,rural,secondary,1,0,0,0,0,0,0,0,0,0,1
R002424,male,5,urban,primary,1,5,0,0,0,0,0,0,0,1,1
R002425,female,2,urban,primary,1,2,0,0,0,0,0,0,0,0,0
R002426,male,2,rural,secondary,1,2,0,0,0,0,0,0,0,0,1
R002427,male,1,rural,secondary,0,0,0,0,1,1,0,0,0,1,1
R002428,male,5,rural,tertiary,1,12,0,0,0,0,0,0,0,1,0
R002429,male,2,rural,secondary,1,1,1,1,0,0,0,0,0,0,1
R002430,female,3,urban,secondary,1,5,0,0,0,0,0,0,0,0,1
R002431,male,3,urban,primary,1,2,0,1,0,0,0,0,0,0,1
R002432,female,4,rural,primary,1,1,0,0,0,0,0,0,0,1,0
R002433,male,3,rural,secondary,1,2,0,0,0,0,0,0,0,1,0
R002434,female,2,urban,secondary,1,5,0,0,0,0,0,0,0,0,1
R002435,female,3,urban,secondary,1,30,0,0,0,0,0,0,0,1,1
R002436,male,2,rural,secondary,1,1,0,0,0,0,0,0,0,1,0
R002437,male,1,rural,secondary,1,12,0,0,0,0,0,0,0,1,0
R002438,male,3,rural,secondary,1,30,0,0,0,0,0,0,0,1,1
R002439,female,3,rural,secondary,1,5,0,0,0,0,0,0,0,1,0
R002440,female,5,urban,tertiary,1,0,0,0,0,0,0,0,0,0,1
R002441,female,3,rural,primary,1,5,0,1,0,0,0,0,0,0,0
R002442,male,3,urban,primary,1,1,0,0,0,0,0,0,0,0,1
R002443,female,2,urban,secondary,0,0,0,0,1,0,1,0,0,0,0
R002444,male,1,urban,secondary,1,5,0,0,0,0,0,0,0,1,0
R002445,female,4,urban,secondary,1,12,1,1,0,0,0,0,0,1,1
R002446,male,1,urban,secondary,0,0,0,0,1,0,1,1,0,0,1
R002447,male,2,urban,tertiary,1,12,0,0,0,0,0,0,0,1,1
R002448,male,3,urban,secondary,1,1,0,0,0,0,0,0,0,1,1
R002449,female,3,urban,secondary,1,1,0,1,0,0,0,0,0,1,1
R002450,male,4,rural,secondary,1,1,0,0,0,0,0,0,0,1,1
R002451,female,3,urban,tertiary,1,2,0,0,0,0,0,0,0,1,0
R002452,male,5,urban,tertiary,1,12,0,0,0,0,0,0,0,1,1
R002453,male,1,urban,secondary,0,0,0,0,1,0,0,0,0,1,0
R002454,male,1,rural,secondary,0,0,0,0,0,0,1,0,0,0,0
R002455,female,4,rural,tertiary,1,1,1,0,0,0,0,0,0,1,1
R002456,female,5,rural,secondary,1,12,1,1,0,0,0,0,0,1,1
R002457,male,4,urban,primary,1,2,0,1,0,0,0,0,0,1,1
R002458,female,5,urban,none,0,0,0,0,1,0,0,0,1,0,1
R002459,male,3,urban,primary,1,5,1,0,0,0,0,0,0,1,0
R002460,female,2,urban,secondary,1,5,1,0,0,0,0,0,0,1,1
R002461,female,3,urban,primary,1,0,1,1,0,0,0,0,0,1,1
R002462,female,1,urban,tertiary,1,2,0,1,0,0,0,0,0,0,0
R002463,male,2,urban,secondary,1,2,0,0,0,0,0,0,0,0,0
R002464,male,1,urban,tertiary,1,0,0,0,0,0,0,0,0,0,1
R002465,female,3,rural,primary,1,12,1,0,0,0,0,0,0,0,0
R002466,female,2,urban,secondary,1,0,0,0,0,0,0,0,0,1,0
R002467,female,5,rural,secondary,0,0,0,0,0,0,0,1,1,0,0
R002468,male,3,rural,primary,1,12,0,1,0,0,0,0,0,1,0
R002469,male,2,urban,primary,1,2,0,0,0,0,0,0,0,0,1
R002470,female,5,rural,secondary,1,1,0,0,0,0,0,0,0,0,1
R002471,male,2,urban,none,0,0,0,0,0,0,0,0,1,0,1
R002472,male,3,urban,secondary,1,12,0,1,0,0,0,0,0,1,0
R002473,female,1,rural,primary,1,1,1,1,0,0,0,0,0,0,1
R002474,male,1,urban,primary,1,5,0,0,0,0,0,0,0,1,1
R002475,male,5,urban,secondary,1,12,0,1,0,0,0,0,0,1,1
R002476,male,5,urban,primary,1,5,1,1,0,0,0,0,0,1,1
R002477,female,3,urban,primary,1,2,1,0,0,0,0,0,0,1,0
R002478,female,5,urban,none,1,1,1,0,0,0,0,0,0,0,0
R002479,male,2,rural,tertiary,1,5,0,1,0,0,0,0,0,1,1
R002480,male,2,rural,secondary,1,12,0,0,0,0,0,0,0,0,1
R002481,male,2,urban,secondary,1,2,0,0,0,0,0,0,0,0,0
R002482,male,5,urban,tertiary,1,1,1,0,0,0,0,0,0,0,1
R002483,female,3,rural,secondary,1,1,1,0,0,0,0,0,0,0,1
R002484,female,2,urban,secondary,1,2,0,0,0,0,0,0,0,1,1
R002485,male,2,urban,tertiary,1,12,0,0,0,0,0,0,0,1,0
R002486,male,2,urban,tertiary,1,5,0,0,0,0,0,0,0,0,0
R002487,female,1,urban,secondary,1,0,0,0,0,0,0,0,0,0,1
R002488,male,2,rural,primary,0,0,0,0,0,1,1,0,1,0,0
R002489,female,3,urban,tertiary,1,30,1,0,0,0,0,0,0,1,1
R002490,male,2,rural,secondary,1,1,0,0,0,0,0,0,0,0,1
R002491,female,3,rural,primary,1,12,0,0,0,0,0,0,0,0,0
R002492,female,5,urban,primary,0,0,0,0,1,0,1,0,0,1,1
R002493,male,1,urban,primary,0,0,0,0,1,0,0,1,0,0,1
R002494,male,4,urban,primary,0,0,0,0,0,0,0,1,1,1,1
R002495,female,4,urban,tertiary,1,30,0,1,0,0,0,0,0,0,1
R002496,male,5,urban,secondary,1,2,0,1,0,0,0,0,0,1,0
R002497,female,1,urban,secondary,0,0,0,0,1,0,0,0,0,0,0
R002498,male,3,urban,secondary,1,5,0,0,0,0,0,0,0,1,0
R002499,female,4,rural,secondary,1,1,0,0,0,0,0,0,0,0,1
R002500,female,2,urban,secondary,1,5,0,1,0,0,0,0,0,1,1
R002501,male,2,rural,primary,1,5,0,0,0,0,0,0,0,1,0
R002502,female,2,rural,none,0,0,0,0,1,1,0,1,0,1,0
R002503,male,2,rural,secondary,1,2,0,0,0,0,0,0,0,1,0
R002504,female,4,urban,secondary,1,2,0,0,0,0,0,0,0,1,1
R002505,male,3,urban,tertiary,1,1,0,0,0,0,0,0,0,1,0
R002506,male,2,rural,primary,1,5,0,0,0,0,0,0,0,1,0
R002507,male,2,urban,none,1,2,0,0,0,0,0,0,0,0,1
R002508,male,2,urban,none,0,0,0,0,1,0,1,1,0,0,1
R002509,female,2,rural,primary,0,0,0,0,1,1,0,0,0,0,1
R002510,female,1,urban,primary,0,0,0,0,1,0,1,1,0,1,0
R002511,female,4,rural,tertiary,1,2,0,0,0,0,0,0,0,1,1
R002512,female,3,urban,secondary,1,1,0,0,0,0,0,0,0,0,0
R002513,male,1,rural,secondary,0,0,0,0,1,0,1,1,1,0,0
R002514,female,5,urban,primary,0,0,0,0,1,0,1,0,0,1,1
R002515,male,3,rural,secondary,1,12,1,0,0,0,0,0,0,0,0
R002516,female,2,rural,tertiary,1,5,0,1,0,0,0,0,0,1,0
R002517,female,2,urban,tertiary,1,5,0,0,0,0,0,0,0,1,1
R002518,female,1,urban,secondary,1,12,0,0,0,0,0,0,0,0,0
R002519,male,3,urban,primary,0,0,0,0,1,0,0,0,0,1,0
R002520,female,3,rural,tertiary,1,5,1,0,0,0,0,0,0,1,0
R002521,male,5,urban,secondary,1,5,0,0,0,0,0,0,0,0,1
R002522,female,2,urban,secondary,0,0,0,0,0,1,1,0,1,1,1
R002523,male,4,urban,secondary,1,0,0,1,0,0,0,0,0,1,1
R002524,male,3,urban,tertiary,1,12,0,1,0,0,0,0,0,1,1
R002525,male,4,urban,secondary,1,30,1,1,0,0,0,0,0,1,1
R002526,female,4,urban,secondary,0,0,0,0,0,0,0,0,1,1,1
R002527,male,2,rural,secondary,1,12,0,0,0,0,0,0,0,1,0
R002528,male,2,urban,tertiary,1,1,0,1,0,0,0,0,0,0,1
R002529,female,5,rural,none,0,0,0,0,1,1,1,0,1,1,1
R002530,male,1,rural,primary,1,2,0,1,0,0,0,0,0,1,1
R002531,female,1,urban,secondary,1,2,0,0,0,0,0,0,0,0,0
R002532,female,5,urban,primary,1,12,0,0,0,0,0,0,0,1,1
R002533,male,1,rural,tertiary,1,1,0,1,0,0,0,0,0,0,0
R002534,male,4,rural,secondary,1,12,0,0,0,0,0,0,0,0,1
R002535,male,5,rural,secondary,1,1,0,0,0,0,0,0,0,1,1
R002536,female,5,urban,primary,0,0,0,0,0,1,1,1,0,1,1
R002537,female,4,rural,tertiary,1,12,0,1,0,0,0,0,0,1,0
R002538,female,2,urban,none,1,2,0,0,0,0,0,0,0,0,0
R002539,female,2,rural,primary,0,0,0,0,0,1,0,0,0,0,1
R002540,female,2,rural,secondary,0,0,0,0,0,0,0,0,1,1,0
R002541,female,4,rural,secondary,1,1,0,1,0,0,0,0,0,1,0
R002542,male,1,rural,primary,0,0,0,0,0,0,0,0,1,0,0
R002543,male,1,urban,secondary,1,30,0,1,0,0,0,0,0,1,0
R002544,male,3,rural,primary,1,1,1,0,0,0,0,0,0,1,0
R002545,male,4,urban,secondary,1,2,0,0,0,0,0,0,0,0,1
R002546,male,2,rural,primary,1,5,0,0,0,0,0,0,0,1,0
R002547,male,5,urban,secondary,1,2,0,1,0,0,0,0,0,1,1
R002548,female,2,urban,secondary,0,0,0,0,0,0,1,0,1,1,0
R002549,female,3,urban,secondary,1,5,0,0,0,0,0,0,0,0,1
R002550,male,4,urban,primary,1,1,0,0,0,0,0,0,0,1,1
R002551,male,1,urban,secondary,1,12,0,0,0,0,0,0,0,1,1
R002552,male,2,urban,none,1,5,1,0,0,0,0,0,0,0,0
R002553,male,3,urban,tertiary,1,2,0,0,0,0,0,0,0,1,1
R002554,female,1,rural,primary,0,0,0,0,0,1,1,1,1,1,0
R002555,male,5,urban,tertiary,1,2,0,0,0,0,0,0,0,1,0
R002556,female,2,urban,secondary,1,1,0,0,0,0,0,0,0,1,1
R002557,male,3,urban,primary,1,1,0,1,0,0,0,0,0,1,0
R002558,female,4,rural,primary,1,2,0,1,0,0,0,0,0,1,0
R002559,male,1,rural,tertiary,1,0,0,1,0,0,0,0,0,0,1
R002560,female,3,urban,secondary,1,5,0,0,0,0,0,0,0,1,1
R002561,female,1,urban,primary,0,0,0,0,0,0,1,1,1,0,1
R002562,male,1,urban,secondary,1,1,0,0,0,0,0,0,0,1,1
R002563,male,4,rural,tertiary,1,1,0,0,0,0,0,0,0,0,0
R002564,male,3,urban,secondary,1,1,0,0,0,0,0,0,0,0,0
R002565,male,4,rural,secondary,1,5,0,0,0,0,0,0,0,1,0
R002566,male,5,rural,secondary,1,12,1,0,0,0,0,0,0,1,1
R002567,female,4,urban,primary,0,0,0,0,0,0,1,0,1,1,1
R002568,female,3,urban,secondary,1,2,1,1,0,0,0,0,0,1,0
R002569,male,4,rural,secondary,1,12,0,1,0,0,0,0,0,1,1
R002570,male,2,rural,primary,1,30,1,0,0,0,0,0,0,0,0
R002571,male,2,urban,primary,0,0,0,0,0,0,0,0,0,0,1
R002572,male,1,urban,primary,0,0,0,0,0,0,1,0,0,1,0
R002573,female,1,rural,secondary,1,0,0,1,0,0,0,0,0,0,0
R002574,female,3,urban,none,0,0,0,0,1,0,0,1,1,1,1
R002575,female,1,urban,tertiary,1,5,0,0,0,0,0,0,0,0,0
R002576,male,2,urban,none,1,5,0,1,0,0,0,0,0,0,0
R002577,female,2,rural,secondary,0,0,0,0,0,1,0,0,1,1,1
R002578,male,1,urban,primary,0,0,0,0,1,0,0,0,0,1,1
R002579,male,2,urban,tertiary,1,2,0,0,0,0,0,0,0,1,1
R002580,male,2,urban,secondary,1,2,0,1,0,0,0,0,0,0,1
R002581,male,4,rural,primary,0,0,0,0,0,0,1,0,0,1,0
R002582,male,1,urban,primary,0,0,0,0,1,0,1,0,1,0,1
R002583,female,5,urban,secondary,1,30,1,0,0,0,0,0,0,1,1
R002584,male,4,rural,primary,1,12,0,1,0,0,0,0,0,1,1
R002585,male,5,rural,primary,1,1,0,0,0,0,0,0,0,1,0
R002586,female,2,urban,primary,0,0,0,0,0,0,1,0,1,1,1
R002587,male,3,rural,tertiary,1,1,0,1,0,0,0,0,0,0,0
R002588,female,1,urban,tertiary,1,2,1,0,0,0,0,0,0,0,1
R002589,male,2,rural,none,0,0,0,0,1,0,0,1,1,0,0
R002590,female,1,rural,secondary,1,0,1,0,0,0,0,0,0,0,0
R002591,male,1,urban,none,1,5,0,0,0,0,0,0,0,1,0
R002592,male,3,urban,none,1,0,0,0,0,0,0,0,0,0,1
R002593,male,3,urban,secondary,1,5,0,0,0,0,0,0,0,0,0
R002594,female,1,rural,none,0,0,0,0,1,1,0,0,1,0,0
R002595,female,5,urban,primary,1,5,1,1,0,0,0,0,0,0,1
R002596,male,1,urban,none,0,0,0,0,1,0,0,1,0,0,1
R002597,female,1,urban,primary,0,0,0,0,0,0,1,0,0,1,0
R002598,female,1,urban,primary,0,0,0,0,1,0,1,1,1,0,0
R002599,male,3,urban,secondary,1,2,0,0,0,0,0,0,0,1,0
R002600,male,4,urban,primary,1,5,0,1,0,0,0,0,0,0,1
R002601,male,4,rural,secondary,1,5,0,0,0,0,0,0,0,0,1
R002602,male,1,urban,primary,0,0,0,0,1,0,0,1,1,0,0
R002603,male,4,rural,tertiary,1,1,0,0,0,0,0,0,0,1,1
R002604,female,1,urban,secondary,1,2,0,1,0,0,0,0,0,0,0
R002605,male,2,urban,primary,1,2,0,1,0,0,0,0,0,0,1
R002606,male,3,urban,secondary,1,30,0,1,0,0,0,0,0,0,0
R002607,male,2,urban,secondary,1,1,0,1,0,0,0,0,0,1,1
R002608,male,5,rural,secondary,1,5,1,1,0,0,0,0,0,0,1
R002609,female,1,urban,secondary,0,0,0,0,1,0,0,0,1,0,1
R002610,male,4,urban,primary,1,5,1,0,0,0,0,0,0,0,0
R002611,female,1,rural,secondary,0,0,0,0,1,1,0,0,0,0,1
R002612,female,1,urban,none,0,0,0,0,0,0,1,0,0,1,0
R002613,female,3,urban,tertiary,1,2,1,0,0,0,0,0,0,1,1
R002614,male,1,rural,tertiary,1,1,0,0,0,0,0,0,0,1,1
R002615,female,1,rural,none,0,0,0,0,0,1,1,1,0,0,1
R002616,male,3,rural,tertiary,1,1,0,0,0,0,0,0,0,0,0
R002617,male,1,rural,none,0,0,0,0,0,0,1,0,0,0,0
R002618,male,4,urban,primary,1,1,1,1,0,0,0,0,0,0,1
R002619,female,2,urban,none,0,0,0,0,1,0,0,1,0,1,1
R002620,female,5,rural,primary,1,1,1,1,0,0,0,0,0,1,1
R002621,male,4,rural,tertiary,1,12,0,1,0,0,0,0,0,0,0
R002622,female,4,rural,primary,0,0,0,0,1,1,0,0,0,1,0
R002623,female,5,rural,tertiary,1,2,0,1,0,0,0,0,0,1,0
R002624,female,2,rural,none,0,0,0,0,0,0,1,0,0,1,0
R002625,male,1,urban,none,0,0,0,0,1,1,1,1,0,0,0
R002626,male,1,rural,secondary,0,0,0,0,1,0,0,0,0,1,0
R002627,female,5,urban,secondary,1,12,0,1,0,0,0,0,0,1,1
R002628,male,2,urban,secondary,0,0,0,0,1,0,0,0,0,1,0
R002629,male,2,rural,secondary,1,12,0,1,0,0,0,0,0,1,0
R002630,male,4,rural,secondary,0,0,0,0,1,0,0,0,0,1,0
R002631,female,4,rural,primary,1,5,1,1,0,0,0,0,0,0,1
R002632,female,3,urban,secondary,1,5,0,1,0,0,0,0,0,0,0
R002633,male,4,urban,secondary,1,12,0,1,0,0,0,0,0,1,0
R002634,female,2,urban,secondary,0,0,0,0,1,0,0,0,0,0,1
R002635,female,3,rural,tertiary,1,5,1,0,0,0,0,0,0,1,1
R002636,male,2,urban,secondary,0,0,0,0,1,1,1,0,0,0,0
R002637,male,3,urban,primary,1,12,0,0,0,0,0,0,0,1,1
R002638,male,2,rural,tertiary,1,1,0,0,0,0,0,0,0,1,1
R002639,male,4,rural,primary,1,30,0,1,0,0,0,0,0,1,0
R002640,female,3,urban,secondary,1,5,1,0,0,0,0,0,0,0,1
R002641,female,3,urban,secondary,1,5,0,0,0,0,0,0,0,0,1
R002642,female,2,rural,tertiary,1,5,0,1,0,0,0,0,0,0,0
R002643,female,3,urban,tertiary,1,30,0,1,0,0,0,0,0,0,1
R002644,female,3,urban,secondary,1,1,0,1,0,0,0,0,0,1,0
R002645,female,3,urban,tertiary,1,12,0,1,0,0,0,0,0,0,0
R002646,male,3,urban,primary,1,2,0,1,0,0,0,0,0,1,1
R002647,female,3,urban,primary,1,1,0,1,0,0,0,0,0,0,1
R002648,female,1,urban,primary,0,0,0,0,0,1,0,1,1,0,1
R002649,female,2,rural,secondary,1,12,0,1,0,0,0,0,0,1,0
R002650,female,3,urban,secondary,1,12,0,0,0,0,0,0,0,1,1
R002651,female,5,urban,primary,0,0,0,0,0,0,0,0,1,1,1
R002652,female,1,urban,primary,0,0,0,0,1,0,1,0,0,0,1
R002653,female,3,rural,primary,0,0,0,0,1,1,0,0,0,0,1
R002654,male,1,urban,secondary,0,0,0,0,1,0,0,0,1,0,0
R002655,male,1,rural,primary,0,0,0,0,1,1,1,1,0,1,0
R002656,male,1,rural,tertiary,1,1,1,0,0,0,0,0,0,1,0
R002657,female,2,urban,primary,1,1,1,0,0,0,0,0,0,0,0
R002658,male,3,rural,tertiary,1,1,0,0,0,0,0,0,0,0,1
R002659,male,1,urban,primary,0,0,0,0,1,1,0,0,0,0,1
R002660,female,2,urban,primary,1,5,0,0,0,0,0,0,0,0,0
R002661,male,1,urban,primary,0,0,0,0,0,0,1,1,0,0,0
R002662,female,2,urban,secondary,1,2,0,1,0,0,0,0,0,1,0
R002663,female,4,urban,secondary,1,1,1,0,0,0,0,0,0,0,0
R002664,female,2,urban,secondary,1,5,0,1,0,0,0,0,0,1,0
R002665,male,2,urban,secondary,1,0,0,1,0,0,0,0,0,0,1
R002666,female,5,urban,primary,1,12,1,0,0,0,0,0,0,1,1
R002667,male,4,rural,primary,1,0,1,0,0,0,0,0,0,1,0
R002668,female,2,rural,secondary,1,1,0,0,0,0,0,0,0,1,1
R002669,female,5,rural,secondary,1,5,1,1,0,0,0,0,0,1,0
R002670,female,3,urban,tertiary,1,1,0,0,0,0,0,0,0,1,1
R002671,male,3,urban,none,1,30,1,1,0,0,0,0,0,1,0
R002672,female,5,urban,primary,1,5,0,1,0,0,0,0,0,0,1
R002673,female,2,urban,primary,1,2,0,0,0,0,0,0,0,1,1
R002674,female,5,urban,tertiary,1,0,0,1,0,0,0,0,0,1,1
R002675,female,4,urban,none,1,2,0,0,0,0,0,0,0,0,1
R002676,male,1,urban,tertiary,1,12,0,0,0,0,0,0,0,0,1
R002677,male,3,rural,tertiary,1,1,0,1,0,0,0,0,0,0,0
R002678,male,1,rural,primary,1,5,0,0,0,0,0,0,0,0,1
R002679,female,2,urban,secondary,1,2,0,0,0,0,0,0,0,0,1
R002680,male,1,urban,secondary,1,1,0,0,0,0,0,0,0,0,0
R002681,male,3,urban,secondary,1,12,0,1,0,0,0,0,0,1,1
R002682,male,4,urban,secondary,1,2,1,0,0,0,0,0,0,1,1
R002683,female,3,urban,primary,0,0,0,0,1,0,1,1,1,1,1
R002684,male,3,urban,primary,1,1,1,0,0,0,0,0,0,0,1
R002685,female,4,urban,secondary,1,5,1,0,0,0,0,0,0,1,1
R002686,male,3,rural,primary,1,1,1,0,0,0,0,0,0,1,0
R002687,female,4,urban,secondary,1,5,0,1,0,0,0,0,0,0,0
R002688,female,4,urban,primary,0,0,0,0,1,0,1,0,1,0,0
R002689,male,5,urban,secondary,1,5,1,1,0,0,0,0,0,0,1
R002690,male,1,rural,primary,1,0,0,0,0,0,0,0,0,0,1
R002691,male,5,rural,tertiary,1,1,0,1,0,0,0,0,0,1,1
R002692,male,2,urban,tertiary,1,2,0,0,0,0,0,0,0,0,1
R002693,male,3,urban,secondary,1,2,0,1,0,0,0,0,0,1,1
R002694,female,2,urban,secondary,0,0,0,0,0,0,0,1,0,0,0
R002695,male,2,rural,primary,0,0,0,0,0,0,1,0,0,1,1
R002696,female,5,urban,primary,1,2,0,1,0,0,0,0,0,1,1
R002697,male,2,rural,primary,1,30,0,1,0,0,0,0,0,0,0
R002698,male,2,urban,none,1,1,0,1,0,0,0,0,0,1,0
R002699,female,1,urban,secondary,0,0,0,0,0,0,0,0,1,0,0
R002700,female,2,rural,secondary,0,0,0,0,0,1,0,1,0,0,0
R002701,male,2,rural,none,0,0,0,0,1,0,1,0,0,0,1
R002702,female,2,rural,none,0,0,0,0,1,0,0,1,1,0,0
R002703,male,3,urban,none,0,0,0,0,0,0,0,0,0,0,1
R002704,female,1,rural,secondary,1,12,0,1,0,0,0,0,0,1,1
R002705,male,4,urban,tertiary,1,12,0,1,0,0,0,0,0,0,0
R002706,female,2,urban,secondary,1,12,0,0,0,0,0,0,0,0,1
R002707,male,4,rural,primary,1,2,0,1,0,0,0,0,0,1,1
R002708,male,2,urban,tertiary,1,1,0,0,0,0,0,0,0,0,1
R002709,female,3,urban,tertiary,1,30,0,0,0,0,0,0,0,1,1
R002710,female,3,rural,tertiary,1,5,0,1,0,0,0,0,0,1,1
R002711,female,3,urban,tertiary,1,1,0,0,0,0,0,0,0,1,1
R002712,male,2,rural,primary,1,1,0,0,0,0,0,0,0,1,1
R002713,male,3,rural,secondary,1,5,0,0,0,0,0,0,0,1,1
R002714,female,2,rural,secondary,0,0,0,0,1,0,0,0,1,0,1
R002715,female,4,rural,secondary,1,30,1,0,0,0,0,0,0,0,0
R002716,female,4,urban,secondary,1,0,0,1,0,0,0,0,0,1,1
R002717,female,3,urban,secondary,1,1,0,1,0,0,0,0,0,1,0
R002718,male,2,urban,primary,1,0,0,0,0,0,0,0,0,1,1
R002719,male,1,rural,secondary,1,1,0,0,0,0,0,0,0,1,0
R002720,female,1,urban,secondary,1,12,0,0,0,0,0,0,0,1,0
R002721,male,2,urban,secondary,1,1,0,1,0,0,0,0,0,0,1
R002722,female,4,urban,primary,1,5,0,1,0,0,0,0,0,0,1
R002723,male,2,urban,secondary,1,2,0,0,0,0,0,0,0,1,0
R002724,male,2,urban,secondary,1,2,0,0,0,0,0,0,0,0,0
R002725,male,3,rural,secondary,1,12,0,1,0,0,0,0,0,0,0
R002726,male,4,rural,secondary,1,0,0,1,0,0,0,0,0,1,0
R002727,female,2,rural,secondary,0,0,0,0,1,1,1,0,0,1,1
R002728,male,2,urban,secondary,1,1,0,1,0,0,0,0,0,0,0
R002729,female,4,urban,primary,0,0,0,0,0,0,0,1,1,0,1
R002730,male,4,urban,primary,1,5,0,0,0,0,0,0,0,1,0
R002731,female,2,urban,secondary,1,1,0,0,0,0,0,0,0,1,1
R002732,male,1,urban,primary,1,5,0,0,0,0,0,0,0,0,1
R002733,female,5,rural,primary,1,2,1,1,0,0,0,0,0,0,1
R002734,male,5,urban,secondary,1,1,0,1,0,0,0,0,0,1,1
R002735,female,1,rural,primary,1,1,1,0,0,0,0,0,0,1,1
R002736,male,5,urban,secondary,1,0,1,1,0,0,0,0,0,0,1
R002737,female,3,rural,tertiary,1,1,0,1,0,0,0,0,0,1,0
R002738,male,1,urban,primary,0,0,0,0,0,0,0,0,0,0,0
R002739,female,2,urban,secondary,1,12,1,1,0,0,0,0,0,0,0
R002740,female,2,rural,primary,0,0,0,0,0,1,0,1,0,1,1
R002741,female,3,urban,secondary,1,2,0,0,0,0,0,0,0,1,1
R002742,female,4,urban,primary,0,0,0,0,0,0,0,0,0,0,1
R002743,female,3,rural,secondary,0,0,0,0,1,0,0,0,0,0,0
R002744,male,2,rural,none,0,0,0,0,1,1,0,0,0,0,0
R002745,female,3,rural,primary,0,0,0,0,1,0,1,1,0,1,1
R002746,female,3,rural,primary,1,2,1,1,0,0,0,0,0,1,1
R002747,male,2,urban,secondary,1,5,0,0,0,0,0,0,0,0,0
R002748,female,2,rural,tertiary,1,1,0,0,0,0,0,0,0,0,0
R002749,male,3,urban,primary,1,12,1,0,0,0,0,0,0,0,0
R002750,male,5,rural,secondary,1,12,0,1,0,0,0,0,0,0,1
R002751,female,2,urban,secondary,1,1,1,1,0,0,0,0,0,1,1
R002752,female,2,urban,secondary,1,12,0,1,0,0,0,0,0,1,1
R002753,female,1,urban,secondary,1,1,0,0,0,0,0,0,0,1,1
R002754,female,3,urban,secondary,1,1,0,0,0,0,0,0,0,0,1
R002755,male,5,urban,secondary,1,2,0,0,0,0,0,0,0,0,1
R002756,male,1,rural,none,0,0,0,0,1,0,1,0,1,0,0
R002757,female,3,urban,tertiary,1,12,1,0,0,0,0,0,0,0,0
R002758,female,5,rural,secondary,1,30,0,1,0,0,0,0,0,1,1
R002759,female,5,rural,none,0,0,0,0,0,1,0,1,1,1,0
R002760,female,2,urban,none,0,0,0,0,0,0,0,1,0,1,1
R002761,male,1,rural,tertiary,1,0,0,0,0,0,0,0,0,1,0
R002762,male,2,rural,primary,1,0,0,0,0,0,0,0,0,1,0
R002763,male,1,urban,secondary,1,1,0,0,0,0,0,0,0,0,1
R002764,male,1,urban,secondary,1,5,0,1,0,0,0,0,0,0,0
R002765,female,2,rural,secondary,1,1,1,0,0,0,0,0,0,0,0
R002766,male,2,urban,secondary,1,0,1,0,0,0,0,0,0,0,0
R002767,male,4,urban,tertiary,1,2,0,0,0,0,0,0,0,0,1
R002768,female,2,urban,secondary,1,1,1,1,0,0,0,0,0,0,1
R002769,male,3,rural,none,1,0,0,0,0,0,0,0,0,1,0
R002770,female,3,urban,tertiary,1,1,0,0,0,0,0,0,0,0,0
R002771,female,2,rural,tertiary,1,5,0,0,0,0,0,0,0,1,0
R002772,male,4,rural,tertiary,1,1,1,0,0,0,0,0,0,1,1
R002773,female,3,rural,primary,1,30,0,1,0,0,0,0,0,1,1
R002774,male,1,urban,secondary,1,5,0,0,0,0,0,0,0,0,0
R002775,male,3,urban,secondary,1,5,1,0,0,0,0,0,0,1,0
R002776,female,2,urban,primary,0,0,0,0,1,1,0,0,1,0,1
R002777,female,4,urban,tertiary,1,12,0,0,0,0,0,0,0,1,1
R002778,female,4,urban,tertiary,1,30,0,0,0,0,0,0,0,0,1
R002779,female,3,rural,secondary,1,1,0,1,0,0,0,0,0,0,0
R002780,male,1,rural,secondary,1,5,0,0,0,0,0,0,0,0,0
R002781,female,3,urban,secondary,1,30,0,0,0,0,0,0,0,1,1
R002782,female,4,rural,primary,1,5,0,1,0,0,0,0,0,0,1
R002783,male,4,rural,none,1,1,0,1,0,0,0,0,0,1,0
R002784,female,4,rural,secondary,0,0,0,0,1,1,0,0,0,1,0
R002785,male,2,urban,primary,1,2,0,0,0,0,0,0,0,0,0
R002786,female,2,urban,secondary,1,12,0,0,0,0,0,0,0,1,1
R002787,female,3,urban,secondary,1,1,0,1,0,0,0,0,0,1,1
R002788,male,4,urban,primary,1,1,1,0,0,0,0,0,0,1,0
R002789,female,1,rural,secondary,0,0,0,0,1,1,0,0,1,1,0
R002790,male,5,urban,secondary,1,12,0,1,0,0,0,0,0,1,1
R002791,female,1,urban,secondary,1,1,0,0,0,0,0,0,0,0,0
R002792,male,1,rural,tertiary,0,0,0,0,1,0,0,0,1,0,1
R002793,male,1,urban,primary,1,12,0,0,0,0,0,0,0,1,0
R002794,male,1,rural,primary,0,0,0,0,1,1,0,0,0,0,0
R002795,female,3,rural,primary,1,30,1,0,0,0,0,0,0,1,1
R002796,female,4,rural,secondary,1,12,1,1,0,0,0,0,0,1,0
R002797,female,2,urban,secondary,0,0,0,0,1,0,1,0,0,0,0
R002798,male,1,rural,secondary,1,0,0,0,0,0,0,0,0,1,0
R002799,female,2,rural,primary,0,0,0,0,0,0,1,0,1,1,1
R002800,male,3,urban,secondary,0,0,0,0,0,0,1,1,0,1,0
R002801,female,4,urban,secondary,1,5,0,0,0,0,0,0,0,1,1
R002802,female,4,urban,primary,1,2,0,0,0,0,0,0,0,0,1
R002803,male,3,rural,primary,1,2,0,0,0,0,0,0,0,1,0
R002804,male,2,urban,tertiary,1,2,0,0,0,0,0,0,0,0,1
R002805,female,3,urban,secondary,0,0,0,0,1,0,1,1,1,1,1
R002806,female,4,urban,secondary,1,5,0,1,0,0,0,0,0,1,1
R002807,male,2,urban,secondary,1,12,0,0,0,0,0,0,0,0,1
R002808,female,1,urban,none,1,12,1,1,0,0,0,0,0,0,1
R002809,female,3,urban,secondary,1,12,0,0,0,0,0,0,0,0,0
R002810,female,4,urban,secondary,1,1,0,1,0,0,0,0,0,1,1
R002811,male,1,urban,secondary,1,5,0,0,0,0,0,0,0,1,0
R002812,female,2,rural,secondary,0,0,0,0,0,0,1,0,1,1,0
R002813,female,5,rural,secondary,1,0,1,1,0,0,0,0,0,1,0
R002814,male,3,urban,tertiary,1,1,0,0,0,0,0,0,0,0,1
R002815,male,4,urban,secondary,1,30,1,1,0,0,0,0,0,1,1
R002816,male,5,rural,primary,0,0,0,0,1,1,0,0,1,1,1
R002817,male,4,urban,secondary,1,5,1,1,0,0,0,0,0,1,1
R002818,female,4,urban,secondary,1,2,0,1,0,0,0,0,0,1,1
R002819,male,3,rural,primary,0,0,0,0,0,1,0,0,0,1,0
R002820,male,1,urban,tertiary,1,2,0,0,0,0,0,0,0,1,0
R002821,female,2,urban,secondary,1,0,0,0,0,0,0,0,0,1,1
R002822,female,2,rural,secondary,0,0,0,0,0,1,1,1,1,0,1
R002823,male,3,rural,tertiary,1,2,0,0,0,0,0,0,0,1,0
R002824,male,1,rural,primary,0,0,0,0,1,1,1,0,0,0,1
R002825,male,3,urban,none,0,0,0,0,1,0,0,1,0,1,0
R002826,female,1,urban,primary,0,0,0,0,0,1,1,1,0,0,1
R002827,female,3,urban,primary,1,12,0,0,0,0,0,0,0,1,1
R002828,male,4,rural,tertiary,1,5,1,1,0,0,0,0,0,0,1
R002829,female,1,urban,tertiary,1,1,0,0,0,0,0,0,0,0,0
R002830,male,4,rural,primary,1,30,1,1,0,0,0,0,0,1,1
R002831,female,1,rural,primary,0,0,0,0,0,1,0,0,0,1,1
R002832,male,1,rural,none,0,0,0,0,1,0,1,1,1,0,0
R002833,female,4,rural,tertiary,1,12,0,0,0,0,0,0,0,1,0
R002834,male,3,rural,tertiary,1,5,1,1,0,0,0,0,0,1,1
R002835,male,3,rural,secondary,1,5,0,1,0,0,0,0,0,0,0
R002836,male,1,urban,primary,0,0,0,0,1,0,0,1,1,1,1
R002837,female,3,rural,secondary,1,5,0,0,0,0,0,0,0,0,0
R002838,male,3,urban,secondary,1,30,0,1,0,0,0,0,0,1,1
R002839,female,1,urban,secondary,1,1,1,0,0,0,0,0,0,0,1
R002840,female,4,urban,none,1,0,0,0,0,0,0,0,0,1,1
R002841,male,1,urban,primary,1,12,1,0,0,0,0,0,0,0,0
R002842,male,4,rural,none,0,0,0,0,0,1,1,0,0,0,0
R002843,male,2,rural,secondary,1,30,1,1,0,0,0,0,0,0,1
R002844,male,2,rural,secondary,0,0,0,0,1,0,0,0,1,1,1
R002845,female,3,urban,none,1,12,0,1,0,0,0,0,0,0,1
R002846,female,2,rural,tertiary,1,30,1,0,0,0,0,0,0,0,1
R002847,male,5,urban,secondary,1,12,0,1,0,0,0,0,0,0,1
R002848,male,2,rural,tertiary,1,5,0,0,0,0,0,0,0,0,1
R002849,female,1,urban,secondary,0,0,0,0,1,1,1,0,0,1,0
R002850,female,1,urban,primary,1,12,0,1,0,0,0,0,0,0,0
R002851,male,3,rural,tertiary,1,1,0,1,0,0,0,0,0,0,1
R002852,female,4,urban,primary,1,5,0,1,0,0,0,0,0,1,1
R002853,male,3,urban,primary,1,5,0,1,0,0,0,0,0,1,1
R002854,male,2,urban,secondary,1,12,0,0,0,0,0,0,0,0,1
R002855,female,5,rural,secondary,1,5,0,1,0,0,0,0,0,0,1
R002856,male,3,urban,secondary,1,12,1,1,0,0,0,0,0,0,1
R002857,female,3,rural,tertiary,0,0,0,0,1,0,0,0,0,1,1
R002858,female,5,urban,secondary,1,12,0,1,0,0,0,0,0,1,1
R002859,female,2,rural,primary,1,1,0,0,0,0,0,0,0,0,1
R002860,male,5,rural,primary,1,12,1,1,0,0,0,0,0,1,1
R002861,female,3,urban,primary,1,0,1,1,0,0,0,0,0,1,0
R002862,female,5,urban,tertiary,1,2,1,1,0,0,0,0,0,1,1
R002863,male,3,urban,secondary,1,0,0,1,0,0,0,0,0,1,1
R002864,male,4,rural,secondary,1,1,0,0,0,0,0,0,0,1,1
R002865,male,1,rural,secondary,0,0,0,0,1,0,1,0,1,0,1
R002866,male,2,rural,tertiary,1,2,0,0,0,0,0,0,0,0,1
R002867,male,3,urban,secondary,1,2,1,1,0,0,0,0,0,1,1
R002868,female,3,rural,secondary,1,12,0,0,0,0,0,0,0,1,1
R002869,male,3,rural,secondary,1,5,0,1,0,0,0,0,0,1,0
R002870,male,2,urban,tertiary,0,0,0,0,0,1,1,0,1,1,1
R002871,male,1,urban,tertiary,1,0,0,0,0,0,0,0,0,1,1
R002872,male,2,urban,tertiary,1,2,0,1,0,0,0,0,0,1,0
R002873,male,5,urban,secondary,1,2,0,1,0,0,0,0,0,1,1
R002874,female,2,rural,secondary,1,0,0,0,0,0,0,0,0,0,1
R002875,male,4,urban,tertiary,1,5,1,0,0,0,0,0,0,0,0
R002876,female,5,urban,secondary,1,12,1,1,0,0,0,0,0,0,1
R002877,female,1,urban,secondary,0,0,0,0,0,0,1,0,0,0,0
R002878,female,2,urban,primary,1,1,0,1,0,0,0,0,0,1,0
R002879,female,5,urban,primary,1,2,0,1,0,0,0,0,0,1,0
R002880,female,1,urban,primary,0,0,0,0,1,0,1,0,0,1,1
R002881,male,3,urban,secondary,1,2,0,0,0,0,0,0,0,1,1
R002882,female,5,urban,secondary,1,12,0,1,0,0,0,0,0,0,1
R002883,male,2,urban,secondary,1,5,0,0,0,0,0,0,0,1,0
R002884,female,1,rural,none,0,0,0,0,0,0,1,0,0,0,0
R002885,male,1,rural,tertiary,1,5,1,0,0,0,0,0,0,0,1
R002886,male,1,urban,primary,1,2,0,0,0,0,0,0,0,1,1
R002887,male,3,urban,none,0,0,0,0,0,1,0,0,1,0,1
R002888,male,4,rural,secondary,1,12,0,0,0,0,0,0,0,1,1
R002889,male,2,urban,tertiary,1,5,0,0,0,0,0,0,0,1,1
R002890,male,3,urban,none,1,1,1,1,0,0,0,0,0,0,1
R002891,female,2,urban,tertiary,0,0,0,0,0,0,0,0,0,1,0
R002892,female,1,rural,secondary,1,1,0,0,0,0,0,0,0,1,0
R002893,male,1,rural,secondary,0,0,0,0,1,0,0,0,1,0,0
R002894,male,2,urban,tertiary,1,5,0,0,0,0,0,0,0,0,0
R002895,female,4,rural,secondary,0,0,0,0,0,0,0,0,1,1,1
R002896,female,3,rural,secondary,0,0,0,0,0,1,0,0,1,1,1
R002897,male,2,urban,secondary,1,2,1,0,0,0,0,0,0,0,0
R002898,female,2,urban,primary,1,5,0,0,0,0,0,0,0,1,1
R002899,male,1,rural,secondary,0,0,0,0,0,1,1,0,1,1,0
R002900,male,2,rural,none,0,0,0,0,1,1,0,1,0,0,0
R002901,female,3,urban,secondary,1,12,1,0,0,0,0,0,0,0,1
R002902,female,1,rural,tertiary,1,0,0,0,0,0,0,0,0,0,0
R002903,male,2,urban,secondary,1,2,0,0,0,0,0,0,0,0,1
R002904,female,2,urban,primary,1,5,0,0,0,0,0,0,0,1,1
R002905,female,1,rural,primary,0,0,0,0,0,0,0,1,0,0,0
R002906,male,2,rural,none,1,1,0,1,0,0,0,0,0,0,1
R002907,male,2,urban,tertiary,1,12,0,0,0,0,0,0,0,1,1
R002908,female,4,urban,primary,1,2,0,1,0,0,0,0,0,0,1
R002909,male,4,urban,secondary,1,12,0,1,0,0,0,0,0,1,1
R002910,female,2,urban,primary,0,0,0,0,1,1,0,0,0,1,1
R002911,female,5,urban,none,1,1,1,1,0,0,0,0,0,1,1
R002912,male,2,rural,secondary,0,0,0,0,0,1,0,0,1,0,0
R002913,male,2,urban,none,0,0,0,0,1,0,1,1,1,1,1
R002914,female,1,urban,secondary,1,12,0,0,0,0,0,0,0,1,1
R002915,male,2,urban,tertiary,1,1,0,0,0,0,0,0,0,0,0
R002916,female,3,rural,primary,0,0,0,0,1,0,1,0,1,0,1
R002917,male,2,rural,primary,0,0,0,0,0,0,0,0,0,0,0
R002918,male,3,urban,tertiary,0,0,0,0,1,0,1,1,0,1,1
R002919,male,1,rural,primary,0,0,0,0,0,0,0,0,0,1,1
R002920,male,4,urban,primary,1,2,1,1,0,0,0,0,0,1,1
R002921,male,1,urban,secondary,0,0,0,0,0,0,1,1,1,0,0
R002922,female,1,rural,primary,1,1,1,0,0,0,0,0,0,1,1
R002923,male,4,rural,primary,0,0,0,0,1,0,0,1,1,0,0
R002924,female,3,rural,primary,0,0,0,0,1,0,0,0,0,1,0
R002925,female,4,rural,primary,1,1,0,0,0,0,0,0,0,1,0
R002926,female,3,urban,tertiary,1,5,0,1,0,0,0,0,0,1,0
R002927,female,2,urban,secondary,1,5,0,0,0,0,0,0,0,1,1
R002928,male,3,rural,tertiary,1,12,0,0,0,0,0,0,0,1,0
R002929,female,4,rural,secondary,1,12,0,0,0,0,0,0,0,0,1
R002930,female,1,urban,primary,1,2,0,0,0,0,0,0,0,0,1
R002931,male,3,rural,tertiary,1,2,0,0,0,0,0,0,0,1,0
R002932,male,2,rural,primary,0,0,0,0,1,0,0,0,0,1,0
R002933,female,1,urban,tertiary,1,12,0,0,0,0,0,0,0,0,1
R002934,female,2,urban,primary,0,0,0,0,1,0,0,0,0,0,0
R002935,female,2,urban,secondary,0,0,0,0,0,0,1,0,1,0,0
R002936,male,2,urban,secondary,1,2,0,0,0,0,0,0,0,0,1
R002937,male,2,urban,none,1,2,1,0,0,0,0,0,0,1,1
R002938,male,4,urban,primary,1,5,0,1,0,0,0,0,0,1,1
R002939,male,5,rural,tertiary,1,5,0,1,0,0,0,0,0,1,0
R002940,male,4,rural,secondary,1,5,0,1,0,0,0,0,0,1,0
R002941,male,1,urban,secondary,1,1,0,0,0,0,0,0,0,1,1
R002942,female,1,rural,secondary,0,0,0,0,1,0,0,0,0,0,0
R002943,male,2,urban,tertiary,1,30,0,0,0,0,0,0,0,1,1
R002944,female,4,urban,secondary,1,2,1,1,0,0,0,0,0,1,1
R002945,male,1,rural,primary,1,5,0,0,0,0,0,0,0,1,1
R002946,male,1,urban,secondary,1,5,0,0,0,0,0,0,0,0,0
R002947,female,5,urban,secondary,1,2,0,0,0,0,0,0,0,1,1
R002948,female,1,urban,secondary,1,2,0,0,0,0,0,0,0,1,1
R002949,male,2,urban,none,1,5,0,0,0,0,0,0,0,0,1
R002950,female,1,rural,secondary,0,0,0,0,0,0,0,0,1,0,0
R002951,male,3,urban,tertiary,1,5,0,0,0,0,0,0,0,0,1
R002952,male,2,urban,primary,1,5,1,1,0,0,0,0,0,1,0
R002953,male,4,rural,secondary,1,30,0,1,0,0,0,0,0,0,1
R002954,male,1,rural,primary,1,12,0,0,0,0,0,0,0,0,0
R002955,male,2,urban,primary,0,0,0,0,1,0,0,0,1,0,0
R002956,female,3,urban,primary,0,0,0,0,1,0,0,1,1,1,1
R002957,male,5,urban,secondary,1,5,0,0,0,0,0,0,0,1,1
R002958,female,3,urban,tertiary,1,12,1,0,0,0,0,0,0,0,1
R002959,female,1,rural,primary,0,0,0,0,1,0,1,1,0,1,0
R002960,male,1,urban,primary,0,0,0,0,1,0,0,1,1,1,1
R002961,male,1,rural,primary,0,0,0,0,1,1,1,1,1,0,0
R002962,female,1,urban,primary,1,1,0,0,0,0,0,0,0,0,1
R002963,male,1,rural,secondary,0,0,0,0,1,1,1,0,1,1,0
R002964,male,3,urban,tertiary,1,2,1,1,0,0,0,0,0,1,1
R002965,male,4,rural,secondary,1,2,0,1,0,0,0,0,0,1,1
R002966,female,3,urban,tertiary,1,1,0,0,0,0,0,0,0,1,1
R002967,male,3,urban,tertiary,1,1,1,1,0,0,0,0,0,0,1
R002968,male,1,urban,secondary,1,12,0,0,0,0,0,0,0,1,1
R002969,male,1,urban,none,1,1,0,1,0,0,0,0,0,0,1
R002970,male,1,urban,none,0,0,0,0,1,0,0,1,1,1,1
R002971,female,1,urban,primary,0,0,0,0,1,1,0,0,1,0,1
R002972,male,4,rural,secondary,1,2,1,0,0,0,0,0,0,1,1
R002973,female,4,urban,secondary,1,5,0,0,0,0,0,0,0,1,1
R002974,male,1,rural,primary,0,0,0,0,1,0,0,0,0,0,0
R002975,female,1,urban,primary,1,1,0,1,0,0,0,0,0,1,1
R002976,female,4,rural,secondary,1,12,0,1,0,0,0,0,0,1,1
R002977,male,5,urban,primary,1,12,1,0,0,0,0,0,0,1,1
R002978,female,1,rural,primary,0,0,0,0,1,0,1,0,1,0,1
R002979,male,5,urban,secondary,1,2,0,0,0,0,0,0,0,1,1
R002980,female,5,urban,none,0,0,0,0,1,0,0,0,0,0,1
R002981,male,3,urban,secondary,1,12,0,0,0,0,0,0,0,1,1
R002982,female,1,rural,secondary,0,0,0,0,0,0,1,0,1,1,0
R002983,female,4,urban,primary,1,1,0,1,0,0,0,0,0,1,0
R002984,female,3,urban,secondary,1,5,1,1,0,0,0,0,0,0,1
R002985,male,5,rural,tertiary,1,1,0,1,0,0,0,0,0,1,0
R002986,male,5,urban,primary,1,0,0,0,0,0,0,0,0,1,1
R002987,male,2,rural,secondary,1,12,0,0,0,0,0,0,0,0,0
R002988,male,1,urban,secondary,0,0,0,0,0,1,0,0,1,0,0
R002989,female,2,urban,secondary,1,2,1,1,0,0,0,0,0,1,0
R002990,male,3,urban,tertiary,1,5,0,0,0,0,0,0,0,0,0
R002991,female,3,urban,secondary,1,12,1,0,0,0,0,0,0,1,1
R002992,male,5,urban,none,1,1,1,0,0,0,0,0,0,1,1
R002993,male,5,rural,primary,1,12,0,0,0,0,0,0,0,1,1
R002994,male,4,rural,secondary,1,12,0,0,0,0,0,0,0,1,1
R002995,female,2,rural,tertiary,1,2,0,0,0,0,0,0,0,1,1
R002996,female,4,urban,secondary,0,0,0,0,1,0,1,0,0,0,0
R002997,male,2,urban,primary,1,5,0,1,0,0,0,0,0,1,1
R002998,female,1,rural,tertiary,1,5,0,0,0,0,0,0,0,1,1
R002999,female,3,urban,primary,1,1,1,0,0,0,0,0,0,1,1
R003000,female,2,urban,secondary,1,5,0,0,0,0,0,0,0,1,1
R003001,female,1,rural,secondary,0,0,0,0,1,0,1,0,1,0,0
R003002,female,2,urban,secondary,1,1,0,1,0,0,0,0,0,0,1
R003003,female,5,rural,secondary,1,5,0,1,0,0,0,0,0,0,1
R003004,female,5,rural,secondary,1,12,1,1,0,0,0,0,0,1,1
R003005,female,2,urban,primary,1,5,1,0,0,0,0,0,0,1,0
R003006,female,5,urban,secondary,1,12,1,0,0,0,0,0,0,0,1
R003007,female,2,rural,primary,1,1,0,0,0,0,0,0,0,0,0
R003008,male,3,urban,secondary,1,1,0,0,0,0,0,0,0,1,0
R003009,female,4,urban,primary,1,12,0,0,0,0,0,0,0,1,0
R003010,female,5,urban,tertiary,1,5,0,0,0,0,0,0,0,1,0
R003011,male,1,urban,tertiary,1,1,0,0,0,0,0,0,0,1,1
R003012,female,3,urban,primary,1,12,0,1,0,0,0,0,0,1,1
R003013,male,2,rural,tertiary,1,1,0,0,0,0,0,0,0,1,0
R003014,female,5,rural,tertiary,1,1,1,0,0,0,0,0,0,1,1
R003015,male,1,rural,none,0,0,0,0,0,1,1,0,0,0,0
R003016,male,1,rural,secondary,1,0,0,0,0,0,0,0,0,0,0
R003017,female,3,rural,primary,1,1,1,0,0,0,0,0,0,1,1
R003018,male,1,rural,secondary,1,2,1,0,0,0,0,0,0,0,0
R003019,female,4,rural,primary,1,5,0,1,0,0,0,0,0,0,1
R003020,female,5,rural,none,0,0,0,0,0,0,0,0,0,1,0
R003021,male,3,rural,primary,0,0,0,0,0,1,0,0,0,1,1
R003022,male,5,urban,primary,1,0,1,0,0,0,0,0,0,0,1
R003023,female,3,urban,primary,0,0,0,0,1,0,0,0,0,1,1
R003024,male,1,rural,secondary,1,2,0,0,0,0,0,0,0,0,0
R003025,female,2,urban,secondary,1,30,0,1,0,0,0,0,0,1,0
R003026,female,3,urban,secondary,0,0,0,0,0,0,0,0,1,1,1
R003027,male,5,urban,none,1,1,1,1,0,0,0,0,0,0,1
R003028,male,1,urban,primary,0,0,0,0,1,1,0,0,0,0,0
R003029,female,1,urban,secondary,1,1,0,0,0,0,0,0,0,0,1
R003030,female,2,rural,secondary,1,0,0,0,0,0,0,0,0,0,0
R003031,male,3,rural,secondary,1,30,0,0,0,0,0,0,0,1,1
R003032,male,5,rural,secondary,1,0,0,1,0,0,0,0,0,1,1
R003033,female,4,rural,tertiary,1,0,0,0,0,0,0,0,0,0,0
R003034,female,5,urban,secondary,0,0,0,0,1,0,1,0,1,0,0
R003035,male,1,urban,tertiary,1,5,0,0,0,0,0,0,0,0,1
R003036,female,3,urban,secondary,1,5,1,0,0,0,0,0,0,1,1
R003037,female,4,urban,secondary,1,12,0,1,0,0,0,0,0,1,0
R003038,female,5,rural,primary,1,5,0,1,0,0,0,0,0,1,1
R003039,male,1,urban,primary,1,5,0,0,0,0,0,0,0,0,0
R003040,male,1,urban,none,0,0,0,0,0,0,0,0,0,0,1
R003041,male,2,urban,secondary,1,12,0,0,0,0,0,0,0,0,0
R003042,female,3,rural,secondary,0,0,0,0,1,1,0,0,1,1,0
R003043,female,1,urban,none,0,0,0,0,0,0,0,1,0,0,1
R003044,male,3,urban,secondary,0,0,0,0,0,0,0,0,0,0,1
R003045,female,1,urban,tertiary,0,0,0,0,1,0,0,0,0,0,1
R003046,male,1,rural,tertiary,0,0,0,0,1,0,0,1,1,1,0
R003047,male,3,rural,secondary,1,12,0,0,0,0,0,0,0,0,1
R003048,female,4,urban,primary,1,30,0,0,0,0,0,0,0,1,1
R003049,female,2,rural,primary,0,0,0,0,1,1,0,0,0,1,0
R003050,male,4,rural,primary,0,0,0,0,1,0,0,0,1,0,1
R003051,male,4,rural,tertiary,1,5,1,0,0,0,0,0,0,1,1
R003052,female,3,rural,none,0,0,0,0,1,1,0,1,0,1,0
R003053,female,5,urban,secondary,0,0,0,0,1,0,0,1,0,1,1
R003054,female,2,rural,secondary,1,2,1,0,0,0,0,0,0,1,1
R003055,female,2,rural,secondary,1,5,0,0,0,0,0,0,0,0,1
R003056,female,5,urban,tertiary,1,1,1,1,0,0,0,0,0,0,1
R003057,male,3,rural,tertiary,1,5,0,0,0,0,0,0,0,1,1
R003058,female,2,urban,secondary,1,0,0,0,0,0,0,0,0,1,0
R003059,female,2,rural,primary,1,5,1,0,0,0,0,0,0,0,1
R003060,male,2,urban,tertiary,1,12,0,1,0,0,0,0,0,1,1
R003061,male,3,rural,secondary,1,5,1,0,0,0,0,0,0,0,1
R003062,female,2,urban,primary,1,12,0,0,0,0,0,0,0,0,0
R003063,female,5,rural,secondary,1,5,0,0,0,0,0,0,0,1,1
R003064,female,3,rural,tertiary,1,30,0,0,0,0,0,0,0,1,1
R003065,female,3,urban,secondary,1,5,0,1,0,0,0,0,0,1,1
R003066,female,4,urban,secondary,1,5,0,1,0,0,0,0,0,0,1
R003067,male,5,rural,tertiary,1,12,1,0,0,0,0,0,0,1,0
R003068,male,2,urban,secondary,0,0,0,0,1,0,1,0,1,1,1
R003069,female,3,urban,secondary,1,12,0,0,0,0,0,0,0,1,1
R003070,female,2,urban,secondary,1,1,0,1,0,0,0,0,0,1,0
R003071,male,1,urban,secondary,1,1,1,1,0,0,0,0,0,0,0
R003072,female,1,urban,none,0,0,0,0,1,0,1,1,1,1,1
R003073,male,5,rural,secondary,1,12,0,0,0,0,0,0,0,1,1
R003074,male,1,rural,secondary,1,5,0,0,0,0,0,0,0,0,1
R003075,male,1,urban,primary,1,1,0,0,0,0,0,0,0,1,1
R003076,male,1,urban,secondary,0,0,0,0,0,0,1,0,1,1,1
R003077,male,1,urban,primary,0,0,0,0,1,0,1,0,0,0,1
R003078,male,5,rural,primary,1,1,0,1,0,0,0,0,0,1,0
R003079,female,3,urban,tertiary,1,5,1,1,0,0,0,0,0,1,0
R003080,male,1,rural,primary,1,0,0,0,0,0,0,0,0,0,0
R003081,male,3,rural,secondary,1,1,0,1,0,0,0,0,0,0,1
R003082,male,1,rural,secondary,0,0,0,0,0,1,0,0,0,0,0
R003083,female,1,rural,tertiary,1,30,0,1,0,0,0,0,0,0,0
R003084,male,2,rural,secondary,1,30,1,1,0,0,0,0,0,1,0
R003085,male,4,urban,secondary,1,12,0,0,0,0,0,0,0,1,1
R003086,female,5,urban,none,1,5,1,0,0,0,0,0,0,0,1
R003087,male,2,rural,tertiary,0,0,0,0,1,1,0,0,1,1,0
R003088,male,2,rural,none,0,0,0,0,0,1,1,0,0,0,1
R003089,male,1,rural,secondary,0,0,0,0,0,0,0,0,0,0,0
R003090,male,3,urban,secondary,1,0,0,1,0,0,0,0,0,1,1
R003091,male,2,urban,secondary,1,2,0,0,0,0,0,0,0,0,0
R003092,female,3,urban,none,0,0,0,0,1,1,0,0,1,1,1
R003093,male,4,urban,primary,1,1,0,0,0,0,0,0,0,1,1
R003094,male,3,urban,tertiary,1,2,0,1,0,0,0,0,0,0,1
R003095,male,3,rural,secondary,1,2,0,0,0,0,0,0,0,0,1
R003096,male,4,rural,tertiary,1,5,0,0,0,0,0,0,0,0,0
R003097,male,4,urban,primary,1,12,0,1,0,0,0,0,0,1,1
R003098,male,2,rural,primary,1,2,0,1,0,0,0,0,0,1,0
R003099,male,2,rural,primary,1,1,0,1,0,0,0,0,0,1,1
R003100,female,1,urban,tertiary,1,5,0,0,0,0,0,0,0,0,0
R003101,female,2,rural,tertiary,0,0,0,0,0,1,0,0,1,1,1
R003102,female,4,urban,secondary,1,30,0,0,0,0,0,0,0,1,1
R003103,male,3,rural,secondary,1,30,1,1,0,0,0,0,0,1,1
R003104,male,1,urban,secondary,1,30,0,0,0,0,0,0,0,0,0
R003105,male,5,urban,tertiary,1,12,0,1,0,0,0,0,0,1,1
R003106,male,3,urban,secondary,1,12,0,1,0,0,0,0,0,0,0
R003107,female,4,rural,primary,1,5,1,0,0,0,0,0,0,0,0
R003108,male,1,rural,primary,0,0,0,0,0,0,0,0,0,0,0
R003109,male,1,urban,primary,1,5,0,0,0,0,0,0,0,0,1
R003110,male,4,urban,primary,1,5,1,1,0,0,0,0,0,1,1
R003111,female,2,rural,secondary,0,0,0,0,0,0,1,0,0,1,1
R003112,female,5,urban,none,1,0,0,0,0,0,0,0,0,1,1
R003113,male,4,urban,primary,1,2,0,1,0,0,0,0,0,1,1
R003114,male,2,rural,primary,0,0,0,0,0,0,1,0,1,0,0
R003115,male,2,rural,secondary,1,1,0,0,0,0,0,0,0,0,1
R003116,male,1,urban,tertiary,1,5,0,0,0,0,0,0,0,1,0
R003117,female,2,urban,tertiary,1,1,0,0,0,0,0,0,0,0,0
R003118,female,4,rural,secondary,0,0,0,0,1,0,0,0,0,0,1
R003119,male,4,rural,tertiary,1,5,0,0,0,0,0,0,0,0,1
R003120,female,4,urban,secondary,0,0,0,0,1,1,0,1,0,1,0
R003121,female,2,urban,primary,0,0,0,0,0,1,0,0,0,0,1
R003122,male,5,rural,secondary,1,2,1,1,0,0,0,0,0,1,1
R003123,female,3,urban,secondary,1,30,0,0,0,0,0,0,0,1,1
R003124,male,4,rural,secondary,0,0,0,0,1,0,0,0,1,1,0
R003125,male,5,urban,primary,1,12,0,1,0,0,0,0,0,1,1
R003126,female,1,rural,primary,0,0,0,0,1,1,0,0,1,0,0
R003127,male,1,rural,none,0,0,0,0,1,0,1,0,0,0,0
R003128,male,1,urban,secondary,0,0,0,0,1,0,0,0,0,0,0
R003129,female,3,urban,none,0,0,0,0,0,1,1,1,0,1,1
R003130,female,3,rural,secondary,0,0,0,0,0,1,1,0,0,0,0
R003131,female,3,rural,secondary,0,0,0,0,0,0,0,0,0,0,1
R003132,female,3,urban,secondary,1,5,0,1,0,0,0,0,0,1,1
R003133,male,3,urban,secondary,1,5,1,1,0,0,0,0,0,1,1
R003134,female,1,urban,primary,0,0,0,0,0,0,0,0,1,0,1
R003135,female,4,urban,tertiary,1,0,0,0,0,0,0,0,0,1,1
R003136,female,5,urban,primary,1,1,0,1,0,0,0,0,0,1,1
R003137,female,2,rural,primary,1,1,0,0,0,0,0,0,0,1,0
R003138,female,4,rural,secondary,1,30,0,0,0,0,0,0,0,1,0
R003139,female,2,urban,primary,1,12,0,0,0,0,0,0,0,0,1
R003140,male,5,urban,primary,1,5,0,1,0,0,0,0,0,1,1
R003141,male,2,urban,primary,1,2,0,0,0,0,0,0,0,0,1
R003142,male,3,urban,secondary,1,5,0,1,0,0,0,0,0,1,0
R003143,female,2,rural,primary,1,1,0,1,0,0,0,0,0,1,1
R003144,male,5,rural,primary,1,12,1,1,0,0,0,0,0,0,1
R003145,female,2,urban,primary,1,2,1,0,0,0,0,0,0,1,1
R003146,female,2,urban,secondary,1,2,0,1,0,0,0,0,0,1,1
R003147,male,3,rural,secondary,0,0,0,0,0,1,0,0,0,1,0
R003148,male,1,rural,secondary,1,5,0,0,0,0,0,0,0,1,0
R003149,male,1,rural,secondary,1,1,0,0,0,0,0,0,0,1,0
R003150,male,1,rural,tertiary,1,2,0,1,0,0,0,0,0,1,0
R003151,male,3,urban,secondary,1,1,0,0,0,0,0,0,0,1,1
R003152,male,5,urban,secondary,1,5,0,0,0,0,0,0,0,0,1
R003153,female,4,rural,tertiary,1,12,0,1,0,0,0,0,0,0,1
R003154,female,1,rural,secondary,0,0,0,0,1,0,0,0,1,0,0
R003155,male,2,urban,none,1,2,0,0,0,0,0,0,0,0,0
R003156,female,3,urban,secondary,1,2,0,1,0,0,0,0,0,1,1
R003157,male,2,rural,secondary,1,1,0,0,0,0,0,0,0,1,0
R003158,male,1,rural,none,0,0,0,0,1,0,0,0,1,1,1
R003159,male,5,urban,secondary,1,1,1,0,0,0,0,0,0,1,1
R003160,male,2,urban,secondary,1,2,0,0,0,0,0,0,0,1,0
R003161,female,3,urban,primary,1,2,0,0,0,0,0,0,0,1,1
R003162,female,3,urban,secondary,1,30,0,1,0,0,0,0,0,0,1
R003163,female,4,rural,primary,1,2,1,1,0,0,0,0,0,1,1
R003164,male,1,urban,tertiary,1,5,0,0,0,0,0,0,0,0,0
R003165,male,5,urban,tertiary,1,2,1,0,0,0,0,0,0,1,1
R003166,male,3,urban,secondary,1,5,1,0,0,0,0,0,0,0,1
R003167,male,2,rural,none,1,1,0,1,0,0,0,0,0,0,1
R003168,female,4,rural,tertiary,1,2,1,1,0,0,0,0,0,1,1
R003169,female,5,urban,primary,1,1,0,0,0,0,0,0,0,1,1
R003170,female,4,rural,secondary,1,2,1,0,0,0,0,0,0,0,1
R003171,female,2,urban,none,0,0,0,0,0,0,0,0,1,1,0
R003172,female,4,urban,none,1,12,0,1,0,0,0,0,0,0,1
R003173,male,2,rural,tertiary,0,0,0,0,1,1,0,0,0,1,0
R003174,female,2,rural,secondary,1,5,0,0,0,0,0,0,0,0,0
R003175,female,5,urban,tertiary,1,2,0,1,0,0,0,0,0,1,1
R003176,female,5,rural,secondary,1,1,0,0,0,0,0,0,0,1,1
R003177,female,4,urban,secondary,1,2,1,0,0,0,0,0,0,0,0
R003178,female,1,rural,primary,0,0,0,0,1,1,1,1,1,1,0
R003179,female,1,urban,primary,0,0,0,0,0,0,1,0,1,0,1
R003180,female,1,urban,primary,1,12,1,1,0,0,0,0,0,0,1
R003181,male,1,urban,secondary,1,12,0,0,0,0,0,0,0,1,1
R003182,male,2,urban,tertiary,1,30,0,0,0,0,0,0,0,0,1
R003183,male,3,rural,secondary,1,0,0,0,0,0,0,0,0,1,0
R003184,female,3,urban,secondary,1,30,0,1,0,0,0,0,0,1,0
R003185,female,2,urban,secondary,1,0,0,0,0,0,0,0,0,1,1
R003186,female,3,urban,secondary,1,2,1,0,0,0,0,0,0,1,1
R003187,male,2,urban,tertiary,1,30,1,0,0,0,0,0,0,0,1
R003188,male,2,rural,secondary,1,5,0,0,0,0,0,0,0,1,0
R003189,female,1,rural,primary,0,0,0,0,0,0,0,1,1,0,1
R003190,male,2,urban,tertiary,1,2,0,0,0,0,0,0,0,0,0
R003191,male,5,rural,secondary,1,30,0,0,0,0,0,0,0,0,0
R003192,male,4,rural,tertiary,1,5,0,0,0,0,0,0,0,1,1
R003193,male,2,rural,tertiary,1,5,0,0,0,0,0,0,0,0,1
R003194,male,1,urban,secondary,0,0,0,0,0,0,1,0,0,0,0
R003195,male,4,urban,secondary,1,30,1,1,0,0,0,0,0,1,1
R003196,female,1,urban,secondary,1,1,0,0,0,0,0,0,0,0,0
R003197,male,3,urban,none,1,1,0,1,0,0,0,0,0,1,1
R003198,female,1,rural,primary,0,0,0,0,1,0,1,0,1,0,0
R003199,male,3,urban,none,1,5,0,0,0,0,0,0,0,0,1
R003200,female,5,urban,secondary,1,12,0,1,0,0,0,0,0,1,1
R003201,male,2,urban,none,1,5,0,1,0,0,0,0,0,1,0
R003202,male,3,urban,primary,1,30,0,0,0,0,0,0,0,1,1
R003203,male,4,urban,tertiary,1,5,1,0,0,0,0,0,0,1,1
R003204,female,1,rural,none,0,0,0,0,0,0,1,0,0,1,0
R003205,female,4,urban,primary,1,0,1,1,0,0,0,0,0,1,1
R003206,female,2,urban,tertiary,1,12,0,1,0,0,0,0,0,0,1
R003207,female,1,rural,tertiary,1,12,0,0,0,0,0,0,0,0,1
R003208,female,2,urban,tertiary,1,2,0,1,0,0,0,0,0,1,1
R003209,female,2,rural,tertiary,1,12,0,0,0,0,0,0,0,1,1
R003210,male,2,urban,secondary,1,2,0,0,0,0,0,0,0,0,1
R003211,female,5,urban,primary,1,1,0,1,0,0,0,0,0,1,1
R003212,male,5,rural,secondary,1,12,1,1,0,0,0,0,0,1,0
R003213,female,3,urban,primary,1,30,1,0,0,0,0,0,0,1,1
R003214,female,3,rural,primary,1,1,1,0,0,0,0,0,0,1,1
R003215,female,2,urban,tertiary,1,2,1,1,0,0,0,0,0,1,1
R003216,female,4,urban,tertiary,1,5,0,0,0,0,0,0,0,1,1
R003217,male,2,urban,secondary,1,1,0,1,0,0,0,0,0,0,0
R003218,male,2,rural,none,0,0,0,0,1,1,1,0,0,0,0
R003219,female,4,rural,tertiary,1,2,0,1,0,0,0,0,0,1,0
R003220,male,2,urban,secondary,1,5,0,0,0,0,0,0,0,1,1
R003221,female,5,rural,secondary,1,1,1,1,0,0,0,0,0,1,0
R003222,female,1,urban,tertiary,1,5,0,1,0,0,0,0,0,1,0
R003223,female,3,rural,secondary,1,5,0,1,0,0,0,0,0,1,1
R003224,female,1,rural,tertiary,1,5,0,0,0,0,0,0,0,0,1
R003225,male,1,rural,primary,0,0,0,0,0,1,0,0,0,1,1
R003226,female,2,rural,primary,0,0,0,0,1,0,1,1,1,0,0
R003227,female,1,rural,secondary,1,30,0,0,0,0,0,0,0,1,1
R003228,female,1,rural,secondary,1,1,1,0,0,0,0,0,0,0,1
R003229,female,1,rural,tertiary,1,12,0,1,0,0,0,0,0,0,0
R003230,female,1,urban,none,0,0,0,0,1,0,1,0,0,1,1
R003231,female,1,urban,secondary,1,5,0,0,0,0,0,0,0,0,1
R003232,male,1,urban,secondary,1,5,0,0,0,0,0,0,0,1,1
R003233,female,1,rural,secondary,0,0,0,0,0,1,1,0,1,0,0
R003234,female,1,rural,primary,0,0,0,0,0,0,0,0,0,1,1
R003235,female,2,rural,primary,0,0,0,0,0,0,1,0,0,1,0
R003236,female,2,urban,tertiary,1,2,0,1,0,0,0,0,0,0,1
R003237,female,5,rural,primary,1,5,0,1,0,0,0,0,0,1,1
R003238,female,4,urban,primary,1,2,0,0,0,0,0,0,0,1,1
R003239,male,3,urban,secondary,1,5,0,1,0,0,0,0,0,0,1
R003240,male,3,rural,none,1,2,0,1,0,0,0,0,0,1,0
R003241,female,5,urban,primary,0,0,0,0,1,1,0,0,1,0,1
R003242,male,3,urban,tertiary,1,30,0,1,0,0,0,0,0,1,1
R003243,male,2,rural,secondary,1,0,0,0,0,0,0,0,0,1,0
R003244,male,5,urban,primary,1,0,1,1,0,0,0,0,0,0,1
R003245,female,3,urban,secondary,1,12,0,1,0,0,0,0,0,0,1
R003246,female,4,rural,secondary,1,5,0,1,0,0,0,0,0,1,1
R003247,male,5,rural,secondary,1,1,1,1,0,0,0,0,0,1,1
R003248,male,3,rural,secondary,1,2,0,1,0,0,0,0,0,1,1
R003249,female,3,urban,none,1,12,0,0,0,0,0,0,0,1,0
R003250,male,5,urban,secondary,1,5,0,1,0,0,0,0,0,1,1
R003251,female,2,urban,tertiary,1,5,0,0,0,0,0,0,0,1,1
R003252,female,2,rural,primary,0,0,0,0,1,1,1,0,0,1,1
R003253,female,5,rural,primary,1,1,1,1,0,0,0,0,0,1,0
R003254,male,5,urban,tertiary,1,2,0,1,0,0,0,0,0,0,1
R003255,female,5,urban,secondary,1,2,0,1,0,0,0,0,0,1,1
R003256,female,4,urban,primary,1,5,0,1,0,0,0,0,0,1,1
R003257,female,1,urban,secondary,0,0,0,0,0,0,0,0,1,1,0
R003258,female,1,rural,tertiary,1,0,1,0,0,0,0,0,0,0,1
R003259,female,1,urban,none,0,0,0,0,1,1,1,0,1,0,1
R003260,male,2,rural,primary,0,0,0,0,0,1,1,1,1,1,1
R003261,female,1,urban,secondary,1,2,0,0,0,0,0,0,0,0,1
R003262,male,3,urban,primary,1,2,0,0,0,0,0,0,0,0,1
R003263,male,1,urban,tertiary,1,1,0,0,0,0,0,0,0,0,1
R003264,male,4,urban,secondary,1,1,0,1,0,0,0,0,0,1,1
R003265,female,3,rural,secondary,0,0,0,0,1,0,0,1,1,0,1
R003266,female,2,rural,secondary,1,30,0,0,0,0,0,0,0,0,1
R003267,male,2,urban,primary,1,0,0,0,0,0,0,0,0,1,1
R003268,male,1,urban,secondary,1,12,0,0,0,0,0,0,0,0,1
R003269,female,1,rural,secondary,1,1,0,0,0,0,0,0,0,1,0
R003270,male,2,rural,primary,0,0,0,0,1,1,1,1,1,0,1
R003271,female,4,urban,tertiary,1,2,0,0,0,0,0,0,0,1,0
R003272,male,2,urban,tertiary,1,1,1,0,0,0,0,0,0,0,1
R003273,female,1,urban,secondary,1,5,0,1,0,0,0,0,0,1,1
R003274,male,5,urban,primary,1,1,1,1,0,0,0,0,0,1,0
R003275,male,5,rural,tertiary,1,30,1,0,0,0,0,0,0,0,1
R003276,male,3,urban,secondary,1,2,0,0,0,0,0,0,0,1,1
R003277,female,2,urban,secondary,1,0,0,0,0,0,0,0,0,1,0
R003278,male,3,urban,primary,1,12,0,0,0,0,0,0,0,1,1
R003279,male,4,urban,secondary,1,30,0,0,0,0,0,0,0,0,1
R003280,female,3,urban,none,1,5,1,0,0,0,0,0,0,1,1
R003281,female,4,rural,secondary,1,12,1,1,0,0,0,0,0,1,1
R003282,female,4,rural,primary,0,0,0,0,1,0,1,0,1,1,0
R003283,male,4,rural,primary,1,5,0,0,0,0,0,0,0,1,0
R003284,male,3,urban,tertiary,1,5,0,0,0,0,0,0,0,1,1
R003285,male,3,urban,secondary,1,5,0,1,0,0,0,0,0,1,0
R003286,female,1,rural,primary,0,0,0,0,1,0,1,0,1,0,0
R003287,female,1,rural,tertiary,1,2,0,1,0,0,0,0,0,1,0
R003288,male,2,urban,tertiary,1,5,0,0,0,0,0,0,0,0,1
R003289,male,3,rural,secondary,0,0,0,0,0,1,0,1,1,1,1
R003290,male,2,rural,tertiary,1,2,0,1,0,0,0,0,0,1,1
R003291,male,1,urban,secondary,1,0,0,0,0,0,0,0,0,1,0
R003292,male,3,urban,secondary,1,0,0,0,0,0,0,0,0,1,1
R003293,female,1,urban,secondary,1,2,0,0,0,0,0,0,0,0,1
R003294,male,1,rural,primary,1,12,0,0,0,0,0,0,0,0,1
R003295,male,2,urban,secondary,1,5,0,0,0,0,0,0,0,0,1
R003296,male,2,rural,primary,1,2,1,0,0,0,0,0,0,0,1
R003297,female,5,urban,tertiary,1,5,0,1,0,0,0,0,0,1,1
R003298,female,1,urban,tertiary,0,0,0,0,0,0,1,0,1,1,1
R003299,male,4,urban,secondary,1,1,0,0,0,0,0,0,0,1,1
R003300,female,1,urban,tertiary,1,1,1,0,0,0,0,0,0,0,0
R003301,male,3,rural,tertiary,1,1,0,1,0,0,0,0,0,0,0
R003302,female,1,rural,secondary,1,5,0,0,0,0,0,0,0,0,1
R003303,male,1,rural,secondary,1,2,0,0,0,0,0,0,0,0,1
R003304,male,4,urban,primary,1,2,0,1,0,0,0,0,0,1,1
R003305,male,3,urban,tertiary,1,30,1,1,0,0,0,0,0,0,1
R003306,female,3,urban,secondary,1,2,0,1,0,0,0,0,0,1,0
R003307,male,4,rural,secondary,1,5,0,0,0,0,0,0,0,1,0
R003308,male,5,urban,secondary,1,12,1,0,0,0,0,0,0,0,1
R003309,female,2,rural,secondary,1,5,0,0,0,0,0,0,0,0,1
R003310,female,4,rural,tertiary,1,5,1,1,0,0,0,0,0,1,1
R003311,female,1,rural,secondary,0,0,0,0,0,0,0,0,0,1,1
R003312,female,4,urban,secondary,1,2,0,1,0,0,0,0,0,1,1
R003313,male,3,rural,secondary,1,1,0,0,0,0,0,0,0,0,0
R003314,male,3,rural,primary,0,0,0,0,1,1,0,0,1,1,1
R003315,male,1,rural,secondary,0,0,0,0,1,1,1,0,0,0,0
R003316,male,2,rural,tertiary,1,5,0,1,0,0,0,0,0,1,0
R003317,female,1,urban,secondary,1,30,0,0,0,0,0,0,0,0,0
R003318,male,4,urban,secondary,1,5,0,0,0,0,0,0,0,1,1
R003319,female,1,rural,secondary,1,12,0,0,0,0,0,0,0,0,0
R003320,female,1,urban,none,1,1,0,1,0,0,0,0,0,1,0
R003321,male,1,urban,tertiary,1,30,0,0,0,0,0,0,0,0,0
R003322,female,2,rural,primary,1,5,0,0,0,0,0,0,0,0,0
R003323,male,1,rural,primary,1,5,0,0,0,0,0,0,0,1,1
R003324,female,5,urban,primary,1,5,0,0,0,0,0,0,0,1,1
R003325,female,5,rural,primary,1,2,0,0,0,0,0,0,0,1,1
R003326,female,1,urban,secondary,0,0,0,0,0,0,1,0,1,0,1
R003327,female,2,rural,none,0,0,0,0,0,0,0,0,0,0,0
R003328,male,4,urban,primary,1,30,0,0,0,0,0,0,0,1,1
R003329,male,1,urban,primary,1,5,0,0,0,0,0,0,0,0,0
R003330,female,1,urban,secondary,1,12,0,0,0,0,0,0,0,1,1
R003331,female,1,rural,primary,0,0,0,0,1,1,0,0,0,0,0
R003332,male,4,rural,secondary,1,12,0,1,0,0,0,0,0,1,0
R003333,male,2,urban,none,1,12,1,0,0,0,0,0,0,1,1
R003334,female,2,urban,secondary,1,1,0,0,0,0,0,0,0,1,1
R003335,male,2,urban,secondary,1,2,0,0,0,0,0,0,0,1,0
R003336,female,2,rural,primary,0,0,0,0,0,1,0,0,0,0,1
R003337,male,3,rural,secondary,1,1,0,0,0,0,0,0,0,0,1
R003338,female,4,urban,primary,1,12,1,1,0,0,0,0,0,1,1
R003339,male,3,urban,secondary,1,30,1,0,0,0,0,0,0,1,0
R003340,male,4,urban,secondary,1,1,0,0,0,0,0,0,0,1,1
R003341,male,4,rural,primary,1,12,0,0,0,0,0,0,0,1,0
R003342,male,1,rural,secondary,1,2,0,0,0,0,0,0,0,0,0
R003343,male,1,urban,secondary,0,0,0,0,1,0,1,0,0,1,1
R003344,female,3,rural,secondary,1,5,0,0,0,0,0,0,0,0,0
R003345,female,2,rural,tertiary,0,0,0,0,0,1,0,0,0,1,0
R003346,male,4,urban,none,0,0,0,0,1,1,0,1,0,1,1
R003347,male,1,rural,primary,0,0,0,0,0,0,0,0,1,1,0
R003348,male,1,urban,primary,1,0,0,1,0,0,0,0,0,0,0
R003349,male,1,urban,none,0,0,0,0,1,0,1,0,1,0,1
R003350,male,5,urban,tertiary,1,12,0,1,0,0,0,0,0,1,1
R003351,female,4,rural,none,1,12,0,0,0,0,0,0,0,1,1
R003352,male,2,urban,secondary,1,2,0,0,0,0,0,0,0,0,1
R003353,female,3,rural,secondary,1,5,0,1,0,0,0,0,0,1,0
R003354,female,1,urban,primary,0,0,0,0,1,1,0,0,0,1,0
R003355,female,1,rural,primary,1,12,0,0,0,0,0,0,0,0,0
R003356,male,2,rural,primary,0,0,0,0,1,0,1,0,1,0,1
R003357,female,4,urban,tertiary,0,0,0,0,1,0,1,1,0,1,1
R003358,male,5,rural,primary,0,0,0,0,1,0,1,1,1,1,1
R003359,male,4,rural,secondary,1,1,0,1,0,0,0,0,0,1,1
R003360,female,2,rural,primary,0,0,0,0,0,0,0,0,1,1,1
R003361,female,2,urban,secondary,1,2,0,0,0,0,0,0,0,1,1
R003362,female,5,rural,primary,0,0,0,0,0,0,1,0,0,1,1
R003363,female,5,rural,secondary,1,2,1,0,0,0,0,0,0,1,1
R003364,male,1,urban,secondary,1,2,0,0,0,0,0,0,0,0,1
R003365,female,2,rural,primary,0,0,0,0,1,0,0,0,1,0,0
R003366,female,4,urban,tertiary,1,0,0,1,0,0,0,0,0,1,0
R003367,male,1,rural,tertiary,1,1,0,0,0,0,0,0,0,0,0
R003368,female,2,urban,secondary,0,0,0,0,1,0,0,1,0,1,1
R003369,male,4,urban,secondary,1,1,0,1,0,0,0,0,0,0,1
R003370,female,2,urban,tertiary,0,0,0,0,0,0,0,0,1,0,1
R003371,female,4,rural,secondary,1,1,1,1,0,0,0,0,0,1,1
R003372,male,3,rural,secondary,1,2,1,0,0,0,0,0,0,0,1
R003373,male,4,rural,primary,1,2,0,0,0,0,0,0,0,1,1
R003374,female,1,urban,primary,0,0,0,0,1,1,1,1,0,0,1
R003375,female,1,urban,secondary,1,1,0,0,0,0,0,0,0,0,1
R003376,female,2,urban,primary,1,0,1,0,0,0,0,0,0,0,0
R003377,male,4,urban,primary,1,5,1,0,0,0,0,0,0,1,1
R003378,female,4,rural,secondary,1,1,1,0,0,0,0,0,0,0,1
R003379,female,2,rural,primary,0,0,0,0,1,0,0,0,0,0,1
R003380,male,2,urban,secondary,1,1,0,0,0,0,0,0,0,1,1
R003381,female,2,rural,tertiary,1,12,0,1,0,0,0,0,0,0,0
R003382,female,2,rural,tertiary,1,5,0,0,0,0,0,0,0,1,0
R003383,male,5,urban,tertiary,1,1,0,1,0,0,0,0,0,1,1
R003384,female,4,urban,tertiary,1,2,1,0,0,0,0,0,0,1,1
R003385,female,3,rural,primary,0,0,0,0,0,1,0,0,0,1,0
R003386,male,4,urban,primary,1,12,0,0,0,0,0,0,0,1,0
R003387,male,4,urban,primary,1,30,1,0,0,0,0,0,0,1,1
R003388,female,4,urban,primary,1,5,0,0,0,0,0,0,0,0,1
R003389,female,5,rural,secondary,1,1,0,1,0,0,0,0,0,1,1
R003390,male,2,rural,tertiary,1,30,1,1,0,0,0,0,0,1,0
R003391,female,4,urban,primary,1,12,1,0,0,0,0,0,0,1,1
R003392,male,2,rural,primary,0,0,0,0,0,0,0,0,1,0,1
R003393,male,4,rural,primary,1,0,0,1,0,0,0,0,0,0,1
R003394,male,2,urban,secondary,1,1,0,0,0,0,0,0,0,1,0
R003395,male,2,urban,none,0,0,0,0,1,0,1,1,1,0,1
R003396,male,2,rural,secondary,0,0,0,0,1,0,0,1,0,0,0
R003397,male,2,urban,primary,1,30,0,0,0,0,0,0,0,0,1
R003398,male,1,rural,tertiary,1,1,0,0,0,0,0,0,0,0,0
R003399,female,5,urban,tertiary,1,5,0,0,0,0,0,0,0,1,1
R003400,male,5,rural,primary,0,0,0,0,0,1,0,0,0,1,1
R003401,female,2,rural,none,0,0,0,0,1,0,0,1,0,1,1
R003402,male,1,urban,tertiary,1,2,0,0,0,0,0,0,0,0,0
R003403,female,5,rural,secondary,1,5,1,1,0,0,0,0,0,1,1
R003404,female,4,urban,tertiary,1,5,0,1,0,0,0,0,0,1,1
R003405,male,2,rural,secondary,1,12,0,0,0,0,0,0,0,1,1
R003406,female,1,rural,tertiary,1,2,0,0,0,0,0,0,0,0,1
R003407,female,4,urban,secondary,1,1,0,0,0,0,0,0,0,1,1
R003408,male,1,rural,secondary,1,12,0,1,0,0,0,0,0,1,0
R003409,male,2,urban,primary,0,0,0,0,0,0,0,0,1,0,1
R003410,female,1,rural,primary,0,0,0,0,0,0,0,0,1,1,1
R003411,male,4,rural,secondary,1,2,0,1,0,0,0,0,0,0,1
R003412,female,1,urban,primary,0,0,0,0,0,0,0,0,1,1,1
R003413,female,2,urban,none,0,0,0,0,0,0,1,0,1,0,1
R003414,female,3,rural,primary,1,1,0,0,0,0,0,0,0,0,0
R003415,male,2,urban,tertiary,1,5,0,1,0,0,0,0,0,1,1
R003416,male,2,urban,primary,1,12,0,0,0,0,0,0,0,0,1
R003417,male,1,rural,primary,1,0,0,0,0,0,0,0,0,1,0
R003418,female,5,urban,none,1,30,0,1,0,0,0,0,0,1,1
R003419,male,2,rural,none,1,5,0,0,0,0,0,0,0,1,0
R003420,female,3,urban,tertiary,1,12,0,0,0,0,0,0,0,1,1
R003421,male,1,rural,none,0,0,0,0,1,0,0,0,0,1,0
R003422,male,3,rural,tertiary,1,12,1,1,0,0,0,0,0,1,1
R003423,male,3,urban,none,0,0,0,0,1,0,0,0,1,0,0
R003424,female,1,urban,primary,0,0,0,0,1,0,0,0,0,0,1
R003425,male,4,urban,secondary,1,5,0,0,0,0,0,0,0,1,1
R003426,female,1,urban,secondary,1,2,1,1,0,0,0,0,0,0,1
R003427,male,2,urban,secondary,1,1,0,1,0,0,0,0,0,0,0
R003428,male,5,urban,primary,1,12,0,0,0,0,0,0,0,0,1
R003429,male,4,rural,tertiary,1,12,1,1,0,0,0,0,0,1,0
R003430,male,2,rural,primary,0,0,0,0,0,0,0,0,0,0,1
R003431,female,5,rural,tertiary,1,30,0,0,0,0,0,0,0,1,1
R003432,female,1,urban,tertiary,1,5,0,0,0,0,0,0,0,1,1
R003433,female,2,urban,primary,0,0,0,0,0,0,1,1,1,1,1
R003434,male,2,rural,secondary,1,2,0,0,0,0,0,0,0,1,1
R003435,female,3,urban,tertiary,1,2,0,0,0,0,0,0,0,0,1
R003436,female,3,urban,tertiary,1,1,0,0,0,0,0,0,0,1,1
R003437,female,5,urban,primary,1,5,1,1,0,0,0,0,0,1,1
R003438,female,1,urban,secondary,1,5,0,0,0,0,0,0,0,1,0
R003439,male,4,rural,none,0,0,0,0,0,0,0,0,1,0,1
R003440,male,1,urban,primary,0,0,0,0,1,0,0,0,1,1,1
R003441,female,1,rural,secondary,0,0,0,0,0,1,1,0,0,1,0
R003442,male,4,rural,tertiary,1,12,0,0,0,0,0,0,0,0,1
R003443,male,1,urban,tertiary,1,12,0,0,0,0,0,0,0,0,1
R003444,female,3,urban,secondary,1,2,0,0,0,0,0,0,0,0,1
R003445,female,5,rural,primary,1,5,0,1,0,0,0,0,0,1,1
R003446,male,2,rural,secondary,1,2,0,1,0,0,0,0,0,1,0
R003447,male,2,urban,tertiary,1,2,0,1,0,0,0,0,0,1,1
R003448,male,2,rural,secondary,0,0,0,0,0,1,0,0,0,1,1
R003449,male,4,rural,secondary,1,5,0,1,0,0,0,0,0,1,0
R003450,male,5,rural,secondary,1,2,1,0,0,0,0,0,0,1,0
R003451,female,2,rural,secondary,0,0,0,0,1,0,0,0,0,0,0
R003452,male,4,urban,secondary,1,12,1,1,0,0,0,0,0,1,1
R003453,female,3,rural,secondary,1,0,0,1,0,0,0,0,0,1,1
R003454,male,5,urban,secondary,1,5,0,1,0,0,0,0,0,1,1
R003455,male,2,rural,primary,0,0,0,0,0,0,0,0,0,0,0
R003456,male,4,urban,secondary,1,0,1,0,0,0,0,0,0,1,1
R003457,male,3,urban,primary,1,2,0,1,0,0,0,0,0,0,0
R003458,female,4,urban,secondary,1,30,1,0,0,0,0,0,0,1,1
R003459,male,3,urban,primary,1,1,0,0,0,0,0,0,0,1,0
R003460,male,5,urban,secondary,1,2,0,0,0,0,0,0,0,0,1
R003461,female,3,urban,primary,1,1,0,1,0,0,0,0,0,0,1
R003462,male,2,rural,secondary,1,1,0,0,0,0,0,0,0,1,0
R003463,male,3,urban,none,0,0,0,0,1,0,0,0,1,1,1
R003464,male,3,urban,secondary,0,0,0,0,1,0,0,0,1,1,1
R003465,male,5,rural,secondary,1,2,0,0,0,0,0,0,0,1,1
R003466,male,1,rural,primary,0,0,0,0,0,1,0,1,1,0,0
R003467,male,5,urban,primary,1,5,0,0,0,0,0,0,0,1,1
R003468,female,5,rural,secondary,1,1,0,0,0,0,0,0,0,1,1
R003469,female,5,urban,secondary,1,1,1,1,0,0,0,0,0,1,1
R003470,female,2,rural,primary,0,0,0,0,1,0,0,0,1,1,0
R003471,female,2,rural,tertiary,1,30,0,1,0,0,0,0,0,0,1
R003472,female,5,rural,none,0,0,0,0,1,1,0,0,0,0,0
R003473,female,2,rural,primary,1,5,0,0,0,0,0,0,0,1,0
R003474,male,4,rural,secondary,1,2,1,0,0,0,0,0,0,0,0
R003475,male,3,urban,secondary,1,0,0,0,0,0,0,0,0,0,0
R003476,female,5,rural,tertiary,1,12,0,1,0,0,0,0,0,1,1
R003477,male,2,urban,primary,1,12,0,1,0,0,0,0,0,1,1
R003478,female,4,urban,primary,1,12,0,1,0,0,0,0,0,1,1
R003479,male,4,rural,secondary,1,5,0,0,0,0,0,0,0,1,1
R003480,female,2,rural,primary,0,0,0,0,1,1,1,0,0,1,0
R003481,female,5,urban,none,1,12,0,0,0,0,0,0,0,1,0
R003482,male,2,urban,tertiary,1,5,0,0,0,0,0,0,0,1,0
R003483,male,2,rural,secondary,1,12,0,0,0,0,0,0,0,0,1
R003484,female,1,urban,primary,1,30,0,0,0,0,0,0,0,0,1
R003485,male,5,urban,secondary,1,30,1,1,0,0,0,0,0,1,1
R003486,male,2,urban,none,0,0,0,0,1,0,0,0,0,1,1
R003487,female,1,urban,secondary,1,2,0,0,0,0,0,0,0,0,1
R003488,female,5,urban,secondary,1,12,0,1,0,0,0,0,0,0,1
R003489,male,1,rural,secondary,0,0,0,0,1,1,0,0,1,0,1
R003490,male,3,urban,primary,1,1,0,1,0,0,0,0,0,0,1
R003491,female,4,urban,secondary,1,5,1,1,0,0,0,0,0,1,1
R003492,female,5,urban,none,1,12,1,1,0,0,0,0,0,1,1
R003493,female,5,urban,secondary,1,2,0,1,0,0,0,0,0,1,1
R003494,male,3,urban,secondary,1,1,1,0,0,0,0,0,0,1,0
R003495,female,4,rural,secondary,0,0,0,0,1,0,1,0,1,1,1
R003496,male,1,urban,primary,1,2,0,1,0,0,0,0,0,0,0
R003497,male,4,rural,secondary,1,5,0,0,0,0,0,0,0,1,0
R003498,male,1,rural,tertiary,1,0,0,0,0,0,0,0,0,0,0
R003499,male,2,urban,secondary,1,1,0,0,0,0,0,0,0,1,0
R003500,male,1,urban,secondary,1,12,1,0,0,0,0,0,0,0,1
R003501,female,4,rural,primary,0,0,0,0,1,0,0,0,0,0,1
R003502,female,4,rural,tertiary,1,5,0,1,0,0,0,0,0,1,0
R003503,male,4,rural,tertiary,1,30,1,0,0,0,0,0,0,1,1
R003504,male,3,urban,secondary,1,0,0,0,0,0,0,0,0,1,0
R003505,male,5,rural,secondary,1,2,0,0,0,0,0,0,0,1,1
R003506,female,5,rural,secondary,0,0,0,0,0,0,1,0,1,1,0
R003507,female,1,urban,primary,1,0,0,0,0,0,0,0,0,0,1
R003508,female,2,urban,secondary,0,0,0,0,0,0,0,0,0,0,0
R003509,male,4,urban,secondary,0,0,0,0,0,0,0,0,0,0,1
R003510,female,4,urban,secondary,1,5,0,0,0,0,0,0,0,1,1
R003511,male,1,urban,primary,1,5,0,1,0,0,0,0,0,1,1
R003512,female,1,urban,none,0,0,0,0,1,0,0,1,0,0,0
R003513,female,5,rural,primary,1,2,0,1,0,0,0,0,0,0,1
R003514,male,4,urban,secondary,1,5,0,0,0,0,0,0,0,0,1
R003515,male,3,urban,secondary,1,2,0,0,0,0,0,0,0,0,1
R003516,female,5,urban,secondary,1,30,0,1,0,0,0,0,0,0,1
R003517,male,3,rural,secondary,1,2,1,1,0,0,0,0,0,1,0
R003518,male,3,rural,secondary,1,5,0,1,0,0,0,0,0,1,1
R003519,female,2,urban,secondary,1,5,1,0,0,0,0,0,0,1,1
R003520,female,4,rural,tertiary,1,1,0,1,0,0,0,0,0,0,1
R003521,male,1,urban,primary,1,2,0,0,0,0,0,0,0,0,1
R003522,male,1,urban,tertiary,1,2,0,0,0,0,0,0,0,1,0
R003523,female,5,urban,secondary,1,2,0,1,0,0,0,0,0,1,1
R003524,female,4,rural,tertiary,0,0,0,0,0,1,0,1,1,1,1
R003525,female,2,rural,tertiary,1,0,0,1,0,0,0,0,0,1,0
R003526,female,3,urban,primary,1,12,0,0,0,0,0,0,0,1,1
R003527,male,4,rural,primary,1,30,0,1,0,0,0,0,0,0,0
R003528,male,5,urban,secondary,1,1,1,1,0,0,0,0,0,1,1
R003529,male,1,urban,tertiary,1,5,1,0,0,0,0,0,0,0,0
R003530,male,5,rural,primary,0,0,0,0,1,0,1,0,0,1,1
R003531,female,1,urban,secondary,0,0,0,0,1,0,1,0,1,1,1
R003532,female,2,rural,primary,0,0,0,0,0,1,0,0,0,1,1
R003533,female,1,urban,secondary,0,0,0,0,1,0,0,1,1,0,0
R003534,female,2,urban,tertiary,1,12,0,0,0,0,0,0,0,0,1
R003535,male,2,urban,primary,1,30,0,0,0,0,0,0,0,0,1
R003536,male,4,urban,tertiary,1,5,0,0,0,0,0,0,0,1,1
R003537,male,2,urban,secondary,1,2,1,1,0,0,0,0,0,0,1
R003538,female,2,urban,primary,0,0,0,0,0,0,1,0,1,0,1
R003539,female,4,urban,secondary,1,1,0,1,0,0,0,0,0,1,1
R003540,female,1,rural,secondary,1,1,0,0,0,0,0,0,0,0,0
R003541,female,1,rural,primary,1,30,0,1,0,0,0,0,0,0,1
R003542,female,3,rural,secondary,1,12,0,0,0,0,0,0,0,1,1
R003543,female,1,urban,secondary,1,5,0,0,0,0,0,0,0,0,1
R003544,female,1,urban,primary,1,2,0,0,0,0,0,0,0,1,0
R003545,female,3,urban,primary,1,2,0,0,0,0,0,0,0,0,1
R003546,female,3,rural,primary,0,0,0,0,1,1,0,0,0,1,0
R003547,male,5,urban,primary,1,30,1,0,0,0,0,0,0,1,1
R003548,male,3,urban,primary,1,2,0,0,0,0,0,0,0,1,1
R003549,female,1,urban,none,1,5,0,0,0,0,0,0,0,0,0
R003550,male,5,urban,none,1,1,0,1,0,0,0,0,0,1,1
R003551,male,5,urban,secondary,1,30,0,1,0,0,0,0,0,1,1
R003552,female,5,rural,secondary,1,1,0,1,0,0,0,0,0,1,1
R003553,male,1,urban,secondary,1,12,0,0,0,0,0,0,0,1,1
R003554,male,2,rural,primary,1,12,0,0,0,0,0,0,0,1,0
R003555,male,1,rural,tertiary,1,30,0,0,0,0,0,0,0,0,0
R003556,female,5,urban,none,1,0,0,0,0,0,0,0,0,0,1
R003557,male,2,rural,tertiary,1,5,0,0,0,0,0,0,0,1,0
R003558,male,2,urban,tertiary,1,5,0,0,0,0,0,0,0,0,0
R003559,female,1,rural,secondary,1,5,0,1,0,0,0,0,0,1,1
R003560,female,3,rural,tertiary,1,0,0,0,0,0,0,0,0,1,1
R003561,female,1,urban,secondary,1,1,0,0,0,0,0,0,0,0,0
R003562,male,3,urban,primary,1,5,0,0,0,0,0,0,0,1,0
R003563,female,1,urban,secondary,0,0,0,0,1,1,1,0,0,0,0
R003564,male,2,rural,primary,0,0,0,0,1,1,1,0,1,1,0
R003565,male,4,urban,tertiary,1,1,0,0,0,0,0,0,0,1,1
R003566,female,5,rural,secondary,1,30,0,1,0,0,0,0,0,1,1
R003567,male,4,rural,secondary,1,1,0,1,0,0,0,0,0,1,1
R003568,female,2,rural,secondary,1,1,1,0,0,0,0,0,0,0,0
R003569,female,1,urban,secondary,1,5,0,0,0,0,0,0,0,1,1
R003570,male,2,rural,secondary,1,5,0,0,0,0,0,0,0,0,1
R003571,female,4,urban,primary,1,0,0,1,0,0,0,0,0,1,1
R003572,female,2,rural,secondary,1,30,0,0,0,0,0,0,0,1,0
R003573,male,1,urban,tertiary,1,12,0,0,0,0,0,0,0,0,0
R003574,female,2,rural,tertiary,1,2,0,0,0,0,0,0,0,1,1
R003575,female,5,urban,primary,0,0,0,0,1,0,0,1,1,1,1
R003576,female,3,rural,primary,1,2,1,1,0,0,0,0,0,1,1
R003577,female,1,urban,secondary,0,0,0,0,0,0,0,0,0,1,0
R003578,female,2,rural,secondary,0,0,0,0,0,0,0,0,0,0,1
R003579,male,2,rural,none,1,5,1,0,0,0,0,0,0,0,1
R003580,female,2,urban,primary,0,0,0,0,0,0,0,0,0,0,1
R003581,male,1,urban,secondary,1,30,0,0,0,0,0,0,0,0,0
R003582,female,1,urban,tertiary,1,5,0,1,0,0,0,0,0,1,1
R003583,male,1,urban,primary,1,1,1,0,0,0,0,0,0,0,0
R003584,female,1,urban,primary,0,0,0,0,1,0,1,1,0,0,0
R003585,male,5,urban,primary,1,0,0,1,0,0,0,0,0,0,1
R003586,female,1,rural,primary,0,0,0,0,1,0,0,0,0,1,0
R003587,female,2,urban,secondary,1,12,1,1,0,0,0,0,0,0,0
R003588,male,5,urban,none,1,30,1,1,0,0,0,0,0,1,0
R003589,male,2,rural,primary,1,1,0,0,0,0,0,0,0,1,0
R003590,female,2,urban,secondary,1,30,0,1,0,0,0,0,0,0,1
R003591,female,2,rural,primary,0,0,0,0,1,0,0,1,1,0,0
R003592,male,4,rural,secondary,1,5,0,0,0,0,0,0,0,1,1
R003593,male,3,urban,secondary,1,5,0,1,0,0,0,0,0,1,1
R003594,male,3,rural,secondary,1,12,1,1,0,0,0,0,0,1,0
R003595,male,4,urban,secondary,1,0,0,0,0,0,0,0,0,1,0
R003596,female,1,rural,tertiary,1,12,1,0,0,0,0,0,0,0,1
R003597,female,5,urban,primary,1,5,0,0,0,0,0,0,0,1,1
R003598,male,2,rural,tertiary,1,2,0,1,0,0,0,0,0,1,1
R003599,male,2,urban,secondary,1,12,0,0,0,0,0,0,0,1,1
R003600,male,1,urban,primary,0,0,0,0,0,0,0,0,1,0,1
R003601,male,3,urban,secondary,1,5,0,0,0,0,0,0,0,1,1
R003602,male,4,urban,secondary,1,12,1,0,0,0,0,0,0,1,1
R003603,female,2,urban,primary,1,5,0,0,0,0,0,0,0,1,0
R003604,female,2,rural,secondary,0,0,0,0,1,1,0,0,0,1,1
R003605,male,1,urban,primary,0,0,0,0,1,0,0,1,1,1,0
R003606,male,2,urban,secondary,1,5,0,0,0,0,0,0,0,0,0
R003607,male,1,rural,secondary,1,12,0,0,0,0,0,0,0,0,0
R003608,female,4,rural,secondary,1,30,0,1,0,0,0,0,0,0,1
R003609,female,3,urban,primary,0,0,0,0,1,0,0,1,0,1,1
R003610,female,5,urban,secondary,1,0,1,1,0,0,0,0,0,0,1
R003611,male,2,urban,tertiary,1,12,0,0,0,0,0,0,0,1,1
R003612,male,1,rural,tertiary,1,12,0,0,0,0,0,0,0,0,0
R003613,female,4,rural,secondary,1,12,1,0,0,0,0,0,0,0,0
R003614,male,2,urban,secondary,1,1,0,0,0,0,0,0,0,0,1
R003615,female,3,urban,secondary,1,1,1,1,0,0,0,0,0,1,0
R003616,male,2,rural,secondary,0,0,0,0,0,0,1,0,0,1,0
R003617,female,1,urban,primary,1,1,0,1,0,0,0,0,0,0,1
R003618,female,4,rural,none,1,1,0,0,0,0,0,0,0,1,1
R003619,female,2,rural,secondary,0,0,0,0,1,0,1,0,1,0,1
R003620,male,4,urban,secondary,1,5,1,1,0,0,0,0,0,1,1
R003621,female,5,urban,primary,1,12,0,1,0,0,0,0,0,1,1
R003622,female,2,rural,none,0,0,0,0,0,1,0,1,0,0,0
R003623,male,5,rural,secondary,1,1,0,1,0,0,0,0,0,1,0
R003624,female,1,urban,secondary,0,0,0,0,1,0,0,0,1,0,0
R003625,male,5,rural,primary,0,0,0,0,1,1,1,1,1,1,0
R003626,female,2,urban,tertiary,1,2,0,0,0,0,0,0,0,0,0
R003627,male,3,rural,primary,0,0,0,0,1,0,0,0,1,0,0
R003628,male,4,urban,primary,1,5,0,0,0,0,0,0,0,1,0
R003629,female,5,urban,secondary,1,12,0,1,0,0,0,0,0,0,0
R003630,female,2,urban,secondary,0,0,0,0,0,0,0,0,1,1,1
R003631,male,2,rural,secondary,0,0,0,0,0,0,0,0,1,0,1
R003632,male,1,urban,secondary,1,2,0,0,0,0,0,0,0,1,0
R003633,female,5,rural,none,0,0,0,0,1,0,1,0,1,1,1
R003634,male,5,urban,secondary,1,0,1,1,0,0,0,0,0,1,1
R003635,female,2,rural,secondary,0,0,0,0,1,0,0,0,1,1,0
R003636,male,3,rural,secondary,1,2,1,0,0,0,0,0,0,1,0
R003637,male,4,urban,secondary,1,12,0,1,0,0,0,0,0,1,1
R003638,female,3,urban,primary,1,1,0,1,0,0,0,0,0,0,0
R003639,female,3,urban,secondary,1,30,0,0,0,0,0,0,0,0,1
R003640,female,4,rural,secondary,1,12,0,1,0,0,0,0,0,1,1
R003641,female,1,urban,tertiary,1,5,0,0,0,0,0,0,0,0,1
R003642,male,3,rural,secondary,1,2,0,0,0,0,0,0,0,1,0
R003643,female,1,rural,primary,0,0,0,0,1,0,0,0,1,0,0
R003644,female,3,rural,primary,0,0,0,0,0,1,0,0,0,0,1
R003645,male,3,urban,primary,1,5,0,1,0,0,0,0,0,0,1
R003646,male,2,rural,secondary,1,0,0,0,0,0,0,0,0,1,0
R003647,male,2,rural,tertiary,1,1,0,0,0,0,0,0,0,1,1
R003648,female,1,urban,primary,1,5,0,0,0,0,0,0,0,0,1
R003649,male,2,urban,secondary,1,5,0,1,0,0,0,0,0,0,1
R003650,male,3,urban,secondary,1,5,0,1,0,0,0,0,0,0,1
R003651,male,2,urban,secondary,1,2,0,0,0,0,0,0,0,0,0
R003652,male,2,urban,primary,1,2,0,0,0,0,0,0,0,0,1
R003653,female,2,rural,tertiary,1,30,0,0,0,0,0,0,0,0,1
R003654,male,1,urban,secondary,1,5,0,0,0,0,0,0,0,0,1
R003655,female,3,urban,tertiary,1,12,0,1,0,0,0,0,0,1,1
R003656,female,5,rural,secondary,1,12,0,0,0,0,0,0,0,1,0
R003657,female,5,rural,tertiary,1,5,1,0,0,0,0,0,0,1,1
R003658,male,4,urban,secondary,1,12,0,0,0,0,0,0,0,1,0
R003659,male,5,rural,secondary,1,2,1,0,0,0,0,0,0,0,1
R003660,male,1,urban,secondary,1,5,0,0,0,0,0,0,0,0,0
R003661,female,4,urban,tertiary,1,2,1,1,0,0,0,0,0,1,0
R003662,female,3,urban,secondary,1,2,0,0,0,0,0,0,0,1,0
R003663,female,2,rural,secondary,0,0,0,0,1,1,1,0,1,1,0
R003664,female,3,urban,none,0,0,0,0,1,1,1,0,1,0,1
R003665,female,4,urban,primary,0,0,0,0,1,0,0,0,1,1,1
R003666,female,3,urban,secondary,1,5,1,0,0,0,0,0,0,1,1
R003667,female,5,urban,secondary,0,0,0,0,0,0,0,0,1,1,1
R003668,male,4,urban,tertiary,1,30,0,1,0,0,0,0,0,1,1
R003669,male,1,urban,tertiary,1,5,0,0,0,0,0,0,0,0,0
R003670,male,2,urban,secondary,1,2,0,0,0,0,0,0,0,0,0
R003671,female,1,rural,secondary,0,0,0,0,1,1,0,0,0,0,0
R003672,female,5,urban,primary,1,5,1,0,0,0,0,0,0,1,1
R003673,male,3,rural,primary,0,0,0,0,0,0,0,0,0,0,0
R003674,male,5,urban,primary,1,2,1,1,0,0,0,0,0,1,1
R003675,female,3,urban,none,1,12,0,0,0,0,0,0,0,0,0
R003676,female,1,rural,primary,0,0,0,0,1,0,1,1,1,1,0
R003677,female,1,urban,secondary,0,0,0,0,1,0,0,0,1,1,0
R003678,female,3,urban,primary,1,5,0,0,0,0,0,0,0,0,1
R003679,female,2,urban,secondary,0,0,0,0,0,1,1,1,1,0,1
R003680,male,2,urban,none,0,0,0,0,1,0,0,0,1,0,0
R003681,male,5,rural,primary,1,12,0,0,0,0,0,0,0,1,0
R003682,male,1,rural,primary,1,1,0,0,0,0,0,0,0,0,1
R003683,male,5,rural,primary,0,0,0,0,1,1,1,1,0,1,1
R003684,female,3,rural,tertiary,1,2,0,0,0,0,0,0,0,0,1
R003685,male,4,urban,secondary,1,2,1,1,0,0,0,0,0,1,1
R003686,female,5,rural,tertiary,0,0,0,0,0,1,0,1,1,0,0
R003687,male,2,rural,secondary,0,0,0,0,0,1,0,1,1,0,1
R003688,female,2,rural,primary,1,12,0,0,0,0,0,0,0,0,0
R003689,male,2,urban,secondary,1,12,0,0,0,0,0,0,0,1,0
R003690,female,1,urban,tertiary,1,0,0,1,0,0,0,0,0,1,1
R003691,male,2,rural,none,1,5,0,0,0,0,0,0,0,1,1
R003692,female,2,rural,tertiary,1,1,0,1,0,0,0,0,0,1,0
R003693,male,1,urban,secondary,0,0,0,0,1,0,1,0,0,0,0
R003694,female,1,rural,tertiary,1,1,1,0,0,0,0,0,0,0,1
R003695,female,5,urban,tertiary,1,0,0,1,0,0,0,0,0,1,1
R003696,female,2,urban,secondary,1,12,0,0,0,0,0,0,0,0,0
R003697,female,1,urban,none,1,12,0,1,0,0,0,0,0,0,1
R003698,male,1,rural,tertiary,1,2,0,0,0,0,0,0,0,0,0
R003699,female,2,urban,secondary,1,12,0,0,0,0,0,0,0,0,1
R003700,female,4,urban,primary,1,1,1,0,0,0,0,0,0,1,1
R003701,female,2,urban,primary,1,1,0,0,0,0,0,0,0,0,1
R003702,male,5,rural,primary,1,0,0,0,0,0,0,0,0,0,1
R003703,male,4,rural,tertiary,0,0,0,0,1,1,0,1,0,0,1
R003704,female,1,urban,secondary,1,2,0,1,0,0,0,0,0,1,1
R003705,male,4,rural,secondary,1,0,0,0,0,0,0,0,0,1,0
R003706,male,2,urban,tertiary,1,2,0,0,0,0,0,0,0,1,0
R003707,female,4,rural,secondary,1,30,1,1,0,0,0,0,0,0,1
R003708,female,5,rural,secondary,1,12,1,0,0,0,0,0,0,0,0
R003709,female,2,rural,secondary,0,0,0,0,0,0,0,0,1,1,0
R003710,male,3,urban,primary,1,0,1,0,0,0,0,0,0,1,1
R003711,male,5,urban,secondary,1,5,0,0,0,0,0,0,0,1,1
R003712,male,2,rural,secondary,1,5,0,0,0,0,0,0,0,0,1
R003713,male,4,urban,primary,1,1,0,0,0,0,0,0,0,1,0
R003714,female,3,urban,primary,1,5,0,1,0,0,0,0,0,0,1
R003715,female,5,urban,tertiary,1,30,0,0,0,0,0,0,0,1,1
R003716,male,2,urban,primary,1,5,0,0,0,0,0,0,0,1,1
R003717,female,3,urban,secondary,1,2,1,1,0,0,0,0,0,0,0
R003718,female,2,urban,none,1,1,0,1,0,0,0,0,0,1,1
R003719,male,5,urban,secondary,1,30,0,0,0,0,0,0,0,0,1
R003720,female,1,rural,tertiary,1,0,0,0,0,0,0,0,0,0,0
R003721,female,2,rural,none,0,0,0,0,0,0,1,0,1,0,1
R003722,male,3,rural,secondary,1,5,0,1,0,0,0,0,0,1,1
R003723,female,4,rural,primary,1,2,0,1,0,0,0,0,0,1,1
R003724,male,1,urban,secondary,1,1,0,0,0,0,0,0,0,0,0
R003725,male,2,urban,primary,1,30,0,0,0,0,0,0,0,1,1
R003726,male,2,rural,tertiary,1,30,0,1,0,0,0,0,0,1,0
R003727,female,1,urban,secondary,0,0,0,0,0,1,0,0,1,0,1
R003728,male,4,urban,none,1,12,1,1,0,0,0,0,0,1,1
R003729,female,3,urban,secondary,1,5,0,1,0,0,0,0,0,1,1
R003730,male,1,rural,tertiary,0,0,0,0,1,1,1,0,1,1,1
R003731,female,4,rural,tertiary,1,5,0,0,0,0,0,0,0,1,1
R003732,male,4,rural,primary,1,12,0,1,0,0,0,0,0,1,0
R003733,male,2,urban,secondary,1,1,0,0,0,0,0,0,0,1,1
R003734,male,5,rural,tertiary,1,2,0,0,0,0,0,0,0,1,1
R003735,female,2,rural,secondary,1,12,0,0,0,0,0,0,0,0,0
R003736,female,5,urban,none,1,1,1,0,0,0,0,0,0,1,1
R003737,female,3,urban,secondary,1,5,1,0,0,0,0,0,0,0,0
R003738,female,1,urban,none,0,0,0,0,1,1,0,0,0,1,0
R003739,male,3,urban,secondary,0,0,0,0,0,0,1,0,0,1,0
R003740,female,4,urban,none,1,0,0,0,0,0,0,0,0,1,1
R003741,male,2,urban,secondary,0,0,0,0,1,0,1,1,1,0,0
R003742,female,3,rural,secondary,1,30,1,1,0,0,0,0,0,1,0
R003743,male,3,urban,tertiary,1,30,0,0,0,0,0,0,0,1,1
R003744,female,4,urban,primary,0,0,0,0,0,0,1,1,1,1,0
R003745,female,1,urban,tertiary,1,1,0,0,0,0,0,0,0,0,1
R003746,female,1,urban,none,0,0,0,0,1,0,0,0,0,1,1
R003747,female,2,urban,secondary,1,5,0,0,0,0,0,0,0,1,0
R003748,male,2,urban,secondary,1,2,0,0,0,0,0,0,0,1,1
R003749,female,4,urban,primary,1,0,1,0,0,0,0,0,0,1,1
R003750,female,5,urban,secondary,1,1,1,1,0,0,0,0,0,1,1
R003751,male,3,urban,primary,0,0,0,0,1,0,0,0,0,0,1
R003752,female,2,urban,secondary,1,2,0,0,0,0,0,0,0,0,0
R003753,male,2,urban,secondary,1,2,1,1,0,0,0,0,0,0,1
R003754,female,2,rural,secondary,1,1,0,0,0,0,0,0,0,0,1
R003755,male,2,urban,secondary,1,2,0,0,0,0,0,0,0,1,1
R003756,female,3,urban,secondary,1,12,0,0,0,0,0,0,0,0,1
R003757,male,5,urban,tertiary,1,5,0,1,0,0,0,0,0,0,1
R003758,male,1,rural,primary,1,30,0,0,0,0,0,0,0,0,0
R003759,female,2,rural,secondary,1,30,0,0,0,0,0,0,0,1,0
R003760,female,3,urban,tertiary,1,1,0,0,0,0,0,0,0,0,1
R003761,female,3,urban,secondary,1,30,0,0,0,0,0,0,0,1,1
R003762,female,3,urban,tertiary,1,30,1,0,0,0,0,0,0,0,0
R003763,female,4,rural,secondary,1,2,0,0,0,0,0,0,0,1,1
R003764,male,1,urban,none,1,2,0,0,0,0,0,0,0,0,0
R003765,female,1,rural,none,0,0,0,0,1,1,0,1,0,1,0
R003766,female,2,rural,primary,1,5,1,0,0,0,0,0,0,1,0
R003767,female,5,urban,secondary,1,5,1,0,0,0,0,0,0,1,1
R003768,female,3,urban,primary,1,1,0,0,0,0,0,0,0,1,1
R003769,female,3,urban,secondary,0,0,0,0,0,1,1,0,0,1,1
R003770,female,3,urban,primary,1,1,0,0,0,0,0,0,0,1,0
R003771,female,4,rural,tertiary,1,5,1,1,0,0,0,0,0,1,1
R003772,male,2,rural,secondary,1,1,0,0,0,0,0,0,0,1,1
R003773,female,4,urban,tertiary,1,5,0,1,0,0,0,0,0,0,1
R003774,male,1,rural,secondary,1,2,0,0,0,0,0,0,0,0,0
R003775,female,2,urban,secondary,0,0,0,0,0,1,0,1,1,1,1
R003776,male,1,rural,none,0,0,0,0,0,0,0,1,1,0,1
R003777,female,4,urban,secondary,0,0,0,0,0,0,0,0,1,1,1
R003778,female,3,rural,tertiary,1,2,1,0,0,0,0,0,0,1,0
R003779,female,3,urban,secondary,1,12,1,0,0,0,0,0,0,1,1
R003780,female,4,rural,secondary,1,12,1,0,0,0,0,0,0,1,1
R003781,female,2,rural,secondary,1,1,0,0,0,0,0,0,0,0,0
R003782,female,1,rural,secondary,1,2,0,1,0,0,0,0,0,0,0
R003783,female,5,urban,secondary,1,30,0,1,0,0,0,0,0,1,1
R003784,male,1,rural,secondary,0,0,0,0,1,0,0,0,1,1,1
R003785,male,4,rural,primary,1,1,0,0,0,0,0,0,0,0,1
R003786,male,2,rural,secondary,0,0,0,0,0,0,0,0,1,1,1
R003787,female,2,urban,secondary,0,0,0,0,0,0,0,1,0,0,0
R003788,female,3,urban,secondary,1,30,0,0,0,0,0,0,0,0,1
R003789,male,4,rural,primary,0,0,0,0,0,0,1,1,0,1,1
R003790,male,3,urban,secondary,1,2,1,1,0,0,0,0,0,0,1
R003791,male,2,rural,primary,0,0,0,0,1,1,0,0,0,0,1
R003792,male,3,urban,none,1,30,0,0,0,0,0,0,0,1,1
R003793,male,2,rural,secondary,1,2,0,1,0,0,0,0,0,0,0
R003794,female,1,rural,secondary,0,0,0,0,1,0,0,0,1,0,1
R003795,male,2,urban,tertiary,1,12,0,0,0,0,0,0,0,0,0
R003796,male,1,urban,primary,1,1,0,0,0,0,0,0,0,1,1
R003797,male,2,urban,secondary,1,30,0,0,0,0,0,0,0,1,1
R003798,male,2,urban,secondary,1,2,0,1,0,0,0,0,0,0,0
R003799,female,1,rural,tertiary,1,5,1,0,0,0,0,0,0,0,0
R003800,male,4,rural,primary,0,0,0,0,0,1,0,1,1,0,1
R003801,male,1,urban,secondary,1,12,0,0,0,0,0,0,0,0,0
R003802,female,2,urban,primary,0,0,0,0,1,1,0,1,0,1,1
R003803,female,1,urban,tertiary,1,5,0,0,0,0,0,0,0,1,0
R003804,male,2,urban,tertiary,1,0,0,0,0,0,0,0,0,0,0
R003805,female,5,urban,none,1,5,0,0,0,0,0,0,0,1,1
R003806,female,3,urban,primary,1,2,0,0,0,0,0,0,0,0,0
R003807,female,1,urban,tertiary,1,12,0,0,0,0,0,0,0,0,0
R003808,female,4,rural,primary,1,30,0,0,0,0,0,0,0,1,1
R003809,female,3,urban,primary,1,12,0,1,0,0,0,0,0,1,0
R003810,female,2,rural,primary,0,0,0,0,0,0,0,0,1,1,1
R003811,male,3,urban,secondary,1,1,0,0,0,0,0,0,0,1,0
R003812,female,1,rural,tertiary,1,1,0,0,0,0,0,0,0,1,0
R003813,female,2,urban,none,0,0,0,0,1,0,1,0,0,1,1
R003814,male,3,rural,secondary,1,1,0,0,0,0,0,0,0,1,0
R003815,female,4,urban,none,1,12,0,0,0,0,0,0,0,1,0
R003816,male,5,rural,primary,1,12,0,0,0,0,0,0,0,1,1
R003817,female,1,rural,primary,1,12,0,0,0,0,0,0,0,1,0
R003818,male,2,urban,tertiary,1,5,0,0,0,0,0,0,0,0,0
R003819,male,1,rural,none,1,1,1,0,0,0,0,0,0,0,1
R003820,female,3,urban,secondary,1,5,0,0,0,0,0,0,0,1,0
R003821,male,3,rural,tertiary,0,0,0,0,1,1,0,1,1,0,0
R003822,female,2,rural,primary,1,30,0,0,0,0,0,0,0,1,1
R003823,female,3,urban,primary,1,12,0,1,0,0,0,0,0,0,1
R003824,male,1,urban,none,1,5,0,0,0,0,0,0,0,1,1
R003825,male,5,urban,secondary,1,2,1,0,0,0,0,0,0,1,0
R003826,female,1,rural,secondary,1,2,0,0,0,0,0,0,0,1,0
R003827,female,2,urban,primary,0,0,0,0,1,0,0,0,1,0,1
R003828,female,1,urban,none,0,0,0,0,1,0,0,0,1,0,0
R003829,female,5,urban,tertiary,1,5,1,0,0,0,0,0,0,1,1
R003830,male,5,rural,none,1,12,0,1,0,0,0,0,0,1,1
R003831,female,1,urban,primary,1,5,0,0,0,0,0,0,0,0,0
R003832,male,5,urban,none,1,1,1,0,0,0,0,0,0,1,0
R003833,female,2,urban,tertiary,1,30,0,0,0,0,0,0,0,1,0
R003834,female,3,urban,secondary,1,2,0,0,0,0,0,0,0,1,1
R003835,male,5,urban,secondary,1,5,0,1,0,0,0,0,0,1,1
R003836,male,1,rural,secondary,0,0,0,0,1,0,1,1,0,0,0
R003837,male,2,urban,primary,1,30,1,0,0,0,0,0,0,0,1
R003838,female,2,urban,primary,0,0,0,0,0,0,1,1,1,1,0
R003839,male,1,rural,secondary,0,0,0,0,1,0,1,1,1,0,1
R003840,male,3,urban,primary,1,30,0,1,0,0,0,0,0,1,1
R003841,male,4,urban,none,1,1,1,1,0,0,0,0,0,1,0
R003842,male,5,urban,none,1,5,1,1,0,0,0,0,0,1,1
R003843,male,3,rural,secondary,0,0,0,0,0,0,0,0,1,1,0
R003844,female,1,rural,primary,0,0,0,0,0,1,0,0,1,0,0
R003845,male,2,rural,primary,0,0,0,0,1,0,0,1,0,0,0
R003846,female,2,rural,secondary,1,30,0,1,0,0,0,0,0,0,1
R003847,female,3,urban,primary,0,0,0,0,0,0,0,0,1,0,1
R003848,female,1,rural,none,0,0,0,0,0,0,0,0,0,0,1
R003849,female,5,urban,secondary,1,0,1,0,0,0,0,0,0,1,1
R003850,male,2,rural,primary,0,0,0,0,0,0,1,0,1,1,1
R003851,male,1,urban,tertiary,1,2,0,1,0,0,0,0,0,0,0
R003852,male,1,urban,none,1,30,0,0,0,0,0,0,0,0,1
R003853,female,1,rural,primary,1,5,1,0,0,0,0,0,0,0,1
R003854,male,3,urban,tertiary,1,2,1,0,0,0,0,0,0,1,1
R003855,female,4,rural,none,0,0,0,0,1,0,1,0,1,0,1
R003856,male,2,rural,primary,0,0,0,0,0,1,0,0,1,1,1
R003857,female,5,urban,tertiary,1,2,1,1,0,0,0,0,0,0,1
R003858,female,4,urban,primary,1,0,0,1,0,0,0,0,0,0,0
R003859,male,4,urban,tertiary,1,1,0,1,0,0,0,0,0,1,1
R003860,female,1,urban,secondary,1,30,0,0,0,0,0,0,0,1,1
R003861,female,2,urban,secondary,1,5,1,1,0,0,0,0,0,1,1
R003862,female,2,urban,secondary,1,2,0,0,0,0,0,0,0,1,1
R003863,male,5,rural,primary,1,5,0,1,0,0,0,0,0,1,1
R003864,female,3,rural,tertiary,1,1,1,0,0,0,0,0,0,1,0
R003865,male,3,urban,none,1,12,0,1,0,0,0,0,0,0,1
R003866,male,3,urban,secondary,1,5,0,1,0,0,0,0,0,1,1
R003867,female,1,rural,secondary,0,0,0,0,0,0,0,0,0,0,0
R003868,male,3,rural,primary,1,0,0,0,0,0,0,0,0,0,1
R003869,female,1,rural,primary,0,0,0,0,1,1,1,0,0,0,0
R003870,female,5,rural,tertiary,1,0,1,0,0,0,0,0,0,1,0
R003871,male,1,rural,tertiary,0,0,0,0,0,1,0,0,1,0,1
R003872,female,1,urban,secondary,1,30,0,0,0,0,0,0,0,0,1
R003873,female,3,urban,secondary,1,0,0,0,0,0,0,0,0,1,1
R003874,female,2,urban,primary,1,30,0,0,0,0,0,0,0,1,0
R003875,female,1,urban,none,0,0,0,0,1,1,1,0,1,1,0
R003876,male,2,urban,secondary,1,2,0,1,0,0,0,0,0,0,0
R003877,male,5,urban,tertiary,1,30,1,0,0,0,0,0,0,1,0
R003878,female,1,rural,secondary,0,0,0,0,1,1,0,0,1,1,0
R003879,female,1,rural,secondary,0,0,0,0,1,0,0,0,0,1,0
R003880,male,3,urban,secondary,1,5,0,0,0,0,0,0,0,1,1
R003881,female,2,rural,primary,0,0,0,0,0,1,1,1,1,0,0
R003882,male,2,rural,primary,0,0,0,0,1,0,0,0,0,1,0
R003883,male,4,rural,tertiary,1,0,0,1,0,0,0,0,0,1,0
R003884,female,1,urban,secondary,1,12,0,0,0,0,0,0,0,0,1
R003885,male,1,rural,primary,1,0,0,1,0,0,0,0,0,0,0
R003886,male,2,rural,primary,0,0,0,0,1,0,0,0,1,1,0
R003887,male,2,urban,primary,1,5,0,0,0,0,0,0,0,1,1
R003888,male,3,urban,primary,1,12,1,0,0,0,0,0,0,1,0
R003889,male,2,urban,secondary,1,0,0,1,0,0,0,0,0,1,0
R003890,male,5,rural,primary,1,2,1,1,0,0,0,0,0,1,0
R003891,female,3,urban,secondary,1,1,0,0,0,0,0,0,0,0,0
R003892,male,3,urban,none,0,0,0,0,1,0,0,0,0,1,1
R003893,female,1,urban,tertiary,1,0,0,0,0,0,0,0,0,0,0
R003894,male,1,urban,primary,0,0,0,0,1,0,1,0,1,0,0
R003895,male,4,urban,primary,0,0,0,0,0,0,0,0,0,0,1
R003896,female,2,urban,secondary,1,1,0,1,0,0,0,0,0,0,0
R003897,male,2,urban,none,1,5,0,0,0,0,0,0,0,0,1
R003898,male,1,urban,none,0,0,0,0,0,0,0,0,0,0,1
R003899,male,4,urban,secondary,1,0,1,0,0,0,0,0,0,1,0
R003900,male,1,rural,tertiary,1,5,0,0,0,0,0,0,0,1,0
R003901,male,3,urban,secondary,1,2,0,1,0,0,0,0,0,0,1
R003902,male,2,urban,none,1,2,0,0,0,0,0,0,0,1,0
R003903,female,4,urban,primary,1,5,0,1,0,0,0,0,0,1,1
R003904,male,3,urban,tertiary,1,1,0,0,0,0,0,0,0,1,1
R003905,female,2,urban,secondary,1,2,0,0,0,0,0,0,0,0,1
R003906,female,3,rural,none,1,30,0,0,0,0,0,0,0,1,1
R003907,female,3,urban,secondary,1,5,1,0,0,0,0,0,0,1,1
R003908,female,3,urban,secondary,1,5,1,0,0,0,0,0,0,1,1
R003909,male,1,urban,primary,1,1,0,0,0,0,0,0,0,0,1
R003910,male,1,urban,secondary,0,0,0,0,1,0,1,0,0,0,0
R003911,female,5,rural,secondary,1,0,0,1,0,0,0,0,0,1,1
R003912,male,1,urban,tertiary,1,2,1,0,0,0,0,0,0,0,1
R003913,male,4,urban,secondary,1,2,1,0,0,0,0,0,0,1,0
R003914,female,1,rural,secondary,1,2,0,1,0,0,0,0,0,0,0
R003915,male,3,urban,none,1,5,0,1,0,0,0,0,0,1,1
R003916,female,2,urban,secondary,0,0,0,0,1,0,1,1,0,0,1
R003917,female,5,urban,primary,1,5,0,1,0,0,0,0,0,1,1
R003918,female,2,urban,none,0,0,0,0,0,0,0,0,1,0,0
R003919,female,3,rural,none,1,1,1,1,0,0,0,0,0,0,1
R003920,female,1,urban,secondary,1,12,0,0,0,0,0,0,0,1,1
R003921,female,1,urban,secondary,1,1,0,0,0,0,0,0,0,0,0
R003922,male,1,urban,primary,0,0,0,0,1,0,0,1,0,1,0
R003923,female,2,rural,secondary,0,0,0,0,0,1,0,0,1,0,1
R003924,female,1,urban,primary,0,0,0,0,1,0,1,1,0,0,1
R003925,female,2,urban,primary,1,0,1,0,0,0,0,0,0,0,0
R003926,female,2,urban,tertiary,0,0,0,0,1,0,0,0,1,1,1
R003927,male,4,rural,tertiary,1,30,0,1,0,0,0,0,0,1,0
R003928,female,2,rural,primary,1,2,0,0,0,0,0,0,0,1,1
R003929,female,4,rural,secondary,0,0,0,0,0,1,1,0,1,0,1
R003930,female,4,urban,none,1,12,0,0,0,0,0,0,0,1,1
R003931,male,3,urban,none,0,0,0,0,0,0,0,0,0,1,1
R003932,female,3,urban,tertiary,0,0,0,0,1,0,1,0,1,0,0
R003933,male,3,rural,primary,0,0,0,0,0,0,0,0,1,0,1
R003934,female,4,urban,tertiary,1,12,0,0,0,0,0,0,0,0,1
R003935,female,2,rural,secondary,1,30,1,0,0,0,0,0,0,0,1
R003936,male,5,urban,none,1,1,0,1,0,0,0,0,0,1,1
R003937,female,2,urban,primary,0,0,0,0,0,0,1,0,1,0,1
R003938,female,3,urban,primary,1,30,0,1,0,0,0,0,0,0,1
R003939,male,5,urban,secondary,1,12,1,0,0,0,0,0,0,1,1
R003940,male,2,urban,primary,1,2,0,0,0,0,0,0,0,1,1
R003941,male,2,rural,secondary,1,2,0,1,0,0,0,0,0,0,1
R003942,male,2,urban,secondary,1,5,0,0,0,0,0,0,0,1,1
R003943,female,2,urban,primary,0,0,0,0,1,0,1,0,1,0,1
R003944,female,1,urban,none,0,0,0,0,0,0,1,1,1,1,0
R003945,male,1,urban,tertiary,1,1,0,0,0,0,0,0,0,0,0
R003946,female,1,rural,primary,1,5,0,0,0,0,0,0,0,0,0
R003947,male,2,rural,tertiary,0,0,0,0,0,0,0,0,0,0,1
R003948,male,4,urban,secondary,1,12,0,0,0,0,0,0,0,1,1
R003949,female,1,urban,primary,0,0,0,0,1,0,1,0,1,0,0
R003950,female,1,urban,secondary,0,0,0,0,1,0,1,0,1,1,0
R003951,female,1,urban,primary,1,1,0,1,0,0,0,0,0,0,0
R003952,male,4,rural,secondary,1,30,1,1,0,0,0,0,0,1,0
R003953,female,1,urban,secondary,1,5,0,0,0,0,0,0,0,0,1
R003954,male,3,rural,primary,0,0,0,0,1,0,1,0,0,0,0
R003955,female,3,rural,primary,1,2,0,0,0,0,0,0,0,1,1
R003956,male,5,urban,tertiary,1,1,0,1,0,0,0,0,0,0,1
R003957,female,1,urban,secondary,1,30,1,0,0,0,0,0,0,0,0
R003958,male,4,rural,secondary,1,2,1,1,0,0,0,0,0,1,1
R003959,male,5,urban,primary,1,2,0,1,0,0,0,0,0,1,1
R003960,male,5,urban,secondary,1,5,1,0,0,0,0,0,0,1,1
R003961,female,3,urban,primary,1,12,0,0,0,0,0,0,0,0,1
R003962,male,3,rural,secondary,1,30,0,0,0,0,0,0,0,1,1
R003963,male,5,urban,tertiary,1,12,0,0,0,0,0,0,0,1,0
R003964,female,4,rural,tertiary,1,5,0,0,0,0,0,0,0,1,0
R003965,male,2,urban,none,0,0,0,0,1,0,0,0,1,1,0
R003966,male,2,urban,secondary,1,0,0,0,0,0,0,0,0,0,1
R003967,male,4,urban,secondary,1,2,1,0,0,0,0,0,0,1,1
R003968,female,2,rural,secondary,1,12,0,0,0,0,0,0,0,0,1
R003969,female,3,urban,tertiary,1,1,0,0,0,0,0,0,0,0,1
R003970,female,5,urban,primary,1,0,0,0,0,0,0,0,0,0,1
R003971,female,3,rural,primary,0,0,0,0,0,0,1,0,0,0,0
R003972,male,2,urban,secondary,1,30,0,1,0,0,0,0,0,0,1
R003973,female,3,urban,none,0,0,0,0,1,0,0,0,1,1,0
R003974,male,3,rural,secondary,1,5,0,0,0,0,0,0,0,1,1
R003975,female,3,urban,secondary,1,2,0,0,0,0,0,0,0,0,1
R003976,male,3,rural,tertiary,1,2,0,0,0,0,0,0,0,0,1
R003977,female,5,rural,secondary,0,0,0,0,0,0,1,0,1,0,1
R003978,female,1,urban,tertiary,1,1,0,0,0,0,0,0,0,0,1
R003979,female,2,rural,secondary,0,0,0,0,0,1,0,1,1,1,0
R003980,female,5,urban,secondary,1,1,0,0,0,0,0,0,0,1,1
R003981,female,1,urban,primary,1,30,0,0,0,0,0,0,0,1,1
R003982,male,1,urban,secondary,0,0,0,0,0,0,0,0,1,1,0
R003983,female,1,urban,primary,0,0,0,0,0,0,1,0,0,0,1
R003984,female,4,urban,tertiary,1,1,1,0,0,0,0,0,0,1,0
R003985,female,1,rural,tertiary,0,0,0,0,1,0,0,1,1,0,0
R003986,female,3,urban,tertiary,1,12,1,1,0,0,0,0,0,1,1
R003987,male,1,urban,secondary,1,2,0,0,0,0,0,0,0,1,1
R003988,female,1,urban,secondary,1,1,0,0,0,0,0,0,0,0,1
R003989,female,1,urban,primary,1,2,0,0,0,0,0,0,0,1,0
R003990,female,2,rural,tertiary,0,0,0,0,1,0,0,0,0,0,1
R003991,female,3,urban,tertiary,1,12,0,0,0,0,0,0,0,0,0
R003992,male,3,urban,tertiary,1,1,1,1,0,0,0,0,0,1,1
R003993,female,1,urban,secondary,1,12,0,1,0,0,0,0,0,1,0
R003994,female,2,urban,primary,0,0,0,0,0,0,0,1,1,0,1
R003995,female,4,urban,tertiary,1,1,0,0,0,0,0,0,0,1,1
R003996,female,2,urban,primary,1,12,1,0,0,0,0,0,0,0,1
R003997,male,4,rural,none,0,0,0,0,1,1,0,1,0,1,1
R003998,male,1,urban,primary,0,0,0,0,1,0,1,1,1,0,1
R003999,male,5,rural,tertiary,1,30,0,0,0,0,0,0,0,0,1
R004000,female,5,urban,tertiary,1,0,0,1,0,0,0,0,0,1,1
R004001,male,2,rural,tertiary,1,2,0,0,0,0,0,0,0,0,0
R004002,male,1,urban,tertiary,1,2,0,0,0,0,0,0,0,0,0
R004003,male,4,rural,primary,0,0,0,0,1,1,0,1,0,0,0
R004004,male,4,urban,primary,1,12,0,0,0,0,0,0,0,1,1
R004005,male,1,rural,secondary,0,0,0,0,0,0,0,1,1,0,0
R004006,female,2,rural,none,1,5,0,0,0,0,0,0,0,1,0
R004007,male,1,rural,secondary,1,1,0,0,0,0,0,0,0,0,0
R004008,male,1,urban,secondary,1,2,0,0,0,0,0,0,0,1,0
R004009,male,1,rural,secondary,1,1,0,0,0,0,0,0,0,1,0
R004010,female,1,urban,none,0,0,0,0,1,0,0,0,0,1,1
R004011,male,2,rural,secondary,1,12,0,0,0,0,0,0,0,1,0
R004012,female,1,rural,primary,0,0,0,0,0,0,1,0,0,0,0
R004013,female,1,rural,none,0,0,0,0,1,0,1,0,0,1,0
R004014,female,3,urban,secondary,1,30,0,0,0,0,0,0,0,1,1
R004015,female,2,rural,primary,0,0,0,0,1,1,1,0,1,0,0
R004016,male,5,urban,secondary,1,2,0,1,0,0,0,0,0,1,1
R004017,male,2,rural,none,0,0,0,0,1,0,1,0,1,1,0
R004018,female,2,urban,secondary,1,1,0,1,0,0,0,0,0,1,1
R004019,male,1,urban,primary,1,30,0,0,0,0,0,0,0,1,1
R004020,male,4,urban,secondary,1,1,0,1,0,0,0,0,0,1,1
R004021,male,2,urban,primary,1,12,0,1,0,0,0,0,0,1,0
R004022,female,1,rural,secondary,1,1,0,0,0,0,0,0,0,1,0
R004023,male,2,rural,secondary,1,1,0,1,0,0,0,0,0,1,0
R004024,female,2,rural,tertiary,1,12,1,0,0,0,0,0,0,0,1
R004025,female,5,urban,tertiary,1,1,0,0,0,0,0,0,0,0,1
R004026,female,3,urban,secondary,1,5,0,1,0,0,0,0,0,0,1
R004027,male,1,urban,primary,0,0,0,0,0,0,0,0,0,1,0
R004028,female,1,urban,tertiary,1,2,0,0,0,0,0,0,0,1,0
R004029,male,1,rural,none,0,0,0,0,1,0,0,0,0,0,1
R004030,male,4,urban,tertiary,0,0,0,0,1,1,0,0,0,1,1
R004031,male,1,rural,secondary,0,0,0,0,1,1,1,0,0,1,0
R004032,male,2,rural,secondary,1,12,0,1,0,0,0,0,0,0,0
R004033,male,5,rural,secondary,1,12,1,0,0,0,0,0,0,1,1
R004034,male,4,rural,secondary,1,1,1,0,0,0,0,0,0,1,1
R004035,male,1,urban,primary,1,2,0,1,0,0,0,0,0,0,1
R004036,female,1,urban,secondary,0,0,0,0,1,0,1,0,0,1,1
R004037,male,3,urban,secondary,1,12,0,0,0,0,0,0,0,0,0
R004038,female,2,urban,secondary,1,0,0,0,0,0,0,0,0,0,0
R004039,male,2,rural,tertiary,1,0,0,0,0,0,0,0,0,1,1
R004040,female,4,urban,secondary,1,1,0,0,0,0,0,0,0,1,1
R004041,male,3,urban,secondary,1,30,0,1,0,0,0,0,0,1,1
R004042,male,1,urban,none,0,0,0,0,1,0,0,0,0,0,0
R004043,male,3,urban,tertiary,1,12,0,0,0,0,0,0,0,1,1
R004044,female,4,rural,none,1,5,1,0,0,0,0,0,0,1,1
R004045,male,2,rural,secondary,0,0,0,0,0,1,0,0,0,1,0
R004046,female,1,rural,secondary,1,30,0,0,0,0,0,0,0,0,1
R004047,female,2,urban,secondary,0,0,0,0,0,0,0,0,1,0,1
R004048,male,4,rural,none,0,0,0,0,1,1,0,0,0,1,0
R004049,male,1,rural,primary,1,12,0,0,0,0,0,0,0,0,1
R004050,male,2,urban,secondary,1,5,0,0,0,0,0,0,0,1,0
R004051,female,2,urban,primary,1,5,1,0,0,0,0,0,0,0,1
R004052,male,2,urban,secondary,0,0,0,0,1,1,1,1,1,1,0
R004053,female,1,urban,secondary,1,5,0,0,0,0,0,0,0,1,1
R004054,female,1,rural,primary,0,0,0,0,0,1,1,1,0,1,1
R004055,female,1,urban,primary,0,0,0,0,1,0,0,0,0,1,0
R004056,male,3,urban,tertiary,1,0,0,0,0,0,0,0,0,0,1
R004057,female,3,rural,secondary,1,5,0,0,0,0,0,0,0,1,1
R004058,female,3,urban,secondary,1,1,1,1,0,0,0,0,0,0,1
R004059,female,1,rural,tertiary,1,5,0,0,0,0,0,0,0,0,0
R004060,female,2,rural,secondary,1,5,0,0,0,0,0,0,0,0,0
R004061,female,2,urban,secondary,1,1,1,0,0,0,0,0,0,0,0
R004062,male,1,urban,secondary,1,2,0,0,0,0,0,0,0,0,1
R004063,male,5,urban,tertiary,1,5,0,0,0,0,0,0,0,1,1
R004064,female,5,urban,primary,1,1,0,1,0,0,0,0,0,0,1
R004065,male,3,urban,tertiary,1,12,0,0,0,0,0,0,0,1,1
R004066,female,4,rural,none,0,0,0,0,1,1,0,0,0,0,0
R004067,female,4,urban,tertiary,1,1,0,1,0,0,0,0,0,1,1
R004068,female,2,rural,tertiary,1,12,1,0,0,0,0,0,0,0,0
R004069,female,4,urban,primary,1,0,0,0,0,0,0,0,0,0,0
R004070,female,4,urban,none,1,1,0,0,0,0,0,0,0,1,1
R004071,female,1,rural,tertiary,1,5,0,0,0,0,0,0,0,0,1
R004072,female,1,urban,secondary,1,12,0,0,0,0,0,0,0,1,1
R004073,male,4,rural,tertiary,1,5,1,1,0,0,0,0,0,1,1
R004074,male,2,rural,primary,0,0,0,0,0,0,0,0,1,1,0
R004075,male,2,rural,primary,1,5,1,0,0,0,0,0,0,0,0
R004076,male,1,urban,tertiary,1,5,0,1,0,0,0,0,0,0,0
R004077,male,3,rural,primary,0,0,0,0,1,1,0,0,1,0,0
R004078,male,5,urban,secondary,1,1,0,1,0,0,0,0,0,1,1
R004079,female,5,urban,primary,1,0,0,0,0,0,0,0,0,1,1
R004080,male,3,rural,none,1,5,0,0,0,0,0,0,0,0,0
R004081,male,1,urban,primary,1,0,0,0,0,0,0,0,0,0,0
R004082,male,4,urban,tertiary,1,1,0,1,0,0,0,0,0,1,1
R004083,male,4,rural,primary,1,12,0,1,0,0,0,0,0,0,1
R004084,male,3,rural,secondary,1,5,1,1,0,0,0,0,0,1,1
R004085,female,3,urban,primary,1,5,0,1,0,0,0,0,0,1,1
R004086,female,5,urban,secondary,1,5,1,0,0,0,0,0,0,0,1
R004087,male,1,urban,primary,1,2,0,0,0,0,0,0,0,0,0
R004088,male,4,urban,secondary,1,2,0,0,0,0,0,0,0,0,0
R004089,male,2,rural,primary,1,1,0,1,0,0,0,0,0,1,0
R004090,female,5,urban,none,1,1,1,0,0,0,0,0,0,1,1
R004091,female,1,rural,tertiary,1,1,0,0,0,0,0,0,0,0,0
R004092,female,2,urban,secondary,1,5,0,0,0,0,0,0,0,1,1
R004093,male,1,rural,tertiary,0,0,0,0,1,0,1,0,0,1,1
R004094,female,5,urban,secondary,1,5,0,0,0,0,0,0,0,0,1
R004095,male,1,urban,none,1,30,0,0,0,0,0,0,0,1,1
R004096,female,1,rural,secondary,1,5,0,0,0,0,0,0,0,1,1
R004097,male,4,rural,primary,1,2,1,0,0,0,0,0,0,0,1
R004098,male,5,rural,primary,1,5,0,1,0,0,0,0,0,1,0
R004099,male,3,urban,secondary,1,12,0,0,0,0,0,0,0,0,1
R004100,male,1,rural,secondary,1,12,0,1,0,0,0,0,0,0,0
R004101,male,1,urban,secondary,1,2,0,0,0,0,0,0,0,0,0
R004102,female,3,urban,primary,1,5,0,1,0,0,0,0,0,0,1
R004103,female,4,urban,tertiary,1,0,1,0,0,0,0,0,0,0,1
R004104,male,3,urban,secondary,1,12,1,0,0,0,0,0,0,1,0
R004105,female,2,urban,secondary,1,2,0,1,0,0,0,0,0,0,1
R004106,female,1,urban,secondary,1,1,0,0,0,0,0,0,0,0,0
R004107,female,1,rural,none,0,0,0,0,0,0,1,0,1,0,1
R004108,female,3,rural,secondary,0,0,0,0,1,1,0,0,1,1,0
R004109,female,4,urban,primary,0,0,0,0,0,0,1,0,0,0,1
R004110,male,1,rural,secondary,1,1,0,1,0,0,0,0,0,0,0
R004111,female,2,urban,secondary,0,0,0,0,1,0,0,0,1,1,1
R004112,female,1,rural,tertiary,1,0,0,0,0,0,0,0,0,0,1
R004113,male,2,rural,secondary,1,1,1,1,0,0,0,0,0,0,0
R004114,female,4,rural,secondary,1,30,1,1,0,0,0,0,0,1,1
R004115,male,2,urban,primary,1,0,1,0,0,0,0,0,0,0,1
R004116,female,2,rural,primary,0,0,0,0,1,1,1,0,1,1,0
R004117,female,1,urban,secondary,1,0,0,0,0,0,0,0,0,1,0
R004118,male,2,rural,none,0,0,0,0,1,1,0,1,1,0,1
R004119,male,4,urban,secondary,1,1,1,1,0,0,0,0,0,0,0
R004120,female,1,rural,secondary,0,0,0,0,1,1,0,0,1,1,1
R004121,female,2,urban,secondary,1,12,0,0,0,0,0,0,0,1,1
R004122,male,1,rural,secondary,1,12,0,0,0,0,0,0,0,1,0
R004123,male,3,rural,secondary,1,12,0,1,0,0,0,0,0,0,0
R004124,male,1,rural,secondary,1,12,0,0,0,0,0,0,0,0,0
R004125,male,3,rural,secondary,1,2,0,0,0,0,0,0,0,1,0
R004126,male,3,rural,primary,1,5,0,1,0,0,0,0,0,1,0
R004127,female,3,rural,secondary,0,0,0,0,0,0,0,0,1,1,0
R004128,male,4,rural,secondary,1,1,0,0,0,0,0,0,0,1,1
R004129,male,2,urban,none,1,5,1,0,0,0,0,0,0,0,0
R004130,male,1,rural,tertiary,1,12,0,0,0,0,0,0,0,1,0
R004131,male,4,urban,tertiary,1,1,1,0,0,0,0,0,0,0,1
R004132,male,4,rural,secondary,1,2,0,0,0,0,0,0,0,0,0
R004133,female,1,urban,tertiary,1,0,0,1,0,0,0,0,0,0,0
R004134,male,5,urban,secondary,1,0,0,1,0,0,0,0,0,0,1
R004135,male,3,urban,secondary,1,5,0,1,0,0,0,0,0,0,1
R004136,male,1,urban,tertiary,1,5,0,1,0,0,0,0,0,0,1
R004137,female,4,rural,tertiary,1,30,0,1,0,0,0,0,0,1,0
R004138,male,4,rural,tertiary,1,2,0,1,0,0,0,0,0,0,1
R004139,male,3,rural,secondary,1,1,0,1,0,0,0,0,0,0,1
R004140,male,1,urban,primary,1,1,0,0,0,0,0,0,0,1,0
R004141,male,5,rural,secondary,1,0,0,0,0,0,0,0,0,1,1
R004142,female,3,urban,tertiary,1,2,0,0,0,0,0,0,0,1,1
R004143,female,4,urban,secondary,1,1,0,1,0,0,0,0,0,1,1
R004144,female,2,urban,tertiary,1,12,0,1,0,0,0,0,0,1,1
R004145,male,5,urban,secondary,1,0,1,1,0,0,0,0,0,1,1
R004146,male,1,urban,tertiary,1,1,0,0,0,0,0,0,0,0,0
R004147,female,1,rural,none,0,0,0,0,1,0,0,0,0,1,0
R004148,female,3,urban,secondary,1,12,1,1,0,0,0,0,0,0,0
R004149,male,5,rural,secondary,1,1,1,1,0,0,0,0,0,0,1
R004150,female,1,urban,secondary,0,0,0,0,1,0,1,0,0,1,0
R004151,female,2,urban,none,0,0,0,0,1,0,0,0,0,0,0
R004152,male,3,urban,primary,1,5,1,1,0,0,0,0,0,1,1
R004153,female,1,rural,primary,1,5,0,0,0,0,0,0,0,0,1
R004154,male,3,rural,tertiary,1,2,1,0,0,0,0,0,0,0,1
R004155,male,1,rural,secondary,1,5,1,0,0,0,0,0,0,0,0
R004156,male,4,urban,primary,1,30,1,1,0,0,0,0,0,0,0
R004157,female,4,urban,secondary,1,30,0,1,0,0,0,0,0,1,0
R004158,male,3,rural,secondary,1,2,0,0,0,0,0,0,0,1,1
R004159,male,3,urban,secondary,1,5,0,1,0,0,0,0,0,1,1
R004160,male,3,urban,tertiary,1,1,0,0,0,0,0,0,0,0,1
R004161,female,1,rural,secondary,1,5,0,0,0,0,0,0,0,1,0
R004162,male,1,urban,secondary,1,5,0,0,0,0,0,0,0,0,0
R004163,male,4,rural,secondary,0,0,0,0,1,1,0,0,1,0,0
R004164,female,2,urban,secondary,1,5,0,1,0,0,0,0,0,1,1
R004165,male,3,urban,secondary,1,5,1,1,0,0,0,0,0,1,0
R004166,female,4,urban,primary,1,5,0,0,0,0,0,0,0,1,1
R004167,female,2,urban,secondary,1,12,0,0,0,0,0,0,0,0,0
R004168,female,1,urban,tertiary,1,30,1,1,0,0,0,0,0,1,1
R004169,male,4,urban,secondary,1,5,0,0,0,0,0,0,0,1,1
R004170,male,4,urban,secondary,1,2,0,1,0,0,0,0,0,1,1
R004171,male,4,urban,none,1,1,0,1,0,0,0,0,0,1,1
R004172,female,2,urban,secondary,1,5,1,0,0,0,0,0,0,0,1
R004173,male,2,rural,tertiary,1,2,0,0,0,0,0,0,0,0,0
R004174,female,2,urban,primary,0,0,0,0,0,0,1,1,1,0,0
R004175,male,4,urban,primary,1,12,0,1,0,0,0,0,0,1,1
R004176,female,2,urban,secondary,1,12,1,0,0,0,0,0,0,0,0
R004177,male,5,urban,secondary,1,2,1,1,0,0,0,0,0,0,1
R004178,female,3,urban,primary,0,0,0,0,1,0,0,0,1,0,0
R004179,male,1,rural,secondary,1,12,0,1,0,0,0,0,0,0,1
R004180,female,3,rural,primary,0,0,0,0,1,0,1,0,1,0,0
R004181,female,1,rural,secondary,0,0,0,0,0,1,1,0,0,0,1
R004182,male,5,urban,tertiary,1,2,0,1,0,0,0,0,0,1,1
R004183,male,5,rural,none,1,2,0,0,0,0,0,0,0,0,1
R004184,female,2,urban,primary,1,2,0,0,0,0,0,0,0,1,0
R004185,female,5,urban,secondary,1,30,0,1,0,0,0,0,0,1,1
R004186,female,1,rural,primary,1,5,1,0,0,0,0,0,0,0,0
R004187,female,2,rural,secondary,0,0,0,0,1,0,0,0,0,1,0
R004188,female,1,urban,tertiary,1,1,0,0,0,0,0,0,0,0,0
R004189,female,5,urban,secondary,1,5,0,0,0,0,0,0,0,1,1
R004190,female,2,urban,tertiary,0,0,0,0,0,1,0,0,1,0,1
R004191,female,1,urban,tertiary,1,12,0,0,0,0,0,0,0,1,1
R004192,male,4,rural,secondary,1,2,0,0,0,0,0,0,0,0,1
R004193,female,2,rural,tertiary,1,12,1,1,0,0,0,0,0,0,0
R004194,female,1,urban,secondary,1,2,0,0,0,0,0,0,0,0,1
R004195,male,4,rural,primary,1,0,1,0,0,0,0,0,0,0,1
R004196,male,3,urban,secondary,1,12,0,0,0,0,0,0,0,1,1
R004197,male,2,urban,secondary,1,2,0,1,0,0,0,0,0,0,0
R004198,female,2,urban,tertiary,1,2,0,0,0,0,0,0,0,0,0
R004199,female,3,urban,secondary,1,30,0,1,0,0,0,0,0,0,0
R004200,female,2,rural,secondary,0,0,0,0,0,0,0,0,1,0,1
R004201,female,5,urban,secondary,1,12,1,0,0,0,0,0,0,1,1
R004202,female,4,rural,none,0,0,0,0,1,0,1,0,1,1,0
R004203,female,5,urban,primary,1,5,0,0,0,0,0,0,0,1,1
R004204,female,2,urban,secondary,0,0,0,0,0,0,0,0,1,1,0
R004205,female,3,urban,none,1,2,0,1,0,0,0,0,0,0,1
R004206,male,2,urban,none,0,0,0,0,0,1,0,0,0,1,0
R004207,female,1,urban,tertiary,1,30,0,0,0,0,0,0,0,0,0
R004208,male,3,rural,secondary,1,1,0,0,0,0,0,0,0,0,0
R004209,female,5,urban,primary,1,2,0,0,0,0,0,0,0,1,1
R004210,female,3,urban,primary,1,12,0,0,0,0,0,0,0,0,1
R004211,male,1,urban,tertiary,1,1,0,1,0,0,0,0,0,1,1
R004212,female,3,rural,secondary,0,0,0,0,1,1,1,0,1,1,1
R004213,female,3,rural,none,1,12,0,0,0,0,0,0,0,1,1
R004214,male,3,rural,secondary,0,0,0,0,0,0,0,0,0,1,1
R004215,male,4,urban,tertiary,1,2,0,1,0,0,0,0,0,1,0
R004216,male,3,urban,secondary,0,0,0,0,1,1,0,1,1,1,1
R004217,male,4,urban,secondary,1,5,0,0,0,0,0,0,0,0,1
R004218,female,3,rural,secondary,0,0,0,0,1,0,1,0,1,1,0
R004219,female,4,rural,secondary,0,0,0,0,1,0,0,0,1,0,0
R004220,male,3,urban,none,1,1,1,1,0,0,0,0,0,0,0
R004221,female,3,urban,primary,1,2,0,0,0,0,0,0,0,1,1
R004222,male,4,urban,secondary,1,0,1,1,0,0,0,0,0,1,1
R004223,male,1,rural,none,0,0,0,0,1,1,0,1,0,0,1
R004224,female,1,rural,none,0,0,0,0,1,1,1,0,0,1,0
R004225,female,1,urban,tertiary,1,5,0,0,0,0,0,0,0,0,1
R004226,female,4,rural,secondary,1,1,1,0,0,0,0,0,0,1,1
R004227,male,2,rural,primary,0,0,0,0,1,1,1,0,0,1,1
R004228,female,4,urban,secondary,1,1,0,0,0,0,0,0,0,1,1
R004229,male,1,rural,primary,0,0,0,0,0,1,1,0,0,0,1
R004230,male,3,rural,primary,1,1,1,1,0,0,0,0,0,0,1
R004231,female,4,urban,secondary,1,30,0,0,0,0,0,0,0,0,1
R004232,female,4,urban,secondary,1,5,1,0,0,0,0,0,0,1,1
R004233,female,2,urban,primary,1,5,1,0,0,0,0,0,0,0,0
R004234,male,2,urban,tertiary,1,2,0,0,0,0,0,0,0,0,0
R004235,female,2,urban,secondary,1,12,1,0,0,0,0,0,0,1,1
R004236,female,2,urban,primary,1,5,0,0,0,0,0,0,0,0,1
R004237,female,5,rural,secondary,1,1,1,1,0,0,0,0,0,1,0
R004238,female,2,urban,secondary,1,30,0,0,0,0,0,0,0,0,0
R004239,female,2,urban,none,1,12,0,1,0,0,0,0,0,1,1
R004240,female,4,urban,primary,1,5,0,0,0,0,0,0,0,0,1
R004241,male,3,rural,tertiary,0,0,0,0,1,0,0,0,0,1,0
R004242,female,3,rural,tertiary,1,2,0,0,0,0,0,0,0,0,1
R004243,female,1,urban,secondary,1,5,0,0,0,0,0,0,0,0,1
R004244,male,3,rural,secondary,0,0,0,0,0,1,1,0,0,0,1
R004245,female,1,rural,tertiary,0,0,0,0,0,0,1,0,1,0,1
R004246,male,5,urban,secondary,1,1,1,0,0,0,0,0,0,0,1
R004247,female,5,rural,secondary,1,30,0,1,0,0,0,0,0,1,1
R004248,male,4,rural,tertiary,1,1,0,0,0,0,0,0,0,1,1
R004249,male,3,urban,primary,0,0,0,0,1,0,1,1,0,0,1
R004250,male,3,rural,secondary,1,12,0,0,0,0,0,0,0,1,0
R004251,female,1,rural,primary,0,0,0,0,0,1,0,0,0,0,1
R004252,female,4,rural,secondary,1,1,1,1,0,0,0,0,0,1,1
R004253,female,5,urban,secondary,1,30,0,1,0,0,0,0,0,1,1
R004254,male,4,rural,secondary,1,2,1,1,0,0,0,0,0,0,0
R004255,female,1,rural,secondary,1,5,1,0,0,0,0,0,0,0,0
R004256,female,3,rural,primary,1,2,0,0,0,0,0,0,0,1,0
R004257,male,3,urban,secondary,1,0,0,0,0,0,0,0,0,0,1
R004258,female,5,urban,none,1,1,0,1,0,0,0,0,0,1,0
R004259,male,1,urban,secondary,1,2,0,1,0,0,0,0,0,1,0
R004260,male,1,rural,primary,0,0,0,0,0,1,1,0,1,0,0
R004261,male,1,urban,secondary,1,1,0,1,0,0,0,0,0,1,1
R004262,male,2,urban,primary,1,0,0,0,0,0,0,0,0,0,1
R004263,female,3,urban,primary,1,0,0,0,0,0,0,0,0,0,0
R004264,female,4,rural,primary,1,2,1,0,0,0,0,0,0,1,0
R004265,female,3,rural,secondary,1,5,1,0,0,0,0,0,0,1,1
R004266,male,2,urban,secondary,1,12,0,1,0,0,0,0,0,0,1
R004267,male,2,rural,secondary,1,1,0,1,0,0,0,0,0,0,0
R004268,female,2,rural,primary,0,0,0,0,1,0,1,1,1,0,1
R004269,female,1,rural,tertiary,1,12,1,0,0,0,0,0,0,1,1
R004270,female,3,rural,tertiary,0,0,0,0,1,0,0,0,0,1,1
R004271,male,5,rural,secondary,1,2,1,1,0,0,0,0,0,0,1
R004272,female,4,urban,primary,1,5,0,0,0,0,0,0,0,1,0
R004273,female,2,urban,primary,0,0,0,0,0,0,1,1,1,0,1
R004274,female,1,rural,tertiary,0,0,0,0,1,1,0,0,1,0,1
R004275,male,3,urban,primary,0,0,0,0,0,1,1,0,0,1,1
R004276,female,1,rural,secondary,0,0,0,0,0,1,1,0,1,0,1
R004277,female,1,rural,secondary,0,0,0,0,1,1,1,0,0,1,0
R004278,female,4,urban,primary,1,30,0,1,0,0,0,0,0,0,0
R004279,male,1,rural,tertiary,1,2,0,0,0,0,0,0,0,0,0
R004280,female,1,rural,secondary,1,2,0,0,0,0,0,0,0,1,0
R004281,female,3,rural,secondary,1,12,1,1,0,0,0,0,0,1,1
R004282,female,4,urban,tertiary,1,2,0,1,0,0,0,0,0,0,0
R004283,male,4,rural,secondary,1,1,0,0,0,0,0,0,0,1,1
R004284,male,1,urban,secondary,1,5,0,0,0,0,0,0,0,1,0
R004285,female,2,urban,secondary,1,5,1,0,0,0,0,0,0,1,1
R004286,female,1,urban,tertiary,1,1,0,0,0,0,0,0,0,1,0
R004287,male,3,urban,primary,1,1,0,1,0,0,0,0,0,1,1
R004288,female,4,urban,primary,1,2,0,0,0,0,0,0,0,1,1
R004289,female,3,urban,tertiary,1,5,0,0,0,0,0,0,0,0,0
R004290,male,1,urban,secondary,1,30,1,0,0,0,0,0,0,0,0
R004291,female,5,urban,none,1,5,0,0,0,0,0,0,0,1,1
R004292,female,1,urban,secondary,1,1,0,0,0,0,0,0,0,0,1
R004293,female,1,urban,primary,1,5,0,1,0,0,0,0,0,0,1
R004294,female,2,urban,none,1,5,0,0,0,0,0,0,0,1,0
R004295,female,2,urban,secondary,1,5,0,1,0,0,0,0,0,1,1
R004296,male,2,rural,primary,1,1,0,0,0,0,0,0,0,1,0
R004297,female,2,rural,secondary,1,12,0,0,0,0,0,0,0,0,1
R004298,female,5,urban,none,1,12,1,0,0,0,0,0,0,1,0
R004299,female,2,urban,secondary,1,5,0,0,0,0,0,0,0,0,0
R004300,male,2,rural,secondary,0,0,0,0,1,0,0,1,0,1,0
R004301,male,2,rural,primary,1,30,0,0,0,0,0,0,0,0,0
R004302,male,1,rural,secondary,1,5,0,0,0,0,0,0,0,1,0
R004303,female,1,urban,secondary,0,0,0,0,1,0,1,1,1,0,1
R004304,male,3,urban,tertiary,1,12,0,0,0,0,0,0,0,0,1
R004305,female,2,urban,secondary,1,2,0,0,0,0,0,0,0,1,0
R004306,female,2,urban,primary,0,0,0,0,1,0,1,0,1,0,1
R004307,female,4,rural,secondary,0,0,0,0,0,0,1,0,1,1,1
R004308,female,2,urban,tertiary,1,5,0,0,0,0,0,0,0,1,1
R004309,male,3,rural,secondary,1,2,0,0,0,0,0,0,0,0,0
R004310,female,4,rural,primary,1,2,0,0,0,0,0,0,0,1,0
R004311,male,4,rural,secondary,1,12,0,1,0,0,0,0,0,1,1
R004312,female,1,urban,none,0,0,0,0,1,0,0,0,0,0,1
R004313,female,4,urban,primary,1,0,0,0,0,0,0,0,0,0,1
R004314,female,3,urban,none,0,0,0,0,0,0,1,1,1,0,0
R004315,male,4,rural,secondary,1,1,0,1,0,0,0,0,0,1,1
R004316,female,2,rural,none,0,0,0,0,1,1,0,0,0,1,0
R004317,male,4,urban,primary,1,12,0,1,0,0,0,0,0,1,1
R004318,female,5,urban,none,1,1,1,0,0,0,0,0,0,1,1
R004319,male,1,rural,secondary,0,0,0,0,1,1,0,0,0,0,1
R004320,female,5,rural,secondary,1,2,0,1,0,0,0,0,0,1,1
R004321,female,3,urban,tertiary,1,5,0,0,0,0,0,0,0,0,0
R004322,female,2,rural,secondary,0,0,0,0,1,0,0,0,1,1,0
R004323,male,3,urban,primary,1,30,1,0,0,0,0,0,0,1,1
R004324,female,1,urban,primary,0,0,0,0,1,0,0,0,1,0,0
R004325,male,4,urban,secondary,1,5,0,0,0,0,0,0,0,1,1
R004326,male,3,rural,secondary,1,2,0,1,0,0,0,0,0,0,0
R004327,male,2,urban,primary,1,1,1,1,0,0,0,0,0,1,0
R004328,male,1,urban,tertiary,1,30,0,0,0,0,0,0,0,0,1
R004329,female,4,urban,secondary,1,5,0,0,0,0,0,0,0,1,1
R004330,female,2,rural,secondary,1,2,0,0,0,0,0,0,0,0,0
R004331,female,3,urban,none,0,0,0,0,1,0,0,0,1,1,0
R004332,male,2,rural,primary,0,0,0,0,1,0,1,1,1,1,1
R004333,female,2,rural,primary,1,1,0,1,0,0,0,0,0,0,1
R004334,female,5,rural,secondary,1,0,1,1,0,0,0,0,0,1,1
R004335,female,3,urban,tertiary,1,5,0,1,0,0,0,0,0,0,1
R004336,female,2,urban,tertiary,1,12,0,0,0,0,0,0,0,1,0
R004337,female,1,rural,primary,0,0,0,0,1,1,1,1,1,0,1
R004338,male,4,rural,secondary,1,0,0,0,0,0,0,0,0,1,0
R004339,male,1,urban,secondary,0,0,0,0,0,0,0,0,0,0,1
R004340,male,4,rural,primary,1,1,0,0,0,0,0,0,0,1,1
R004341,female,1,urban,primary,1,1,0,0,0,0,0,0,0,0,0
R004342,female,1,rural,none,0,0,0,0,0,1,0,0,0,0,0
R004343,male,5,rural,primary,1,12,0,0,0,0,0,0,0,1,1
R004344,female,3,rural,secondary,1,2,0,0,0,0,0,0,0,1,1
R004345,male,3,urban,primary,1,1,0,1,0,0,0,0,0,0,1
R004346,female,3,rural,primary,1,0,0,0,0,0,0,0,0,0,1
R004347,female,3,urban,primary,1,5,0,0,0,0,0,0,0,0,1
R004348,male,2,urban,tertiary,1,2,0,0,0,0,0,0,0,0,1
R004349,male,4,rural,secondary,1,5,0,1,0,0,0,0,0,1,1
R004350,male,4,urban,none,0,0,0,0,0,0,0,0,0,0,1
R004351,female,4,urban,primary,1,0,1,0,0,0,0,0,0,0,0
R004352,female,5,rural,primary,1,2,1,0,0,0,0,0,0,1,0
R004353,male,3,rural,secondary,1,0,0,1,0,0,0,0,0,0,1
R004354,female,3,urban,secondary,1,1,0,0,0,0,0,0,0,1,1
R004355,male,2,urban,tertiary,1,1,1,1,0,0,0,0,0,0,1
R004356,male,3,urban,secondary,1,1,1,0,0,0,0,0,0,1,1
R004357,male,1,urban,primary,1,12,0,0,0,0,0,0,0,0,1
R004358,female,3,urban,secondary,1,1,0,1,0,0,0,0,0,0,1
R004359,male,3,rural,primary,1,12,0,0,0,0,0,0,0,0,1
R004360,female,2,urban,secondary,0,0,0,0,1,0,1,0,0,0,0
R004361,female,3,rural,primary,1,5,0,0,0,0,0,0,0,0,0
R004362,female,2,rural,secondary,0,0,0,0,0,1,1,0,1,1,0
R004363,female,3,urban,tertiary,1,2,0,0,0,0,0,0,0,1,0
R004364,female,4,rural,secondary,1,30,0,0,0,0,0,0,0,0,0
R004365,female,1,urban,secondary,0,0,0,0,1,0,0,1,0,1,1
R004366,female,4,rural,secondary,1,12,0,1,0,0,0,0,0,0,0
R004367,male,1,urban,primary,0,0,0,0,1,0,0,1,0,0,1
R004368,female,3,rural,primary,0,0,0,0,1,1,0,0,0,0,1
R004369,female,3,urban,secondary,1,5,0,0,0,0,0,0,0,1,0
R004370,male,3,rural,primary,1,5,0,1,0,0,0,0,0,1,1
R004371,male,1,urban,secondary,1,2,0,1,0,0,0,0,0,1,0
R004372,female,2,urban,secondary,1,30,1,0,0,0,0,0,0,1,0
R004373,female,4,rural,primary,1,12,0,1,0,0,0,0,0,0,1
R004374,female,4,urban,tertiary,0,0,0,0,1,0,1,1,1,1,1
R004375,female,1,urban,secondary,0,0,0,0,1,0,1,0,1,1,1
R004376,female,1,rural,primary,1,1,0,0,0,0,0,0,0,0,1
R004377,male,2,rural,tertiary,1,0,0,0,0,0,0,0,0,0,0
R004378,female,1,urban,primary,0,0,0,0,1,0,1,0,1,0,1
R004379,male,3,urban,secondary,1,2,0,1,0,0,0,0,0,1,1
R004380,male,4,urban,secondary,1,5,0,1,0,0,0,0,0,1,1
R004381,female,1,urban,primary,0,0,0,0,0,1,0,0,1,0,0
R004382,male,2,rural,primary,1,1,0,0,0,0,0,0,0,0,0
R004383,female,2,rural,secondary,1,5,0,0,0,0,0,0,0,1,0
R004384,female,1,urban,none,0,0,0,0,0,0,1,0,1,0,1
R004385,male,1,urban,primary,1,1,0,1,0,0,0,0,0,0,0
R004386,female,2,urban,secondary,1,12,0,0,0,0,0,0,0,0,0
R004387,male,1,rural,primary,1,5,0,0,0,0,0,0,0,1,0
R004388,male,4,rural,primary,1,12,0,1,0,0,0,0,0,0,1
R004389,female,4,urban,primary,1,12,0,0,0,0,0,0,0,1,1
R004390,male,3,urban,primary,1,0,1,0,0,0,0,0,0,0,0
R004391,female,3,urban,secondary,1,1,1,0,0,0,0,0,0,0,0
R004392,male,2,urban,secondary,1,5,0,0,0,0,0,0,0,0,1
R004393,female,4,urban,secondary,1,1,0,0,0,0,0,0,0,1,1
R004394,male,2,urban,secondary,1,5,0,1,0,0,0,0,0,1,1
R004395,female,1,rural,secondary,0,0,0,0,0,0,0,1,1,0,1
R004396,male,5,urban,secondary,1,1,1,0,0,0,0,0,0,1,1
R004397,male,4,urban,secondary,1,1,0,1,0,0,0,0,0,0,0
R004398,female,2,rural,secondary,0,0,0,0,1,1,0,1,0,1,0
R004399,male,2,urban,primary,0,0,0,0,1,0,0,0,0,1,0
R004400,female,2,rural,primary,1,0,0,0,0,0,0,0,0,1,0
R004401,male,3,rural,secondary,1,12,0,0,0,0,0,0,0,0,1
R004402,male,2,urban,primary,1,5,0,0,0,0,0,0,0,0,0
R004403,female,3,rural,secondary,1,30,0,0,0,0,0,0,0,0,0
R004404,female,1,urban,primary,1,12,0,0,0,0,0,0,0,0,0
R004405,female,1,urban,primary,1,12,0,1,0,0,0,0,0,0,0
R004406,male,2,rural,none,0,0,0,0,0,1,1,0,0,0,0
R004407,female,2,urban,primary,1,0,0,0,0,0,0,0,0,0,1
R004408,female,5,rural,secondary,0,0,0,0,0,1,1,0,0,0,1
R004409,female,1,urban,secondary,1,5,0,0,0,0,0,0,0,1,1
R004410,female,5,rural,primary,1,12,0,1,0,0,0,0,0,1,1
R004411,female,1,rural,secondary,0,0,0,0,0,1,0,1,1,0,0
R004412,male,2,rural,primary,0,0,0,0,0,0,1,0,1,1,0
R004413,male,4,rural,secondary,1,12,0,1,0,0,0,0,0,1,1
R004414,female,1,rural,secondary,0,0,0,0,0,1,1,0,0,0,0
R004415,female,1,rural,primary,0,0,0,0,0,0,0,0,1,1,0
R004416,male,3,rural,primary,0,0,0,0,0,1,0,1,1,1,0
R004417,male,2,rural,secondary,1,30,0,0,0,0,0,0,0,0,1
R004418,female,4,urban,primary,1,0,1,0,0,0,0,0,0,0,1
R004419,female,1,rural,primary,0,0,0,0,1,0,1,0,1,1,0
R004420,male,2,urban,secondary,0,0,0,0,1,0,0,0,1,0,0
R004421,male,3,rural,primary,1,2,0,0,0,0,0,0,0,1,0
R004422,female,1,urban,tertiary,1,1,0,1,0,0,0,0,0,0,0
R004423,female,5,rural,secondary,1,2,1,1,0,0,0,0,0,1,0
R004424,male,3,rural,secondary,1,30,0,1,0,0,0,0,0,0,0
R004425,female,4,rural,primary,1,12,0,1,0,0,0,0,0,1,0
R004426,male,1,urban,primary,0,0,0,0,0,0,1,0,1,0,1
R004427,female,5,rural,primary,1,5,1,1,0,0,0,0,0,1,1
R004428,female,2,rural,tertiary,1,2,0,0,0,0,0,0,0,1,0
R004429,female,5,urban,secondary,1,2,1,1,0,0,0,0,0,0,0
R004430,male,1,rural,primary,0,0,0,0,1,0,0,1,1,1,0
R004431,female,5,urban,primary,0,0,0,0,1,0,0,0,1,1,1
R004432,female,3,urban,tertiary,1,30,1,0,0,0,0,0,0,0,1
R004433,male,1,urban,secondary,0,0,0,0,0,0,0,0,1,0,1
R004434,male,2,urban,secondary,1,1,0,0,0,0,0,0,0,0,0
R004435,female,4,urban,secondary,1,5,0,1,0,0,0,0,0,0,0
R004436,male,1,rural,tertiary,1,5,0,0,0,0,0,0,0,0,0
R004437,female,4,urban,secondary,1,2,0,0,0,0,0,0,0,0,1
R004438,female,1,rural,secondary,1,30,0,0,0,0,0,0,0,0,0
R004439,male,3,urban,primary,1,12,1,1,0,0,0,0,0,1,0
R004440,male,2,rural,secondary,1,12,0,0,0,0,0,0,0,1,1
R004441,male,1,rural,primary,1,5,1,0,0,0,0,0,0,0,0
R004442,female,5,urban,secondary,0,0,0,0,1,0,1,0,0,1,1
R004443,male,1,rural,secondary,1,5,1,0,0,0,0,0,0,0,0
R004444,male,4,rural,secondary,1,1,1,0,0,0,0,0,0,1,1
R004445,female,4,urban,tertiary,1,2,0,1,0,0,0,0,0,1,1
R004446,female,5,urban,none,1,5,0,1,0,0,0,0,0,1,1
R004447,male,1,urban,primary,0,0,0,0,0,0,0,1,1,1,0
R004448,female,1,urban,none,1,0,1,1,0,0,0,0,0,1,0
R004449,female,2,rural,tertiary,0,0,0,0,1,1,0,1,0,1,0
R004450,male,1,urban,primary,1,5,1,0,0,0,0,0,0,0,0
R004451,male,4,urban,tertiary,1,2,1,0,0,0,0,0,0,0,1
R004452,male,3,rural,primary,1,1,1,0,0,0,0,0,0,0,1
R004453,male,1,urban,primary,0,0,0,0,1,0,1,0,0,0,0
R004454,female,1,urban,primary,0,0,0,0,0,1,0,0,1,1,0
R004455,male,1,rural,tertiary,1,30,1,0,0,0,0,0,0,1,0
R004456,male,1,urban,tertiary,1,1,0,0,0,0,0,0,0,0,1
R004457,female,3,urban,none,1,1,1,0,0,0,0,0,0,1,1
R004458,male,2,urban,secondary,1,1,0,1,0,0,0,0,0,0,1
R004459,female,5,rural,none,0,0,0,0,1,1,1,0,1,1,1
R004460,male,1,urban,secondary,0,0,0,0,0,0,0,0,0,1,0
R004461,female,4,urban,tertiary,1,30,1,1,0,0,0,0,0,0,1
R004462,female,2,urban,secondary,1,5,1,0,0,0,0,0,0,0,1
R004463,female,1,urban,secondary,1,12,0,0,0,0,0,0,0,0,1
R004464,male,1,urban,primary,0,0,0,0,1,0,0,1,0,0,0
R004465,female,2,urban,secondary,1,1,0,0,0,0,0,0,0,1,1
R004466,female,2,urban,tertiary,0,0,0,0,1,0,1,0,1,0,1
R004467,female,4,urban,primary,1,2,0,0,0,0,0,0,0,0,1
R004468,male,4,rural,secondary,1,2,0,1,0,0,0,0,0,1,0
R004469,female,4,urban,primary,1,5,0,1,0,0,0,0,0,1,0
R004470,male,2,urban,tertiary,1,1,1,0,0,0,0,0,0,0,0
R004471,male,1,urban,secondary,1,0,0,0,0,0,0,0,0,0,1
R004472,female,4,urban,tertiary,1,5,1,0,0,0,0,0,0,0,1
R004473,male,1,rural,primary,1,30,0,1,0,0,0,0,0,1,0
R004474,female,1,urban,secondary,1,12,0,0,0,0,0,0,0,0,1
R004475,male,3,urban,tertiary,1,2,1,1,0,0,0,0,0,1,1
R004476,male,4,urban,primary,1,0,0,0,0,0,0,0,0,1,0
R004477,male,5,urban,primary,0,0,0,0,1,0,1,0,1,1,0
R004478,female,2,urban,tertiary,1,1,0,0,0,0,0,0,0,0,1
R004479,female,4,rural,secondary,0,0,0,0,0,0,1,0,1,1,0
R004480,female,5,urban,secondary,1,12,1,1,0,0,0,0,0,0,1
R004481,male,5,urban,primary,1,2,0,1,0,0,0,0,0,1,1
R004482,female,1,urban,secondary,1,1,0,0,0,0,0,0,0,0,0
R004483,female,3,rural,none,0,0,0,0,0,0,1,1,0,0,0
R004484,female,3,rural,tertiary,1,0,0,0,0,0,0,0,0,1,1
R004485,female,1,urban,secondary,0,0,0,0,1,0,0,0,0,1,1
R004486,female,2,urban,tertiary,1,1,0,0,0,0,0,0,0,1,1
R004487,female,1,urban,secondary,1,12,0,0,0,0,0,0,0,1,1
R004488,female,2,urban,secondary,1,0,0,1,0,0,0,0,0,0,0
R004489,female,5,rural,secondary,1,0,1,0,0,0,0,0,0,1,0
R004490,male,2,urban,tertiary,1,2,0,0,0,0,0,0,0,1,1
R004491,female,1,rural,secondary,0,0,0,0,1,0,0,0,1,0,0
R004492,female,2,urban,secondary,1,5,0,0,0,0,0,0,0,0,1
R004493,female,3,urban,tertiary,1,12,0,0,0,0,0,0,0,1,1
R004494,male,2,urban,tertiary,1,1,0,1,0,0,0,0,0,1,0
R004495,male,2,urban,secondary,1,1,1,0,0,0,0,0,0,0,1
R004496,female,5,urban,primary,1,1,1,1,0,0,0,0,0,1,1
R004497,male,2,urban,tertiary,1,12,0,0,0,0,0,0,0,0,1
R004498,male,3,rural,tertiary,1,12,1,0,0,0,0,0,0,1,1
R004499,male,5,urban,secondary,1,1,0,0,0,0,0,0,0,0,1
R004500,male,5,urban,none,1,12,0,1,0,0,0,0,0,0,1
R004501,male,1,urban,secondary,1,5,0,0,0,0,0,0,0,0,1
R004502,male,5,urban,secondary,1,2,0,0,0,0,0,0,0,1,1
R004503,male,4,urban,tertiary,1,5,0,0,0,0,0,0,0,0,1
R004504,male,1,urban,primary,0,0,0,0,1,0,1,0,1,0,0
R004505,male,1,rural,secondary,1,0,1,0,0,0,0,0,0,1,0
R004506,female,2,urban,tertiary,1,1,0,0,0,0,0,0,0,1,1
R004507,female,3,rural,secondary,0,0,0,0,0,0,0,1,1,1,0
R004508,male,2,urban,secondary,1,5,0,0,0,0,0,0,0,1,0
R004509,male,1,urban,secondary,1,1,0,0,0,0,0,0,0,0,0
R004510,male,2,urban,secondary,1,30,0,1,0,0,0,0,0,0,0
R004511,female,2,urban,primary,1,30,0,0,0,0,0,0,0,1,1
R004512,male,2,urban,secondary,1,0,0,0,0,0,0,0,0,1,0
R004513,female,4,urban,primary,1,1,1,1,0,0,0,0,0,1,1
R004514,female,1,rural,tertiary,1,1,0,1,0,0,0,0,0,1,1
R004515,female,5,urban,secondary,1,2,1,0,0,0,0,0,0,1,1
R004516,male,3,urban,tertiary,1,5,0,0,0,0,0,0,0,1,0
R004517,male,5,urban,tertiary,1,1,1,0,0,0,0,0,0,1,1
R004518,female,1,rural,primary,1,5,0,0,0,0,0,0,0,0,0
R004519,male,1,urban,primary,1,5,0,1,0,0,0,0,0,1,1
R004520,male,4,rural,secondary,1,12,1,1,0,0,0,0,0,0,0
R004521,female,4,rural,secondary,1,12,0,0,0,0,0,0,0,0,0
R004522,male,4,rural,tertiary,1,1,0,1,0,0,0,0,0,0,1
R004523,female,1,rural,tertiary,0,0,0,0,1,0,0,0,0,0,0
R004524,female,1,rural,tertiary,1,12,0,0,0,0,0,0,0,1,0
R004525,female,5,urban,secondary,1,30,1,1,0,0,0,0,0,1,1
R004526,female,2,urban,tertiary,1,1,0,0,0,0,0,0,0,0,0
R004527,female,3,rural,primary,1,5,0,0,0,0,0,0,0,1,0
R004528,female,1,rural,none,0,0,0,0,0,1,1,0,1,1,0
R004529,male,4,rural,secondary,1,0,0,0,0,0,0,0,0,0,0
R004530,female,1,urban,secondary,1,5,0,0,0,0,0,0,0,0,0
R004531,female,1,urban,tertiary,0,0,0,0,1,0,0,0,0,1,1
R004532,male,1,urban,secondary,0,0,0,0,0,0,1,0,1,1,1
R004533,female,5,rural,secondary,1,30,0,0,0,0,0,0,0,0,1
R004534,female,4,urban,primary,1,5,0,1,0,0,0,0,0,1,1
R004535,male,2,urban,primary,1,12,0,0,0,0,0,0,0,1,1
R004536,female,1,rural,primary,1,5,0,0,0,0,0,0,0,0,0
R004537,male,3,rural,tertiary,1,30,1,0,0,0,0,0,0,1,0
R004538,female,5,urban,tertiary,1,1,1,0,0,0,0,0,0,1,1
R004539,female,5,rural,secondary,1,1,0,1,0,0,0,0,0,1,0
R004540,female,4,urban,secondary,1,1,1,0,0,0,0,0,0,0,1
R004541,male,4,rural,primary,1,30,0,1,0,0,0,0,0,0,1
R004542,female,2,rural,none,0,0,0,0,1,0,1,1,0,0,0
R004543,female,1,rural,secondary,0,0,0,0,1,1,1,0,0,0,0
R004544,male,2,urban,primary,1,30,0,0,0,0,0,0,0,0,1
R004545,female,1,rural,tertiary,1,2,0,0,0,0,0,0,0,0,0
R004546,female,1,rural,tertiary,0,0,0,0,0,0,1,0,0,1,0
R004547,male,3,urban,primary,1,12,0,0,0,0,0,0,0,1,1
R004548,female,4,rural,none,0,0,0,0,1,0,0,0,1,0,1
R004549,male,2,urban,secondary,1,12,0,0,0,0,0,0,0,0,0
R004550,male,3,rural,secondary,1,1,1,0,0,0,0,0,0,1,0
R004551,male,3,urban,secondary,1,2,0,0,0,0,0,0,0,1,0
R004552,female,2,rural,secondary,1,0,1,0,0,0,0,0,0,1,1
R004553,male,1,urban,primary,0,0,0,0,1,0,1,0,1,1,0
R004554,male,1,urban,tertiary,1,12,0,0,0,0,0,0,0,1,0
R004555,male,2,urban,secondary,1,2,1,0,0,0,0,0,0,1,0
R004556,female,2,urban,none,1,5,0,0,0,0,0,0,0,0,1
R004557,male,3,urban,secondary,1,5,1,0,0,0,0,0,0,0,1
R004558,male,3,urban,secondary,1,5,0,0,0,0,0,0,0,1,1
R004559,female,3,urban,primary,1,2,0,0,0,0,0,0,0,0,1
R004560,male,2,rural,primary,1,12,0,0,0,0,0,0,0,0,1
R004561,male,3,rural,primary,1,5,1,0,0,0,0,0,0,1,0
R004562,female,3,rural,tertiary,1,30,0,0,0,0,0,0,0,1,1
R004563,female,4,urban,secondary,1,1,1,1,0,0,0,0,0,1,0
R004564,male,3,urban,secondary,1,5,0,0,0,0,0,0,0,1,1
R004565,female,3,urban,secondary,0,0,0,0,1,0,1,0,0,1,1
R004566,female,1,urban,none,0,0,0,0,1,0,0,0,1,1,0
R004567,male,1,urban,secondary,1,1,0,1,0,0,0,0,0,1,1
R004568,female,2,urban,primary,1,2,1,0,0,0,0,0,0,0,1
R004569,female,1,rural,secondary,0,0,0,0,1,0,1,0,0,1,0
R004570,male,3,urban,secondary,1,1,0,1,0,0,0,0,0,0,0
R004571,male,5,urban,primary,1,5,0,1,0,0,0,0,0,1,1
R004572,female,4,rural,primary,0,0,0,0,0,0,0,0,1,0,1
R004573,male,2,urban,primary,1,12,0,0,0,0,0,0,0,0,1
R004574,female,5,urban,secondary,1,12,0,0,0,0,0,0,0,1,1
R004575,male,5,urban,tertiary,1,5,0,0,0,0,0,0,0,0,1
R004576,female,5,urban,secondary,1,30,0,0,0,0,0,0,0,1,0
R004577,female,2,urban,none,0,0,0,0,0,0,1,0,0,0,0
R004578,female,3,rural,tertiary,0,0,0,0,1,1,0,1,1,1,0
R004579,male,3,urban,none,1,12,0,0,0,0,0,0,0,0,1
R004580,male,1,urban,secondary,1,5,0,1,0,0,0,0,0,1,0
R004581,male,2,urban,none,0,0,0,0,0,0,0,0,1,1,0
R004582,female,4,urban,primary,1,1,1,1,0,0,0,0,0,0,1
R004583,male,1,urban,secondary,0,0,0,0,0,0,0,0,1,0,0
R004584,female,4,urban,primary,1,0,0,1,0,0,0,0,0,0,1
R004585,female,1,urban,secondary,1,5,0,0,0,0,0,0,0,0,1
R004586,female,5,urban,tertiary,1,0,0,1,0,0,0,0,0,0,1
R004587,male,2,rural,primary,1,12,1,0,0,0,0,0,0,1,0
R004588,male,1,urban,primary,1,12,0,0,0,0,0,0,0,0,1
R004589,male,2,rural,tertiary,1,12,1,0,0,0,0,0,0,0,0
R004590,female,2,urban,secondary,0,0,0,0,1,1,0,0,0,0,0
R004591,male,3,rural,secondary,1,12,1,0,0,0,0,0,0,0,0
R004592,male,5,urban,primary,1,12,0,1,0,0,0,0,0,1,1
R004593,female,4,rural,secondary,0,0,0,0,0,1,1,1,1,0,1
R004594,male,4,urban,primary,1,1,1,0,0,0,0,0,0,1,1
R004595,male,4,urban,secondary,1,5,0,0,0,0,0,0,0,0,1
R004596,female,5,urban,none,1,30,1,1,0,0,0,0,0,0,1
R004597,female,1,urban,tertiary,1,1,0,0,0,0,0,0,0,1,0
R004598,male,2,rural,none,0,0,0,0,1,0,1,0,0,0,1
R004599,male,4,urban,primary,1,12,1,1,0,0,0,0,0,1,1
R004600,male,3,rural,primary,1,5,1,0,0,0,0,0,0,0,0
R004601,male,3,rural,primary,1,5,0,0,0,0,0,0,0,1,0
R004602,male,4,urban,primary,1,1,0,0,0,0,0,0,0,1,1
R004603,female,5,urban,primary,1,30,1,1,0,0,0,0,0,1,1
R004604,female,2,rural,secondary,1,5,0,0,0,0,0,0,0,1,0
R004605,female,3,urban,primary,1,12,1,0,0,0,0,0,0,1,0
R004606,female,2,rural,secondary,1,5,0,0,0,0,0,0,0,1,0
R004607,male,1,urban,primary,0,0,0,0,0,0,1,0,1,1,0
R004608,female,2,rural,tertiary,0,0,0,0,1,0,0,0,1,0,0
R004609,female,4,urban,secondary,1,1,0,1,0,0,0,0,0,0,0
R004610,male,5,urban,secondary,1,5,0,0,0,0,0,0,0,1,1
R004611,male,4,rural,secondary,1,5,1,1,0,0,0,0,0,0,1
R004612,female,3,urban,secondary,1,2,0,0,0,0,0,0,0,0,1
R004613,female,1,urban,primary,1,5,0,0,0,0,0,0,0,1,0
R004614,male,1,urban,tertiary,1,2,0,0,0,0,0,0,0,1,1
R004615,male,3,urban,tertiary,1,1,0,1,0,0,0,0,0,1,0
R004616,female,5,rural,none,0,0,0,0,1,1,0,0,1,0,0
R004617,female,2,urban,secondary,0,0,0,0,1,0,1,1,0,0,1
R004618,female,1,urban,secondary,0,0,0,0,1,0,1,0,1,0,0
R004619,female,4,urban,tertiary,1,0,0,1,0,0,0,0,0,1,1
R004620,male,3,urban,primary,1,12,0,0,0,0,0,0,0,1,0
R004621,male,5,rural,none,1,0,0,0,0,0,0,0,0,1,1
R004622,female,1,urban,none,0,0,0,0,1,0,1,0,1,1,1
R004623,female,1,urban,secondary,1,5,0,0,0,0,0,0,0,1,1
R004624,female,4,rural,primary,1,1,0,1,0,0,0,0,0,1,1
R004625,female,1,urban,tertiary,1,12,0,0,0,0,0,0,0,0,1
R004626,male,4,rural,tertiary,1,12,0,0,0,0,0,0,0,1,0
R004627,female,3,urban,primary,1,2,1,1,0,0,0,0,0,1,1
R004628,female,1,urban,primary,1,5,1,0,0,0,0,0,0,1,0
R004629,male,4,rural,secondary,1,5,0,0,0,0,0,0,0,1,1
R004630,female,4,urban,none,1,12,0,1,0,0,0,0,0,1,1
R004631,female,2,rural,primary,0,0,0,0,1,0,1,0,0,1,1
R004632,female,5,urban,secondary,1,2,1,1,0,0,0,0,0,1,1
R004633,male,3,rural,primary,1,5,0,0,0,0,0,0,0,1,1
R004634,female,4,urban,primary,1,1,0,0,0,0,0,0,0,1,1
R004635,female,4,rural,primary,1,12,1,0,0,0,0,0,0,1,0
R004636,female,4,urban,secondary,1,1,0,0,0,0,0,0,0,1,1
R004637,female,2,urban,none,0,0,0,0,0,0,0,0,0,1,1
R004638,male,2,urban,tertiary,1,12,0,0,0,0,0,0,0,0,0
R004639,male,1,rural,secondary,0,0,0,0,1,1,0,1,1,0,1
R004640,female,1,urban,primary,1,5,0,1,0,0,0,0,0,1,0
R004641,male,1,urban,secondary,0,0,0,0,1,0,0,0,1,1,0
R004642,male,1,urban,primary,1,2,1,0,0,0,0,0,0,0,1
R004643,male,2,urban,secondary,1,30,0,0,0,0,0,0,0,0,1
R004644,female,3,urban,tertiary,1,2,0,0,0,0,0,0,0,1,1
R004645,female,4,rural,secondary,1,0,0,1,0,0,0,0,0,1,1
R004646,female,4,urban,primary,1,2,0,0,0,0,0,0,0,1,1
R004647,female,2,rural,tertiary,1,1,0,0,0,0,0,0,0,1,0
R004648,male,2,rural,none,0,0,0,0,1,0,0,0,0,0,0
R004649,female,3,urban,secondary,1,12,0,1,0,0,0,0,0,0,0
R004650,female,2,urban,tertiary,1,5,1,1,0,0,0,0,0,1,1
R004651,female,5,urban,secondary,1,30,0,1,0,0,0,0,0,1,1
R004652,female,3,rural,secondary,1,2,0,0,0,0,0,0,0,1,0
R004653,male,2,urban,secondary,0,0,0,0,1,0,0,0,0,1,1
R004654,male,1,rural,secondary,1,12,0,1,0,0,0,0,0,1,0
R004655,female,1,urban,none,0,0,0,0,1,0,0,0,0,0,0
R004656,male,3,rural,tertiary,1,2,1,1,0,0,0,0,0,1,0
R004657,male,1,urban,primary,0,0,0,0,0,0,0,0,0,0,0
R004658,female,1,urban,secondary,0,0,0,0,0,0,0,1,1,0,0
R004659,female,2,urban,primary,0,0,0,0,0,0,0,0,1,0,1
R004660,female,2,urban,primary,0,0,0,0,1,1,0,0,0,0,1
R004661,female,3,rural,none,0,0,0,0,1,0,1,0,0,1,0
R004662,male,4,rural,secondary,1,5,0,1,0,0,0,0,0,0,0
R004663,female,4,urban,none,0,0,0,0,1,0,0,0,1,0,0
R004664,male,3,rural,secondary,1,5,0,0,0,0,0,0,0,1,1
R004665,female,5,urban,tertiary,1,0,0,0,0,0,0,0,0,1,1
R004666,female,4,rural,primary,1,0,0,1,0,0,0,0,0,1,1
R004667,female,2,urban,secondary,1,1,1,0,0,0,0,0,0,1,1
R004668,female,1,rural,primary,0,0,0,0,0,1,0,1,0,1,0
R004669,female,1,urban,secondary,1,2,0,0,0,0,0,0,0,1,1
R004670,male,1,urban,tertiary,1,12,0,0,0,0,0,0,0,0,0
R004671,female,3,urban,primary,1,2,0,0,0,0,0,0,0,1,1
R004672,female,2,rural,primary,1,30,0,1,0,0,0,0,0,0,1
R004673,female,2,urban,primary,0,0,0,0,0,0,0,0,0,0,1
R004674,female,5,urban,secondary,0,0,0,0,1,0,0,0,0,1,1
R004675,female,1,urban,secondary,0,0,0,0,0,0,1,0,0,0,1
R004676,male,5,urban,secondary,1,5,0,0,0,0,0,0,0,1,1
R004677,male,3,urban,tertiary,1,1,0,0,0,0,0,0,0,1,0
R004678,male,1,rural,tertiary,1,2,0,0,0,0,0,0,0,0,0
R004679,male,3,urban,secondary,1,5,0,0,0,0,0,0,0,1,1
R004680,female,4,rural,primary,1,5,0,0,0,0,0,0,0,0,0
R004681,male,4,urban,secondary,1,12,1,0,0,0,0,0,0,1,0
R004682,female,1,urban,primary,0,0,0,0,1,0,0,0,0,0,0
R004683,female,4,urban,secondary,1,1,1,0,0,0,0,0,0,1,1
R004684,female,4,rural,secondary,1,0,0,0,0,0,0,0,0,1,1
R004685,male,5,urban,secondary,1,5,0,1,0,0,0,0,0,1,1
R004686,male,5,urban,secondary,1,12,0,0,0,0,0,0,0,1,1
R004687,female,2,urban,tertiary,1,1,0,0,0,0,0,0,0,1,1
R004688,female,5,urban,secondary,1,1,0,1,0,0,0,0,0,1,1
R004689,female,2,urban,primary,0,0,0,0,0,0,1,1,1,0,0
R004690,female,4,rural,primary,0,0,0,0,1,1,0,0,0,0,0
R004691,female,1,urban,primary,1,12,0,0,0,0,0,0,0,0,1
R004692,female,3,rural,primary,1,1,0,1,0,0,0,0,0,1,0
R004693,female,3,rural,secondary,0,0,0,0,0,1,0,0,1,0,0
R004694,female,1,urban,primary,0,0,0,0,1,1,1,1,0,1,0
R004695,male,3,rural,primary,1,5,0,0,0,0,0,0,0,0,1
R004696,male,1,urban,primary,0,0,0,0,1,0,0,0,0,0,1
R004697,male,5,rural,secondary,1,12,1,1,0,0,0,0,0,1,1
R004698,female,1,rural,secondary,0,0,0,0,1,0,0,0,1,1,0
R004699,female,1,rural,primary,0,0,0,0,1,1,0,0,1,0,0
R004700,female,4,urban,tertiary,1,1,0,0,0,0,0,0,0,1,1
R004701,female,4,urban,secondary,1,2,0,1,0,0,0,0,0,1,0
R004702,female,5,urban,tertiary,1,12,0,0,0,0,0,0,0,0,1
R004703,male,4,rural,secondary,1,5,0,0,0,0,0,0,0,0,1
R004704,female,1,urban,secondary,1,2,0,0,0,0,0,0,0,0,1
R004705,female,4,rural,secondary,0,0,0,0,0,1,1,1,1,1,1
R004706,female,2,rural,secondary,0,0,0,0,1,1,0,0,0,0,0
R004707,male,1,rural,primary,0,0,0,0,0,0,1,1,0,0,0
R004708,female,5,rural,secondary,1,5,0,1,0,0,0,0,0,1,1
R004709,male,1,rural,tertiary,0,0,0,0,1,1,1,0,1,0,0
R004710,female,4,urban,primary,1,12,1,1,0,0,0,0,0,1,1
R004711,male,4,urban,primary,1,1,0,1,0,0,0,0,0,1,1
R004712,female,2,urban,secondary,1,2,0,0,0,0,0,0,0,0,1
R004713,female,2,rural,secondary,0,0,0,0,0,0,0,0,1,1,0
R004714,male,1,urban,secondary,1,1,0,0,0,0,0,0,0,1,1
R004715,female,4,urban,secondary,1,12,0,1,0,0,0,0,0,1,0
R004716,female,4,rural,secondary,0,0,0,0,0,0,0,0,1,0,0
R004717,female,3,urban,none,0,0,0,0,1,0,0,1,1,1,1
R004718,female,3,urban,primary,0,0,0,0,0,0,0,0,1,1,0
R004719,female,2,rural,secondary,0,0,0,0,1,0,1,0,1,0,1
R004720,female,2,urban,secondary,0,0,0,0,0,0,1,0,1,0,0
R004721,male,3,rural,primary,1,2,0,0,0,0,0,0,0,0,0
R004722,female,4,urban,primary,1,2,0,0,0,0,0,0,0,0,1
R004723,female,4,rural,secondary,1,0,0,1,0,0,0,0,0,1,0
R004724,male,3,rural,secondary,1,1,0,1,0,0,0,0,0,0,0
R004725,female,2,urban,tertiary,1,0,0,1,0,0,0,0,0,0,1
R004726,female,3,urban,none,0,0,0,0,0,0,0,0,0,0,1
R004727,female,5,urban,primary,1,0,0,1,0,0,0,0,0,1,1
R004728,male,3,rural,secondary,1,30,0,0,0,0,0,0,0,1,1
R004729,male,1,rural,secondary,1,12,0,0,0,0,0,0,0,1,0
R004730,female,1,rural,tertiary,1,5,0,0,0,0,0,0,0,0,0
R004731,female,4,urban,secondary,1,5,0,0,0,0,0,0,0,0,1
R004732,male,2,urban,secondary,1,30,0,1,0,0,0,0,0,0,1
R004733,female,2,urban,secondary,0,0,0,0,1,1,0,0,1,1,1
R004734,female,2,rural,none,0,0,0,0,0,0,0,0,0,0,0
R004735,male,4,rural,primary,0,0,0,0,1,0,0,1,0,0,1
R004736,male,1,urban,tertiary,1,12,0,0,0,0,0,0,0,0,0
R004737,male,4,urban,tertiary,1,2,1,0,0,0,0,0,0,0,1
R004738,female,2,rural,primary,0,0,0,0,1,1,1,0,1,1,0
R004739,female,3,urban,tertiary,0,0,0,0,1,1,0,0,0,0,1
R004740,male,3,urban,secondary,1,1,0,0,0,0,0,0,0,0,1
R004741,female,5,urban,secondary,0,0,0,0,0,0,0,0,0,1,1
R004742,female,1,urban,primary,0,0,0,0,1,0,0,0,1,0,1
R004743,female,5,rural,none,1,2,0,0,0,0,0,0,0,0,1
R004744,female,4,rural,primary,1,2,0,0,0,0,0,0,0,0,1
R004745,male,4,rural,secondary,1,12,0,1,0,0,0,0,0,1,1
R004746,male,1,rural,primary,0,0,0,0,1,1,1,1,1,0,0
R004747,male,3,urban,secondary,1,12,0,0,0,0,0,0,0,1,0
R004748,female,2,rural,tertiary,1,2,0,0,0,0,0,0,0,1,0
R004749,female,1,urban,secondary,1,1,0,0,0,0,0,0,0,0,0
R004750,female,2,urban,tertiary,0,0,0,0,1,0,1,0,0,1,1
R004751,female,4,urban,primary,1,1,0,1,0,0,0,0,0,1,1
R004752,male,1,urban,primary,1,30,0,1,0,0,0,0,0,0,1
R004753,female,1,rural,primary,0,0,0,0,1,0,1,0,0,0,0
R004754,female,5,urban,none,1,12,0,0,0,0,0,0,0,1,1
R004755,male,2,urban,secondary,1,12,0,0,0,0,0,0,0,0,1
R004756,male,5,urban,secondary,1,12,0,0,0,0,0,0,0,1,1
R004757,female,1,rural,primary,0,0,0,0,1,1,1,1,1,1,1
R004758,male,4,urban,secondary,1,5,1,0,0,0,0,0,0,0,1
R004759,female,4,rural,primary,0,0,0,0,0,0,1,1,0,1,1
R004760,female,1,rural,secondary,1,5,0,0,0,0,0,0,0,1,1
R004761,male,5,urban,primary,1,12,1,1,0,0,0,0,0,1,1
R004762,male,5,urban,secondary,1,30,1,0,0,0,0,0,0,1,1
R004763,female,1,urban,primary,0,0,0,0,0,1,0,0,1,0,1
R004764,male,2,rural,primary,0,0,0,0,1,0,1,0,1,0,0
R004765,female,4,rural,secondary,1,5,1,0,0,0,0,0,0,1,1
R004766,female,2,rural,secondary,1,1,0,0,0,0,0,0,0,1,1
R004767,female,1,urban,secondary,1,5,0,0,0,0,0,0,0,0,0
R004768,female,3,rural,none,1,2,0,0,0,0,0,0,0,1,1
R004769,female,2,rural,secondary,1,30,0,0,0,0,0,0,0,0,0
R004770,female,2,rural,secondary,0,0,0,0,1,1,0,0,1,0,0
R004771,female,2,urban,secondary,1,5,0,1,0,0,0,0,0,1,0
R004772,female,3,rural,secondary,1,0,0,1,0,0,0,0,0,1,0
R004773,male,3,urban,primary,1,12,0,0,0,0,0,0,0,1,1
R004774,female,1,urban,tertiary,1,2,0,0,0,0,0,0,0,0,1
R004775,female,2,urban,secondary,1,30,0,0,0,0,0,0,0,0,0
R004776,female,5,urban,secondary,1,1,0,1,0,0,0,0,0,0,1
R004777,male,3,urban,none,1,12,0,0,0,0,0,0,0,0,1
R004778,female,1,rural,secondary,0,0,0,0,1,0,1,0,0,1,0
R004779,male,1,urban,primary,1,12,0,1,0,0,0,0,0,0,0
R004780,female,4,rural,secondary,1,12,1,0,0,0,0,0,0,1,0
R004781,female,4,rural,primary,1,2,1,0,0,0,0,0,0,1,0
R004782,male,4,rural,primary,1,1,1,0,0,0,0,0,0,1,0
R004783,female,1,rural,tertiary,1,2,0,1,0,0,0,0,0,1,0
R004784,female,2,rural,secondary,1,2,0,0,0,0,0,0,0,1,1
R004785,female,3,rural,secondary,1,12,1,0,0,0,0,0,0,1,1
R004786,male,5,urban,secondary,1,2,0,0,0,0,0,0,0,1,1
R004787,female,2,rural,primary,0,0,0,0,1,0,0,0,1,0,1
R004788,male,5,urban,secondary,1,2,1,1,0,0,0,0,0,1,1
R004789,male,3,urban,none,1,5,1,1,0,0,0,0,0,1,1
R004790,male,1,rural,secondary,1,30,1,0,0,0,0,0,0,1,0
R004791,female,2,rural,none,1,2,0,1,0,0,0,0,0,1,1
R004792,male,4,rural,tertiary,1,0,0,1,0,0,0,0,0,0,1
R004793,male,3,urban,secondary,1,2,0,1,0,0,0,0,0,1,0
R004794,female,1,urban,tertiary,1,12,0,1,0,0,0,0,0,0,0
R004795,female,4,rural,primary,0,0,0,0,0,0,0,0,1,0,0
R004796,female,2,urban,primary,1,5,0,0,0,0,0,0,0,1,0
R004797,female,1,urban,none,1,12,1,0,0,0,0,0,0,1,0
R004798,female,1,urban,secondary,1,12,0,0,0,0,0,0,0,1,1
R004799,female,4,rural,secondary,1,5,0,0,0,0,0,0,0,1,1
R004800,male,4,urban,none,1,1,0,1,0,0,0,0,0,1,1
R004801,male,1,rural,none,1,2,1,0,0,0,0,0,0,0,0
R004802,male,2,rural,primary,1,30,0,0,0,0,0,0,0,0,1
R004803,female,5,rural,secondary,0,0,0,0,1,0,0,0,1,1,1
R004804,female,2,rural,secondary,1,5,1,0,0,0,0,0,0,1,0
R004805,female,1,urban,secondary,1,1,0,0,0,0,0,0,0,1,0
R004806,male,1,urban,secondary,0,0,0,0,1,1,0,1,1,0,0
R004807,male,2,urban,tertiary,0,0,0,0,0,0,0,0,1,1,1
R004808,female,2,rural,tertiary,1,1,0,1,0,0,0,0,0,1,1
R004809,female,3,urban,primary,0,0,0,0,0,0,0,0,1,1,1
R004810,female,4,urban,tertiary,1,12,1,0,0,0,0,0,0,0,1
R004811,male,5,rural,tertiary,1,2,1,0,0,0,0,0,0,1,1
R004812,female,5,rural,primary,0,0,0,0,1,0,1,0,1,1,1
R004813,female,3,urban,secondary,1,1,0,1,0,0,0,0,0,0,1
R004814,female,3,urban,secondary,1,5,0,0,0,0,0,0,0,1,1
R004815,male,1,urban,tertiary,1,5,0,0,0,0,0,0,0,1,0
R004816,male,1,urban,none,0,0,0,0,1,0,0,0,0,0,0
R004817,male,4,rural,secondary,0,0,0,0,0,0,0,0,0,1,1
R004818,male,3,urban,tertiary,1,30,1,0,0,0,0,0,0,1,0
R004819,female,1,urban,primary,1,30,0,0,0,0,0,0,0,1,1
R004820,female,5,urban,secondary,1,1,0,1,0,0,0,0,0,1,1
R004821,male,1,urban,tertiary,1,1,1,0,0,0,0,0,0,0,1
R004822,female,1,rural,primary,0,0,0,0,0,1,1,0,0,0,0
R004823,female,3,urban,primary,1,5,0,1,0,0,0,0,0,1,0
R004824,male,5,urban,secondary,1,12,0,0,0,0,0,0,0,1,1
R004825,male,3,urban,secondary,1,30,0,1,0,0,0,0,0,1,0
R004826,male,3,rural,secondary,1,5,1,0,0,0,0,0,0,0,0
R004827,female,2,urban,secondary,0,0,0,0,0,0,1,0,1,0,1
R004828,male,3,urban,primary,1,2,0,1,0,0,0,0,0,0,0
R004829,female,4,urban,tertiary,1,30,0,1,0,0,0,0,0,1,1
R004830,male,3,rural,secondary,1,5,0,0,0,0,0,0,0,1,0
R004831,female,4,urban,primary,1,1,0,0,0,0,0,0,0,1,1
R004832,female,2,urban,secondary,1,5,0,0,0,0,0,0,0,1,1
R004833,male,3,rural,primary,1,12,0,1,0,0,0,0,0,0,0
R004834,male,1,urban,none,1,12,0,0,0,0,0,0,0,0,1
R004835,male,5,rural,secondary,1,5,0,1,0,0,0,0,0,0,0
R004836,female,4,urban,secondary,1,12,1,0,0,0,0,0,0,1,1
R004837,male,3,rural,secondary,1,5,1,0,0,0,0,0,0,1,1
R004838,male,3,urban,tertiary,1,5,0,1,0,0,0,0,0,0,1
R004839,female,2,rural,primary,0,0,0,0,1,0,1,1,1,0,0
R004840,female,3,urban,tertiary,1,12,0,0,0,0,0,0,0,1,1
R004841,male,1,rural,none,0,0,0,0,1,0,1,0,1,1,0
R004842,male,3,urban,primary,1,2,0,0,0,0,0,0,0,1,0
R004843,female,1,urban,secondary,0,0,0,0,0,0,1,1,0,0,1
R004844,female,5,urban,tertiary,1,2,1,0,0,0,0,0,0,1,1
R004845,male,2,rural,primary,1,1,0,0,0,0,0,0,0,0,0
R004846,female,3,urban,tertiary,1,5,0,0,0,0,0,0,0,1,1
R004847,female,1,urban,primary,1,0,0,0,0,0,0,0,0,1,1
R004848,male,4,urban,tertiary,1,2,0,0,0,0,0,0,0,0,1
R004849,male,4,rural,secondary,1,5,0,1,0,0,0,0,0,1,0
R004850,female,5,urban,tertiary,1,5,0,1,0,0,0,0,0,1,1
R004851,female,2,rural,secondary,1,5,1,0,0,0,0,0,0,0,0
R004852,male,1,rural,primary,0,0,0,0,1,0,1,1,0,0,0
R004853,female,5,rural,primary,1,30,1,1,0,0,0,0,0,1,1
R004854,female,4,rural,primary,0,0,0,0,1,1,1,0,0,1,1
R004855,male,2,urban,tertiary,1,5,0,0,0,0,0,0,0,1,0
R004856,male,3,rural,tertiary,1,1,0,0,0,0,0,0,0,1,0
R004857,female,5,rural,primary,1,30,0,1,0,0,0,0,0,1,1
R004858,male,3,urban,secondary,1,0,0,1,0,0,0,0,0,1,1
R004859,male,1,urban,tertiary,1,1,0,0,0,0,0,0,0,1,1
R004860,female,1,rural,tertiary,0,0,0,0,0,0,0,0,0,0,0
R004861,male,3,urban,secondary,1,1,0,0,0,0,0,0,0,1,1
R004862,female,3,urban,primary,1,12,1,1,0,0,0,0,0,1,1
R004863,female,2,rural,secondary,0,0,0,0,0,0,0,0,1,0,1
R004864,female,1,urban,secondary,1,12,0,0,0,0,0,0,0,0,1
R004865,female,2,rural,tertiary,0,0,0,0,0,0,0,0,1,1,0
R004866,female,2,urban,none,0,0,0,0,0,0,1,0,1,1,1
R004867,female,1,urban,primary,0,0,0,0,1,0,1,0,1,0,0
R004868,male,3,urban,tertiary,1,1,0,1,0,0,0,0,0,1,1
R004869,male,2,urban,secondary,1,2,1,1,0,0,0,0,0,1,0
R004870,female,1,rural,primary,0,0,0,0,1,0,0,1,1,1,0
R004871,male,5,urban,primary,1,1,1,0,0,0,0,0,0,0,1
R004872,female,2,urban,none,0,0,0,0,0,0,1,0,1,0,1
R004873,male,3,rural,primary,1,1,0,1,0,0,0,0,0,0,1
R004874,male,1,rural,secondary,1,1,1,0,0,0,0,0,0,1,0
R004875,male,4,rural,tertiary,1,12,0,0,0,0,0,0,0,1,0
R004876,male,4,urban,primary,1,0,1,1,0,0,0,0,0,1,1
R004877,male,2,urban,primary,0,0,0,0,1,1,1,0,0,1,1
R004878,female,5,urban,secondary,1,1,0,1,0,0,0,0,0,1,1
R004879,male,1,rural,secondary,1,0,0,0,0,0,0,0,0,0,0
R004880,female,2,urban,secondary,1,30,0,1,0,0,0,0,0,1,0
R004881,male,1,urban,primary,0,0,0,0,0,1,1,0,0,0,0
R004882,female,4,rural,tertiary,0,0,0,0,0,0,0,0,1,1,0
R004883,male,1,rural,tertiary,1,12,0,0,0,0,0,0,0,0,0
R004884,male,1,rural,secondary,0,0,0,0,1,1,0,0,1,0,0
R004885,female,2,urban,secondary,0,0,0,0,0,1,0,1,1,0,0
R004886,female,2,rural,tertiary,1,2,0,0,0,0,0,0,0,0,0
R004887,male,3,urban,primary,1,1,0,1,0,0,0,0,0,0,1
R004888,male,3,urban,primary,1,1,1,0,0,0,0,0,0,1,1
R004889,female,1,urban,secondary,1,1,0,0,0,0,0,0,0,0,1
R004890,male,4,rural,secondary,1,1,1,0,0,0,0,0,0,1,1
R004891,female,2,urban,primary,1,30,0,0,0,0,0,0,0,0,1
R004892,male,1,urban,secondary,1,12,1,0,0,0,0,0,0,1,1
R004893,female,3,rural,none,0,0,0,0,1,1,0,0,0,1,0
R004894,male,1,urban,tertiary,1,0,0,0,0,0,0,0,0,0,0
R004895,male,1,rural,tertiary,1,2,0,1,0,0,0,0,0,0,1
R004896,male,4,urban,none,1,2,0,0,0,0,0,0,0,1,1
R004897,female,1,urban,primary,0,0,0,0,1,0,1,0,0,0,0
R004898,female,2,urban,secondary,1,2,0,0,0,0,0,0,0,0,1
R004899,female,4,urban,secondary,1,12,0,1,0,0,0,0,0,1,1
R004900,male,4,urban,secondary,1,0,0,0,0,0,0,0,0,0,0
R004901,male,4,rural,primary,1,2,0,1,0,0,0,0,0,1,0
R004902,female,4,urban,tertiary,1,2,0,1,0,0,0,0,0,1,1
R004903,male,1,rural,secondary,1,2,1,1,0,0,0,0,0,0,0
R004904,female,2,urban,secondary,0,0,0,0,1,0,0,1,0,0,0
R004905,female,1,urban,primary,1,2,0,0,0,0,0,0,0,0,1
R004906,male,1,urban,tertiary,1,12,0,0,0,0,0,0,0,1,0
R004907,male,1,urban,secondary,1,5,0,0,0,0,0,0,0,1,0
R004908,female,1,rural,secondary,0,0,0,0,0,0,0,0,0,0,0
R004909,female,4,urban,secondary,1,5,1,0,0,0,0,0,0,1,0
R004910,male,2,rural,none,0,0,0,0,1,0,1,1,1,1,0
R004911,male,2,urban,secondary,1,12,1,1,0,0,0,0,0,1,1
R004912,female,4,urban,primary,0,0,0,0,0,0,0,1,1,1,1
R004913,male,2,urban,tertiary,1,12,0,1,0,0,0,0,0,0,1
R004914,female,2,rural,none,0,0,0,0,0,0,1,1,0,1,0
R004915,female,1,rural,secondary,1,12,0,0,0,0,0,0,0,0,1
R004916,female,3,rural,secondary,1,1,0,1,0,0,0,0,0,1,0
R004917,female,2,rural,tertiary,1,2,0,1,0,0,0,0,0,0,0
R004918,male,1,urban,secondary,1,1,0,0,0,0,0,0,0,0,1
R004919,male,4,urban,primary,1,5,1,1,0,0,0,0,0,1,1
R004920,male,4,urban,none,1,12,1,0,0,0,0,0,0,0,0
R004921,female,2,rural,secondary,0,0,0,0,0,0,1,1,0,0,0
R004922,female,4,urban,secondary,1,12,1,0,0,0,0,0,0,1,1
R004923,female,2,urban,secondary,1,1,0,0,0,0,0,0,0,1,1
R004924,male,1,urban,primary,0,0,0,0,0,1,0,0,1,0,0
R004925,male,1,rural,none,1,2,0,0,0,0,0,0,0,0,1
R004926,male,2,rural,secondary,1,12,0,0,0,0,0,0,0,1,0
R004927,male,3,urban,none,1,1,0,1,0,0,0,0,0,0,1
R004928,male,3,rural,primary,1,12,0,1,0,0,0,0,0,1,0
R004929,male,1,rural,secondary,0,0,0,0,0,0,1,1,0,1,0
R004930,male,2,urban,primary,1,0,0,0,0,0,0,0,0,0,1
R004931,female,2,urban,secondary,1,1,0,1,0,0,0,0,0,1,0
R004932,male,4,rural,secondary,1,2,1,1,0,0,0,0,0,1,1
R004933,male,3,rural,secondary,1,2,0,0,0,0,0,0,0,1,1
R004934,female,3,urban,secondary,1,1,1,0,0,0,0,0,0,0,1
R004935,female,2,rural,secondary,0,0,0,0,1,1,1,0,0,1,0
R004936,female,1,urban,secondary,1,1,0,0,0,0,0,0,0,0,0
R004937,male,3,urban,secondary,1,5,0,1,0,0,0,0,0,0,1
R004938,female,1,urban,primary,0,0,0,0,1,1,0,0,1,0,1
R004939,female,3,urban,secondary,1,1,0,1,0,0,0,0,0,0,1
R004940,female,5,rural,primary,1,5,1,1,0,0,0,0,0,1,0
R004941,male,4,urban,tertiary,1,30,0,0,0,0,0,0,0,1,0
R004942,male,1,urban,secondary,1,5,0,0,0,0,0,0,0,0,0
R004943,female,3,rural,tertiary,1,1,0,0,0,0,0,0,0,1,0
R004944,female,5,urban,secondary,1,2,0,1,0,0,0,0,0,1,1
R004945,female,2,rural,primary,1,30,0,0,0,0,0,0,0,0,1
R004946,female,5,rural,tertiary,1,12,1,1,0,0,0,0,0,1,1
R004947,male,2,urban,tertiary,0,0,0,0,1,0,1,0,1,0,1
R004948,female,4,urban,primary,1,2,1,1,0,0,0,0,0,1,1
R004949,male,3,urban,tertiary,1,1,1,0,0,0,0,0,0,0,0
R004950,female,3,urban,secondary,1,5,1,0,0,0,0,0,0,1,1
R004951,male,5,rural,secondary,1,30,0,1,0,0,0,0,0,0,0
R004952,female,3,rural,primary,1,5,0,1,0,0,0,0,0,0,0
R004953,male,5,urban,primary,1,2,0,1,0,0,0,0,0,1,1
R004954,male,4,urban,primary,1,1,1,1,0,0,0,0,0,1,0
R004955,female,1,urban,primary,1,2,0,0,0,0,0,0,0,1,1
R004956,female,3,urban,none,0,0,0,0,0,0,0,0,1,0,1
R004957,female,1,urban,secondary,0,0,0,0,0,0,0,0,1,0,1
R004958,female,4,rural,secondary,1,30,0,0,0,0,0,0,0,1,1
R004959,male,3,rural,secondary,0,0,0,0,1,0,0,0,0,0,1
R004960,female,3,urban,none,0,0,0,0,1,0,0,1,1,0,0
R004961,female,1,urban,tertiary,1,1,0,1,0,0,0,0,0,0,0
R004962,female,2,urban,primary,0,0,0,0,0,0,1,0,0,0,1
R004963,female,3,rural,none,0,0,0,0,1,0,0,0,0,1,1
R004964,male,3,rural,tertiary,1,0,0,1,0,0,0,0,0,0,1
R004965,male,3,rural,primary,0,0,0,0,1,1,1,0,0,0,1
R004966,male,4,rural,none,0,0,0,0,1,0,1,0,0,1,0
R004967,male,3,urban,secondary,1,2,0,0,0,0,0,0,0,1,1
R004968,male,5,rural,secondary,1,1,1,1,0,0,0,0,0,0,1
R004969,male,5,urban,secondary,1,2,0,1,0,0,0,0,0,1,1
R004970,male,2,urban,primary,0,0,0,0,1,0,1,0,1,1,1
R004971,male,1,rural,secondary,1,12,0,1,0,0,0,0,0,1,0
R004972,female,3,urban,primary,1,1,0,1,0,0,0,0,0,1,1
R004973,male,1,rural,secondary,1,1,1,0,0,0,0,0,0,0,1
R004974,female,1,rural,none,1,2,0,0,0,0,0,0,0,0,0
R004975,male,3,urban,secondary,1,12,1,0,0,0,0,0,0,1,1
R004976,female,4,urban,primary,1,12,0,1,0,0,0,0,0,1,1
R004977,female,3,urban,primary,1,5,1,1,0,0,0,0,0,0,1
R004978,female,1,rural,primary,0,0,0,0,0,1,0,0,1,0,0
R004979,male,3,urban,secondary,1,5,0,0,0,0,0,0,0,1,1
R004980,male,5,urban,tertiary,1,12,1,0,0,0,0,0,0,0,1
R004981,female,1,rural,none,0,0,0,0,1,0,1,0,1,0,0
R004982,female,5,urban,secondary,1,1,1,0,0,0,0,0,0,1,1
R004983,male,1,rural,tertiary,0,0,0,0,1,1,1,0,1,0,0
R004984,female,5,urban,secondary,1,5,0,1,0,0,0,0,0,1,1
R004985,male,1,rural,primary,0,0,0,0,1,0,0,0,0,0,0
R004986,female,3,urban,tertiary,1,5,1,0,0,0,0,0,0,1,0
R004987,male,4,rural,tertiary,1,1,1,1,0,0,0,0,0,1,1
R004988,female,4,urban,none,1,5,0,1,0,0,0,0,0,0,1
R004989,male,3,rural,tertiary,1,5,1,1,0,0,0,0,0,0,1
R004990,male,5,urban,secondary,1,0,0,0,0,0,0,0,0,1,1
R004991,male,1,rural,secondary,0,0,0,0,1,0,0,1,1,0,0
R004992,female,1,urban,secondary,0,0,0,0,0,0,0,0,0,0,0
R004993,female,1,urban,secondary,1,0,0,0,0,0,0,0,0,0,0
R004994,male,4,urban,primary,1,12,0,0,0,0,0,0,0,0,1
R004995,female,3,urban,none,0,0,0,0,1,0,0,0,0,0,1
R004996,male,5,rural,secondary,1,2,0,1,0,0,0,0,0,1,1
R004997,female,4,rural,none,1,5,0,0,0,0,0,0,0,0,0
R004998,female,2,rural,secondary,1,12,0,1,0,0,0,0,0,0,0
R004999,female,4,rural,secondary,1,1,0,0,0,0,0,0,0,0,1
R005000,female,3,rural,primary,1,2,1,0,0,0,0,0,0,1,1
R005001,male,4,rural,none,1,5,0,1,0,0,0,0,0,1,1
R005002,female,1,rural,secondary,1,2,0,0,0,0,0,0,0,0,0
R005003,female,4,rural,secondary,1,5,0,0,0,0,0,0,0,1,1
R005004,male,5,rural,secondary,1,5,0,0,0,0,0,0,0,1,1
R005005,female,5,urban,tertiary,1,5,0,1,0,0,0,0,0,0,1
R005006,female,4,urban,tertiary,1,1,0,1,0,0,0,0,0,0,1
R005007,male,1,rural,secondary,0,0,0,0,1,0,0,0,0,0,0
R005008,male,3,rural,secondary,0,0,0,0,1,1,1,0,0,1,1
R005009,male,5,urban,secondary,1,12,1,0,0,0,0,0,0,1,1
R005010,female,2,urban,secondary,1,1,1,1,0,0,0,0,0,1,1
R005011,female,3,urban,secondary,1,5,0,0,0,0,0,0,0,0,0
R005012,male,2,urban,none,0,0,0,0,1,1,1,1,0,1,1
R005013,female,1,urban,secondary,1,5,0,0,0,0,0,0,0,0,1
R005014,female,4,rural,tertiary,1,5,0,1,0,0,0,0,0,0,0
R005015,female,4,rural,tertiary,1,1,0,0,0,0,0,0,0,1,1
R005016,female,5,urban,primary,1,12,0,1,0,0,0,0,0,1,1
R005017,male,3,urban,none,1,30,0,0,0,0,0,0,0,1,0
R005018,female,4,urban,secondary,1,1,0,0,0,0,0,0,0,0,1
R005019,female,2,urban,tertiary,1,5,0,0,0,0,0,0,0,0,1
R005020,male,2,rural,secondary,0,0,0,0,0,0,1,1,1,0,0
R005021,female,5,rural,secondary,0,0,0,0,0,1,0,1,0,1,1
R005022,male,1,urban,secondary,1,1,0,1,0,0,0,0,0,0,1
R005023,female,2,rural,primary,0,0,0,0,0,0,0,0,0,0,0
R005024,female,4,rural,secondary,1,12,0,1,0,0,0,0,0,0,1
R005025,female,4,rural,primary,1,12,1,0,0,0,0,0,0,1,1
R005026,female,2,urban,secondary,1,5,0,0,0,0,0,0,0,1,1
R005027,female,4,urban,none,1,5,1,0,0,0,0,0,0,0,0
R005028,female,4,rural,secondary,1,2,1,1,0,0,0,0,0,0,1
R005029,male,4,rural,secondary,1,2,0,0,0,0,0,0,0,0,1
R005030,female,1,urban,tertiary,1,0,0,0,0,0,0,0,0,1,0
R005031,female,2,urban,secondary,1,1,0,1,0,0,0,0,0,1,0
R005032,female,2,rural,secondary,1,0,0,0,0,0,0,0,0,0,1
R005033,male,1,rural,primary,1,2,0,0,0,0,0,0,0,0,0
R005034,female,3,rural,secondary,1,5,0,1,0,0,0,0,0,1,1
R005035,male,1,rural,primary,0,0,0,0,1,1,0,1,0,1,0
R005036,male,4,urban,secondary,1,1,1,0,0,0,0,0,0,1,0
R005037,female,1,urban,secondary,1,2,0,0,0,0,0,0,0,1,0
R005038,male,2,urban,primary,1,12,0,0,0,0,0,0,0,0,1
R005039,female,2,rural,secondary,1,2,0,1,0,0,0,0,0,0,0
R005040,female,1,urban,secondary,0,0,0,0,1,0,0,0,1,1,1
R005041,male,2,urban,secondary,1,12,0,0,0,0,0,0,0,0,1
R005042,male,1,urban,secondary,1,30,1,0,0,0,0,0,0,0,1
R005043,female,3,rural,primary,1,5,0,0,0,0,0,0,0,0,1
R005044,female,4,rural,primary,1,30,1,1,0,0,0,0,0,1,1
R005045,female,2,rural,primary,0,0,0,0,0,0,1,0,1,0,0
R005046,female,2,urban,secondary,1,5,0,1,0,0,0,0,0,1,0
R005047,male,1,rural,primary,1,1,0,0,0,0,0,0,0,0,0
R005048,female,3,urban,secondary,0,0,0,0,1,0,0,0,1,0,1
R005049,female,3,rural,secondary,0,0,0,0,1,1,0,0,0,0,0
R005050,male,2,urban,secondary,1,2,1,0,0,0,0,0,0,0,1
R005051,female,3,rural,primary,1,2,0,0,0,0,0,0,0,1,1
R005052,female,2,rural,none,1,12,0,0,0,0,0,0,0,0,0
R005053,female,3,urban,secondary,1,5,0,0,0,0,0,0,0,0,1
R005054,male,1,rural,secondary,1,2,0,0,0,0,0,0,0,1,0
R005055,female,2,rural,secondary,1,5,0,1,0,0,0,0,0,0,0
R005056,female,3,urban,primary,1,5,0,0,0,0,0,0,0,0,1
R005057,male,2,urban,secondary,1,1,0,0,0,0,0,0,0,0,1
R005058,female,4,urban,none,1,5,0,1,0,0,0,0,0,1,1
R005059,female,4,rural,primary,1,30,0,1,0,0,0,0,0,1,1
R005060,female,4,urban,secondary,1,12,0,1,0,0,0,0,0,1,0
R005061,male,2,rural,secondary,1,5,0,0,0,0,0,0,0,1,0
R005062,male,5,urban,tertiary,1,5,0,1,0,0,0,0,0,1,1
R005063,male,5,urban,none,1,1,0,1,0,0,0,0,0,0,1
R005064,female,5,rural,primary,1,30,0,1,0,0,0,0,0,1,1
R005065,female,1,rural,primary,0,0,0,0,1,0,0,0,0,1,0
R005066,male,2,urban,secondary,1,5,0,0,0,0,0,0,0,0,1
R005067,female,4,rural,none,1,1,1,1,0,0,0,0,0,0,1
R005068,female,1,rural,primary,0,0,0,0,0,0,1,0,1,1,0
R005069,male,4,urban,secondary,1,30,0,1,0,0,0,0,0,0,1
R005070,male,2,urban,primary,1,5,0,0,0,0,0,0,0,1,0
R005071,female,2,rural,none,1,5,0,0,0,0,0,0,0,1,0
R005072,male,3,urban,primary,0,0,0,0,1,0,1,0,1,1,0
R005073,female,4,rural,primary,1,5,0,1,0,0,0,0,0,1,0
R005074,female,1,rural,primary,0,0,0,0,1,0,1,0,0,1,1
R005075,female,1,rural,secondary,1,2,0,0,0,0,0,0,0,1,1
R005076,male,3,urban,primary,1,5,0,0,0,0,0,0,0,0,1
R005077,female,1,urban,secondary,1,1,0,0,0,0,0,0,0,1,0
R005078,female,1,rural,secondary,0,0,0,0,0,1,0,1,0,0,1
R005079,male,3,rural,primary,1,12,0,0,0,0,0,0,0,0,0
R005080,male,5,rural,none,0,0,0,0,0,1,0,1,1,1,1
R005081,male,2,urban,primary,1,2,0,0,0,0,0,0,0,0,1
R005082,female,4,urban,secondary,1,2,0,0,0,0,0,0,0,1,1
R005083,female,4,rural,tertiary,1,0,1,0,0,0,0,0,0,1,1
R005084,male,5,urban,none,1,2,1,0,0,0,0,0,0,1,1
R005085,female,3,urban,none,0,0,0,0,0,1,0,1,1,0,1
R005086,female,3,rural,primary,1,5,0,0,0,0,0,0,0,1,0
R005087,female,5,urban,secondary,1,2,0,1,0,0,0,0,0,1,1
R005088,female,3,urban,primary,1,12,0,0,0,0,0,0,0,0,1
R005089,female,1,urban,secondary,1,2,0,0,0,0,0,0,0,1,1
R005090,male,1,urban,secondary,0,0,0,0,1,0,1,0,0,1,1
R005091,male,4,rural,secondary,1,5,0,1,0,0,0,0,0,1,1
R005092,female,2,rural,primary,0,0,0,0,0,0,1,0,1,1,0
R005093,male,5,rural,primary,1,5,0,0,0,0,0,0,0,1,1
R005094,male,2,urban,tertiary,1,2,0,0,0,0,0,0,0,0,1
R005095,male,3,urban,secondary,1,5,0,0,0,0,0,0,0,0,0
R005096,male,3,rural,tertiary,1,12,0,0,0,0,0,0,0,0,1
R005097,female,1,urban,primary,1,0,0,0,0,0,0,0,0,0,1
R005098,female,3,urban,secondary,1,5,0,0,0,0,0,0,0,0,0
R005099,female,3,rural,none,1,5,0,0,0,0,0,0,0,0,0
R005100,male,5,urban,secondary,1,2,0,1,0,0,0,0,0,1,1
R005101,male,5,rural,secondary,1,5,0,1,0,0,0,0,0,1,0
R005102,male,5,rural,secondary,1,5,0,0,0,0,0,0,0,1,0
R005103,male,3,urban,secondary,1,12,0,1,0,0,0,0,0,1,1
R005104,male,1,rural,primary,1,30,0,0,0,0,0,0,0,0,0
R005105,female,2,urban,secondary,0,0,0,0,0,0,0,1,1,0,0
R005106,female,4,urban,none,0,0,0,0,0,0,0,0,0,1,0
R005107,female,1,urban,tertiary,1,1,0,0,0,0,0,0,0,1,1
R005108,male,1,rural,secondary,1,12,0,0,0,0,0,0,0,0,0
R005109,female,1,rural,secondary,0,0,0,0,1,0,0,0,1,0,1
R005110,male,1,urban,tertiary,0,0,0,0,0,0,1,0,0,0,0
R005111,male,2,urban,primary,0,0,0,0,0,0,1,0,1,1,0
R005112,male,3,urban,secondary,1,12,0,1,0,0,0,0,0,1,1
R005113,male,4,urban,tertiary,1,30,0,0,0,0,0,0,0,1,1
R005114,male,1,rural,tertiary,0,0,0,0,1,1,0,0,0,0,1
R005115,male,1,urban,tertiary,0,0,0,0,0,0,1,0,1,0,0
R005116,female,5,rural,secondary,1,5,0,0,0,0,0,0,0,0,1
R005117,female,2,rural,secondary,1,1,0,0,0,0,0,0,0,1,0
R005118,male,1,urban,primary,0,0,0,0,1,0,1,0,1,0,1
R005119,female,1,rural,tertiary,0,0,0,0,0,0,0,1,1,0,1
R005120,male,1,rural,none,0,0,0,0,0,0,1,0,0,0,0
R005121,female,1,urban,secondary,1,5,0,0,0,0,0,0,0,1,0
R005122,female,2,urban,secondary,1,0,0,0,0,0,0,0,0,0,0
R005123,female,1,rural,primary,0,0,0,0,0,1,1,0,1,0,0
R005124,female,5,urban,none,1,5,1,1,0,0,0,0,0,1,1
R005125,male,1,urban,none,1,2,0,0,0,0,0,0,0,1,0
R005126,female,1,urban,tertiary,1,1,0,0,0,0,0,0,0,1,1
R005127,male,2,urban,secondary,1,30,0,0,0,0,0,0,0,0,0
R005128,male,5,rural,secondary,1,2,1,1,0,0,0,0,0,0,1
R005129,male,1,urban,secondary,1,2,0,0,0,0,0,0,0,1,0
R005130,female,1,rural,primary,0,0,0,0,1,1,0,0,1,0,1
R005131,female,5,rural,primary,0,0,0,0,1,1,0,0,1,1,0
R005132,female,1,rural,tertiary,1,2,0,0,0,0,0,0,0,0,0
R005133,male,3,rural,secondary,1,12,1,0,0,0,0,0,0,0,1
R005134,male,5,urban,secondary,1,2,0,1,0,0,0,0,0,1,1
R005135,male,5,urban,primary,1,5,0,1,0,0,0,0,0,1,0
R005136,male,3,rural,secondary,1,2,0,0,0,0,0,0,0,1,0
R005137,female,4,urban,none,0,0,0,0,0,0,0,0,0,1,1
R005138,male,5,urban,secondary,1,1,0,1,0,0,0,0,0,1,0
R005139,male,3,urban,tertiary,1,5,0,1,0,0,0,0,0,1,1
R005140,female,1,urban,primary,0,0,0,0,1,0,1,0,0,0,1
R005141,female,4,rural,tertiary,1,2,0,0,0,0,0,0,0,0,0
R005142,female,1,rural,primary,0,0,0,0,1,1,0,0,0,1,0
R005143,female,3,rural,secondary,1,1,0,1,0,0,0,0,0,0,1
R005144,male,3,urban,primary,0,0,0,0,1,0,0,0,0,1,1
R005145,female,5,rural,secondary,1,30,1,1,0,0,0,0,0,1,1
R005146,male,3,rural,none,1,2,1,1,0,0,0,0,0,1,0
R005147,female,1,urban,tertiary,1,12,0,0,0,0,0,0,0,0,0
R005148,female,4,urban,secondary,1,2,0,1,0,0,0,0,0,0,1
R005149,female,1,urban,secondary,1,30,0,0,0,0,0,0,0,0,1
R005150,female,2,urban,primary,0,0,0,0,1,0,0,0,1,1,1
R005151,male,4,rural,none,0,0,0,0,0,0,0,1,1,1,0
R005152,male,3,urban,primary,1,2,0,0,0,0,0,0,0,0,0
R005153,male,4,rural,secondary,1,5,0,1,0,0,0,0,0,1,1
R005154,female,5,urban,primary,1,1,1,1,0,0,0,0,0,1,1
R005155,female,2,urban,secondary,1,2,0,0,0,0,0,0,0,0,1
R005156,male,4,rural,tertiary,1,0,1,0,0,0,0,0,0,1,1
R005157,male,5,urban,secondary,1,2,0,0,0,0,0,0,0,1,1
R005158,male,5,urban,primary,1,2,0,0,0,0,0,0,0,1,1
R005159,male,4,urban,none,1,1,0,0,0,0,0,0,0,1,0
R005160,female,1,urban,primary,0,0,0,0,0,0,0,0,1,0,1
R005161,female,3,rural,none,1,1,1,0,0,0,0,0,0,1,1
R005162,female,1,rural,secondary,0,0,0,0,1,0,0,0,1,1,1
R005163,female,2,urban,secondary,0,0,0,0,0,0,1,0,1,0,1
R005164,female,2,rural,none,0,0,0,0,1,1,1,1,1,0,0
R005165,male,1,rural,secondary,1,30,1,0,0,0,0,0,0,0,0
R005166,male,2,rural,tertiary,1,5,1,0,0,0,0,0,0,1,0
R005167,male,3,urban,none,1,1,0,0,0,0,0,0,0,0,1
R005168,male,2,rural,secondary,0,0,0,0,1,0,1,1,1,0,1
R005169,male,1,urban,secondary,1,5,0,0,0,0,0,0,0,0,0
R005170,female,3,urban,secondary,1,5,1,0,0,0,0,0,0,1,0
R005171,male,1,urban,primary,1,12,0,1,0,0,0,0,0,0,0
R005172,male,1,rural,primary,0,0,0,0,1,1,0,0,1,0,0
R005173,female,3,urban,none,0,0,0,0,0,0,0,0,0,1,1
R005174,male,3,urban,primary,0,0,0,0,1,0,1,0,1,0,1
R005175,female,5,rural,tertiary,1,5,0,0,0,0,0,0,0,1,1
R005176,female,1,urban,primary,1,1,0,0,0,0,0,0,0,1,1
R005177,male,3,urban,none,1,2,1,1,0,0,0,0,0,1,1
R005178,male,3,rural,secondary,1,30,0,0,0,0,0,0,0,0,1
R005179,female,2,urban,none,0,0,0,0,1,0,0,0,1,1,0
R005180,male,1,urban,primary,1,5,1,1,0,0,0,0,0,0,1
R005181,female,2,urban,primary,1,5,0,0,0,0,0,0,0,0,1
R005182,female,3,rural,tertiary,1,12,0,0,0,0,0,0,0,0,0
R005183,female,5,rural,primary,1,2,1,1,0,0,0,0,0,0,1
R005184,male,4,rural,secondary,1,2,0,1,0,0,0,0,0,0,0
R005185,male,4,urban,primary,1,0,0,1,0,0,0,0,0,0,0
R005186,female,4,urban,primary,1,2,0,0,0,0,0,0,0,1,1
R005187,female,4,rural,secondary,1,5,0,0,0,0,0,0,0,1,0
R005188,male,2,urban,primary,1,30,0,1,0,0,0,0,0,0,0
R005189,male,2,rural,primary,0,0,0,0,0,0,1,0,1,0,1
R005190,female,4,rural,tertiary,1,5,1,0,0,0,0,0,0,0,0
R005191,female,1,urban,primary,0,0,0,0,1,0,0,1,0,1,1
R005192,male,5,urban,none,1,12,0,0,0,0,0,0,0,1,1
R005193,female,4,rural,secondary,0,0,0,0,1,1,0,0,1,1,1
R005194,female,4,rural,secondary,0,0,0,0,1,1,0,1,0,0,1
R005195,male,5,urban,tertiary,1,5,1,1,0,0,0,0,0,1,1
R005196,male,4,urban,primary,1,0,1,0,0,0,0,0,0,0,1
R005197,male,3,urban,secondary,0,0,0,0,1,0,1,1,1,1,1
R005198,male,1,urban,primary,0,0,0,0,0,0,0,0,1,1,0
R005199,female,2,urban,secondary,1,5,0,0,0,0,0,0,0,0,0
R005200,male,4,urban,primary,1,12,0,0,0,0,0,0,0,1,1
R005201,male,5,urban,secondary,1,1,0,0,0,0,0,0,0,1,1
R005202,male,4,rural,secondary,1,1,0,0,0,0,0,0,0,1,0
R005203,male,1,rural,primary,1,5,0,0,0,0,0,0,0,1,1
R005204,female,2,urban,primary,1,5,0,1,0,0,0,0,0,1,1
R005205,female,4,rural,primary,1,1,0,0,0,0,0,0,0,1,1
R005206,female,2,rural,primary,1,1,0,0,0,0,0,0,0,0,1
R005207,male,3,rural,primary,1,12,1,1,0,0,0,0,0,0,1
R005208,female,2,urban,primary,1,2,0,0,0,0,0,0,0,1,0
R005209,male,4,urban,primary,1,12,1,1,0,0,0,0,0,1,1
R005210,female,3,urban,tertiary,1,5,1,0,0,0,0,0,0,1,1
R005211,female,2,rural,primary,0,0,0,0,1,1,1,0,1,0,1
R005212,female,3,urban,primary,1,5,0,0,0,0,0,0,0,0,1
R005213,male,3,urban,primary,0,0,0,0,1,0,0,0,0,0,0
R005214,female,4,urban,tertiary,1,30,1,1,0,0,0,0,0,1,1
R005215,male,2,urban,secondary,1,12,0,0,0,0,0,0,0,1,1
R005216,male,1,rural,primary,0,0,0,0,0,0,1,0,1,1,0
R005217,male,5,urban,tertiary,1,1,0,0,0,0,0,0,0,1,1
R005218,female,4,rural,secondary,1,2,0,1,0,0,0,0,0,1,0
R005219,male,3,rural,none,1,1,1,0,0,0,0,0,0,0,1
R005220,male,1,rural,primary,1,1,0,1,0,0,0,0,0,1,0
R005221,male,2,urban,none,1,12,0,0,0,0,0,0,0,1,1
R005222,female,2,rural,tertiary,1,5,0,0,0,0,0,0,0,1,0
R005223,female,1,urban,secondary,1,1,0,0,0,0,0,0,0,0,0
R005224,male,4,rural,primary,0,0,0,0,0,0,0,0,0,0,1
R005225,male,4,urban,secondary,1,12,1,0,0,0,0,0,0,1,0
R005226,female,1,urban,secondary,0,0,0,0,1,0,0,1,1,0,1
R005227,female,1,urban,secondary,0,0,0,0,0,0,0,0,0,1,1
R005228,male,1,urban,primary,1,30,0,0,0,0,0,0,0,0,1
R005229,female,2,urban,primary,0,0,0,0,1,0,0,0,1,1,1
R005230,male,5,urban,primary,1,5,0,1,0,0,0,0,0,1,1
R005231,male,2,urban,secondary,1,5,0,0,0,0,0,0,0,1,1
R005232,female,5,urban,secondary,1,12,1,1,0,0,0,0,0,0,1
R005233,male,2,urban,secondary,1,2,0,1,0,0,0,0,0,1,1
R005234,female,4,rural,secondary,1,12,0,0,0,0,0,0,0,0,1
R005235,male,5,rural,secondary,1,0,0,0,0,0,0,0,0,1,1
R005236,male,2,rural,tertiary,1,5,0,1,0,0,0,0,0,1,1
R005237,female,2,urban,none,0,0,0,0,1,1,1,0,1,1,1
R005238,male,3,urban,secondary,1,12,0,1,0,0,0,0,0,0,1
R005239,male,5,urban,secondary,1,5,0,0,0,0,0,0,0,1,1
R005240,female,4,urban,primary,0,0,0,0,1,1,0,0,1,0,1
R005241,female,4,urban,tertiary,1,1,0,1,0,0,0,0,0,1,1
R005242,female,2,rural,secondary,1,1,0,1,0,0,0,0,0,0,1
R005243,male,3,urban,none,1,1,0,0,0,0,0,0,0,1,1
R005244,female,3,urban,tertiary,1,2,0,0,0,0,0,0,0,0,0
R005245,male,3,rural,none,0,0,0,0,1,0,1,0,1,0,1
R005246,female,1,rural,secondary,0,0,0,0,1,0,0,0,1,0,0
R005247,female,5,urban,tertiary,1,0,0,1,0,0,0,0,0,1,0
R005248,female,1,urban,secondary,1,5,0,1,0,0,0,0,0,0,1
R005249,female,1,urban,primary,1,1,0,0,0,0,0,0,0,1,0
R005250,female,5,urban,primary,0,0,0,0,0,1,1,1,1,0,1
R005251,female,2,urban,secondary,1,2,0,1,0,0,0,0,0,1,1
R005252,female,4,rural,primary,1,30,0,1,0,0,0,0,0,0,1
R005253,male,3,urban,tertiary,1,1,1,1,0,0,0,0,0,1,1
R005254,female,2,urban,secondary,1,5,0,0,0,0,0,0,0,1,1
R005255,male,1,urban,primary,0,0,0,0,1,0,0,0,0,1,1
R005256,female,5,urban,tertiary,1,12,0,1,0,0,0,0,0,0,1
R005257,female,3,urban,tertiary,1,0,1,0,0,0,0,0,0,0,1
R005258,male,3,rural,primary,0,0,0,0,1,1,0,0,0,1,0
R005259,female,4,urban,primary,1,12,1,1,0,0,0,0,0,0,1
R005260,female,5,rural,secondary,1,30,0,0,0,0,0,0,0,1,1
R005261,female,1,urban,primary,1,12,0,0,0,0,0,0,0,0,1
R005262,female,4,rural,tertiary,1,5,1,1,0,0,0,0,0,0,0
R005263,female,2,rural,secondary,1,12,0,0,0,0,0,0,0,1,0
R005264,female,5,urban,tertiary,1,1,1,1,0,0,0,0,0,1,1
R005265,female,5,rural,secondary,0,0,0,0,1,1,1,0,0,1,1
R005266,female,5,urban,secondary,1,1,1,0,0,0,0,0,0,1,1
R005267,female,5,urban,primary,1,30,0,0,0,0,0,0,0,0,1
R005268,male,5,urban,secondary,1,1,0,1,0,0,0,0,0,1,1
R005269,female,5,urban,secondary,1,0,0,1,0,0,0,0,0,0,1
R005270,male,1,urban,secondary,1,1,0,0,0,0,0,0,0,0,0
R005271,male,5,urban,primary,1,5,0,1,0,0,0,0,0,0,1
R005272,male,2,urban,tertiary,1,5,0,0,0,0,0,0,0,0,0
R005273,male,4,urban,tertiary,0,0,0,0,0,0,0,0,0,1,1
R005274,female,4,rural,primary,1,1,0,1,0,0,0,0,0,0,0
R005275,male,4,urban,none,0,0,0,0,0,0,0,0,0,1,1
R005276,female,3,urban,primary,1,2,0,1,0,0,0,0,0,0,1
R005277,female,2,urban,tertiary,1,12,0,0,0,0,0,0,0,0,0
R005278,female,1,urban,secondary,1,5,0,0,0,0,0,0,0,1,0
R005279,male,5,rural,tertiary,1,1,1,0,0,0,0,0,0,1,1
R005280,male,1,rural,primary,0,0,0,0,1,0,1,1,0,0,1
R005281,male,5,rural,primary,1,30,1,1,0,0,0,0,0,1,0
R005282,female,2,urban,secondary,1,5,1,0,0,0,0,0,0,0,0
R005283,male,1,urban,primary,0,0,0,0,1,0,0,0,1,0,0
R005284,female,4,urban,secondary,1,1,0,1,0,0,0,0,0,0,1
R005285,male,2,urban,secondary,1,2,1,0,0,0,0,0,0,1,1
R005286,male,1,rural,none,1,1,0,0,0,0,0,0,0,0,0
R005287,female,5,rural,primary,1,2,0,1,0,0,0,0,0,1,0
R005288,female,2,urban,primary,0,0,0,0,1,0,0,1,1,0,0
R005289,male,5,rural,primary,1,2,1,1,0,0,0,0,0,1,1
R005290,female,1,urban,tertiary,1,2,0,0,0,0,0,0,0,0,1
R005291,female,3,rural,secondary,1,2,1,0,0,0,0,0,0,1,1
R005292,male,2,rural,primary,0,0,0,0,0,0,1,0,0,0,1
R005293,female,1,urban,tertiary,1,5,0,0,0,0,0,0,0,1,0
R005294,female,2,urban,primary,1,5,0,1,0,0,0,0,0,0,1
R005295,male,1,urban,primary,1,2,0,0,0,0,0,0,0,0,0
R005296,male,3,urban,tertiary,1,1,0,0,0,0,0,0,0,0,1
R005297,male,1,urban,tertiary,0,0,0,0,1,0,0,0,1,0,0
R005298,female,2,rural,none,0,0,0,0,0,0,0,1,1,0,0
R005299,male,1,rural,secondary,1,12,0,0,0,0,0,0,0,0,1
R005300,male,1,rural,primary,0,0,0,0,1,1,1,1,1,0,0
R005301,female,2,rural,none,0,0,0,0,1,0,1,1,1,1,1
R005302,male,5,urban,secondary,1,1,0,0,0,0,0,0,0,1,1
R005303,female,4,rural,primary,1,5,0,1,0,0,0,0,0,0,0
R005304,female,3,rural,none,0,0,0,0,0,0,0,0,1,0,0
R005305,female,1,urban,secondary,1,12,0,0,0,0,0,0,0,0,1
R005306,male,4,urban,primary,1,2,0,1,0,0,0,0,0,1,1
R005307,female,1,rural,secondary,0,0,0,0,0,1,0,0,1,1,1
R005308,female,1,urban,tertiary,1,30,0,0,0,0,0,0,0,0,0
R005309,male,2,urban,tertiary,1,1,0,1,0,0,0,0,0,1,1
R005310,female,4,urban,secondary,1,30,0,1,0,0,0,0,0,1,1
R005311,male,1,urban,tertiary,1,12,0,1,0,0,0,0,0,0,0
R005312,female,2,urban,primary,1,1,0,1,0,0,0,0,0,0,1
R005313,female,4,rural,primary,1,12,0,1,0,0,0,0,0,0,1
R005314,male,1,rural,secondary,0,0,0,0,0,0,0,0,1,0,1
R005315,female,1,urban,secondary,0,0,0,0,1,0,0,0,1,0,0
R005316,female,1,urban,secondary,1,5,1,0,0,0,0,0,0,0,0
R005317,female,5,urban,secondary,1,30,0,0,0,0,0,0,0,1,1
R005318,male,2,urban,secondary,0,0,0,0,1,0,0,0,0,0,0
R005319,female,1,urban,tertiary,1,5,0,0,0,0,0,0,0,1,1
R005320,female,1,urban,primary,0,0,0,0,1,0,1,0,1,0,0
R005321,female,2,urban,secondary,1,2,1,0,0,0,0,0,0,1,1
R005322,female,3,urban,none,0,0,0,0,0,0,0,0,0,0,0
R005323,female,3,urban,secondary,0,0,0,0,0,0,0,0,0,0,0
R005324,female,1,rural,secondary,0,0,0,0,0,1,0,0,0,1,1
R005325,female,2,urban,tertiary,1,1,0,0,0,0,0,0,0,1,1
R005326,female,3,rural,tertiary,1,12,0,0,0,0,0,0,0,1,1
R005327,male,5,rural,secondary,1,0,0,0,0,0,0,0,0,1,1
R005328,female,1,urban,tertiary,1,5,0,0,0,0,0,0,0,1,1
R005329,female,5,urban,tertiary,1,5,0,0,0,0,0,0,0,1,0
R005330,male,2,urban,secondary,1,5,0,0,0,0,0,0,0,0,1
R005331,male,3,urban,tertiary,1,5,1,0,0,0,0,0,0,0,1
R005332,male,4,urban,secondary,1,30,0,1,0,0,0,0,0,1,1
R005333,female,1,urban,secondary,0,0,0,0,1,0,0,0,1,0,1
R005334,male,4,rural,primary,1,12,0,1,0,0,0,0,0,1,1
R005335,female,3,urban,secondary,1,0,1,1,0,0,0,0,0,1,1
R005336,male,1,urban,tertiary,0,0,0,0,0,0,0,0,0,1,0
R005337,male,1,rural,secondary,0,0,0,0,0,1,0,0,1,0,1
R005338,female,2,rural,secondary,0,0,0,0,1,0,1,1,1,0,0
R005339,female,5,urban,primary,1,1,0,1,0,0,0,0,0,0,0
R005340,female,3,rural,secondary,1,1,0,0,0,0,0,0,0,1,0
R005341,female,5,rural,none,1,12,0,0,0,0,0,0,0,1,0
R005342,female,4,urban,secondary,1,12,0,0,0,0,0,0,0,0,1
R005343,male,3,urban,none,1,1,1,1,0,0,0,0,0,0,1
R005344,male,2,urban,secondary,1,12,0,1,0,0,0,0,0,0,1
R005345,male,1,urban,secondary,1,1,0,0,0,0,0,0,0,0,1
R005346,female,1,urban,primary,0,0,0,0,0,0,0,0,0,0,1
R005347,male,5,urban,none,1,0,0,0,0,0,0,0,0,1,1
R005348,female,5,urban,secondary,1,1,1,0,0,0,0,0,0,1,1
R005349,female,2,urban,tertiary,1,1,0,0,0,0,0,0,0,1,0
R005350,male,1,rural,tertiary,1,12,1,0,0,0,0,0,0,1,1
R005351,female,4,rural,tertiary,1,2,0,1,0,0,0,0,0,0,0
R005352,male,3,rural,secondary,0,0,0,0,1,1,1,0,1,0,0
R005353,male,1,rural,none,1,30,1,0,0,0,0,0,0,0,0
R005354,female,1,urban,secondary,0,0,0,0,1,0,0,1,1,0,0
R005355,male,4,rural,secondary,1,1,0,1,0,0,0,0,0,0,0
R005356,male,1,urban,secondary,1,1,0,0,0,0,0,0,0,0,1
R005357,male,5,rural,secondary,1,1,1,0,0,0,0,0,0,0,0
R005358,female,3,urban,primary,0,0,0,0,1,0,1,0,1,1,1
R005359,female,2,urban,primary,1,2,0,1,0,0,0,0,0,0,1
R005360,female,5,rural,none,1,1,1,0,0,0,0,0,0,1,1
R005361,female,5,urban,none,0,0,0,0,0,0,0,0,0,1,1
R005362,female,3,urban,tertiary,1,12,1,1,0,0,0,0,0,1,1
R005363,male,4,urban,tertiary,1,12,0,1,0,0,0,0,0,1,0
R005364,male,1,urban,secondary,1,2,1,0,0,0,0,0,0,0,0
R005365,female,1,urban,none,1,1,1,0,0,0,0,0,0,0,0
R005366,female,4,rural,none,0,0,0,0,0,0,1,0,0,0,0
R005367,male,1,urban,none,0,0,0,0,0,0,0,1,1,0,0
R005368,male,4,urban,tertiary,1,30,0,1,0,0,0,0,0,1,1
R005369,female,2,rural,secondary,1,12,0,0,0,0,0,0,0,1,0
R005370,female,2,urban,none,0,0,0,0,1,0,1,0,0,0,1
R005371,male,2,urban,none,1,5,0,1,0,0,0,0,0,0,0
R005372,male,1,rural,primary,0,0,0,0,0,1,1,1,0,0,0
R005373,male,5,urban,secondary,1,12,0,0,0,0,0,0,0,0,1
R005374,female,2,urban,secondary,1,12,0,0,0,0,0,0,0,0,1
R005375,female,4,rural,tertiary,1,5,0,0,0,0,0,0,0,1,1
R005376,male,1,urban,secondary,1,1,0,0,0,0,0,0,0,0,0
R005377,female,5,rural,secondary,1,30,0,0,0,0,0,0,0,1,0
R005378,female,3,rural,none,0,0,0,0,1,0,0,0,0,1,1
R005379,female,3,urban,secondary,0,0,0,0,1,0,1,0,0,1,1
R005380,male,2,rural,tertiary,1,5,0,0,0,0,0,0,0,0,0
R005381,female,2,urban,secondary,0,0,0,0,1,0,1,0,0,0,0
R005382,female,1,rural,secondary,0,0,0,0,1,0,0,1,0,0,0
R005383,male,5,rural,primary,0,0,0,0,0,1,1,0,0,1,1
R005384,female,1,urban,secondary,1,2,0,0,0,0,0,0,0,0,1
R005385,male,4,urban,secondary,1,2,0,0,0,0,0,0,0,0,1
R005386,male,2,urban,primary,1,5,0,0,0,0,0,0,0,1,0
R005387,male,4,urban,primary,1,30,0,0,0,0,0,0,0,1,1
R005388,male,5,urban,secondary,1,5,0,1,0,0,0,0,0,1,1
R005389,female,1,rural,tertiary,1,1,0,0,0,0,0,0,0,1,0
R005390,male,4,rural,tertiary,1,0,0,1,0,0,0,0,0,1,1
R005391,male,3,urban,secondary,1,0,0,0,0,0,0,0,0,0,0
R005392,female,4,rural,tertiary,0,0,0,0,0,0,0,0,0,0,1
R005393,male,4,urban,secondary,1,5,0,1,0,0,0,0,0,1,1
R005394,male,3,rural,tertiary,1,1,1,0,0,0,0,0,0,1,0
R005395,male,4,urban,secondary,1,5,0,0,0,0,0,0,0,1,1
R005396,male,4,urban,secondary,1,12,1,0,0,0,0,0,0,0,1
R005397,female,4,urban,none,1,5,0,0,0,0,0,0,0,1,1
R005398,male,3,rural,secondary,1,1,0,1,0,0,0,0,0,1,0
R005399,male,5,urban,secondary,1,1,1,0,0,0,0,0,0,0,1
R005400,female,1,urban,secondary,1,12,0,0,0,0,0,0,0,0,1
R005401,male,2,urban,secondary,1,1,0,0,0,0,0,0,0,1,0
R005402,male,5,rural,secondary,1,12,0,1,0,0,0,0,0,1,1
R005403,male,1,urban,secondary,1,5,0,1,0,0,0,0,0,1,1
R005404,female,1,urban,none,0,0,0,0,0,0,0,0,1,1,1
R005405,female,1,urban,secondary,1,1,0,0,0,0,0,0,0,0,1
R005406,male,2,urban,secondary,1,12,0,0,0,0,0,0,0,0,1
R005407,female,1,urban,secondary,1,2,0,0,0,0,0,0,0,0,0
R005408,female,2,urban,secondary,1,2,0,0,0,0,0,0,0,1,0
R005409,male,2,urban,secondary,1,2,0,0,0,0,0,0,0,0,0
R005410,female,2,urban,none,0,0,0,0,1,0,0,1,1,1,1
R005411,male,4,urban,none,1,2,0,1,0,0,0,0,0,1,1
R005412,female,3,urban,tertiary,0,0,0,0,0,0,1,0,0,1,1
R005413,male,5,urban,none,1,1,0,0,0,0,0,0,0,1,1
R005414,female,1,urban,tertiary,1,1,0,0,0,0,0,0,0,0,1
R005415,male,5,rural,primary,1,5,1,1,0,0,0,0,0,0,1
R005416,male,2,urban,primary,1,0,0,0,0,0,0,0,0,0,0
R005417,female,2,urban,tertiary,1,1,0,0,0,0,0,0,0,1,0
R005418,female,1,rural,primary,0,0,0,0,0,1,0,0,0,1,0
R005419,male,3,urban,primary,1,12,0,1,0,0,0,0,0,0,1
R005420,female,1,rural,primary,0,0,0,0,1,1,0,0,1,1,0
R005421,female,4,urban,primary,1,2,0,0,0,0,0,0,0,0,1
R005422,female,5,rural,none,0,0,0,0,1,1,0,0,1,1,1
R005423,female,4,urban,secondary,1,12,1,1,0,0,0,0,0,1,0
R005424,male,1,rural,secondary,1,30,0,1,0,0,0,0,0,1,1
R005425,male,3,rural,tertiary,1,1,0,1,0,0,0,0,0,1,1
R005426,female,1,rural,tertiary,1,5,0,0,0,0,0,0,0,0,1
R005427,male,1,urban,secondary,0,0,0,0,0,0,1,1,1,0,0
R005428,male,4,urban,secondary,1,12,0,1,0,0,0,0,0,0,0
R005429,male,3,urban,tertiary,1,30,0,1,0,0,0,0,0,1,1
R005430,male,3,urban,secondary,1,0,0,1,0,0,0,0,0,1,1
R005431,male,2,rural,secondary,1,5,0,0,0,0,0,0,0,1,1
R005432,female,2,rural,secondary,1,12,0,1,0,0,0,0,0,0,0
R005433,male,1,urban,primary,0,0,0,0,1,1,0,0,1,0,0
R005434,female,4,urban,secondary,1,2,0,1,0,0,0,0,0,1,1
R005435,male,5,rural,tertiary,1,1,1,0,0,0,0,0,0,1,1
R005436,female,2,rural,tertiary,1,5,1,0,0,0,0,0,0,1,0
R005437,male,2,urban,primary,0,0,0,0,0,0,0,0,0,0,1
R005438,female,3,rural,none,0,0,0,0,0,1,1,1,1,1,1
R005439,female,1,urban,primary,0,0,0,0,1,0,0,1,0,0,0
R005440,female,1,rural,none,0,0,0,0,1,0,1,0,0,1,0
R005441,male,2,urban,primary,1,12,0,0,0,0,0,0,0,1,0
R005442,female,4,urban,tertiary,1,0,0,1,0,0,0,0,0,1,0
R005443,male,2,rural,tertiary,1,1,0,0,0,0,0,0,0,0,0
R005444,female,3,rural,secondary,0,0,0,0,0,1,1,0,0,0,1
R005445,male,2,urban,secondary,1,0,0,0,0,0,0,0,0,1,0
R005446,male,3,urban,tertiary,1,5,0,0,0,0,0,0,0,1,0
R005447,female,2,urban,secondary,1,30,0,0,0,0,0,0,0,1,0
R005448,female,2,urban,tertiary,1,1,1,1,0,0,0,0,0,0,1
R005449,female,1,rural,secondary,1,12,0,0,0,0,0,0,0,1,1
R005450,male,4,urban,secondary,1,5,1,1,0,0,0,0,0,0,1
R005451,female,3,rural,primary,0,0,0,0,1,0,1,1,1,1,0
R005452,female,4,urban,secondary,1,1,0,0,0,0,0,0,0,1,1
R005453,female,2,rural,secondary,1,1,0,1,0,0,0,0,0,0,1
R005454,male,5,urban,tertiary,1,1,1,1,0,0,0,0,0,0,1
R005455,female,2,urban,tertiary,1,5,0,0,0,0,0,0,0,0,0
R005456,female,3,urban,secondary,1,2,1,0,0,0,0,0,0,1,0
R005457,female,1,rural,tertiary,1,30,0,1,0,0,0,0,0,0,0
R005458,male,2,rural,secondary,1,2,0,0,0,0,0,0,0,0,1
R005459,male,4,urban,none,1,5,0,0,0,0,0,0,0,1,1
R005460,female,1,rural,tertiary,0,0,0,0,1,1,0,1,0,0,0
R005461,male,2,urban,none,1,5,0,0,0,0,0,0,0,0,1
R005462,male,1,urban,primary,1,5,0,0,0,0,0,0,0,0,1
R005463,female,3,urban,secondary,1,12,0,1,0,0,0,0,0,1,1
R005464,female,3,rural,primary,0,0,0,0,1,0,0,1,0,0,1
R005465,male,3,rural,secondary,1,5,1,0,0,0,0,0,0,0,1
R005466,male,4,urban,tertiary,1,1,0,0,0,0,0,0,0,1,1
R005467,male,2,urban,primary,1,5,0,0,0,0,0,0,0,1,1
R005468,male,5,rural,primary,1,2,1,0,0,0,0,0,0,1,1
R005469,female,1,urban,tertiary,1,12,0,1,0,0,0,0,0,0,0
R005470,female,3,urban,primary,1,0,1,0,0,0,0,0,0,0,1
R005471,male,1,urban,primary,1,2,0,1,0,0,0,0,0,1,1
R005472,male,1,rural,primary,0,0,0,0,1,1,0,0,0,1,0
R005473,female,1,urban,tertiary,1,5,0,0,0,0,0,0,0,0,1
R005474,female,2,urban,secondary,1,30,0,0,0,0,0,0,0,1,1
R005475,female,4,urban,secondary,1,0,0,0,0,0,0,0,0,1,1
R005476,male,1,urban,primary,1,12,0,0,0,0,0,0,0,0,1
R005477,female,2,rural,none,0,0,0,0,1,0,0,1,0,0,0
R005478,female,4,urban,none,0,0,0,0,1,0,0,0,0,1,0
R005479,female,4,rural,secondary,1,0,0,0,0,0,0,0,0,1,1
R005480,female,1,urban,tertiary,1,1,0,1,0,0,0,0,0,1,1
R005481,male,2,urban,secondary,0,0,0,0,1,0,0,1,1,0,1
R005482,male,3,urban,secondary,1,1,1,0,0,0,0,0,0,1,1
R005483,male,1,urban,primary,0,0,0,0,1,0,0,1,1,1,0
R005484,male,4,urban,tertiary,1,30,1,0,0,0,0,0,0,0,1
R005485,male,1,rural,primary,1,5,0,0,0,0,0,0,0,0,1
R005486,female,5,urban,secondary,1,5,0,1,0,0,0,0,0,1,1
R005487,male,4,rural,tertiary,1,12,0,1,0,0,0,0,0,1,1
R005488,male,4,urban,secondary,1,30,0,1,0,0,0,0,0,0,1
R005489,female,4,urban,tertiary,1,5,0,1,0,0,0,0,0,1,1
R005490,female,1,urban,none,1,12,1,1,0,0,0,0,0,0,1
R005491,female,3,rural,tertiary,1,2,0,0,0,0,0,0,0,1,1
R005492,male,2,urban,tertiary,1,1,0,0,0,0,0,0,0,0,0
R005493,male,1,rural,secondary,1,30,0,0,0,0,0,0,0,1,0
R005494,male,4,urban,secondary,1,2,0,1,0,0,0,0,0,1,1
R005495,female,5,urban,none,1,12,0,0,0,0,0,0,0,1,1
R005496,male,4,urban,none,1,1,0,1,0,0,0,0,0,1,1
R005497,male,1,urban,secondary,0,0,0,0,0,0,1,1,0,0,0
R005498,female,5,urban,none,0,0,0,0,0,0,1,1,1,1,1
R005499,male,4,rural,secondary,1,2,0,1,0,0,0,0,0,1,0
R005500,female,5,urban,primary,0,0,0,0,1,0,0,0,1,1,1
R005501,female,2,urban,secondary,1,30,0,0,0,0,0,0,0,0,1
R005502,male,1,rural,secondary,0,0,0,0,0,0,1,0,1,1,0
R005503,female,2,rural,tertiary,1,30,0,1,0,0,0,0,0,1,1
R005504,female,3,urban,tertiary,1,0,0,1,0,0,0,0,0,0,1
R005505,female,1,urban,secondary,1,5,0,0,0,0,0,0,0,0,1
R005506,female,4,urban,secondary,1,12,1,0,0,0,0,0,0,1,1
R005507,male,2,rural,tertiary,0,0,0,0,1,0,1,0,0,1,0
R005508,male,2,rural,primary,0,0,0,0,0,0,0,1,1,0,1
R005509,male,4,urban,tertiary,1,5,0,1,0,0,0,0,0,0,0
R005510,female,4,urban,secondary,1,12,0,1,0,0,0,0,0,1,1
R005511,female,1,urban,none,0,0,0,0,0,0,1,1,1,0,0
R005512,male,2,urban,none,1,0,0,0,0,0,0,0,0,1,1
R005513,male,4,rural,secondary,1,1,1,0,0,0,0,0,0,1,1
R005514,female,3,rural,primary,1,1,0,0,0,0,0,0,0,1,1
R005515,female,3,urban,primary,0,0,0,0,0,0,0,1,1,0,1
R005516,male,1,rural,tertiary,0,0,0,0,0,0,1,1,1,0,1
R005517,female,1,rural,secondary,1,1,0,0,0,0,0,0,0,1,0
R005518,female,2,urban,primary,0,0,0,0,1,0,1,1,0,1,1
R005519,male,5,rural,primary,1,2,0,0,0,0,0,0,0,1,1
R005520,female,1,rural,primary,0,0,0,0,1,0,0,0,0,1,1
R005521,male,2,urban,secondary,0,0,0,0,1,0,1,0,1,0,1
R005522,male,3,urban,tertiary,1,2,0,1,0,0,0,0,0,0,0
R005523,male,4,rural,secondary,1,5,0,0,0,0,0,0,0,1,1
R005524,female,1,rural,secondary,0,0,0,0,1,0,0,1,1,1,0
R005525,male,5,urban,secondary,1,12,1,0,0,0,0,0,0,0,1
R005526,female,3,urban,primary,1,0,0,1,0,0,0,0,0,1,1
R005527,male,1,rural,secondary,1,12,0,0,0,0,0,0,0,1,1
R005528,male,2,rural,primary,0,0,0,0,0,0,0,0,1,1,0
R005529,male,1,rural,secondary,1,2,0,0,0,0,0,0,0,0,1
R005530,male,4,urban,secondary,1,12,0,0,0,0,0,0,0,0,1
R005531,female,4,urban,primary,1,5,1,0,0,0,0,0,0,0,1
R005532,male,2,rural,primary,0,0,0,0,0,0,1,0,1,1,0
R005533,male,3,urban,secondary,1,2,0,1,0,0,0,0,0,1,1
R005534,male,5,urban,secondary,1,2,0,0,0,0,0,0,0,0,1
R005535,male,2,urban,primary,1,5,0,0,0,0,0,0,0,0,0
R005536,female,2,urban,secondary,0,0,0,0,1,0,0,0,0,0,1
R005537,female,1,rural,secondary,0,0,0,0,1,0,0,0,0,0,0
R005538,male,2,urban,secondary,1,2,0,1,0,0,0,0,0,1,0
R005539,male,3,urban,none,0,0,0,0,1,0,1,0,1,0,1
R005540,female,1,rural,secondary,0,0,0,0,0,0,1,0,0,0,0
R005541,male,4,urban,primary,1,5,0,1,0,0,0,0,0,0,1
R005542,male,3,rural,secondary,1,2,0,1,0,0,0,0,0,1,1
R005543,female,4,urban,secondary,1,1,0,1,0,0,0,0,0,1,1
R005544,female,1,urban,tertiary,1,2,0,0,0,0,0,0,0,0,1
R005545,male,3,rural,secondary,1,1,0,0,0,0,0,0,0,1,1
R005546,male,4,urban,none,1,2,0,0,0,0,0,0,0,1,0
R005547,male,2,urban,primary,0,0,0,0,0,1,0,1,0,0,0
R005548,male,2,urban,primary,1,12,1,0,0,0,0,0,0,1,1
R005549,male,3,rural,none,1,5,0,0,0,0,0,0,0,1,0
R005550,male,1,urban,secondary,1,5,0,0,0,0,0,0,0,1,1
R005551,female,4,urban,secondary,1,0,1,1,0,0,0,0,0,1,1
R005552,male,4,urban,secondary,1,1,1,1,0,0,0,0,0,1,1
R005553,male,2,urban,tertiary,0,0,0,0,0,1,1,0,1,0,0
R005554,male,1,urban,primary,0,0,0,0,0,1,1,0,0,1,0
R005555,male,4,rural,secondary,1,1,1,0,0,0,0,0,0,1,0
R005556,male,5,rural,secondary,1,0,0,0,0,0,0,0,0,1,0
R005557,female,4,urban,secondary,1,1,0,1,0,0,0,0,0,0,1
R005558,female,4,urban,none,0,0,0,0,1,0,0,0,1,1,1
R005559,female,4,urban,tertiary,1,0,0,1,0,0,0,0,0,1,1
R005560,female,4,urban,secondary,1,2,1,1,0,0,0,0,0,1,1
R005561,male,3,rural,primary,1,2,0,0,0,0,0,0,0,1,1
R005562,male,1,urban,secondary,1,30,1,0,0,0,0,0,0,0,1
R005563,female,3,urban,tertiary,1,5,0,0,0,0,0,0,0,1,1
R005564,male,4,rural,secondary,1,2,1,0,0,0,0,0,0,0,0
R005565,female,4,urban,tertiary,1,30,0,0,0,0,0,0,0,1,1
R005566,male,2,urban,primary,1,5,0,1,0,0,0,0,0,0,0
R005567,male,1,urban,secondary,1,2,0,0,0,0,0,0,0,1,0
R005568,male,4,urban,secondary,1,12,0,0,0,0,0,0,0,0,1
R005569,male,5,urban,tertiary,1,5,1,1,0,0,0,0,0,1,1
R005570,female,3,urban,secondary,1,12,0,0,0,0,0,0,0,0,0
R005571,female,1,urban,primary,1,5,0,0,0,0,0,0,0,1,1
R005572,male,4,rural,primary,1,1,0,0,0,0,0,0,0,1,0
R005573,female,5,urban,secondary,1,5,0,1,0,0,0,0,0,0,1
R005574,male,1,urban,none,0,0,0,0,1,0,1,1,0,0,0
R005575,male,5,rural,primary,1,2,0,1,0,0,0,0,0,1,1
R005576,female,5,rural,tertiary,1,0,0,0,0,0,0,0,0,1,1
R005577,female,1,rural,primary,0,0,0,0,0,0,0,0,0,0,1
R005578,male,2,urban,none,1,12,0,1,0,0,0,0,0,1,0
R005579,male,3,urban,tertiary,1,5,0,1,0,0,0,0,0,1,1
R005580,male,3,rural,secondary,0,0,0,0,1,0,0,0,0,1,0
R005581,female,5,urban,secondary,1,0,1,0,0,0,0,0,0,1,1
R005582,male,3,urban,primary,1,5,0,0,0,0,0,0,0,1,1
R005583,male,5,urban,secondary,1,5,1,1,0,0,0,0,0,1,1
R005584,female,4,urban,none,1,2,0,0,0,0,0,0,0,0,1
R005585,female,2,rural,primary,0,0,0,0,0,0,0,1,1,0,0
R005586,male,1,urban,primary,1,0,0,1,0,0,0,0,0,0,0
R005587,female,2,urban,secondary,1,5,0,0,0,0,0,0,0,1,1
R005588,male,4,urban,primary,1,5,0,1,0,0,0,0,0,0,0
R005589,female,1,rural,tertiary,1,5,0,0,0,0,0,0,0,0,0
R005590,female,2,urban,tertiary,1,12,0,0,0,0,0,0,0,0,1
R005591,female,2,rural,secondary,1,12,0,0,0,0,0,0,0,1,1
R005592,female,1,rural,tertiary,1,1,0,0,0,0,0,0,0,0,0
R005593,female,2,rural,secondary,0,0,0,0,1,1,0,1,1,0,0
R005594,male,1,rural,secondary,1,1,0,1,0,0,0,0,0,1,1
R005595,male,5,urban,secondary,1,12,0,0,0,0,0,0,0,1,1
R005596,female,2,rural,secondary,0,0,0,0,0,1,1,1,0,0,1
R005597,female,1,urban,secondary,1,12,0,0,0,0,0,0,0,0,1
R005598,female,3,rural,primary,1,1,0,1,0,0,0,0,0,0,0
R005599,male,4,rural,primary,1,0,0,0,0,0,0,0,0,0,0
R005600,female,1,urban,primary,1,5,0,0,0,0,0,0,0,0,1
R005601,male,2,rural,primary,1,1,0,0,0,0,0,0,0,0,0
R005602,female,4,rural,tertiary,1,2,0,1,0,0,0,0,0,1,0
R005603,female,2,urban,secondary,1,12,1,0,0,0,0,0,0,0,0
R005604,male,4,rural,secondary,1,5,0,0,0,0,0,0,0,1,1
R005605,male,5,rural,primary,1,0,1,1,0,0,0,0,0,1,1
R005606,female,2,rural,primary,0,0,0,0,1,1,1,0,0,1,1
R005607,male,3,rural,none,1,2,0,1,0,0,0,0,0,1,0
R005608,male,1,rural,secondary,1,0,0,0,0,0,0,0,0,0,0
R005609,male,3,rural,tertiary,1,2,0,0,0,0,0,0,0,1,0
R005610,male,5,rural,secondary,1,5,1,1,0,0,0,0,0,1,0
R005611,female,5,rural,primary,1,5,0,1,0,0,0,0,0,1,1
R005612,male,5,rural,secondary,1,5,1,1,0,0,0,0,0,1,0
R005613,male,4,urban,primary,1,0,1,1,0,0,0,0,0,1,1
R005614,female,2,rural,tertiary,1,12,0,1,0,0,0,0,0,1,1
R005615,male,5,urban,primary,1,1,1,1,0,0,0,0,0,0,1
R005616,female,3,urban,primary,0,0,0,0,0,0,1,0,0,1,0
R005617,female,3,urban,secondary,1,12,0,0,0,0,0,0,0,1,1
R005618,female,3,urban,secondary,1,1,0,0,0,0,0,0,0,0,1
R005619,male,1,rural,tertiary,1,5,0,0,0,0,0,0,0,0,0
R005620,male,2,urban,primary,0,0,0,0,0,0,0,0,1,0,1
R005621,male,2,urban,tertiary,1,5,0,0,0,0,0,0,0,1,1
R005622,female,1,urban,secondary,1,30,0,0,0,0,0,0,0,0,0
R005623,male,2,urban,secondary,0,0,0,0,0,0,0,0,0,0,0
R005624,female,1,rural,primary,0,0,0,0,1,0,1,0,1,0,0
R005625,male,4,urban,secondary,1,2,0,1,0,0,0,0,0,1,1
R005626,male,5,urban,secondary,1,5,1,1,0,0,0,0,0,1,1
R005627,female,4,rural,secondary,1,2,1,1,0,0,0,0,0,1,1
R005628,female,5,urban,tertiary,1,2,1,0,0,0,0,0,0,1,1
R005629,female,3,rural,none,0,0,0,0,0,0,0,1,1,1,1
R005630,female,1,rural,tertiary,1,12,0,1,0,0,0,0,0,0,0
R005631,male,1,rural,secondary,0,0,0,0,1,0,1,1,1,0,0
R005632,male,2,rural,secondary,1,12,0,0,0,0,0,0,0,1,0
R005633,female,3,urban,secondary,1,5,0,0,0,0,0,0,0,0,1
R005634,female,5,urban,secondary,1,2,0,0,0,0,0,0,0,1,1
R005635,female,4,urban,primary,0,0,0,0,1,0,1,0,0,1,0
R005636,male,1,rural,tertiary,1,12,0,1,0,0,0,0,0,0,0
R005637,male,2,urban,tertiary,1,1,0,0,0,0,0,0,0,0,1
R005638,female,5,rural,none,1,5,1,0,0,0,0,0,0,1,0
R005639,female,1,urban,tertiary,1,5,0,0,0,0,0,0,0,0,0
R005640,female,5,urban,primary,1,5,1,1,0,0,0,0,0,0,1
R005641,female,1,urban,none,0,0,0,0,1,0,0,0,1,0,1
R005642,female,5,urban,secondary,1,12,0,0,0,0,0,0,0,0,1
R005643,male,4,urban,primary,1,1,1,0,0,0,0,0,0,1,1
R005644,male,3,rural,secondary,1,12,0,1,0,0,0,0,0,0,0
R005645,female,2,urban,secondary,0,0,0,0,1,0,0,0,0,1,0
R005646,male,3,urban,primary,1,2,1,1,0,0,0,0,0,1,1
R005647,male,4,rural,secondary,1,5,0,0,0,0,0,0,0,1,0
R005648,female,4,rural,secondary,0,0,0,0,1,1,1,1,0,0,0
R005649,female,1,urban,secondary,0,0,0,0,0,0,0,1,1,1,0
R005650,male,4,rural,secondary,1,5,0,0,0,0,0,0,0,1,1
R005651,male,5,rural,secondary,1,12,0,1,0,0,0,0,0,0,1
R005652,female,3,urban,secondary,1,5,0,1,0,0,0,0,0,0,1
R005653,male,3,rural,primary,1,5,0,0,0,0,0,0,0,1,0
R005654,female,1,urban,tertiary,1,12,0,0,0,0,0,0,0,1,0
R005655,male,1,rural,primary,0,0,0,0,1,0,0,0,0,0,0
R005656,female,3,rural,none,0,0,0,0,1,0,0,0,1,0,0
R005657,male,4,rural,secondary,1,2,1,1,0,0,0,0,0,0,0
R005658,female,4,urban,secondary,0,0,0,0,0,0,0,0,0,1,1
R005659,female,5,urban,tertiary,1,5,0,0,0,0,0,0,0,0,1
R005660,male,2,rural,primary,1,5,0,0,0,0,0,0,0,1,0
R005661,female,1,urban,none,0,0,0,0,0,0,0,1,1,1,1
R005662,female,3,urban,secondary,0,0,0,0,1,0,0,1,0,0,1
R005663,male,1,rural,primary,0,0,0,0,1,1,0,0,1,0,0
R005664,female,5,rural,none,0,0,0,0,1,0,0,0,0,1,1
R005665,female,2,urban,secondary,1,12,1,1,0,0,0,0,0,1,1
R005666,male,5,urban,none,1,30,1,1,0,0,0,0,0,1,1
R005667,male,5,rural,secondary,1,0,1,1,0,0,0,0,0,1,0
R005668,male,1,urban,secondary,1,5,0,0,0,0,0,0,0,0,1
R005669,male,3,urban,primary,1,1,0,0,0,0,0,0,0,1,1
R005670,male,1,rural,secondary,1,1,1,0,0,0,0,0,0,0,0
R005671,male,4,rural,tertiary,1,1,1,0,0,0,0,0,0,1,1
R005672,female,3,rural,secondary,1,12,0,0,0,0,0,0,0,1,1
R005673,female,1,urban,secondary,0,0,0,0,0,1,1,0,1,1,1
R005674,female,1,rural,primary,0,0,0,0,0,0,0,0,0,1,1
R005675,female,2,rural,secondary,1,0,0,0,0,0,0,0,0,0,1
R005676,male,1,rural,secondary,1,2,0,0,0,0,0,0,0,0,1
R005677,male,2,urban,secondary,1,5,0,0,0,0,0,0,0,0,1
R005678,male,2,rural,tertiary,1,1,1,1,0,0,0,0,0,1,0
R005679,female,4,urban,secondary,1,5,0,1,0,0,0,0,0,0,1
R005680,male,5,urban,tertiary,1,12,0,0,0,0,0,0,0,0,1
R005681,male,1,rural,secondary,1,0,1,0,0,0,0,0,0,1,0
R005682,male,3,urban,secondary,1,12,0,1,0,0,0,0,0,1,1
R005683,male,3,urban,none,1,5,0,1,0,0,0,0,0,1,1
R005684,male,5,urban,secondary,1,12,0,0,0,0,0,0,0,1,1
R005685,female,3,urban,primary,1,30,1,0,0,0,0,0,0,0,1
R005686,male,2,urban,secondary,1,1,0,1,0,0,0,0,0,0,1
R005687,female,1,rural,secondary,1,5,0,0,0,0,0,0,0,1,0
R005688,female,2,rural,primary,0,0,0,0,1,1,1,0,1,1,0
R005689,female,4,rural,secondary,0,0,0,0,0,0,0,0,0,1,1
R005690,female,2,rural,primary,0,0,0,0,1,1,0,0,0,0,0
R005691,male,5,urban,secondary,1,5,1,1,0,0,0,0,0,1,1
R005692,female,5,rural,tertiary,1,2,1,0,0,0,0,0,0,1,1
R005693,male,1,rural,tertiary,0,0,0,0,1,0,0,1,1,0,0
R005694,female,5,urban,secondary,1,12,0,1,0,0,0,0,0,1,1
R005695,male,3,rural,secondary,1,1,1,0,0,0,0,0,0,1,0
R005696,male,2,rural,secondary,1,0,0,0,0,0,0,0,0,0,1
R005697,male,5,urban,secondary,1,2,0,1,0,0,0,0,0,0,1
R005698,female,2,urban,tertiary,0,0,0,0,0,0,1,0,1,0,0
R005699,male,2,urban,secondary,1,1,1,0,0,0,0,0,0,0,0
R005700,male,2,rural,secondary,0,0,0,0,1,1,1,0,1,1,0
R005701,female,2,rural,secondary,1,1,0,1,0,0,0,0,0,0,0
R005702,male,1,urban,secondary,0,0,0,0,1,0,1,1,0,0,0
R005703,female,2,urban,secondary,1,5,0,0,0,0,0,0,0,1,0
R005704,male,5,urban,secondary,1,1,0,1,0,0,0,0,0,1,0
R005705,male,4,urban,secondary,1,5,0,0,0,0,0,0,0,0,1
R005706,male,3,urban,secondary,1,2,0,0,0,0,0,0,0,1,1
R005707,male,4,rural,primary,1,0,0,0,0,0,0,0,0,1,1
R005708,female,3,urban,primary,1,30,0,1,0,0,0,0,0,1,1
R005709,male,2,urban,secondary,0,0,0,0,1,0,0,1,1,1,0
R005710,male,5,rural,secondary,1,2,0,1,0,0,0,0,0,1,1
R005711,male,5,urban,primary,1,12,1,1,0,0,0,0,0,1,1
R005712,female,1,rural,secondary,1,30,0,1,0,0,0,0,0,0,0
R005713,female,2,urban,tertiary,1,2,0,1,0,0,0,0,0,0,0
R005714,female,3,urban,none,0,0,0,0,1,0,1,0,1,1,1
R005715,female,2,urban,primary,0,0,0,0,0,0,1,0,1,0,1
R005716,female,2,urban,primary,0,0,0,0,1,0,0,0,1,0,1
R005717,male,5,urban,primary,1,5,0,1,0,0,0,0,0,1,1
R005718,male,1,urban,secondary,1,30,1,0,0,0,0,0,0,0,1
R005719,male,1,rural,none,0,0,0,0,0,0,1,0,1,0,1
R005720,male,2,urban,tertiary,1,5,0,0,0,0,0,0,0,0,0
R005721,male,1,rural,primary,0,0,0,0,0,0,0,1,0,1,0
R005722,male,4,rural,primary,0,0,0,0,0,0,0,0,0,0,1
R005723,female,1,rural,primary,0,0,0,0,0,0,0,0,0,0,0
R005724,male,2,urban,none,1,5,1,1,0,0,0,0,0,1,1
R005725,female,1,urban,primary,0,0,0,0,0,0,1,0,1,0,0
R005726,female,4,rural,none,1,5,0,1,0,0,0,0,0,1,0
R005727,female,3,urban,primary,1,12,0,1,0,0,0,0,0,1,1
R005728,male,1,rural,primary,1,1,1,0,0,0,0,0,0,0,0
R005729,female,3,rural,secondary,1,2,1,1,0,0,0,0,0,1,0
R005730,female,4,rural,secondary,1,2,0,1,0,0,0,0,0,1,0
R005731,male,2,urban,secondary,1,1,0,0,0,0,0,0,0,0,1
R005732,female,3,urban,none,0,0,0,0,1,0,0,0,1,1,1
R005733,male,1,rural,secondary,0,0,0,0,0,1,1,1,0,0,0
R005734,female,1,rural,secondary,1,30,0,1,0,0,0,0,0,0,1
R005735,female,2,urban,secondary,1,12,0,0,0,0,0,0,0,0,1
R005736,male,1,urban,secondary,1,12,0,1,0,0,0,0,0,1,1
R005737,female,2,urban,secondary,1,30,0,0,0,0,0,0,0,1,0
R005738,male,2,rural,secondary,1,0,1,0,0,0,0,0,0,1,1
R005739,female,2,urban,tertiary,1,1,0,0,0,0,0,0,0,0,0
R005740,female,2,urban,tertiary,1,12,0,0,0,0,0,0,0,1,1
R005741,male,3,urban,none,1,12,1,0,0,0,0,0,0,0,1
R005742,male,3,urban,secondary,1,0,1,0,0,0,0,0,0,1,1
R005743,male,4,urban,secondary,1,30,1,0,0,0,0,0,0,1,0
R005744,male,2,rural,secondary,1,0,0,1,0,0,0,0,0,1,0
R005745,female,5,rural,primary,1,12,0,0,0,0,0,0,0,0,1
R005746,male,1,rural,secondary,1,12,0,0,0,0,0,0,0,1,0
R005747,male,1,rural,secondary,1,1,0,0,0,0,0,0,0,0,0
R005748,male,1,rural,secondary,1,2,0,1,0,0,0,0,0,0,0
R005749,male,2,urban,secondary,1,1,0,0,0,0,0,0,0,1,0
R005750,female,5,urban,secondary,1,5,0,1,0,0,0,0,0,0,1
R005751,female,4,urban,primary,1,5,0,1,0,0,0,0,0,0,1
R005752,female,2,urban,tertiary,1,1,0,1,0,0,0,0,0,0,1
R005753,male,5,rural,secondary,1,12,1,1,0,0,0,0,0,1,1
R005754,female,5,urban,secondary,1,1,1,0,0,0,0,0,0,1,1
R005755,male,1,rural,secondary,1,5,0,0,0,0,0,0,0,0,1
R005756,male,1,rural,secondary,0,0,0,0,1,1,1,0,0,0,0
R005757,male,5,urban,none,1,0,1,1,0,0,0,0,0,1,1
R005758,female,5,urban,secondary,0,0,0,0,1,0,0,0,1,1,1
R005759,female,2,urban,secondary,1,12,0,0,0,0,0,0,0,1,1
R005760,female,3,rural,secondary,0,0,0,0,1,1,1,0,0,0,1
R005761,male,5,urban,secondary,1,1,0,1,0,0,0,0,0,1,1
R005762,male,4,rural,secondary,1,1,0,0,0,0,0,0,0,0,0
R005763,female,3,rural,secondary,1,1,0,0,0,0,0,0,0,1,0
R005764,male,3,urban,tertiary,1,12,0,0,0,0,0,0,0,0,0
R005765,female,3,rural,secondary,1,2,0,0,0,0,0,0,0,1,1
R005766,male,5,urban,secondary,1,2,1,0,0,0,0,0,0,0,1
R005767,female,1,rural,tertiary,0,0,0,0,0,0,0,0,1,0,1
R005768,male,1,urban,secondary,1,5,1,0,0,0,0,0,0,1,1
R005769,male,2,rural,secondary,1,12,1,0,0,0,0,0,0,1,1
R005770,male,2,rural,secondary,1,1,1,1,0,0,0,0,0,1,0
R005771,female,5,urban,secondary,1,1,0,1,0,0,0,0,0,1,1
R005772,female,3,urban,tertiary,1,2,0,1,0,0,0,0,0,1,1
R005773,male,4,urban,primary,0,0,0,0,1,1,1,0,0,0,0
R005774,male,2,rural,primary,1,5,0,0,0,0,0,0,0,0,0
R005775,female,1,urban,primary,0,0,0,0,1,0,0,0,0,0,1
R005776,female,1,rural,tertiary,1,5,0,0,0,0,0,0,0,0,0
R005777,female,3,urban,secondary,1,1,1,0,0,0,0,0,0,1,1
R005778,female,2,urban,tertiary,0,0,0,0,0,0,1,1,1,0,0
R005779,female,3,urban,secondary,1,2,0,0,0,0,0,0,0,0,1
R005780,female,1,urban,secondary,0,0,0,0,1,0,0,1,1,1,0
R005781,male,1,urban,tertiary,1,30,0,0,0,0,0,0,0,1,0
R005782,female,1,urban,primary,0,0,0,0,0,0,0,0,0,0,1
R005783,female,1,urban,primary,0,0,0,0,0,0,1,1,0,0,1
R005784,female,4,urban,tertiary,0,0,0,0,1,0,1,0,0,1,1
R005785,male,1,urban,secondary,1,1,0,0,0,0,0,0,0,0,0
R005786,male,3,urban,primary,1,1,0,0,0,0,0,0,0,0,1
R005787,female,3,urban,primary,1,5,1,1,0,0,0,0,0,0,1
R005788,female,4,rural,secondary,1,2,0,1,0,0,0,0,0,0,0
R005789,female,2,urban,tertiary,0,0,0,0,1,0,1,0,0,1,0
R005790,male,5,urban,primary,1,12,0,0,0,0,0,0,0,1,1
R005791,male,4,rural,tertiary,1,12,0,0,0,0,0,0,0,1,1
R005792,female,3,urban,secondary,1,1,0,0,0,0,0,0,0,0,1
R005793,female,1,urban,tertiary,1,1,0,0,0,0,0,0,0,0,0
R005794,female,5,rural,secondary,1,12,1,1,0,0,0,0,0,1,1
R005795,male,2,rural,secondary,1,5,0,0,0,0,0,0,0,0,1
R005796,male,4,urban,tertiary,1,0,1,0,0,0,0,0,0,1,1
R005797,male,3,urban,tertiary,1,2,1,0,0,0,0,0,0,1,0
R005798,male,3,urban,secondary,1,5,0,0,0,0,0,0,0,0,1
R005799,male,5,urban,primary,1,5,0,1,0,0,0,0,0,0,1
R005800,male,1,rural,tertiary,1,5,1,0,0,0,0,0,0,0,0
R005801,female,5,rural,primary,1,12,0,0,0,0,0,0,0,1,1
R005802,male,2,urban,primary,1,12,0,0,0,0,0,0,0,0,1
R005803,male,1,urban,secondary,1,5,0,0,0,0,0,0,0,1,0
R005804,female,1,rural,primary,1,12,0,0,0,0,0,0,0,1,0
R005805,male,5,urban,primary,1,5,0,1,0,0,0,0,0,0,1
R005806,male,1,urban,secondary,1,2,0,0,0,0,0,0,0,1,1
R005807,male,1,rural,tertiary,1,12,0,1,0,0,0,0,0,1,1
R005808,female,2,urban,primary,0,0,0,0,1,0,0,0,1,0,1
R005809,female,3,rural,secondary,1,12,0,1,0,0,0,0,0,1,0
R005810,male,1,rural,secondary,1,2,0,1,0,0,0,0,0,0,0
R005811,male,1,rural,secondary,1,5,0,0,0,0,0,0,0,1,1
R005812,female,1,urban,primary,1,12,0,1,0,0,0,0,0,1,1
R005813,male,5,rural,primary,1,1,0,0,0,0,0,0,0,1,1
R005814,male,3,urban,primary,1,12,0,0,0,0,0,0,0,1,0
R005815,male,1,urban,secondary,1,2,0,1,0,0,0,0,0,1,1
R005816,male,3,urban,secondary,1,2,1,0,0,0,0,0,0,0,1
R005817,male,4,rural,tertiary,1,5,1,0,0,0,0,0,0,0,1
R005818,male,1,urban,secondary,1,30,1,0,0,0,0,0,0,0,0
R005819,female,1,urban,secondary,1,5,0,0,0,0,0,0,0,0,0
R005820,female,1,urban,primary,1,2,0,0,0,0,0,0,0,1,1
R005821,male,1,urban,secondary,0,0,0,0,1,0,1,0,0,0,0
R005822,male,4,urban,tertiary,1,5,1,1,0,0,0,0,0,1,1
R005823,male,4,urban,none,1,12,0,0,0,0,0,0,0,1,1
R005824,female,5,urban,tertiary,1,30,0,0,0,0,0,0,0,1,1
R005825,male,1,urban,secondary,1,30,0,0,0,0,0,0,0,0,0
R005826,female,1,rural,none,0,0,0,0,0,1,1,1,0,1,0
R005827,male,4,urban,secondary,1,5,1,0,0,0,0,0,0,1,1
R005828,male,5,rural,secondary,1,30,0,1,0,0,0,0,0,0,1
R005829,female,2,urban,secondary,1,5,0,0,0,0,0,0,0,1,1
R005830,female,4,urban,secondary,1,1,0,1,0,0,0,0,0,0,1
R005831,male,1,rural,primary,1,5,0,0,0,0,0,0,0,1,0
R005832,male,3,rural,secondary,1,2,0,1,0,0,0,0,0,1,0
R005833,male,3,urban,secondary,1,1,1,1,0,0,0,0,0,0,0
R005834,male,3,urban,secondary,1,5,0,0,0,0,0,0,0,1,0
R005835,female,4,urban,none,0,0,0,0,0,0,1,0,0,1,1
R005836,male,5,rural,none,0,0,0,0,1,0,0,1,0,0,1
R005837,male,5,rural,secondary,1,12,0,1,0,0,0,0,0,0,1
R005838,female,3,urban,secondary,1,1,1,0,0,0,0,0,0,0,1
R005839,male,5,urban,tertiary,1,5,0,0,0,0,0,0,0,1,1
R005840,female,1,rural,secondary,1,5,0,0,0,0,0,0,0,0,0
R005841,female,1,urban,secondary,1,1,0,0,0,0,0,0,0,0,0
R005842,female,2,urban,tertiary,0,0,0,0,1,0,0,0,0,0,1
R005843,female,3,rural,primary,0,0,0,0,0,1,1,0,0,1,1
R005844,female,5,urban,secondary,1,12,0,0,0,0,0,0,0,1,1
R005845,male,1,rural,secondary,1,30,0,1,0,0,0,0,0,1,0
R005846,female,2,rural,secondary,0,0,0,0,0,0,0,1,0,1,0
R005847,female,1,rural,secondary,1,5,0,0,0,0,0,0,0,1,0
R005848,male,1,rural,secondary,1,5,0,0,0,0,0,0,0,0,0
R005849,male,3,rural,primary,1,2,1,1,0,0,0,0,0,0,1
R005850,male,2,urban,secondary,1,5,0,0,0,0,0,0,0,1,1
R005851,male,5,urban,none,1,1,0,1,0,0,0,0,0,1,1
R005852,male,3,rural,tertiary,1,30,1,0,0,0,0,0,0,1,1
R005853,female,4,urban,secondary,1,1,0,1,0,0,0,0,0,1,1
R005854,female,1,rural,primary,0,0,0,0,1,0,1,1,1,0,0
R005855,male,3,urban,primary,1,30,0,0,0,0,0,0,0,0,1
R005856,male,3,rural,secondary,1,1,0,0,0,0,0,0,0,1,1
R005857,female,5,rural,secondary,1,30,0,1,0,0,0,0,0,1,1
R005858,male,2,urban,secondary,1,2,0,0,0,0,0,0,0,1,1
R005859,male,4,urban,secondary,1,2,0,1,0,0,0,0,0,1,1
R005860,female,1,rural,secondary,1,5,0,0,0,0,0,0,0,0,1
R005861,female,4,rural,secondary,1,5,0,0,0,0,0,0,0,0,0
R005862,female,5,urban,primary,1,5,1,0,0,0,0,0,0,1,1
R005863,female,4,urban,none,0,0,0,0,1,0,1,0,1,1,1
R005864,female,3,rural,primary,0,0,0,0,0,0,1,0,1,1,1
R005865,female,2,rural,secondary,1,12,0,0,0,0,0,0,0,1,1
R005866,female,2,urban,primary,0,0,0,0,1,0,0,1,1,0,1
R005867,male,2,urban,secondary,1,5,0,0,0,0,0,0,0,1,1
R005868,female,1,rural,tertiary,0,0,0,0,0,0,1,0,0,1,1
R005869,female,5,urban,none,1,12,1,1,0,0,0,0,0,1,1
R005870,male,2,urban,primary,1,5,0,1,0,0,0,0,0,1,1
R005871,male,3,urban,secondary,1,1,0,0,0,0,0,0,0,1,1
R005872,female,2,rural,secondary,1,5,1,1,0,0,0,0,0,1,0
R005873,male,2,rural,secondary,1,1,0,1,0,0,0,0,0,0,1
R005874,female,1,rural,primary,0,0,0,0,1,1,0,0,1,1,0
R005875,male,5,rural,secondary,1,2,0,0,0,0,0,0,0,1,0
R005876,female,2,urban,secondary,1,2,1,1,0,0,0,0,0,0,0
R005877,female,4,rural,primary,0,0,0,0,1,0,1,0,0,1,1
R005878,female,1,rural,secondary,1,5,0,0,0,0,0,0,0,0,1
R005879,female,1,urban,primary,0,0,0,0,0,0,0,0,1,0,0
R005880,female,2,rural,secondary,1,1,0,1,0,0,0,0,0,1,0
R005881,female,2,urban,primary,1,2,0,0,0,0,0,0,0,1,0
R005882,male,1,urban,secondary,1,1,0,0,0,0,0,0,0,0,0
R005883,female,2,rural,secondary,1,5,0,0,0,0,0,0,0,0,0
R005884,male,1,rural,secondary,0,0,0,0,1,0,0,0,0,1,0
R005885,female,4,urban,primary,1,5,1,0,0,0,0,0,0,1,1
R005886,female,3,rural,tertiary,1,5,0,0,0,0,0,0,0,1,1
R005887,male,2,rural,secondary,1,12,1,0,0,0,0,0,0,0,0
R005888,female,1,urban,primary,1,30,0,0,0,0,0,0,0,0,1
R005889,male,2,rural,tertiary,1,5,1,0,0,0,0,0,0,1,0
R005890,female,5,urban,primary,1,30,1,0,0,0,0,0,0,1,1
R005891,female,2,urban,primary,1,12,1,0,0,0,0,0,0,1,1
R005892,male,4,urban,primary,1,5,0,1,0,0,0,0,0,1,1
R005893,male,1,rural,secondary,1,1,1,0,0,0,0,0,0,1,0
R005894,female,3,rural,primary,1,30,1,0,0,0,0,0,0,0,0
R005895,male,4,urban,secondary,1,5,0,0,0,0,0,0,0,0,1
R005896,female,4,urban,secondary,1,1,0,1,0,0,0,0,0,1,1
R005897,male,4,urban,secondary,1,5,0,0,0,0,0,0,0,1,0
R005898,female,1,rural,secondary,0,0,0,0,1,0,1,0,1,0,0
R005899,female,4,rural,tertiary,1,1,0,1,0,0,0,0,0,0,1
R005900,female,5,urban,secondary,1,1,1,0,0,0,0,0,0,0,1
R005901,male,1,urban,secondary,1,12,0,0,0,0,0,0,0,1,0
R005902,female,4,rural,tertiary,0,0,0,0,0,0,1,0,0,0,1
R005903,male,2,urban,secondary,1,2,0,1,0,0,0,0,0,1,1
R005904,male,4,urban,tertiary,1,30,1,0,0,0,0,0,0,1,1
R005905,female,5,urban,primary,1,5,0,1,0,0,0,0,0,0,1
R005906,female,5,rural,primary,0,0,0,0,0,1,0,0,0,1,0
R005907,male,1,rural,secondary,0,0,0,0,1,0,1,0,0,1,1
R005908,female,1,rural,tertiary,0,0,0,0,0,0,1,0,1,0,0
R005909,male,3,rural,tertiary,1,2,0,0,0,0,0,0,0,1,0
R005910,female,5,urban,none,1,12,0,1,0,0,0,0,0,1,1
R005911,female,4,urban,none,0,0,0,0,1,0,0,0,1,1,1
R005912,female,1,rural,tertiary,1,5,0,0,0,0,0,0,0,0,1
R005913,female,3,rural,secondary,1,2,0,0,0,0,0,0,0,0,1
R005914,male,2,urban,secondary,0,0,0,0,0,0,1,1,1,1,1
R005915,male,2,urban,primary,1,1,1,0,0,0,0,0,0,1,1
R005916,male,3,urban,primary,1,2,0,1,0,0,0,0,0,0,0
R005917,female,5,rural,tertiary,1,2,1,0,0,0,0,0,0,1,1
R005918,male,5,urban,secondary,1,1,0,0,0,0,0,0,0,1,1
R005919,female,4,rural,secondary,1,0,0,1,0,0,0,0,0,1,1
R005920,female,1,urban,primary,0,0,0,0,1,0,0,0,0,0,0
R005921,female,1,rural,primary,0,0,0,0,1,0,1,0,0,0,0
R005922,male,2,rural,primary,0,0,0,0,1,0,0,0,1,0,0
R005923,male,5,rural,primary,1,2,0,0,0,0,0,0,0,1,0
R005924,female,3,rural,none,0,0,0,0,1,0,0,0,0,0,0
R005925,male,2,urban,primary,1,2,0,0,0,0,0,0,0,0,1
R005926,female,3,urban,primary,0,0,0,0,0,0,0,0,1,1,1
R005927,male,1,urban,secondary,1,12,0,0,0,0,0,0,0,0,0
R005928,male,4,urban,secondary,1,5,0,0,0,0,0,0,0,1,1
R005929,female,1,urban,none,0,0,0,0,1,0,0,0,1,1,1
R005930,female,1,urban,none,0,0,0,0,1,0,0,0,1,1,1
R005931,female,1,urban,primary,0,0,0,0,1,0,0,0,0,0,0
R005932,male,5,rural,tertiary,1,2,1,1,0,0,0,0,0,0,1
R005933,male,5,rural,secondary,1,12,1,1,0,0,0,0,0,1,1
R005934,female,5,rural,secondary,1,0,0,1,0,0,0,0,0,0,1
R005935,male,1,urban,secondary,1,1,0,1,0,0,0,0,0,1,1
R005936,female,3,urban,tertiary,1,0,0,1,0,0,0,0,0,1,1
R005937,female,4,rural,none,1,1,0,0,0,0,0,0,0,1,1
R005938,male,3,urban,secondary,1,1,0,0,0,0,0,0,0,1,1
R005939,male,4,rural,primary,0,0,0,0,0,1,0,1,0,1,0
R005940,female,3,rural,secondary,1,5,1,1,0,0,0,0,0,0,1
R005941,female,4,rural,primary,1,5,0,0,0,0,0,0,0,0,1
R005942,female,1,urban,none,0,0,0,0,0,0,0,0,0,1,0
R005943,male,1,urban,primary,0,0,0,0,1,0,1,1,0,1,1
R005944,female,3,urban,secondary,1,30,0,0,0,0,0,0,0,0,1
R005945,female,5,rural,primary,1,5,1,1,0,0,0,0,0,0,1
R005946,female,3,rural,tertiary,1,0,0,0,0,0,0,0,0,0,1
R005947,female,1,urban,secondary,1,1,0,0,0,0,0,0,0,0,0
R005948,female,2,rural,secondary,0,0,0,0,0,1,0,1,0,1,0
R005949,male,4,rural,tertiary,1,2,0,1,0,0,0,0,0,1,0
R005950,female,1,urban,secondary,1,2,0,0,0,0,0,0,0,0,1
R005951,male,1,rural,tertiary,1,5,0,0,0,0,0,0,0,0,0
R005952,female,5,rural,tertiary,1,5,1,1,0,0,0,0,0,1,1
R005953,female,3,rural,tertiary,1,5,0,0,0,0,0,0,0,0,0
R005954,male,4,rural,secondary,0,0,0,0,1,0,0,0,1,1,1
R005955,female,1,rural,secondary,0,0,0,0,1,1,0,0,0,0,1
R005956,male,4,urban,secondary,0,0,0,0,1,0,1,0,0,1,1
R005957,male,1,rural,secondary,1,2,0,0,0,0,0,0,0,1,0
R005958,female,1,urban,none,0,0,0,0,1,0,0,0,0,0,1
R005959,male,3,urban,secondary,1,5,1,0,0,0,0,0,0,0,1
R005960,female,1,rural,secondary,0,0,0,0,1,0,1,0,1,0,0
R005961,male,3,urban,secondary,1,30,0,1,0,0,0,0,0,1,1
R005962,female,5,urban,secondary,1,2,1,1,0,0,0,0,0,1,1
R005963,female,3,urban,tertiary,1,12,0,0,0,0,0,0,0,1,1
R005964,male,1,urban,primary,1,0,0,0,0,0,0,0,0,1,0
R005965,female,1,urban,secondary,1,2,0,0,0,0,0,0,0,0,1
R005966,female,4,rural,none,1,12,0,0,0,0,0,0,0,1,0
R005967,female,5,rural,none,1,5,0,1,0,0,0,0,0,1,0
R005968,female,1,rural,secondary,1,12,0,0,0,0,0,0,0,0,0
R005969,male,3,rural,primary,1,5,1,0,0,0,0,0,0,1,0
R005970,male,1,rural,tertiary,1,1,0,0,0,0,0,0,0,1,0
R005971,male,2,rural,secondary,1,1,0,0,0,0,0,0,0,0,1
R005972,female,3,urban,tertiary,1,2,0,0,0,0,0,0,0,1,1
R005973,male,5,rural,tertiary,1,1,1,1,0,0,0,0,0,1,1
R005974,male,1,urban,secondary,1,12,0,0,0,0,0,0,0,0,1
R005975,female,4,urban,tertiary,1,0,0,1,0,0,0,0,0,0,1
R005976,male,4,urban,tertiary,1,5,0,1,0,0,0,0,0,0,1
R005977,male,4,urban,tertiary,1,5,1,1,0,0,0,0,0,1,1
R005978,female,5,urban,tertiary,1,0,0,0,0,0,0,0,0,0,1
R005979,male,3,rural,tertiary,1,5,0,1,0,0,0,0,0,1,1
R005980,male,3,urban,tertiary,1,5,1,1,0,0,0,0,0,1,1
R005981,female,5,rural,primary,0,0,0,0,0,0,1,0,0,1,0
R005982,male,3,rural,primary,0,0,0,0,1,1,1,0,1,1,0
R005983,female,2,urban,primary,1,0,1,0,0,0,0,0,0,1,1
R005984,male,2,rural,secondary,1,0,0,0,0,0,0,0,0,1,1
R005985,female,1,urban,primary,0,0,0,0,1,0,0,1,0,0,1
R005986,male,4,urban,tertiary,1,5,1,0,0,0,0,0,0,1,1
R005987,male,5,urban,secondary,1,1,1,0,0,0,0,0,0,1,0
R005988,male,5,rural,primary,1,12,1,0,0,0,0,0,0,1,0
R005989,female,1,urban,tertiary,1,5,1,0,0,0,0,0,0,0,0
R005990,female,3,urban,secondary,1,5,0,0,0,0,0,0,0,1,0
R005991,female,2,urban,none,1,5,0,0,0,0,0,0,0,1,0
R005992,female,2,urban,secondary,1,5,0,0,0,0,0,0,0,0,0
R005993,female,1,rural,primary,0,0,0,0,1,1,1,0,1,0,0
R005994,female,3,urban,secondary,1,1,0,1,0,0,0,0,0,0,1
R005995,male,1,rural,primary,0,0,0,0,0,1,0,0,1,0,0
R005996,male,1,urban,tertiary,1,5,0,0,0,0,0,0,0,0,1
R005997,male,5,urban,primary,1,30,1,0,0,0,0,0,0,0,1
R005998,female,1,rural,tertiary,0,0,0,0,0,1,1,0,0,0,0
R005999,male,2,urban,secondary,1,12,0,0,0,0,0,0,0,0,1
R006000,female,3,urban,secondary,1,5,1,0,0,0,0,0,0,1,1
R006001,male,1,urban,primary,1,30,0,0,0,0,0,0,0,0,0
R006002,female,4,urban,tertiary,1,0,1,0,0,0,0,0,0,1,1
R006003,female,1,urban,secondary,0,0,0,0,0,0,0,0,1,0,0
R006004,male,4,urban,secondary,0,0,0,0,1,0,0,0,1,1,1
R006005,male,2,rural,secondary,1,1,0,1,0,0,0,0,0,1,0
R006006,male,2,rural,secondary,1,2,0,0,0,0,0,0,0,0,0
R006007,female,1,rural,primary,0,0,0,0,1,0,0,0,1,0,0
R006008,female,1,urban,primary,1,5,0,0,0,0,0,0,0,1,1
R006009,female,1,urban,tertiary,1,2,0,0,0,0,0,0,0,1,1
R006010,female,4,urban,secondary,1,0,1,0,0,0,0,0,0,0,0
R006011,female,1,rural,primary,0,0,0,0,0,0,1,0,0,0,0
R006012,male,1,urban,secondary,1,30,0,1,0,0,0,0,0,0,0
R006013,male,2,urban,secondary,1,2,1,0,0,0,0,0,0,0,1
R006014,male,3,urban,primary,1,5,0,0,0,0,0,0,0,1,1
R006015,male,4,rural,secondary,1,2,0,1,0,0,0,0,0,0,0
R006016,male,1,rural,secondary,1,0,0,1,0,0,0,0,0,1,0
R006017,female,3,urban,primary,0,0,0,0,1,0,0,0,0,1,1
R006018,female,4,rural,secondary,1,2,1,0,0,0,0,0,0,1,0
R006019,female,2,rural,secondary,0,0,0,0,0,1,1,1,0,1,0
R006020,male,1,rural,secondary,1,5,1,0,0,0,0,0,0,1,0
R006021,male,3,rural,secondary,1,5,1,1,0,0,0,0,0,1,1
R006022,female,4,rural,primary,0,0,0,0,0,1,1,0,0,0,0
R006023,female,1,rural,secondary,0,0,0,0,0,0,0,0,0,0,1
R006024,female,4,urban,secondary,1,2,1,0,0,0,0,0,0,1,0
R006025,female,3,urban,primary,1,5,0,0,0,0,0,0,0,1,1
R006026,male,3,rural,primary,0,0,0,0,1,0,0,0,1,1,0
R006027,female,2,rural,secondary,1,12,0,1,0,0,0,0,0,1,1
R006028,female,4,urban,tertiary,1,12,1,0,0,0,0,0,0,0,1
R006029,male,5,rural,secondary,1,5,0,1,0,0,0,0,0,1,1
R006030,male,4,rural,secondary,0,0,0,0,1,1,0,1,0,0,1
R006031,male,5,urban,primary,1,5,0,0,0,0,0,0,0,1,1
R006032,female,3,urban,secondary,1,30,1,1,0,0,0,0,0,1,1
R006033,female,1,urban,secondary,1,2,0,1,0,0,0,0,0,0,1
R006034,female,1,rural,primary,0,0,0,0,0,0,1,0,0,1,1
R006035,female,1,urban,none,1,5,0,0,0,0,0,0,0,0,1
R006036,male,1,urban,tertiary,1,12,0,0,0,0,0,0,0,0,1
R006037,male,2,urban,secondary,1,12,0,1,0,0,0,0,0,1,1
R006038,male,1,rural,secondary,0,0,0,0,1,1,1,0,1,0,0
R006039,male,4,urban,tertiary,1,12,0,1,0,0,0,0,0,1,0
R006040,female,3,urban,primary,1,30,1,0,0,0,0,0,0,0,1
R006041,female,3,urban,secondary,1,12,0,0,0,0,0,0,0,0,0
R006042,male,2,rural,tertiary,1,12,0,1,0,0,0,0,0,1,1
R006043,female,3,rural,secondary,1,1,0,1,0,0,0,0,0,1,0
R006044,male,4,rural,secondary,0,0,0,0,1,0,0,0,1,0,1
R006045,male,2,urban,secondary,1,30,0,0,0,0,0,0,0,0,1
R006046,male,3,rural,secondary,1,5,0,0,0,0,0,0,0,1,0
R006047,male,5,rural,none,1,2,1,0,0,0,0,0,0,1,1
R006048,male,4,rural,primary,1,0,0,0,0,0,0,0,0,1,1
R006049,female,4,urban,secondary,1,1,0,0,0,0,0,0,0,1,0
R006050,female,3,urban,primary,1,30,0,0,0,0,0,0,0,0,1
R006051,male,3,rural,tertiary,1,5,1,0,0,0,0,0,0,0,1
R006052,female,3,rural,primary,1,1,1,0,0,0,0,0,0,0,0
R006053,female,4,rural,none,1,12,1,0,0,0,0,0,0,1,1
R006054,male,1,urban,tertiary,1,5,0,0,0,0,0,0,0,0,1
R006055,female,5,urban,secondary,0,0,0,0,0,0,1,0,0,1,1
R006056,female,2,rural,primary,1,12,0,0,0,0,0,0,0,1,0
R006057,male,1,rural,none,1,1,0,0,0,0,0,0,0,0,0
R006058,female,3,rural,tertiary,1,2,0,1,0,0,0,0,0,0,1
R006059,female,2,urban,secondary,1,5,0,0,0,0,0,0,0,1,1
R006060,female,5,rural,tertiary,1,30,1,1,0,0,0,0,0,1,1
R006061,female,1,urban,tertiary,1,12,0,0,0,0,0,0,0,0,1
R006062,female,4,urban,primary,1,1,0,0,0,0,0,0,0,1,1
R006063,male,5,urban,secondary,1,5,0,0,0,0,0,0,0,1,1
R006064,female,2,urban,primary,1,30,0,0,0,0,0,0,0,0,0
R006065,male,1,urban,secondary,0,0,0,0,0,0,0,0,0,0,0
R006066,female,2,rural,secondary,1,1,1,1,0,0,0,0,0,0,0
R006067,male,3,rural,primary,1,1,1,0,0,0,0,0,0,1,1
R006068,male,2,urban,tertiary,1,5,0,1,0,0,0,0,0,1,1
R006069,male,1,urban,primary,1,12,0,0,0,0,0,0,0,1,1
R006070,male,2,rural,none,1,5,1,1,0,0,0,0,0,1,1
R006071,female,1,urban,none,0,0,0,0,0,1,1,1,1,0,1
R006072,male,3,urban,tertiary,0,0,0,0,0,0,1,0,0,0,0
R006073,male,2,rural,tertiary,1,12,0,0,0,0,0,0,0,1,0
R006074,male,1,urban,secondary,1,2,1,0,0,0,0,0,0,1,0
R006075,male,5,rural,tertiary,1,12,1,1,0,0,0,0,0,1,1
R006076,female,5,urban,primary,1,2,0,1,0,0,0,0,0,1,1
R006077,female,3,rural,tertiary,0,0,0,0,1,0,1,0,0,0,0
R006078,female,5,urban,primary,1,2,1,1,0,0,0,0,0,1,1
R006079,female,2,urban,secondary,1,2,0,0,0,0,0,0,0,1,1
R006080,female,3,urban,primary,1,2,0,1,0,0,0,0,0,0,1
R006081,male,5,urban,primary,1,30,1,0,0,0,0,0,0,1,1
R006082,male,1,rural,secondary,1,12,0,1,0,0,0,0,0,0,0
R006083,male,1,rural,none,1,12,0,1,0,0,0,0,0,0,0
R006084,male,5,urban,primary,1,12,0,0,0,0,0,0,0,1,1
R006085,male,3,urban,secondary,1,1,0,0,0,0,0,0,0,1,1
R006086,female,1,urban,secondary,0,0,0,0,0,0,0,0,0,1,0
R006087,female,4,rural,secondary,0,0,0,0,1,0,0,0,0,1,0
R006088,male,5,urban,primary,1,12,0,0,0,0,0,0,0,1,1
R006089,male,2,rural,secondary,1,30,0,0,0,0,0,0,0,1,1
R006090,male,2,urban,primary,1,5,0,0,0,0,0,0,0,0,1
R006091,female,2,urban,primary,1,30,1,0,0,0,0,0,0,1,1
R006092,male,5,urban,none,1,1,1,0,0,0,0,0,0,1,1
R006093,male,3,urban,primary,1,2,0,0,0,0,0,0,0,0,1
R006094,male,3,urban,secondary,1,1,0,1,0,0,0,0,0,1,1
R006095,male,2,rural,secondary,0,0,0,0,0,0,0,0,0,0,0
R006096,female,2,rural,secondary,1,5,0,0,0,0,0,0,0,1,1
R006097,female,5,urban,primary,1,5,1,0,0,0,0,0,0,1,0
R006098,male,1,urban,primary,1,2,0,0,0,0,0,0,0,1,0
R006099,female,3,rural,primary,0,0,0,0,1,1,0,0,0,1,0
R006100,male,5,rural,secondary,1,1,1,0,0,0,0,0,0,1,0
R006101,male,1,rural,tertiary,1,1,0,0,0,0,0,0,0,0,1
R006102,female,5,urban,primary,1,12,0,1,0,0,0,0,0,1,1
R006103,female,1,rural,tertiary,1,1,0,0,0,0,0,0,0,0,0
R006104,female,5,urban,secondary,1,5,1,1,0,0,0,0,0,1,1
R006105,male,3,urban,secondary,1,30,1,0,0,0,0,0,0,1,1
R006106,male,3,urban,primary,1,5,0,0,0,0,0,0,0,0,1
R006107,male,1,rural,secondary,1,30,0,0,0,0,0,0,0,1,0
R006108,male,3,urban,tertiary,1,5,0,1,0,0,0,0,0,1,1
R006109,female,1,urban,secondary,1,2,0,0,0,0,0,0,0,1,0
R006110,female,5,urban,secondary,1,2,0,1,0,0,0,0,0,1,1
R006111,male,2,urban,secondary,1,1,0,0,0,0,0,0,0,1,1
R006112,male,2,rural,secondary,0,0,0,0,1,0,1,0,0,0,1
R006113,female,1,urban,primary,1,12,0,0,0,0,0,0,0,1,0
R006114,male,1,rural,primary,1,0,0,0,0,0,0,0,0,0,1
R006115,female,2,rural,secondary,0,0,0,0,0,0,0,0,1,0,0
R006116,female,1,rural,tertiary,1,5,0,0,0,0,0,0,0,0,0
R006117,female,2,rural,primary,0,0,0,0,1,0,1,0,0,0,0
R006118,male,1,urban,tertiary,1,30,0,1,0,0,0,0,0,0,0
R006119,male,3,urban,tertiary,1,1,0,0,0,0,0,0,0,0,1
R006120,male,5,rural,secondary,1,2,0,1,0,0,0,0,0,1,0
R006121,female,4,urban,primary,1,1,0,1,0,0,0,0,0,1,1
R006122,male,1,urban,secondary,1,2,0,0,0,0,0,0,0,0,1
R006123,female,2,urban,none,0,0,0,0,1,0,1,1,1,0,1
R006124,female,5,urban,primary,1,12,0,0,0,0,0,0,0,1,1
R006125,female,3,urban,secondary,1,0,1,1,0,0,0,0,0,1,1
R006126,male,2,urban,primary,1,5,0,0,0,0,0,0,0,1,0
R006127,male,4,urban,primary,1,12,0,0,0,0,0,0,0,1,1
R006128,male,4,urban,primary,1,5,1,1,0,0,0,0,0,1,1
R006129,female,4,rural,primary,1,12,0,1,0,0,0,0,0,1,0
R006130,male,5,urban,primary,1,1,1,0,0,0,0,0,0,0,1
R006131,male,4,urban,tertiary,1,0,1,1,0,0,0,0,0,1,1
R006132,female,3,urban,secondary,1,12,0,1,0,0,0,0,0,1,1
R006133,female,3,urban,secondary,1,2,1,0,0,0,0,0,0,1,0
R006134,male,2,urban,secondary,1,2,0,0,0,0,0,0,0,0,1
R006135,female,2,urban,primary,1,1,0,0,0,0,0,0,0,1,1
R006136,male,3,urban,secondary,1,0,0,0,0,0,0,0,0,0,1
R006137,female,1,rural,secondary,1,1,0,1,0,0,0,0,0,0,0
R006138,female,4,urban,none,0,0,0,0,0,0,1,1,0,1,1
R006139,female,1,urban,tertiary,0,0,0,0,0,0,0,0,1,0,0
R006140,female,4,urban,secondary,1,1,0,0,0,0,0,0,0,1,0
R006141,female,2,rural,primary,1,0,0,0,0,0,0,0,0,1,0
R006142,female,2,rural,secondary,0,0,0,0,0,1,0,0,0,1,1
R006143,female,4,urban,primary,1,30,0,1,0,0,0,0,0,0,1
R006144,female,2,rural,secondary,1,12,0,0,0,0,0,0,0,0,0
R006145,male,3,rural,none,0,0,0,0,1,1,0,0,0,1,1
R006146,female,2,rural,primary,0,0,0,0,1,0,1,1,1,1,1
R006147,male,1,urban,none,0,0,0,0,0,0,1,0,0,0,1
R006148,female,5,urban,tertiary,1,5,0,1,0,0,0,0,0,1,1
R006149,female,1,rural,tertiary,1,2,0,0,0,0,0,0,0,1,0
R006150,male,5,urban,secondary,1,1,0,1,0,0,0,0,0,0,1
R006151,female,2,rural,none,0,0,0,0,1,0,1,0,0,0,1
R006152,male,4,urban,tertiary,1,1,0,0,0,0,0,0,0,1,1
R006153,male,1,rural,primary,0,0,0,0,1,1,0,1,1,0,0
R006154,male,5,urban,secondary,1,1,1,0,0,0,0,0,0,0,1
R006155,male,1,rural,tertiary,1,5,0,0,0,0,0,0,0,1,1
R006156,female,4,rural,secondary,1,12,1,0,0,0,0,0,0,0,1
R006157,female,1,rural,primary,1,1,1,0,0,0,0,0,0,1,0
R006158,female,4,urban,none,1,12,0,0,0,0,0,0,0,0,1
R006159,male,3,rural,primary,0,0,0,0,1,0,0,0,1,0,1
R006160,male,3,rural,tertiary,1,5,0,0,0,0,0,0,0,1,1
R006161,male,1,rural,primary,1,2,0,0,0,0,0,0,0,0,0
R006162,female,1,urban,secondary,1,1,0,1,0,0,0,0,0,0,0
R006163,male,5,rural,secondary,0,0,0,0,1,1,1,0,1,1,1
R006164,female,4,urban,primary,1,1,0,1,0,0,0,0,0,1,1
R006165,male,2,urban,primary,1,12,0,0,0,0,0,0,0,1,0
R006166,female,5,rural,primary,1,0,1,0,0,0,0,0,0,0,0
R006167,female,5,rural,primary,1,0,0,1,0,0,0,0,0,1,1
R006168,female,4,urban,secondary,1,0,0,0,0,0,0,0,0,0,1
R006169,male,1,rural,primary,0,0,0,0,1,1,0,0,0,0,0
R006170,female,4,rural,secondary,1,5,0,0,0,0,0,0,0,1,0
R006171,female,2,urban,tertiary,1,12,0,0,0,0,0,0,0,1,0
R006172,female,1,rural,secondary,0,0,0,0,1,1,1,0,0,1,0
R006173,male,2,rural,tertiary,1,12,0,0,0,0,0,0,0,1,0
R006174,male,1,rural,tertiary,1,12,0,0,0,0,0,0,0,0,0
R006175,female,4,urban,primary,1,12,0,0,0,0,0,0,0,1,0
R006176,female,3,urban,tertiary,1,2,1,0,0,0,0,0,0,1,0
R006177,female,3,urban,primary,1,5,1,1,0,0,0,0,0,1,1
R006178,male,1,rural,secondary,1,5,0,0,0,0,0,0,0,1,1
R006179,female,3,urban,secondary,1,12,1,0,0,0,0,0,0,0,1
R006180,female,2,urban,primary,1,2,0,1,0,0,0,0,0,0,0
R006181,female,3,urban,primary,1,1,0,0,0,0,0,0,0,0,1
R006182,male,2,rural,primary,1,30,0,0,0,0,0,0,0,1,1
R006183,female,1,urban,secondary,1,5,0,0,0,0,0,0,0,0,0
R006184,male,5,urban,none,1,1,0,1,0,0,0,0,0,1,1
R006185,female,3,rural,tertiary,1,5,0,0,0,0,0,0,0,1,1
R006186,female,4,rural,secondary,1,2,1,0,0,0,0,0,0,1,1
R006187,female,1,urban,primary,1,0,0,0,0,0,0,0,0,0,1
R006188,female,1,urban,primary,0,0,0,0,1,0,0,0,0,0,1
R006189,female,1,urban,secondary,0,0,0,0,0,0,1,1,1,0,0
R006190,male,5,rural,secondary,1,2,0,0,0,0,0,0,0,1,0
R006191,female,1,urban,secondary,0,0,0,0,1,0,1,0,1,1,1
R006192,male,3,urban,primary,1,0,0,0,0,0,0,0,0,1,0
R006193,female,4,urban,primary,1,12,1,0,0,0,0,0,0,0,0
R006194,male,2,rural,primary,1,12,0,0,0,0,0,0,0,1,1
R006195,female,1,rural,secondary,0,0,0,0,0,1,1,0,1,1,0
R006196,male,1,urban,secondary,1,12,0,0,0,0,0,0,0,1,1
R006197,female,1,rural,primary,0,0,0,0,1,1,0,1,0,0,1
R006198,female,3,rural,primary,1,5,0,0,0,0,0,0,0,0,0
R006199,male,1,rural,primary,0,0,0,0,0,1,0,0,0,0,0
R006200,male,3,urban,secondary,1,1,1,0,0,0,0,0,0,1,1
R006201,female,5,rural,primary,1,2,0,0,0,0,0,0,0,1,0
R006202,male,3,urban,secondary,1,1,0,0,0,0,0,0,0,0,0
R006203,female,1,rural,secondary,0,0,0,0,1,0,0,1,1,0,1
R006204,female,2,rural,secondary,0,0,0,0,0,0,1,1,0,0,1
R006205,female,4,rural,secondary,1,0,0,0,0,0,0,0,0,1,0
R006206,female,3,urban,secondary,1,30,0,0,0,0,0,0,0,0,1
R006207,male,2,urban,none,0,0,0,0,0,0,0,1,1,1,1
R006208,female,2,urban,secondary,1,2,0,1,0,0,0,0,0,1,1
R006209,male,3,urban,primary,1,12,1,0,0,0,0,0,0,1,1
R006210,female,2,urban,secondary,1,1,0,0,0,0,0,0,0,1,0
R006211,male,1,rural,primary,0,0,0,0,0,0,1,0,1,0,0
R006212,male,3,rural,secondary,1,5,0,1,0,0,0,0,0,1,0
R006213,female,1,urban,secondary,1,5,0,0,0,0,0,0,0,1,1
R006214,male,4,urban,tertiary,1,2,1,1,0,0,0,0,0,0,0
R006215,male,2,rural,tertiary,1,0,0,0,0,0,0,0,0,0,0
R006216,male,5,urban,secondary,1,5,1,1,0,0,0,0,0,1,1
R006217,male,2,urban,secondary,1,0,0,0,0,0,0,0,0,1,1
R006218,female,1,urban,tertiary,1,12,1,1,0,0,0,0,0,0,1
R006219,female,2,urban,secondary,1,5,0,0,0,0,0,0,0,0,1
R006220,male,4,urban,primary,1,5,0,0,0,0,0,0,0,1,0
R006221,female,1,rural,tertiary,0,0,0,0,0,0,0,0,0,0,1
R006222,female,2,rural,secondary,0,0,0,0,0,1,0,0,0,0,1
R006223,female,2,urban,secondary,0,0,0,0,0,0,0,1,1,1,0
R006224,female,4,urban,secondary,1,12,0,0,0,0,0,0,0,0,1
R006225,male,2,urban,secondary,1,30,0,0,0,0,0,0,0,1,0
R006226,female,4,urban,secondary,1,5,0,1,0,0,0,0,0,0,1
R006227,male,1,rural,none,0,0,0,0,1,0,0,1,1,0,0
R006228,female,5,urban,primary,1,12,0,0,0,0,0,0,0,1,1
R006229,male,1,urban,none,1,12,1,0,0,0,0,0,0,0,1
R006230,male,2,urban,secondary,1,2,0,0,0,0,0,0,0,1,1
R006231,female,1,urban,secondary,1,2,0,0,0,0,0,0,0,1,1
R006232,female,3,urban,secondary,1,1,0,1,0,0,0,0,0,0,1
R006233,male,3,urban,primary,1,0,0,0,0,0,0,0,0,1,0
R006234,female,1,rural,secondary,0,0,0,0,1,0,0,0,1,1,0
R006235,male,1,rural,tertiary,1,5,0,0,0,0,0,0,0,1,1
R006236,male,1,urban,secondary,1,0,0,1,0,0,0,0,0,1,0
R006237,male,1,rural,tertiary,1,12,0,0,0,0,0,0,0,0,0
R006238,male,5,rural,none,0,0,0,0,1,0,0,0,1,1,1
R006239,female,2,urban,primary,0,0,0,0,1,0,0,0,0,0,1
R006240,male,1,urban,primary,1,5,1,0,0,0,0,0,0,0,1
R006241,male,3,urban,secondary,1,5,0,0,0,0,0,0,0,0,1
R006242,male,2,urban,secondary,1,5,0,0,0,0,0,0,0,1,0
R006243,female,3,rural,secondary,1,1,0,0,0,0,0,0,0,0,0
R006244,female,2,rural,primary,1,12,0,1,0,0,0,0,0,1,0
R006245,male,3,rural,primary,0,0,0,0,1,1,0,1,0,1,0
R006246,female,4,urban,secondary,1,0,0,1,0,0,0,0,0,1,1
R006247,male,1,rural,tertiary,1,2,0,0,0,0,0,0,0,0,1
R006248,female,5,rural,none,0,0,0,0,0,0,0,0,1,0,1
R006249,male,3,urban,secondary,1,2,0,1,0,0,0,0,0,1,1
R006250,female,3,rural,secondary,1,1,0,1,0,0,0,0,0,0,0
R006251,female,1,urban,primary,0,0,0,0,1,0,1,0,0,0,0
R006252,male,3,rural,tertiary,1,5,1,0,0,0,0,0,0,0,1
R006253,male,3,urban,primary,1,1,1,0,0,0,0,0,0,0,1
R006254,female,4,rural,secondary,0,0,0,0,0,0,0,0,1,1,1
R006255,female,3,rural,none,1,12,1,1,0,0,0,0,0,1,1
R006256,male,4,rural,tertiary,1,12,0,0,0,0,0,0,0,1,1
R006257,female,1,rural,secondary,1,5,0,1,0,0,0,0,0,0,0
R006258,male,3,rural,tertiary,1,1,0,0,0,0,0,0,0,1,0
R006259,male,3,urban,primary,0,0,0,0,0,0,0,1,1,0,1
R006260,male,4,rural,secondary,1,1,1,1,0,0,0,0,0,1,1
R006261,female,1,rural,primary,0,0,0,0,1,1,0,1,1,0,0
R006262,male,1,urban,secondary,1,5,0,0,0,0,0,0,0,1,1
R006263,male,1,rural,secondary,0,0,0,0,1,0,0,0,1,0,1
R006264,female,4,urban,secondary,1,2,1,0,0,0,0,0,0,1,1
R006265,female,2,urban,primary,1,2,0,0,0,0,0,0,0,0,1
R006266,male,5,rural,secondary,1,5,0,1,0,0,0,0,0,1,0
R006267,female,5,urban,tertiary,1,12,0,0,0,0,0,0,0,1,0
R006268,male,1,rural,secondary,0,0,0,0,1,0,0,1,0,1,0
R006269,female,2,urban,tertiary,1,2,0,0,0,0,0,0,0,1,1
R006270,male,3,rural,secondary,1,30,0,0,0,0,0,0,0,0,0
R006271,female,1,urban,primary,0,0,0,0,0,1,0,1,0,1,0
R006272,male,1,rural,secondary,0,0,0,0,1,1,0,0,1,0,0
R006273,male,2,urban,secondary,1,12,0,1,0,0,0,0,0,0,0
R006274,female,3,urban,secondary,0,0,0,0,1,0,0,0,0,1,0
R006275,female,2,rural,none,0,0,0,0,1,0,1,0,1,1,0
R006276,female,3,urban,secondary,1,5,0,0,0,0,0,0,0,0,1
R006277,male,5,urban,secondary,1,2,0,1,0,0,0,0,0,0,1
R006278,male,1,urban,primary,0,0,0,0,0,1,0,0,1,0,0
R006279,male,4,urban,none,1,2,0,1,0,0,0,0,0,1,1
R006280,female,2,urban,none,0,0,0,0,1,0,0,0,0,1,1
R006281,female,1,urban,tertiary,1,5,0,0,0,0,0,0,0,0,1
R006282,male,2,rural,secondary,1,12,1,0,0,0,0,0,0,0,0
R006283,male,3,rural,primary,0,0,0,0,1,1,0,0,1,0,1
R006284,male,4,rural,tertiary,1,0,0,1,0,0,0,0,0,0,0
R006285,female,5,urban,primary,1,0,0,0,0,0,0,0,0,0,1
R006286,female,5,urban,none,1,1,1,1,0,0,0,0,0,1,1
R006287,female,2,rural,none,1,5,0,0,0,0,0,0,0,1,0
R006288,female,2,rural,tertiary,0,0,0,0,1,0,1,0,1,0,0
R006289,male,2,urban,primary,0,0,0,0,1,0,0,0,0,0,0
R006290,male,1,rural,tertiary,1,12,0,0,0,0,0,0,0,1,1
R006291,male,4,urban,secondary,1,5,0,1,0,0,0,0,0,0,1
R006292,male,2,urban,primary,1,12,1,0,0,0,0,0,0,0,1
R006293,female,2,urban,secondary,1,2,0,0,0,0,0,0,0,0,0
R006294,male,1,rural,secondary,1,2,0,0,0,0,0,0,0,0,0
R006295,female,1,rural,secondary,1,5,0,1,0,0,0,0,0,0,0
R006296,female,3,rural,secondary,0,0,0,0,1,0,0,1,1,0,1
R006297,male,3,rural,primary,1,1,0,1,0,0,0,0,0,1,1
R006298,male,5,rural,secondary,1,0,1,0,0,0,0,0,0,1,1
R006299,male,3,rural,secondary,1,5,0,1,0,0,0,0,0,0,0
R006300,male,1,urban,secondary,0,0,0,0,1,0,0,0,0,1,1
R006301,male,2,rural,tertiary,1,5,0,1,0,0,0,0,0,1,0
R006302,female,4,urban,secondary,1,5,1,0,0,0,0,0,0,0,1
R006303,male,1,urban,none,0,0,0,0,1,0,0,0,1,1,1
R006304,male,4,urban,none,1,1,0,1,0,0,0,0,0,0,0
R006305,male,3,urban,primary,1,5,0,0,0,0,0,0,0,1,0
R006306,male,3,urban,secondary,1,12,0,1,0,0,0,0,0,1,1
R006307,female,3,rural,secondary,1,12,0,1,0,0,0,0,0,1,0
R006308,male,2,urban,tertiary,1,2,0,1,0,0,0,0,0,0,0
R006309,male,4,rural,tertiary,1,5,0,1,0,0,0,0,0,1,1
R006310,female,2,urban,secondary,1,2,0,0,0,0,0,0,0,1,1
R006311,male,3,urban,secondary,1,2,0,0,0,0,0,0,0,1,1
R006312,female,2,rural,secondary,1,12,0,0,0,0,0,0,0,1,0
R006313,female,1,rural,secondary,0,0,0,0,1,0,1,0,1,0,0
R006314,female,3,urban,primary,1,5,1,1,0,0,0,0,0,0,1
R006315,male,1,rural,none,1,30,0,1,0,0,0,0,0,1,1
R006316,female,4,urban,tertiary,1,12,1,1,0,0,0,0,0,0,1
R006317,male,4,urban,secondary,1,2,0,0,0,0,0,0,0,1,1
R006318,male,4,rural,primary,1,1,0,0,0,0,0,0,0,0,1
R006319,female,2,urban,tertiary,1,1,0,1,0,0,0,0,0,0,0
R006320,male,5,urban,secondary,0,0,0,0,0,0,0,0,1,1,1
R006321,female,1,rural,primary,1,12,1,1,0,0,0,0,0,0,1
R006322,female,3,rural,secondary,1,1,0,1,0,0,0,0,0,0,0
R006323,female,1,urban,secondary,0,0,0,0,1,0,1,0,0,0,1
R006324,male,2,urban,secondary,1,1,0,1,0,0,0,0,0,1,0
R006325,female,1,urban,secondary,0,0,0,0,1,0,1,1,1,0,1
R006326,male,4,urban,secondary,1,1,0,1,0,0,0,0,0,0,1
R006327,male,2,urban,secondary,1,12,1,0,0,0,0,0,0,1,1
R006328,female,5,urban,primary,1,5,0,1,0,0,0,0,0,1,1
R006329,female,4,rural,primary,1,2,0,0,0,0,0,0,0,1,1
R006330,male,5,urban,primary,1,2,0,0,0,0,0,0,0,1,1
R006331,female,4,urban,secondary,1,5,1,1,0,0,0,0,0,1,1
R006332,female,1,urban,secondary,1,5,0,0,0,0,0,0,0,0,0
R006333,female,3,rural,primary,0,0,0,0,0,1,1,0,0,1,0
R006334,female,5,urban,tertiary,1,0,0,0,0,0,0,0,0,1,1
R006335,male,4,urban,primary,1,12,1,1,0,0,0,0,0,0,0
R006336,male,4,rural,tertiary,1,1,1,0,0,0,0,0,0,0,1
R006337,male,2,rural,secondary,0,0,0,0,1,1,1,0,0,1,0
R006338,female,4,urban,none,1,2,1,0,0,0,0,0,0,1,0
R006339,female,3,urban,secondary,0,0,0,0,0,0,0,0,0,0,0
R006340,male,5,urban,secondary,1,30,1,0,0,0,0,0,0,0,1
R006341,female,1,urban,secondary,1,5,0,0,0,0,0,0,0,0,0
R006342,male,2,rural,secondary,1,1,0,0,0,0,0,0,0,0,0
R006343,female,3,urban,secondary,0,0,0,0,1,0,1,1,0,1,0
R006344,male,3,urban,secondary,1,12,0,1,0,0,0,0,0,1,0
R006345,female,2,rural,none,0,0,0,0,1,0,0,0,1,0,0
R006346,female,4,urban,secondary,1,2,1,0,0,0,0,0,0,0,0
R006347,female,3,rural,primary,1,30,1,1,0,0,0,0,0,1,0
R006348,female,2,urban,tertiary,1,30,0,0,0,0,0,0,0,0,0
R006349,female,1,urban,tertiary,1,1,1,0,0,0,0,0,0,0,0
R006350,male,4,rural,none,1,12,1,0,0,0,0,0,0,1,1
R006351,female,1,urban,primary,0,0,0,0,1,0,0,0,1,0,0
R006352,female,2,urban,tertiary,1,30,0,0,0,0,0,0,0,1,0
R006353,male,4,urban,tertiary,1,30,1,0,0,0,0,0,0,1,1
R006354,female,3,urban,primary,1,30,0,0,0,0,0,0,0,1,0
R006355,female,3,rural,secondary,1,12,1,1,0,0,0,0,0,0,0
R006356,female,1,urban,primary,0,0,0,0,1,0,1,0,0,1,1
R006357,female,3,rural,primary,1,12,0,1,0,0,0,0,0,0,0
R006358,female,3,rural,primary,1,1,0,1,0,0,0,0,0,0,1
R006359,male,3,rural,primary,1,12,0,0,0,0,0,0,0,1,0
R006360,female,2,urban,tertiary,1,2,0,0,0,0,0,0,0,1,1
R006361,male,1,urban,secondary,0,0,0,0,1,1,0,0,1,0,1
R006362,female,3,rural,secondary,0,0,0,0,0,1,0,1,0,0,0
R006363,male,5,rural,secondary,1,5,0,1,0,0,0,0,0,1,0
R006364,female,3,rural,none,0,0,0,0,0,0,0,1,0,0,0
R006365,female,1,rural,secondary,1,2,0,1,0,0,0,0,0,1,0
R006366,female,1,urban,secondary,1,1,0,0,0,0,0,0,0,0,1
R006367,female,1,rural,tertiary,0,0,0,0,1,0,1,0,0,0,0
R006368,female,2,urban,secondary,1,1,0,0,0,0,0,0,0,0,1
R006369,female,3,rural,primary,0,0,0,0,1,1,1,0,1,1,0
R006370,female,4,urban,secondary,1,1,0,1,0,0,0,0,0,1,0
R006371,male,3,urban,secondary,1,12,0,1,0,0,0,0,0,0,1
R006372,female,1,rural,tertiary,0,0,0,0,1,0,0,0,1,0,0
R006373,male,1,rural,primary,1,5,0,0,0,0,0,0,0,0,0
R006374,male,3,rural,none,1,30,0,1,0,0,0,0,0,1,0
R006375,female,2,urban,primary,0,0,0,0,0,1,0,0,1,0,0
R006376,male,3,rural,primary,0,0,0,0,0,1,0,0,0,1,0
R006377,female,2,rural,secondary,0,0,0,0,1,1,1,0,1,0,1
R006378,male,1,urban,none,1,2,1,0,0,0,0,0,0,0,1
R006379,male,1,urban,primary,0,0,0,0,0,0,0,0,1,0,0
R006380,male,5,rural,primary,1,5,0,1,0,0,0,0,0,1,0
R006381,female,5,urban,primary,1,12,1,1,0,0,0,0,0,1,1
R006382,female,1,urban,secondary,0,0,0,0,1,1,1,1,0,1,1
R006383,female,1,urban,primary,1,2,0,0,0,0,0,0,0,1,1
R006384,female,1,urban,secondary,1,2,0,0,0,0,0,0,0,0,1
R006385,female,4,rural,primary,1,1,1,0,0,0,0,0,0,1,1
R006386,female,2,rural,secondary,1,12,0,0,0,0,0,0,0,0,0
R006387,male,2,urban,primary,1,2,0,1,0,0,0,0,0,0,1
R006388,male,2,rural,primary,1,12,0,0,0,0,0,0,0,0,1
R006389,male,1,urban,secondary,1,5,0,0,0,0,0,0,0,1,0
R006390,male,2,urban,secondary,0,0,0,0,0,0,1,0,0,0,0
R006391,male,2,rural,secondary,1,5,0,1,0,0,0,0,0,0,1
R006392,female,1,urban,secondary,0,0,0,0,1,1,0,0,0,1,0
R006393,male,1,rural,tertiary,1,0,0,0,0,0,0,0,0,0,0
R006394,male,3,urban,secondary,1,2,0,1,0,0,0,0,0,0,1
R006395,male,1,urban,none,1,2,0,0,0,0,0,0,0,0,1
R006396,male,2,urban,secondary,1,1,0,0,0,0,0,0,0,1,0
R006397,female,3,rural,tertiary,1,1,0,1,0,0,0,0,0,0,0
R006398,female,5,urban,primary,1,1,1,1,0,0,0,0,0,1,1
R006399,male,2,urban,secondary,1,5,0,1,0,0,0,0,0,0,0
R006400,female,1,urban,tertiary,1,5,0,0,0,0,0,0,0,1,1
R006401,female,1,rural,secondary,1,2,0,0,0,0,0,0,0,0,0
R006402,female,1,rural,secondary,0,0,0,0,1,0,0,0,1,0,0
R006403,female,1,urban,secondary,0,0,0,0,0,0,1,0,1,0,1
R006404,male,2,urban,secondary,1,1,1,0,0,0,0,0,0,1,0
R006405,female,5,rural,secondary,1,2,0,0,0,0,0,0,0,1,1
R006406,female,3,rural,secondary,1,5,0,1,0,0,0,0,0,0,1
R006407,male,5,rural,primary,1,1,0,1,0,0,0,0,0,1,1
R006408,male,4,urban,secondary,1,12,0,1,0,0,0,0,0,0,1
R006409,female,2,urban,secondary,1,2,1,0,0,0,0,0,0,1,0
R006410,male,1,rural,primary,0,0,0,0,1,1,0,0,1,0,1
R006411,male,1,urban,secondary,1,5,0,0,0,0,0,0,0,1,0
R006412,female,3,urban,none,1,1,0,1,0,0,0,0,0,0,0
R006413,male,1,urban,primary,0,0,0,0,1,1,0,0,0,0,0
R006414,male,2,urban,primary,0,0,0,0,1,0,0,0,0,1,0
R006415,female,3,urban,primary,0,0,0,0,0,0,0,0,1,0,1
R006416,female,4,urban,primary,1,5,0,0,0,0,0,0,0,1,1
R006417,female,1,urban,none,0,0,0,0,0,0,0,0,0,0,0
R006418,female,1,urban,primary,0,0,0,0,1,0,1,0,0,0,0
R006419,male,3,rural,primary,0,0,0,0,0,0,1,1,1,1,0
R006420,male,3,urban,secondary,1,2,1,0,0,0,0,0,0,0,1
R006421,female,2,urban,secondary,1,30,0,0,0,0,0,0,0,0,1
R006422,female,3,urban,secondary,0,0,0,0,1,0,1,0,0,0,0
R006423,male,3,rural,secondary,0,0,0,0,1,1,0,0,1,0,1
R006424,male,1,urban,primary,1,5,0,0,0,0,0,0,0,1,0
R006425,female,2,rural,secondary,0,0,0,0,0,0,0,0,1,0,0
R006426,female,1,rural,primary,0,0,0,0,0,1,0,0,1,0,0
R006427,female,2,urban,none,1,0,0,0,0,0,0,0,0,1,0
R006428,female,5,urban,secondary,1,0,1,0,0,0,0,0,0,1,0
R006429,female,4,urban,secondary,1,2,1,0,0,0,0,0,0,1,1
R006430,male,4,urban,secondary,1,12,0,1,0,0,0,0,0,1,1
R006431,male,1,rural,secondary,1,5,0,1,0,0,0,0,0,0,1
R006432,male,5,urban,primary,1,30,0,0,0,0,0,0,0,1,1
R006433,female,1,rural,secondary,0,0,0,0,1,0,0,0,0,0,1
R006434,female,1,rural,none,0,0,0,0,1,0,0,1,0,0,0
R006435,male,5,rural,tertiary,1,5,0,0,0,0,0,0,0,1,1
R006436,male,5,rural,secondary,1,1,0,1,0,0,0,0,0,0,1
R006437,female,4,urban,tertiary,1,5,1,1,0,0,0,0,0,1,1
R006438,female,1,rural,primary,1,5,1,1,0,0,0,0,0,0,0
R006439,male,2,urban,secondary,1,12,0,0,0,0,0,0,0,0,0
R006440,male,3,rural,secondary,1,0,0,0,0,0,0,0,0,1,0
R006441,female,5,urban,secondary,1,2,0,1,0,0,0,0,0,1,1
R006442,female,4,rural,tertiary,1,12,0,1,0,0,0,0,0,1,0
R006443,male,5,urban,primary,1,5,1,1,0,0,0,0,0,1,1
R006444,female,2,urban,primary,0,0,0,0,1,0,0,0,1,0,1
R006445,male,2,urban,primary,1,30,0,0,0,0,0,0,0,1,1
R006446,female,5,rural,secondary,1,5,0,1,0,0,0,0,0,1,1
R006447,male,1,rural,secondary,0,0,0,0,0,0,1,1,0,0,0
R006448,male,2,urban,secondary,1,30,1,0,0,0,0,0,0,0,0
R006449,female,5,rural,secondary,1,5,0,0,0,0,0,0,0,1,1
R006450,male,2,rural,tertiary,1,5,0,0,0,0,0,0,0,1,0
R006451,male,1,urban,secondary,1,1,0,0,0,0,0,0,0,0,0
R006452,male,1,rural,secondary,1,5,0,1,0,0,0,0,0,1,0
R006453,female,3,urban,primary,0,0,0,0,1,0,1,0,1,0,0
R006454,female,1,rural,secondary,1,12,0,0,0,0,0,0,0,0,0
R006455,male,5,urban,tertiary,1,1,0,1,0,0,0,0,0,1,1
R006456,female,3,urban,tertiary,1,5,1,0,0,0,0,0,0,0,0
R006457,male,2,rural,secondary,0,0,0,0,0,1,0,0,1,1,1
R006458,female,2,urban,secondary,1,1,0,1,0,0,0,0,0,0,1
R006459,male,1,rural,tertiary,1,5,0,1,0,0,0,0,0,0,1
R006460,female,3,urban,primary,1,12,0,0,0,0,0,0,0,1,0
R006461,female,2,urban,secondary,1,2,0,0,0,0,0,0,0,1,1
R006462,male,5,urban,tertiary,1,2,1,0,0,0,0,0,0,1,1
R006463,male,4,urban,tertiary,1,30,0,0,0,0,0,0,0,1,1
R006464,female,4,rural,secondary,1,1,1,0,0,0,0,0,0,1,0
R006465,female,1,rural,tertiary,0,0,0,0,0,1,1,0,1,0,0
R006466,female,4,rural,none,0,0,0,0,0,1,1,0,1,1,1
R006467,female,5,rural,secondary,1,30,0,0,0,0,0,0,0,1,0
R006468,female,2,rural,none,0,0,0,0,0,1,1,0,0,0,1
R006469,male,1,rural,secondary,1,12,0,0,0,0,0,0,0,0,0
R006470,male,3,urban,none,1,5,0,1,0,0,0,0,0,1,0
R006471,male,5,urban,none,1,12,1,1,0,0,0,0,0,1,1
R006472,female,4,urban,secondary,1,30,0,0,0,0,0,0,0,1,1
R006473,male,2,urban,none,1,12,0,0,0,0,0,0,0,0,1
R006474,female,1,rural,tertiary,1,5,0,0,0,0,0,0,0,0,0
R006475,male,1,rural,primary,1,1,0,0,0,0,0,0,0,1,0
R006476,male,4,urban,primary,0,0,0,0,0,1,1,1,0,1,1
R006477,male,4,rural,none,1,2,0,0,0,0,0,0,0,1,1
R006478,male,3,urban,primary,1,1,0,1,0,0,0,0,0,0,0
R006479,male,4,rural,primary,1,30,1,1,0,0,0,0,0,1,1
R006480,female,2,rural,secondary,1,12,1,1,0,0,0,0,0,0,0
R006481,male,4,rural,primary,1,30,1,0,0,0,0,0,0,0,1
R006482,female,2,urban,none,0,0,0,0,1,0,1,0,1,0,1
R006483,female,2,rural,secondary,1,5,0,1,0,0,0,0,0,1,0
R006484,female,2,rural,secondary,0,0,0,0,0,1,0,0,1,1,1
R006485,male,1,urban,tertiary,1,12,0,0,0,0,0,0,0,0,0
R006486,female,2,urban,primary,1,1,0,0,0,0,0,0,0,1,0
R006487,female,1,rural,primary,0,0,0,0,0,0,0,0,0,0,1
R006488,female,2,urban,tertiary,1,1,0,0,0,0,0,0,0,1,1
R006489,female,5,rural,secondary,1,12,1,0,0,0,0,0,0,1,1
R006490,female,1,urban,secondary,0,0,0,0,0,0,0,1,1,1,0
R006491,female,1,rural,secondary,1,30,0,1,0,0,0,0,0,0,0
R006492,female,3,urban,tertiary,1,5,0,1,0,0,0,0,0,1,1
R006493,female,2,urban,primary,0,0,0,0,0,0,1,0,1,0,0
R006494,female,4,rural,primary,1,12,0,1,0,0,0,0,0,0,1
R006495,female,1,rural,primary,1,1,1,1,0,0,0,0,0,1,1
R006496,female,1,rural,primary,0,0,0,0,0,0,1,1,0,1,0
R006497,male,2,urban,tertiary,1,5,0,0,0,0,0,0,0,1,0
R006498,female,4,rural,primary,0,0,0,0,1,0,0,0,1,1,1
R006499,male,3,urban,secondary,1,12,0,1,0,0,0,0,0,1,1
R006500,male,2,urban,primary,1,2,0,0,0,0,0,0,0,0,1
R006501,female,4,urban,primary,0,0,0,0,0,0,0,0,0,1,1
R006502,male,1,urban,secondary,0,0,0,0,1,1,1,1,0,1,1
R006503,female,2,urban,primary,1,12,1,0,0,0,0,0,0,1,0
R006504,male,1,urban,secondary,1,1,0,0,0,0,0,0,0,1,1
R006505,female,4,urban,primary,1,5,1,1,0,0,0,0,0,1,1
R006506,female,3,urban,secondary,1,0,0,0,0,0,0,0,0,0,1
R006507,female,3,rural,tertiary,1,12,0,1,0,0,0,0,0,0,0
R006508,female,3,rural,primary,1,30,0,0,0,0,0,0,0,0,0
R006509,female,1,urban,primary,1,5,0,0,0,0,0,0,0,1,1
R006510,female,5,rural,tertiary,1,12,1,0,0,0,0,0,0,1,1
R006511,female,3,urban,secondary,1,30,1,0,0,0,0,0,0,1,0
R006512,male,2,rural,secondary,1,30,0,0,0,0,0,0,0,1,1
R006513,male,2,urban,tertiary,1,5,0,0,0,0,0,0,0,0,1
R006514,male,1,rural,tertiary,1,5,1,1,0,0,0,0,0,1,1
R006515,male,5,urban,primary,1,12,0,0,0,0,0,0,0,0,1
R006516,female,1,urban,secondary,1,0,1,0,0,0,0,0,0,0,1
R006517,male,3,urban,primary,1,1,0,0,0,0,0,0,0,0,0
R006518,female,1,urban,tertiary,1,12,0,1,0,0,0,0,0,0,0
R006519,female,2,urban,secondary,1,12,0,0,0,0,0,0,0,0,0
R006520,female,1,urban,tertiary,1,12,0,0,0,0,0,0,0,1,1
R006521,male,5,urban,primary,1,12,0,1,0,0,0,0,0,0,1
R006522,male,5,urban,primary,1,1,0,1,0,0,0,0,0,1,1
R006523,female,2,urban,primary,1,2,0,0,0,0,0,0,0,1,0
R006524,male,2,rural,secondary,0,0,0,0,1,1,0,0,0,0,0
R006525,female,4,urban,secondary,1,2,1,0,0,0,0,0,0,1,1
R006526,female,1,urban,primary,1,30,0,0,0,0,0,0,0,0,1
R006527,female,1,rural,none,0,0,0,0,0,0,0,1,1,0,0
R006528,female,1,rural,primary,1,2,0,0,0,0,0,0,0,0,0
R006529,female,1,rural,secondary,0,0,0,0,1,0,0,0,0,0,1
R006530,male,3,urban,secondary,1,12,1,1,0,0,0,0,0,1,1
R006531,female,2,rural,primary,0,0,0,0,1,1,0,0,1,0,0
R006532,male,2,urban,primary,0,0,0,0,1,0,0,0,0,0,1
R006533,male,2,urban,primary,0,0,0,0,1,0,0,0,1,0,1
R006534,female,5,urban,secondary,1,12,0,0,0,0,0,0,0,0,1
R006535,male,2,urban,tertiary,1,30,1,1,0,0,0,0,0,0,1
R006536,female,5,urban,tertiary,1,5,0,0,0,0,0,0,0,1,1
R006537,male,5,urban,primary,0,0,0,0,1,0,1,0,1,0,1
R006538,male,3,rural,tertiary,1,5,0,0,0,0,0,0,0,0,0
R006539,female,3,rural,primary,0,0,0,0,0,0,1,0,1,0,0
R006540,female,1,urban,tertiary,1,5,0,1,0,0,0,0,0,0,0
R006541,male,1,urban,tertiary,1,0,0,0,0,0,0,0,0,0,1
R006542,male,3,urban,primary,1,5,0,0,0,0,0,0,0,0,0
R006543,male,3,rural,primary,1,1,0,0,0,0,0,0,0,1,1
R006544,female,1,urban,secondary,1,1,0,0,0,0,0,0,0,0,1
R006545,female,3,rural,secondary,1,12,1,1,0,0,0,0,0,0,1
R006546,female,2,urban,primary,0,0,0,0,0,0,0,0,1,1,0
R006547,male,2,urban,secondary,1,5,0,0,0,0,0,0,0,1,1
R006548,female,1,urban,secondary,1,2,0,0,0,0,0,0,0,0,0
R006549,male,3,urban,primary,1,2,1,1,0,0,0,0,0,1,1
R006550,male,1,rural,primary,0,0,0,0,0,0,1,0,1,0,0
R006551,female,2,rural,none,0,0,0,0,1,0,1,0,1,1,1
R006552,male,1,rural,secondary,1,1,0,1,0,0,0,0,0,0,0
R006553,female,2,urban,primary,1,1,0,0,0,0,0,0,0,0,0
R006554,male,1,urban,secondary,1,1,0,1,0,0,0,0,0,0,0
R006555,male,3,urban,none,1,5,1,0,0,0,0,0,0,1,0
R006556,female,1,urban,primary,1,5,1,0,0,0,0,0,0,1,1
R006557,male,2,urban,secondary,0,0,0,0,1,0,1,1,1,0,0
R006558,male,2,rural,secondary,1,5,0,1,0,0,0,0,0,1,0
R006559,female,4,rural,primary,0,0,0,0,1,0,0,1,0,1,0
R006560,male,2,urban,tertiary,1,30,0,0,0,0,0,0,0,0,0
R006561,male,1,urban,primary,1,1,0,0,0,0,0,0,0,0,1
R006562,male,2,urban,tertiary,1,5,0,0,0,0,0,0,0,0,1
R006563,female,2,urban,none,1,1,0,1,0,0,0,0,0,0,0
R006564,male,2,urban,primary,1,1,0,0,0,0,0,0,0,0,0
R006565,female,2,rural,tertiary,1,5,0,1,0,0,0,0,0,1,0
R006566,female,1,rural,secondary,0,0,0,0,1,0,0,0,0,0,0
R006567,female,5,urban,secondary,1,12,0,0,0,0,0,0,0,1,1
R006568,female,1,urban,secondary,1,5,0,1,0,0,0,0,0,1,1
R006569,female,1,urban,tertiary,1,12,0,0,0,0,0,0,0,0,1
R006570,male,5,rural,secondary,1,0,0,1,0,0,0,0,0,0,0
R006571,male,1,urban,secondary,1,12,0,0,0,0,0,0,0,0,1
R006572,female,2,urban,tertiary,0,0,0,0,0,0,0,0,1,1,0
R006573,male,2,rural,secondary,1,30,0,0,0,0,0,0,0,0,1
R006574,female,5,urban,secondary,1,12,0,1,0,0,0,0,0,1,1
R006575,female,5,rural,primary,1,12,1,1,0,0,0,0,0,1,0
R006576,female,5,rural,secondary,0,0,0,0,1,0,1,0,0,1,0
R006577,female,4,urban,primary,1,2,0,0,0,0,0,0,0,0,1
R006578,female,1,rural,secondary,0,0,0,0,1,0,0,1,0,0,0
R006579,male,2,rural,tertiary,1,5,0,0,0,0,0,0,0,1,0
R006580,female,3,rural,secondary,0,0,0,0,1,0,0,0,0,1,1
R006581,male,1,rural,primary,0,0,0,0,0,0,1,0,0,0,0
R006582,male,3,urban,primary,1,1,0,0,0,0,0,0,0,1,1
R006583,male,5,urban,secondary,1,2,1,1,0,0,0,0,0,1,1
R006584,male,2,urban,tertiary,1,30,0,0,0,0,0,0,0,1,0
R006585,female,2,urban,tertiary,1,2,1,0,0,0,0,0,0,0,1
R006586,female,2,urban,secondary,0,0,0,0,1,0,0,0,1,1,1
R006587,female,1,rural,primary,1,0,0,0,0,0,0,0,0,1,0
R006588,male,3,rural,primary,1,2,0,1,0,0,0,0,0,1,0
R006589,female,3,urban,tertiary,1,5,0,0,0,0,0,0,0,1,0
R006590,female,1,rural,secondary,0,0,0,0,1,0,0,1,0,0,1
R006591,male,2,urban,tertiary,1,30,0,0,0,0,0,0,0,0,1
R006592,male,4,urban,secondary,1,30,0,0,0,0,0,0,0,1,0
R006593,male,5,urban,primary,1,12,0,0,0,0,0,0,0,1,1
R006594,male,1,rural,secondary,1,0,0,0,0,0,0,0,0,0,1
R006595,male,2,urban,none,1,2,0,0,0,0,0,0,0,0,1
R006596,male,4,urban,none,1,1,0,0,0,0,0,0,0,1,1
R006597,male,4,rural,secondary,1,5,0,0,0,0,0,0,0,0,0
R006598,female,1,rural,secondary,0,0,0,0,1,1,1,1,1,1,0
R006599,female,5,urban,secondary,0,0,0,0,0,0,0,1,0,1,1
R006600,female,2,urban,secondary,1,5,0,0,0,0,0,0,0,1,1
R006601,male,2,rural,primary,1,5,1,0,0,0,0,0,0,0,0
R006602,male,2,urban,secondary,1,2,0,0,0,0,0,0,0,0,1
R006603,female,1,urban,primary,1,1,0,0,0,0,0,0,0,0,0
R006604,female,2,rural,secondary,1,1,0,1,0,0,0,0,0,0,1
R006605,male,3,rural,secondary,0,0,0,0,1,1,0,1,0,0,0
R006606,male,1,urban,primary,1,2,0,0,0,0,0,0,0,1,0
R006607,female,2,rural,secondary,1,0,1,0,0,0,0,0,0,1,1
R006608,male,2,rural,primary,0,0,0,0,0,0,1,0,1,1,0
R006609,female,1,rural,tertiary,0,0,0,0,1,0,0,0,0,0,0
R006610,male,1,rural,none,1,12,0,0,0,0,0,0,0,1,1
R006611,female,3,urban,secondary,1,5,0,1,0,0,0,0,0,1,1
R006612,male,2,rural,secondary,1,12,0,1,0,0,0,0,0,1,0
R006613,female,2,rural,tertiary,1,30,0,0,0,0,0,0,0,1,0
R006614,male,2,urban,secondary,1,0,0,0,0,0,0,0,0,1,1
R006615,female,5,urban,tertiary,1,0,0,0,0,0,0,0,0,1,0
R006616,male,2,rural,primary,0,0,0,0,1,0,0,0,1,1,0
R006617,male,1,rural,primary,1,2,0,0,0,0,0,0,0,0,0
R006618,male,2,rural,secondary,1,30,1,0,0,0,0,0,0,1,0
R006619,female,5,urban,secondary,1,5,0,0,0,0,0,0,0,1,1
R006620,male,3,rural,primary,1,5,1,0,0,0,0,0,0,0,0
R006621,female,1,rural,primary,0,0,0,0,1,1,1,0,1,0,1
R006622,female,2,urban,secondary,0,0,0,0,1,0,1,0,1,1,1
R006623,male,5,urban,secondary,1,2,0,0,0,0,0,0,0,1,1
R006624,male,3,urban,primary,1,2,1,1,0,0,0,0,0,1,1
R006625,female,1,rural,none,0,0,0,0,1,0,0,0,0,0,1
R006626,male,2,rural,primary,1,0,0,1,0,0,0,0,0,0,1
R006627,male,5,urban,secondary,1,12,0,1,0,0,0,0,0,1,1
R006628,female,4,rural,primary,1,1,1,1,0,0,0,0,0,0,1
R006629,female,5,rural,secondary,1,5,0,0,0,0,0,0,0,1,1
R006630,female,2,rural,primary,0,0,0,0,1,0,0,0,0,1,1
R006631,male,2,urban,primary,0,0,0,0,1,0,0,1,0,1,1
R006632,female,5,urban,primary,1,1,0,0,0,0,0,0,0,0,1
R006633,female,1,urban,tertiary,1,2,0,0,0,0,0,0,0,0,0
R006634,male,4,rural,primary,1,2,0,0,0,0,0,0,0,1,1
R006635,female,1,rural,secondary,1,0,0,0,0,0,0,0,0,1,0
R006636,female,1,rural,secondary,0,0,0,0,0,1,0,0,1,0,0
R006637,male,3,rural,primary,0,0,0,0,0,1,0,1,1,1,0
R006638,female,5,rural,primary,1,5,0,1,0,0,0,0,0,1,1
R006639,male,1,urban,primary,0,0,0,0,0,0,0,1,0,1,0
R006640,male,5,rural,secondary,1,5,1,0,0,0,0,0,0,1,0
R006641,female,2,urban,secondary,1,1,0,1,0,0,0,0,0,1,0
R006642,male,4,rural,secondary,1,5,0,1,0,0,0,0,0,1,1
R006643,female,2,rural,tertiary,1,1,0,0,0,0,0,0,0,0,1
R006644,male,1,rural,secondary,1,2,0,0,0,0,0,0,0,1,0
R006645,male,3,urban,primary,1,5,0,0,0,0,0,0,0,1,1
R006646,female,3,rural,secondary,1,0,0,0,0,0,0,0,0,0,1
R006647,male,4,urban,primary,1,2,0,0,0,0,0,0,0,1,1
R006648,female,4,urban,secondary,1,5,1,1,0,0,0,0,0,1,1
R006649,female,1,urban,secondary,0,0,0,0,1,0,0,0,0,1,0
R006650,female,1,urban,primary,1,12,0,0,0,0,0,0,0,1,0
R006651,male,4,rural,secondary,1,2,0,1,0,0,0,0,0,1,0
R006652,male,5,urban,primary,1,5,0,0,0,0,0,0,0,1,1
R006653,male,4,urban,secondary,0,0,0,0,1,1,1,1,1,0,1
R006654,male,1,urban,none,1,5,0,0,0,0,0,0,0,0,0
R006655,female,3,urban,secondary,0,0,0,0,1,0,1,1,1,1,0
R006656,male,3,urban,none,1,2,1,0,0,0,0,0,0,1,0
R006657,female,2,rural,primary,1,2,1,0,0,0,0,0,0,0,1
R006658,female,4,urban,secondary,1,5,0,1,0,0,0,0,0,1,1
R006659,male,4,urban,secondary,1,2,1,0,0,0,0,0,0,1,1
R006660,male,3,rural,secondary,1,1,0,0,0,0,0,0,0,0,1
R006661,male,2,rural,secondary,1,1,0,0,0,0,0,0,0,1,0
R006662,female,3,urban,tertiary,1,5,0,0,0,0,0,0,0,0,1
R006663,female,4,urban,tertiary,1,2,1,0,0,0,0,0,0,1,0
R006664,female,1,rural,secondary,1,1,0,0,0,0,0,0,0,0,0
R006665,male,3,urban,tertiary,1,2,0,0,0,0,0,0,0,1,1
R006666,female,5,rural,primary,1,30,1,0,0,0,0,0,0,1,1
R006667,male,5,urban,tertiary,1,2,0,1,0,0,0,0,0,0,1
R006668,male,1,rural,secondary,0,0,0,0,1,0,0,0,0,0,0
R006669,female,5,rural,secondary,1,1,1,1,0,0,0,0,0,1,0
R006670,female,1,rural,primary,0,0,0,0,1,0,0,0,0,0,1
R006671,male,4,rural,tertiary,1,2,1,1,0,0,0,0,0,0,1
R006672,male,4,rural,none,1,2,0,1,0,0,0,0,0,1,1
R006673,male,3,rural,tertiary,1,5,0,1,0,0,0,0,0,0,0
R006674,male,5,rural,tertiary,1,1,1,0,0,0,0,0,0,1,1
R006675,female,1,rural,primary,0,0,0,0,1,0,0,0,1,1,1
R006676,male,5,urban,primary,1,5,0,0,0,0,0,0,0,1,1
R006677,female,1,rural,secondary,1,30,1,0,0,0,0,0,0,0,1
R006678,male,3,urban,primary,0,0,0,0,0,0,1,0,0,0,0
R006679,male,2,rural,secondary,1,1,1,0,0,0,0,0,0,0,0
R006680,female,1,urban,primary,0,0,0,0,0,0,0,0,0,0,0
R006681,female,1,urban,secondary,0,0,0,0,1,0,0,1,1,0,0
R006682,female,1,urban,tertiary,1,5,0,0,0,0,0,0,0,0,1
R006683,female,2,rural,primary,0,0,0,0,1,0,1,1,1,1,1
R006684,female,3,urban,primary,0,0,0,0,0,0,0,0,0,1,1
R006685,male,3,urban,secondary,1,1,0,1,0,0,0,0,0,0,1
R006686,male,1,rural,secondary,1,5,0,0,0,0,0,0,0,1,1
R006687,female,1,urban,primary,0,0,0,0,0,0,1,0,0,0,1
R006688,male,2,urban,secondary,1,1,1,1,0,0,0,0,0,1,0
R006689,male,3,rural,primary,1,1,0,0,0,0,0,0,0,1,1
R006690,male,5,urban,secondary,1,12,0,1,0,0,0,0,0,1,1
R006691,male,1,rural,secondary,0,0,0,0,0,0,0,0,1,0,1
R006692,female,4,urban,secondary,1,1,0,1,0,0,0,0,0,1,1
R006693,female,2,urban,tertiary,1,12,0,1,0,0,0,0,0,0,1
R006694,female,5,urban,tertiary,1,5,0,1,0,0,0,0,0,1,1
R006695,female,3,urban,primary,0,0,0,0,0,0,1,1,0,1,1
R006696,female,1,urban,tertiary,1,30,0,0,0,0,0,0,0,0,0
R006697,female,2,rural,secondary,1,0,0,0,0,0,0,0,0,1,1
R006698,female,2,rural,tertiary,1,5,0,0,0,0,0,0,0,1,1
R006699,male,4,rural,primary,1,0,0,1,0,0,0,0,0,1,1
R006700,female,2,urban,secondary,0,0,0,0,0,0,0,1,0,1,1
R006701,female,1,urban,primary,0,0,0,0,1,0,1,1,1,1,0
R006702,female,2,rural,secondary,0,0,0,0,1,1,1,0,1,0,0
R006703,female,4,rural,secondary,0,0,0,0,1,0,0,0,0,1,1
R006704,male,3,rural,secondary,1,0,0,0,0,0,0,0,0,0,1
R006705,male,4,urban,primary,1,1,1,0,0,0,0,0,0,0,1
R006706,male,4,urban,none,1,12,0,0,0,0,0,0,0,1,0
R006707,male,1,urban,primary,0,0,0,0,0,0,1,0,1,0,0
R006708,female,1,urban,tertiary,1,12,0,0,0,0,0,0,0,0,0
R006709,male,3,urban,secondary,1,5,1,0,0,0,0,0,0,1,1
R006710,male,1,rural,primary,0,0,0,0,1,1,1,0,0,1,1
R006711,female,5,rural,none,1,5,0,1,0,0,0,0,0,1,1
R006712,female,1,urban,secondary,1,5,1,0,0,0,0,0,0,1,0
R006713,female,1,urban,secondary,0,0,0,0,1,0,0,0,1,1,0
R006714,female,5,urban,secondary,1,5,0,0,0,0,0,0,0,0,1
R006715,male,3,urban,tertiary,1,5,0,0,0,0,0,0,0,1,1
R006716,male,4,rural,secondary,1,12,1,1,0,0,0,0,0,1,0
R006717,male,4,rural,secondary,1,1,0,1,0,0,0,0,0,1,0
R006718,female,1,urban,none,0,0,0,0,1,1,0,0,0,0,1
R006719,female,2,urban,secondary,0,0,0,0,1,0,0,0,1,0,1
R006720,female,5,rural,secondary,1,2,0,0,0,0,0,0,0,1,1
R006721,female,1,urban,secondary,0,0,0,0,1,0,0,1,0,0,1
R006722,male,3,urban,none,1,2,0,1,0,0,0,0,0,1,1
R006723,male,2,rural,primary,0,0,0,0,1,0,1,1,0,0,0
R006724,female,3,rural,primary,1,2,0,0,0,0,0,0,0,0,0
R006725,male,5,rural,none,0,0,0,0,0,1,1,0,0,0,1
R006726,male,5,rural,none,1,12,1,1,0,0,0,0,0,1,1
R006727,female,4,rural,primary,0,0,0,0,1,1,0,0,0,1,0
R006728,female,5,urban,secondary,1,2,1,0,0,0,0,0,0,1,1
R006729,male,1,urban,secondary,1,5,0,0,0,0,0,0,0,0,1
R006730,female,5,rural,primary,1,0,0,1,0,0,0,0,0,1,1
R006731,male,4,urban,secondary,1,5,0,1,0,0,0,0,0,1,1
R006732,female,5,urban,primary,1,1,1,0,0,0,0,0,0,1,1
R006733,female,3,rural,tertiary,1,2,0,1,0,0,0,0,0,0,0
R006734,female,4,rural,tertiary,1,5,1,1,0,0,0,0,0,1,1
R006735,female,4,rural,secondary,1,5,1,0,0,0,0,0,0,1,1
R006736,male,3,urban,secondary,1,1,0,0,0,0,0,0,0,1,1
R006737,female,4,rural,secondary,1,1,1,0,0,0,0,0,0,1,0
R006738,male,5,rural,secondary,1,5,1,1,0,0,0,0,0,1,1
R006739,male,2,urban,secondary,1,1,0,0,0,0,0,0,0,1,0
R006740,male,2,urban,primary,1,2,1,0,0,0,0,0,0,0,1
R006741,female,4,urban,primary,1,2,0,0,0,0,0,0,0,1,1
R006742,male,3,rural,primary,1,5,0,1,0,0,0,0,0,0,0
R006743,male,1,urban,secondary,0,0,0,0,0,0,0,0,0,0,1
R006744,female,1,urban,primary,1,12,0,0,0,0,0,0,0,1,1
R006745,male,5,urban,tertiary,1,2,0,1,0,0,0,0,0,0,1
R006746,female,2,urban,tertiary,1,30,0,0,0,0,0,0,0,1,1
R006747,male,3,rural,none,1,2,1,0,0,0,0,0,0,0,1
R006748,male,1,urban,secondary,1,5,0,0,0,0,0,0,0,1,0
R006749,male,1,rural,primary,0,0,0,0,1,0,1,0,0,1,0
R006750,male,1,rural,none,0,0,0,0,1,1,0,1,0,0,0
R006751,female,1,urban,tertiary,1,2,1,0,0,0,0,0,0,1,0
R006752,female,3,rural,primary,0,0,0,0,1,1,0,0,0,0,1
R006753,female,1,urban,none,1,5,0,0,0,0,0,0,0,0,1
R006754,male,1,rural,secondary,0,0,0,0,1,0,0,0,0,0,1
R006755,female,2,rural,secondary,0,0,0,0,1,1,1,0,0,0,0
R006756,female,1,urban,secondary,1,1,0,0,0,0,0,0,0,0,0
R006757,female,4,rural,tertiary,1,2,1,1,0,0,0,0,0,0,0
R006758,female,4,urban,tertiary,1,12,0,0,0,0,0,0,0,1,1
R006759,female,5,urban,primary,1,5,1,0,0,0,0,0,0,0,1
R006760,male,2,urban,secondary,1,5,0,0,0,0,0,0,0,0,1
R006761,male,1,rural,secondary,0,0,0,0,1,0,0,0,1,1,1
R006762,female,5,urban,primary,1,1,0,0,0,0,0,0,0,1,1
R006763,female,3,urban,secondary,1,1,0,0,0,0,0,0,0,0,1
R006764,female,2,urban,none,0,0,0,0,0,0,0,0,1,0,1
R006765,female,2,urban,secondary,1,12,0,0,0,0,0,0,0,0,0
R006766,male,2,urban,secondary,1,5,0,0,0,0,0,0,0,0,1
R006767,male,3,rural,tertiary,1,30,0,0,0,0,0,0,0,0,0
R006768,male,4,rural,primary,0,0,0,0,1,0,0,1,0,1,1
R006769,male,5,rural,primary,1,5,0,1,0,0,0,0,0,1,1
R006770,male,3,urban,primary,1,2,0,0,0,0,0,0,0,1,1
R006771,female,3,urban,secondary,0,0,0,0,1,0,0,0,0,0,1
R006772,female,1,urban,primary,0,0,0,0,0,0,0,0,0,1,0
R006773,female,1,urban,secondary,1,12,0,0,0,0,0,0,0,0,0
R006774,female,2,urban,primary,0,0,0,0,0,0,1,0,1,0,1
R006775,female,4,urban,primary,1,5,1,0,0,0,0,0,0,1,1
R006776,female,1,urban,primary,1,1,0,1,0,0,0,0,0,0,1
R006777,female,5,rural,none,1,12,1,0,0,0,0,0,0,0,1
R006778,male,2,urban,secondary,1,5,0,0,0,0,0,0,0,0,0
R006779,male,5,urban,secondary,1,5,0,0,0,0,0,0,0,1,1
R006780,female,2,urban,secondary,1,12,0,0,0,0,0,0,0,0,1
R006781,male,1,urban,primary,1,5,0,1,0,0,0,0,0,0,0
R006782,female,1,rural,secondary,0,0,0,0,1,0,0,0,0,0,1
R006783,female,5,urban,secondary,1,30,0,1,0,0,0,0,0,1,1
R006784,female,4,rural,secondary,1,12,1,0,0,0,0,0,0,0,0
R006785,male,1,rural,primary,0,0,0,0,1,0,1,0,0,0,0
R006786,male,1,rural,secondary,1,1,0,0,0,0,0,0,0,1,0
R006787,male,3,rural,secondary,1,30,0,0,0,0,0,0,0,1,1
R006788,female,4,urban,tertiary,1,12,1,0,0,0,0,0,0,1,1
R006789,female,1,rural,none,0,0,0,0,1,1,1,1,0,0,0
R006790,female,5,rural,primary,0,0,0,0,0,1,0,0,1,0,1
R006791,male,2,rural,tertiary,1,2,0,0,0,0,0,0,0,0,1
R006792,female,1,rural,secondary,0,0,0,0,0,0,1,0,0,1,1
R006793,male,4,rural,none,1,1,1,1,0,0,0,0,0,1,0
R006794,female,2,rural,tertiary,0,0,0,0,1,1,0,0,1,1,0
R006795,male,3,urban,primary,1,1,0,1,0,0,0,0,0,1,0
R006796,male,1,urban,secondary,1,5,0,0,0,0,0,0,0,0,0
R006797,female,5,urban,primary,1,2,1,1,0,0,0,0,0,1,1
R006798,female,1,urban,secondary,0,0,0,0,0,0,1,0,0,0,1
R006799,male,3,urban,tertiary,1,12,1,1,0,0,0,0,0,1,1
R006800,male,1,rural,secondary,0,0,0,0,0,0,1,0,0,0,0
R006801,male,5,rural,primary,0,0,0,0,0,1,0,0,0,0,0
R006802,male,1,urban,none,0,0,0,0,1,0,1,0,1,1,1
R006803,female,3,rural,tertiary,1,2,1,0,0,0,0,0,0,0,1
R006804,male,3,urban,secondary,0,0,0,0,0,0,0,1,0,1,1
R006805,male,2,rural,primary,0,0,0,0,1,0,0,1,1,1,0
R006806,male,5,rural,tertiary,1,12,1,1,0,0,0,0,0,1,0
R006807,female,2,rural,primary,1,1,0,1,0,0,0,0,0,1,1
R006808,male,5,rural,primary,1,12,1,0,0,0,0,0,0,1,0
R006809,female,3,urban,primary,0,0,0,0,1,0,0,0,0,0,1
R006810,male,3,rural,secondary,0,0,0,0,1,1,1,0,1,0,1
R006811,female,1,urban,primary,1,1,0,0,0,0,0,0,0,0,0
R006812,female,4,rural,primary,1,5,0,1,0,0,0,0,0,1,1
R006813,male,3,rural,secondary,1,2,0,0,0,0,0,0,0,1,0
R006814,female,4,urban,tertiary,1,2,0,1,0,0,0,0,0,0,1
R006815,female,1,urban,primary,0,0,0,0,0,0,1,0,1,0,0
R006816,female,1,rural,none,0,0,0,0,1,0,1,0,0,0,0
R006817,male,2,urban,tertiary,1,12,0,0,0,0,0,0,0,1,1
R006818,female,4,urban,secondary,1,1,0,0,0,0,0,0,0,0,0
R006819,male,4,urban,primary,1,5,1,0,0,0,0,0,0,1,1
R006820,male,3,rural,tertiary,1,1,1,0,0,0,0,0,0,0,1
R006821,male,1,urban,tertiary,0,0,0,0,1,0,1,0,1,1,0
R006822,female,2,urban,none,0,0,0,0,1,0,1,0,1,0,1
R006823,female,2,urban,secondary,1,2,1,1,0,0,0,0,0,0,0
R006824,female,3,urban,tertiary,1,2,0,0,0,0,0,0,0,0,1
R006825,male,1,urban,secondary,1,0,0,0,0,0,0,0,0,0,1
R006826,male,2,urban,secondary,1,1,0,0,0,0,0,0,0,0,1
R006827,female,5,urban,none,1,5,1,1,0,0,0,0,0,1,1
R006828,male,5,urban,primary,1,12,0,0,0,0,0,0,0,1,1
R006829,male,1,rural,tertiary,0,0,0,0,0,0,1,0,0,1,0
R006830,female,3,urban,tertiary,1,1,0,1,0,0,0,0,0,0,1
R006831,female,2,urban,primary,1,0,1,0,0,0,0,0,0,1,0
R006832,male,1,urban,primary,1,1,0,0,0,0,0,0,0,0,1
R006833,male,1,urban,tertiary,0,0,0,0,1,1,0,1,1,1,0
R006834,female,4,rural,secondary,1,12,1,0,0,0,0,0,0,0,0
R006835,male,4,urban,secondary,1,5,0,1,0,0,0,0,0,0,1
R006836,female,4,rural,tertiary,1,2,0,1,0,0,0,0,0,1,0
R006837,female,3,urban,tertiary,1,1,0,0,0,0,0,0,0,1,1
R006838,female,3,urban,secondary,0,0,0,0,0,0,1,0,1,0,1
R006839,female,1,rural,secondary,0,0,0,0,0,1,0,1,1,0,0
R006840,male,1,urban,secondary,1,0,1,1,0,0,0,0,0,0,1
R006841,male,3,rural,secondary,1,1,0,0,0,0,0,0,0,1,1
R006842,male,1,urban,primary,0,0,0,0,1,0,0,0,0,0,1
R006843,female,4,rural,none,1,12,0,1,0,0,0,0,0,1,1
R006844,female,5,rural,primary,1,30,0,0,0,0,0,0,0,1,1
R006845,male,3,rural,tertiary,1,0,1,1,0,0,0,0,0,1,0
R006846,female,5,urban,secondary,1,30,1,0,0,0,0,0,0,1,1
R006847,female,4,rural,secondary,1,5,0,0,0,0,0,0,0,0,0
R006848,female,1,rural,secondary,1,5,0,0,0,0,0,0,0,0,0
R006849,female,2,rural,primary,0,0,0,0,0,0,1,1,1,1,1
R006850,female,4,rural,secondary,1,30,0,0,0,0,0,0,0,0,0
R006851,male,5,rural,secondary,1,0,0,0,0,0,0,0,0,0,0
R006852,female,1,urban,tertiary,1,12,0,1,0,0,0,0,0,0,1
R006853,female,3,urban,secondary,1,12,1,0,0,0,0,0,0,0,0
R006854,female,2,urban,tertiary,1,5,0,0,0,0,0,0,0,0,1
R006855,female,2,urban,tertiary,1,1,0,0,0,0,0,0,0,0,1
R006856,female,3,urban,tertiary,1,12,0,0,0,0,0,0,0,1,1
R006857,female,5,urban,secondary,1,1,1,0,0,0,0,0,0,0,1
R006858,female,1,urban,secondary,1,0,0,0,0,0,0,0,0,1,0
R006859,male,5,urban,secondary,1,5,0,1,0,0,0,0,0,1,1
R006860,male,5,urban,tertiary,1,0,0,1,0,0,0,0,0,1,1
R006861,female,1,urban,primary,1,5,0,0,0,0,0,0,0,1,1
R006862,male,3,urban,secondary,1,5,0,0,0,0,0,0,0,0,1
R006863,male,1,urban,secondary,1,12,0,0,0,0,0,0,0,1,0
R006864,female,4,rural,secondary,1,5,0,1,0,0,0,0,0,1,0
R006865,male,1,rural,primary,0,0,0,0,1,0,1,1,1,1,1
R006866,male,4,urban,tertiary,1,2,1,1,0,0,0,0,0,1,1
R006867,female,3,rural,primary,0,0,0,0,1,0,0,0,0,0,1
R006868,male,5,rural,primary,1,1,0,1,0,0,0,0,0,1,0
R006869,female,2,rural,none,0,0,0,0,1,1,0,0,0,1,0
R006870,female,4,rural,secondary,1,2,0,1,0,0,0,0,0,0,1
R006871,male,1,urban,secondary,1,5,0,0,0,0,0,0,0,0,0
R006872,male,1,rural,secondary,1,2,0,0,0,0,0,0,0,0,1
R006873,female,4,rural,secondary,1,1,0,1,0,0,0,0,0,1,0
R006874,male,3,urban,secondary,0,0,0,0,1,0,1,1,1,1,1
R006875,female,4,rural,none,1,0,0,0,0,0,0,0,0,1,1
R006876,female,5,rural,tertiary,1,30,1,0,0,0,0,0,0,1,0
R006877,female,1,urban,primary,0,0,0,0,0,0,1,0,0,0,0
R006878,female,2,urban,primary,0,0,0,0,1,0,0,1,1,0,1
R006879,female,5,urban,secondary,1,2,0,0,0,0,0,0,0,1,1
R006880,female,2,urban,secondary,1,12,0,1,0,0,0,0,0,0,0
R006881,male,2,urban,secondary,1,5,1,0,0,0,0,0,0,0,1
R006882,female,2,rural,none,1,0,0,0,0,0,0,0,0,0,0
R006883,female,1,rural,none,0,0,0,0,0,0,0,0,1,0,1
R006884,female,1,urban,primary,1,2,0,0,0,0,0,0,0,0,1
R006885,female,4,rural,secondary,1,1,1,1,0,0,0,0,0,0,1
R006886,male,3,urban,secondary,1,5,0,1,0,0,0,0,0,1,0
R006887,male,1,rural,secondary,1,12,0,1,0,0,0,0,0,1,0
R006888,female,4,urban,secondary,1,5,0,0,0,0,0,0,0,1,0
R006889,male,4,urban,secondary,1,2,1,0,0,0,0,0,0,0,1
R006890,female,4,urban,secondary,1,1,1,0,0,0,0,0,0,0,1
R006891,male,4,rural,primary,1,2,0,0,0,0,0,0,0,0,1
R006892,male,2,urban,secondary,1,5,0,0,0,0,0,0,0,1,0
R006893,male,3,urban,primary,1,5,0,0,0,0,0,0,0,0,1
R006894,female,4,urban,secondary,1,0,0,1,0,0,0,0,0,1,1
R006895,male,2,urban,tertiary,1,12,0,0,0,0,0,0,0,0,1
R006896,male,1,urban,primary,1,5,0,0,0,0,0,0,0,1,1
R006897,male,5,rural,primary,0,0,0,0,1,1,0,0,0,1,1
R006898,female,2,urban,primary,0,0,0,0,0,0,1,1,0,0,0
R006899,male,5,urban,secondary,1,12,0,0,0,0,0,0,0,0,1
R006900,male,3,rural,primary,0,0,0,0,0,0,0,1,0,1,1
R006901,male,4,urban,none,0,0,0,0,1,0,1,0,1,1,1
R006902,male,1,rural,primary,0,0,0,0,1,0,1,1,0,0,1
R006903,female,2,urban,secondary,0,0,0,0,1,0,0,0,0,1,1
R006904,female,5,urban,tertiary,1,2,0,1,0,0,0,0,0,1,0
R006905,male,4,urban,secondary,1,2,1,1,0,0,0,0,0,1,1
R006906,male,2,rural,secondary,0,0,0,0,1,0,0,0,1,0,0
R006907,female,2,urban,secondary,0,0,0,0,1,0,1,1,0,1,1
R006908,male,3,urban,secondary,1,1,0,1,0,0,0,0,0,1,1
R006909,male,5,urban,none,1,1,0,0,0,0,0,0,0,1,1
R006910,female,1,urban,secondary,1,1,0,0,0,0,0,0,0,1,1
R006911,male,5,rural,none,1,1,1,1,0,0,0,0,0,1,1
R006912,female,3,urban,primary,1,2,0,1,0,0,0,0,0,0,1
R006913,female,2,urban,tertiary,1,5,0,0,0,0,0,0,0,0,1
R006914,female,1,urban,primary,1,12,0,0,0,0,0,0,0,1,1
R006915,female,3,urban,tertiary,1,5,0,0,0,0,0,0,0,1,1
R006916,female,2,urban,tertiary,1,5,1,1,0,0,0,0,0,0,1
R006917,female,2,rural,secondary,0,0,0,0,1,0,1,1,1,1,1
R006918,male,1,urban,primary,1,1,0,0,0,0,0,0,0,1,0
R006919,female,5,urban,none,1,1,0,1,0,0,0,0,0,1,1
R006920,male,1,rural,secondary,0,0,0,0,0,1,1,1,1,0,0
R006921,female,1,urban,secondary,1,30,0,0,0,0,0,0,0,1,1
R006922,male,3,urban,none,0,0,0,0,1,0,1,0,1,0,0
R006923,male,3,urban,tertiary,1,30,0,1,0,0,0,0,0,1,1
R006924,male,3,rural,tertiary,1,1,0,0,0,0,0,0,0,1,0
R006925,male,4,urban,secondary,1,1,0,0,0,0,0,0,0,0,1
R006926,male,5,rural,primary,1,5,0,1,0,0,0,0,0,1,1
R006927,female,5,urban,none,1,2,1,0,0,0,0,0,0,0,1
R006928,female,4,rural,primary,1,2,0,0,0,0,0,0,0,1,1
R006929,male,3,urban,primary,1,5,1,0,0,0,0,0,0,1,1
R006930,male,4,rural,tertiary,1,1,0,1,0,0,0,0,0,1,0
R006931,male,4,urban,none,1,1,0,0,0,0,0,0,0,1,0
R006932,female,4,urban,tertiary,1,12,0,0,0,0,0,0,0,1,1
R006933,female,2,urban,secondary,1,5,0,0,0,0,0,0,0,1,1
R006934,male,5,rural,secondary,0,0,0,0,1,0,0,0,0,1,1
R006935,female,2,urban,secondary,0,0,0,0,0,0,1,0,1,0,1
R006936,female,2,rural,secondary,1,30,0,1,0,0,0,0,0,0,1
R006937,female,1,rural,secondary,1,5,1,0,0,0,0,0,0,0,1
R006938,male,1,rural,tertiary,0,0,0,0,1,0,0,0,1,0,0
R006939,male,4,urban,secondary,1,5,0,1,0,0,0,0,0,1,1
R006940,male,3,rural,none,0,0,0,0,1,0,1,0,0,1,0
R006941,female,4,rural,secondary,1,5,1,0,0,0,0,0,0,1,1
R006942,male,1,urban,primary,1,5,0,0,0,0,0,0,0,0,0
R006943,female,4,urban,none,1,1,0,0,0,0,0,0,0,0,1
R006944,female,2,urban,tertiary,1,12,0,1,0,0,0,0,0,1,0
R006945,male,4,urban,secondary,1,2,0,0,0,0,0,0,0,1,1
R006946,female,1,urban,primary,0,0,0,0,1,0,0,0,0,1,1
R006947,female,3,rural,secondary,1,30,1,1,0,0,0,0,0,0,1
R006948,female,5,urban,none,1,30,1,1,0,0,0,0,0,1,1
R006949,male,3,urban,secondary,1,12,0,0,0,0,0,0,0,1,1
R006950,female,4,urban,tertiary,1,5,0,0,0,0,0,0,0,1,1
R006951,male,4,rural,secondary,1,12,0,1,0,0,0,0,0,1,1
R006952,female,2,rural,none,1,12,0,0,0,0,0,0,0,0,0
R006953,female,3,rural,primary,1,1,0,1,0,0,0,0,0,0,0
R006954,female,2,rural,tertiary,1,12,1,0,0,0,0,0,0,1,0
R006955,male,2,rural,tertiary,1,2,1,0,0,0,0,0,0,0,0
R006956,female,4,urban,primary,1,5,1,0,0,0,0,0,0,0,1
R006957,female,4,urban,tertiary,1,12,1,1,0,0,0,0,0,1,1
R006958,female,2,urban,primary,0,0,0,0,0,0,0,1,1,1,1
R006959,male,2,urban,tertiary,1,5,0,0,0,0,0,0,0,1,0
R006960,male,4,urban,primary,1,5,0,0,0,0,0,0,0,0,1
R006961,male,1,rural,tertiary,0,0,0,0,1,0,1,0,1,0,0
R006962,female,1,rural,none,0,0,0,0,0,0,0,0,1,1,1
R006963,male,4,urban,primary,1,12,0,1,0,0,0,0,0,1,1
R006964,male,4,urban,secondary,1,5,0,1,0,0,0,0,0,0,1
R006965,male,2,rural,tertiary,1,5,0,0,0,0,0,0,0,0,0
R006966,female,1,urban,primary,0,0,0,0,1,0,1,1,0,1,0
R006967,female,5,rural,secondary,1,30,0,1,0,0,0,0,0,1,1
R006968,male,1,urban,none,0,0,0,0,1,0,0,0,0,0,0
R006969,female,2,urban,secondary,1,1,0,0,0,0,0,0,0,0,0
R006970,female,2,urban,secondary,1,2,1,0,0,0,0,0,0,0,0
R006971,male,3,rural,primary,1,5,0,0,0,0,0,0,0,0,1
R006972,female,1,rural,secondary,1,0,0,0,0,0,0,0,0,1,1
R006973,male,2,urban,secondary,1,2,0,0,0,0,0,0,0,0,1
R006974,female,2,urban,tertiary,1,1,0,1,0,0,0,0,0,0,0
R006975,male,5,rural,secondary,1,1,1,1,0,0,0,0,0,0,1
R006976,male,1,urban,primary,1,0,0,1,0,0,0,0,0,0,1
R006977,male,5,rural,secondary,1,12,0,0,0,0,0,0,0,1,0
R006978,male,5,urban,primary,1,12,0,0,0,0,0,0,0,1,1
R006979,female,5,urban,tertiary,1,12,1,1,0,0,0,0,0,0,1
R006980,female,1,urban,secondary,1,1,0,0,0,0,0,0,0,1,0
R006981,male,5,rural,tertiary,1,12,1,0,0,0,0,0,0,1,1
R006982,male,3,urban,none,0,0,0,0,1,0,0,0,0,1,1
R006983,male,1,urban,none,0,0,0,0,0,0,0,1,1,0,1
R006984,female,1,urban,primary,0,0,0,0,1,1,0,0,1,0,0
R006985,female,5,rural,tertiary,1,0,1,1,0,0,0,0,0,1,1
R006986,male,2,rural,secondary,1,2,0,0,0,0,0,0,0,1,0
R006987,male,1,rural,secondary,1,5,0,0,0,0,0,0,0,0,1
R006988,male,4,rural,secondary,1,2,1,0,0,0,0,0,0,1,0
R006989,female,2,urban,primary,0,0,0,0,1,0,0,0,0,0,1
R006990,female,3,rural,secondary,1,5,0,0,0,0,0,0,0,1,0
R006991,male,2,urban,primary,1,12,0,0,0,0,0,0,0,0,0
R006992,female,3,rural,primary,0,0,0,0,0,0,1,1,1,1,1
R006993,male,2,urban,secondary,0,0,0,0,1,1,0,0,1,1,0
R006994,male,1,rural,secondary,1,2,0,0,0,0,0,0,0,1,0
R006995,male,2,rural,secondary,1,2,0,0,0,0,0,0,0,0,0
R006996,male,3,urban,primary,1,5,0,0,0,0,0,0,0,0,1
R006997,female,3,urban,secondary,1,5,0,1,0,0,0,0,0,1,1
R006998,female,3,urban,tertiary,1,1,0,0,0,0,0,0,0,0,0
R006999,female,4,urban,secondary,1,1,0,1,0,0,0,0,0,1,1
R007000,male,3,urban,secondary,1,30,0,0,0,0,0,0,0,0,1
R007001,male,5,rural,primary,0,0,0,0,1,1,1,0,0,1,0
R007002,female,1,rural,secondary,0,0,0,0,1,0,1,0,0,1,0
R007003,female,3,rural,none,0,0,0,0,0,0,0,1,0,1,1
R007004,male,3,rural,none,0,0,0,0,1,1,1,0,1,1,0
R007005,male,4,urban,secondary,1,1,1,0,0,0,0,0,0,0,1
R007006,male,3,rural,secondary,1,30,0,0,0,0,0,0,0,0,1
R007007,female,5,rural,primary,1,5,0,0,0,0,0,0,0,1,1
R007008,male,2,rural,tertiary,0,0,0,0,1,1,0,1,0,0,0
R007009,male,5,urban,secondary,1,5,0,0,0,0,0,0,0,1,0
R007010,female,4,urban,secondary,1,5,0,0,0,0,0,0,0,0,1
R007011,female,3,rural,secondary,0,0,0,0,0,0,0,1,1,0,1
R007012,male,5,urban,none,1,0,0,1,0,0,0,0,0,1,1
R007013,female,4,rural,tertiary,1,2,1,1,0,0,0,0,0,1,0
R007014,male,2,rural,primary,0,0,0,0,0,0,0,1,1,0,1
R007015,male,2,rural,secondary,1,12,1,0,0,0,0,0,0,1,0
R007016,female,4,rural,secondary,1,0,0,0,0,0,0,0,0,1,0
R007017,female,2,urban,secondary,1,0,0,0,0,0,0,0,0,0,0
R007018,female,4,urban,tertiary,1,2,1,0,0,0,0,0,0,0,1
R007019,male,1,rural,tertiary,1,2,0,0,0,0,0,0,0,0,0
R007020,female,2,rural,secondary,1,2,1,0,0,0,0,0,0,1,0
R007021,female,1,urban,secondary,0,0,0,0,1,0,1,0,0,0,1
R007022,female,1,urban,tertiary,1,2,0,0,0,0,0,0,0,1,0
R007023,female,3,urban,primary,0,0,0,0,1,0,0,0,0,0,1
R007024,female,1,urban,primary,1,12,0,1,0,0,0,0,0,0,0
R007025,male,2,urban,secondary,1,1,0,0,0,0,0,0,0,1,1
R007026,female,1,rural,secondary,0,0,0,0,0,1,0,0,1,0,0
R007027,female,5,rural,secondary,1,2,0,0,0,0,0,0,0,1,1
R007028,female,1,rural,secondary,0,0,0,0,1,1,1,0,1,0,0
R007029,male,4,urban,tertiary,1,2,0,0,0,0,0,0,0,1,1
R007030,male,5,rural,none,0,0,0,0,0,0,0,1,1,1,1
R007031,male,1,rural,tertiary,1,2,0,0,0,0,0,0,0,0,0
R007032,female,1,rural,none,1,12,0,0,0,0,0,0,0,1,0
R007033,male,1,urban,secondary,1,12,0,0,0,0,0,0,0,1,0
R007034,male,2,urban,primary,1,30,0,1,0,0,0,0,0,1,1
R007035,male,3,urban,primary,1,2,0,0,0,0,0,0,0,1,1
R007036,female,3,rural,tertiary,1,12,0,1,0,0,0,0,0,1,1
R007037,male,5,urban,tertiary,1,5,0,0,0,0,0,0,0,0,1
R007038,male,2,urban,none,1,2,1,1,0,0,0,0,0,1,1
R007039,female,1,urban,secondary,1,5,0,0,0,0,0,0,0,1,0
R007040,female,1,urban,secondary,0,0,0,0,1,0,1,1,1,1,1
R007041,male,3,urban,tertiary,1,1,1,1,0,0,0,0,0,0,0
R007042,female,1,rural,primary,1,5,0,0,0,0,0,0,0,1,1
R007043,female,1,urban,primary,0,0,0,0,1,1,1,1,0,1,0
R007044,male,5,rural,secondary,1,5,0,1,0,0,0,0,0,1,1
R007045,male,2,rural,none,0,0,0,0,0,0,1,1,1,1,1
R007046,male,5,rural,secondary,1,2,1,1,0,0,0,0,0,1,1
R007047,female,4,rural,none,0,0,0,0,0,1,1,1,1,1,0
R007048,male,4,urban,secondary,1,5,0,1,0,0,0,0,0,0,1
R007049,male,3,urban,primary,1,1,0,0,0,0,0,0,0,1,0
R007050,female,3,urban,tertiary,1,12,1,0,0,0,0,0,0,0,0
R007051,male,1,urban,primary,0,0,0,0,1,0,0,0,1,1,0
R007052,female,4,urban,primary,1,2,1,1,0,0,0,0,0,1,1
R007053,male,1,urban,primary,1,2,0,0,0,0,0,0,0,1,0
R007054,female,4,urban,tertiary,1,12,0,1,0,0,0,0,0,0,1
R007055,male,4,rural,tertiary,1,5,1,0,0,0,0,0,0,0,0
R007056,male,5,rural,primary,1,0,1,1,0,0,0,0,0,1,0
R007057,female,1,urban,tertiary,0,0,0,0,0,0,0,0,1,1,0
R007058,male,1,urban,primary,1,30,0,0,0,0,0,0,0,0,0
R007059,male,4,rural,tertiary,1,30,1,1,0,0,0,0,0,1,0
R007060,male,4,urban,tertiary,1,1,1,1,0,0,0,0,0,0,1
R007061,male,5,urban,secondary,1,2,1,0,0,0,0,0,0,1,1
R007062,male,4,urban,secondary,1,12,1,0,0,0,0,0,0,0,1
R007063,male,4,rural,tertiary,1,12,0,0,0,0,0,0,0,1,1
R007064,female,1,urban,secondary,1,12,0,0,0,0,0,0,0,1,1
R007065,female,1,urban,secondary,0,0,0,0,0,0,0,0,0,0,1
R007066,female,2,urban,primary,1,5,0,0,0,0,0,0,0,0,1
R007067,female,4,rural,tertiary,1,5,1,0,0,0,0,0,0,1,1
R007068,male,3,rural,tertiary,1,2,0,0,0,0,0,0,0,1,0
R007069,male,5,rural,secondary,0,0,0,0,0,0,1,0,0,0,1
R007070,female,1,rural,secondary,1,1,1,1,0,0,0,0,0,0,0
R007071,male,2,rural,secondary,1,2,0,0,0,0,0,0,0,1,0
R007072,female,4,urban,secondary,1,5,1,0,0,0,0,0,0,1,0
R007073,male,3,urban,secondary,1,1,0,0,0,0,0,0,0,0,0
R007074,male,2,rural,none,0,0,0,0,0,1,1,0,0,1,0
R007075,female,5,urban,secondary,1,5,1,0,0,0,0,0,0,1,1
R007076,female,4,urban,secondary,1,5,0,1,0,0,0,0,0,1,1
R007077,female,2,urban,tertiary,1,1,0,0,0,0,0,0,0,1,1
R007078,female,2,urban,secondary,1,2,0,0,0,0,0,0,0,0,0
R007079,female,3,rural,primary,0,0,0,0,0,1,1,1,0,0,1
R007080,female,4,urban,secondary,0,0,0,0,1,0,1,0,1,1,1
R007081,male,2,rural,secondary,1,5,0,0,0,0,0,0,0,0,0
R007082,male,1,urban,none,1,1,0,0,0,0,0,0,0,0,1
R007083,male,4,urban,secondary,0,0,0,0,0,0,0,0,1,0,1
R007084,male,2,rural,tertiary,1,2,0,0,0,0,0,0,0,1,1
R007085,male,1,urban,tertiary,1,12,0,0,0,0,0,0,0,0,1
R007086,female,5,urban,secondary,1,5,1,0,0,0,0,0,0,1,1
R007087,male,2,rural,none,0,0,0,0,1,0,1,0,0,1,1
R007088,female,1,urban,secondary,1,12,0,0,0,0,0,0,0,0,1
R007089,male,4,urban,tertiary,1,2,0,1,0,0,0,0,0,0,1
R007090,male,1,rural,secondary,1,30,0,0,0,0,0,0,0,0,1
R007091,female,4,rural,primary,1,5,1,1,0,0,0,0,0,1,1
R007092,female,5,urban,tertiary,1,5,1,0,0,0,0,0,0,1,1
R007093,female,3,rural,none,1,5,0,1,0,0,0,0,0,1,1
R007094,male,1,urban,secondary,0,0,0,0,1,0,0,0,0,0,1
R007095,female,1,rural,tertiary,0,0,0,0,0,1,0,0,0,0,1
R007096,male,1,urban,secondary,1,12,0,1,0,0,0,0,0,0,0
R007097,male,5,urban,secondary,1,30,1,1,0,0,0,0,0,1,1
R007098,female,1,rural,secondary,0,0,0,0,1,1,0,0,1,0,0
R007099,female,3,urban,secondary,1,12,0,1,0,0,0,0,0,0,1
R007100,male,4,urban,secondary,1,2,0,0,0,0,0,0,0,1,1
R007101,male,5,urban,primary,1,2,0,1,0,0,0,0,0,1,1
R007102,female,2,urban,tertiary,1,1,0,1,0,0,0,0,0,0,0
R007103,female,3,rural,none,1,2,0,1,0,0,0,0,0,1,1
R007104,male,5,urban,tertiary,1,1,0,0,0,0,0,0,0,1,1
R007105,male,1,rural,secondary,1,1,0,0,0,0,0,0,0,0,0
R007106,male,1,rural,secondary,1,5,0,1,0,0,0,0,0,0,0
R007107,female,5,rural,none,0,0,0,0,1,1,1,0,1,1,1
R007108,male,2,urban,secondary,1,0,1,0,0,0,0,0,0,0,1
R007109,female,1,urban,none,0,0,0,0,0,0,1,1,1,0,1
R007110,female,4,urban,none,1,12,0,0,0,0,0,0,0,0,1
R007111,female,1,urban,secondary,1,5,0,0,0,0,0,0,0,0,0
R007112,male,1,urban,none,0,0,0,0,1,0,0,1,1,1,0
R007113,male,5,urban,secondary,1,12,0,1,0,0,0,0,0,1,0
R007114,male,1,urban,primary,0,0,0,0,1,0,0,1,0,1,0
R007115,female,2,urban,secondary,1,30,0,0,0,0,0,0,0,0,0
R007116,female,1,urban,secondary,1,1,0,0,0,0,0,0,0,0,0
R007117,female,3,rural,none,1,5,0,0,0,0,0,0,0,1,0
R007118,male,4,urban,secondary,1,2,0,0,0,0,0,0,0,0,1
R007119,female,1,urban,secondary,0,0,0,0,1,0,0,1,0,0,0
R007120,female,3,rural,secondary,0,0,0,0,1,1,0,0,1,1,0
R007121,female,1,urban,tertiary,1,12,0,0,0,0,0,0,0,1,0
R007122,female,3,urban,primary,1,2,1,1,0,0,0,0,0,1,1
R007123,female,5,rural,tertiary,1,30,1,0,0,0,0,0,0,1,1
R007124,female,4,urban,tertiary,1,5,0,0,0,0,0,0,0,1,1
R007125,female,4,urban,secondary,1,0,0,0,0,0,0,0,0,1,0
R007126,female,3,rural,primary,0,0,0,0,1,0,1,1,1,1,1
R007127,male,2,urban,primary,1,0,1,0,0,0,0,0,0,1,1
R007128,female,2,urban,secondary,1,5,0,1,0,0,0,0,0,1,1
R007129,male,2,rural,secondary,1,5,0,1,0,0,0,0,0,0,1
R007130,female,3,urban,secondary,1,1,0,0,0,0,0,0,0,0,1
R007131,female,1,rural,tertiary,0,0,0,0,0,0,0,0,1,1,1
R007132,female,5,urban,none,0,0,0,0,0,0,1,0,1,1,1
R007133,female,5,urban,secondary,0,0,0,0,0,0,1,0,1,0,1
R007134,male,3,urban,secondary,1,12,1,0,0,0,0,0,0,1,1
R007135,male,2,urban,primary,1,5,0,1,0,0,0,0,0,1,1
R007136,male,3,urban,secondary,1,2,0,0,0,0,0,0,0,0,1
R007137,female,1,urban,none,0,0,0,0,0,1,1,0,0,0,1
R007138,male,5,urban,primary,1,30,1,1,0,0,0,0,0,0,1
R007139,female,2,rural,tertiary,1,12,0,1,0,0,0,0,0,1,0
R007140,female,3,rural,primary,1,1,0,1,0,0,0,0,0,0,1
R007141,male,1,urban,none,0,0,0,0,1,1,0,0,1,0,1
R007142,male,2,urban,secondary,1,5,0,1,0,0,0,0,0,1,0
R007143,female,1,urban,none,0,0,0,0,0,1,1,1,0,0,0
R007144,female,5,urban,none,1,12,0,0,0,0,0,0,0,0,1
R007145,male,1,rural,secondary,1,5,0,1,0,0,0,0,0,0,0
R007146,male,4,rural,tertiary,1,2,1,0,0,0,0,0,0,0,1
R007147,male,5,rural,tertiary,1,2,0,1,0,0,0,0,0,1,1
R007148,female,5,rural,primary,1,2,1,1,0,0,0,0,0,0,1
R007149,male,1,urban,secondary,1,1,0,0,0,0,0,0,0,0,0
R007150,female,3,rural,tertiary,0,0,0,0,1,0,0,0,0,1,0
R007151,male,2,rural,primary,0,0,0,0,1,0,1,1,1,0,1
R007152,female,3,urban,secondary,1,30,0,1,0,0,0,0,0,1,1
R007153,female,1,urban,tertiary,1,5,0,0,0,0,0,0,0,0,0
R007154,female,2,rural,secondary,0,0,0,0,1,0,0,1,0,1,1
R007155,female,3,rural,primary,1,12,1,0,0,0,0,0,0,1,1
R007156,female,2,urban,secondary,1,1,1,0,0,0,0,0,0,0,1
R007157,male,4,urban,primary,0,0,0,0,1,0,0,1,0,1,0
R007158,female,2,rural,secondary,0,0,0,0,0,0,1,0,1,0,1
R007159,female,1,urban,primary,0,0,0,0,1,0,1,0,1,0,0
R007160,male,1,rural,tertiary,0,0,0,0,1,1,1,0,0,0,0
R007161,female,4,urban,primary,0,0,0,0,1,0,1,0,1,1,1
R007162,male,5,rural,tertiary,1,0,0,1,0,0,0,0,0,0,1
R007163,female,1,urban,secondary,1,5,0,0,0,0,0,0,0,1,1
R007164,male,5,urban,primary,1,2,0,1,0,0,0,0,0,1,1
R007165,male,1,rural,secondary,1,2,0,0,0,0,0,0,0,0,1
R007166,female,4,rural,primary,1,12,0,1,0,0,0,0,0,1,1
R007167,male,3,urban,tertiary,1,1,0,0,0,0,0,0,0,1,1
R007168,male,3,urban,primary,1,30,1,0,0,0,0,0,0,0,0
R007169,female,2,rural,secondary,1,30,0,0,0,0,0,0,0,0,0
R007170,male,2,rural,secondary,0,0,0,0,1,0,0,0,0,0,0
R007171,female,3,urban,secondary,1,12,0,1,0,0,0,0,0,1,1
R007172,male,3,urban,secondary,1,5,0,0,0,0,0,0,0,1,1
R007173,female,3,rural,tertiary,1,30,0,0,0,0,0,0,0,0,0
R007174,female,3,rural,secondary,1,1,0,0,0,0,0,0,0,0,1
R007175,male,2,urban,tertiary,1,2,0,0,0,0,0,0,0,0,1
R007176,female,5,urban,secondary,1,2,1,1,0,0,0,0,0,0,1
R007177,male,2,rural,tertiary,1,5,0,0,0,0,0,0,0,0,1
R007178,male,3,urban,tertiary,1,5,0,0,0,0,0,0,0,0,0
R007179,female,4,rural,none,1,12,1,0,0,0,0,0,0,1,0
R007180,male,3,rural,secondary,1,0,1,0,0,0,0,0,0,1,0
R007181,male,5,rural,primary,1,0,0,0,0,0,0,0,0,1,1
R007182,male,2,rural,secondary,0,0,0,0,1,1,0,0,0,1,1
R007183,male,1,rural,secondary,1,12,0,0,0,0,0,0,0,0,0
R007184,female,5,rural,primary,1,2,0,1,0,0,0,0,0,0,1
R007185,male,3,rural,secondary,1,5,1,1,0,0,0,0,0,0,0
R007186,male,5,rural,none,1,12,0,1,0,0,0,0,0,1,1
R007187,female,2,rural,primary,1,5,0,1,0,0,0,0,0,0,0
R007188,female,4,rural,secondary,1,12,1,1,0,0,0,0,0,1,0
R007189,male,2,urban,secondary,1,12,1,0,0,0,0,0,0,0,1
R007190,female,1,urban,tertiary,1,5,0,1,0,0,0,0,0,0,0
R007191,female,1,urban,primary,0,0,0,0,0,1,1,1,1,0,1
R007192,male,5,urban,primary,1,0,1,0,0,0,0,0,0,0,1
R007193,male,1,rural,secondary,1,30,0,0,0,0,0,0,0,0,0
R007194,male,1,urban,secondary,1,2,0,0,0,0,0,0,0,1,0
R007195,female,1,urban,primary,0,0,0,0,1,1,1,0,1,0,1
R007196,male,1,urban,primary,1,5,0,0,0,0,0,0,0,0,1
R007197,female,3,rural,secondary,1,5,0,0,0,0,0,0,0,1,1
R007198,male,3,urban,tertiary,1,1,0,0,0,0,0,0,0,0,1
R007199,male,1,urban,none,0,0,0,0,0,0,1,0,0,0,0
R007200,female,1,rural,primary,0,0,0,0,1,0,0,0,0,0,0
R007201,male,1,urban,secondary,1,12,0,0,0,0,0,0,0,1,1
R007202,female,4,rural,primary,1,12,0,0,0,0,0,0,0,1,1
R007203,female,2,rural,tertiary,1,2,0,0,0,0,0,0,0,0,0
R007204,male,3,urban,secondary,1,1,0,1,0,0,0,0,0,1,1
R007205,male,1,rural,primary,1,1,0,0,0,0,0,0,0,1,0
R007206,male,3,urban,tertiary,1,30,0,0,0,0,0,0,0,1,1
R007207,female,3,urban,secondary,1,1,1,0,0,0,0,0,0,0,0
R007208,male,5,urban,tertiary,1,12,0,1,0,0,0,0,0,1,1
R007209,male,5,urban,secondary,1,5,1,1,0,0,0,0,0,1,1
R007210,male,5,rural,secondary,1,12,0,0,0,0,0,0,0,0,1
R007211,male,1,urban,tertiary,1,1,0,0,0,0,0,0,0,1,0
R007212,female,3,rural,secondary,1,5,0,0,0,0,0,0,0,0,0
R007213,female,3,rural,tertiary,1,12,0,1,0,0,0,0,0,1,1
R007214,female,2,rural,secondary,1,1,0,0,0,0,0,0,0,0,1
R007215,female,1,rural,secondary,0,0,0,0,0,0,1,0,1,1,0
R007216,male,5,urban,primary,1,12,0,1,0,0,0,0,0,1,1
R007217,female,2,urban,primary,1,12,0,0,0,0,0,0,0,0,0
R007218,female,4,rural,primary,0,0,0,0,1,1,0,0,0,0,1
R007219,male,3,urban,primary,1,5,0,1,0,0,0,0,0,1,1
R007220,male,2,urban,none,0,0,0,0,1,0,1,0,1,1,1
R007221,female,5,rural,primary,1,12,1,0,0,0,0,0,0,1,0
R007222,female,4,rural,secondary,1,1,0,1,0,0,0,0,0,1,1
R007223,female,2,rural,secondary,0,0,0,0,0,1,1,0,1,0,1
R007224,male,5,urban,secondary,1,5,0,0,0,0,0,0,0,0,1
R007225,female,4,urban,secondary,1,2,1,1,0,0,0,0,0,0,1
R007226,female,1,urban,primary,0,0,0,0,1,0,1,1,0,0,1
R007227,male,5,urban,tertiary,1,5,1,0,0,0,0,0,0,1,1
R007228,female,3,urban,tertiary,1,30,1,0,0,0,0,0,0,1,1
R007229,female,5,urban,secondary,1,5,0,1,0,0,0,0,0,1,1
R007230,male,2,urban,none,0,0,0,0,1,0,0,0,0,0,1
R007231,male,5,rural,secondary,1,12,0,1,0,0,0,0,0,1,1
R007232,male,2,rural,tertiary,1,5,0,1,0,0,0,0,0,1,0
R007233,male,1,urban,primary,1,5,0,1,0,0,0,0,0,1,0
R007234,male,2,urban,primary,1,2,0,1,0,0,0,0,0,0,0
R007235,female,3,urban,tertiary,1,2,1,0,0,0,0,0,0,1,1
R007236,male,3,urban,none,1,5,1,1,0,0,0,0,0,0,0
R007237,female,2,rural,primary,1,5,0,0,0,0,0,0,0,0,1
R007238,male,3,rural,tertiary,1,1,0,1,0,0,0,0,0,1,1
R007239,male,5,urban,primary,1,12,0,0,0,0,0,0,0,0,1
R007240,female,5,rural,tertiary,1,2,0,1,0,0,0,0,0,1,1
R007241,male,1,urban,primary,1,5,0,0,0,0,0,0,0,0,0
R007242,female,3,urban,secondary,1,2,0,0,0,0,0,0,0,1,1
R007243,male,5,rural,tertiary,1,12,0,1,0,0,0,0,0,1,1
R007244,male,2,urban,secondary,0,0,0,0,0,0,1,1,0,0,1
R007245,male,3,urban,tertiary,1,0,0,0,0,0,0,0,0,1,0
R007246,male,3,rural,tertiary,1,1,0,1,0,0,0,0,0,1,1
R007247,female,2,urban,secondary,1,5,1,0,0,0,0,0,0,1,1
R007248,male,3,urban,secondary,1,5,0,0,0,0,0,0,0,1,1
R007249,female,4,rural,primary,0,0,0,0,1,1,0,1,0,1,0
R007250,female,4,urban,none,1,1,0,1,0,0,0,0,0,1,1
R007251,male,2,rural,tertiary,1,12,0,0,0,0,0,0,0,1,1
R007252,female,3,urban,primary,1,2,0,0,0,0,0,0,0,1,1
R007253,male,1,urban,primary,0,0,0,0,1,0,1,1,0,0,0
R007254,male,1,rural,primary,1,1,0,0,0,0,0,0,0,0,1
R007255,male,1,urban,secondary,1,2,0,0,0,0,0,0,0,1,1
R007256,female,3,urban,primary,1,12,0,1,0,0,0,0,0,1,1
R007257,male,3,rural,none,0,0,0,0,1,0,0,0,1,0,0
R007258,male,2,urban,secondary,1,1,0,0,0,0,0,0,0,1,1
R007259,male,2,urban,secondary,1,30,0,0,0,0,0,0,0,0,1
R007260,male,5,rural,secondary,1,5,1,1,0,0,0,0,0,1,1
R007261,female,5,urban,primary,1,12,1,0,0,0,0,0,0,1,1
R007262,male,3,rural,secondary,1,12,0,1,0,0,0,0,0,1,1
R007263,female,1,rural,secondary,0,0,0,0,1,1,0,1,1,0,1
R007264,female,4,urban,secondary,1,1,0,0,0,0,0,0,0,1,1
R007265,female,3,rural,secondary,1,1,0,1,0,0,0,0,0,1,0
R007266,female,1,urban,primary,1,12,0,0,0,0,0,0,0,0,1
R007267,female,4,urban,none,1,1,1,1,0,0,0,0,0,1,0
R007268,female,1,rural,secondary,0,0,0,0,1,1,0,0,1,1,1
R007269,male,3,rural,secondary,1,1,1,0,0,0,0,0,0,0,0
R007270,male,2,urban,primary,0,0,0,0,1,0,0,0,0,0,1
R007271,male,3,urban,secondary,1,0,0,1,0,0,0,0,0,1,1
R007272,female,4,urban,secondary,1,5,0,0,0,0,0,0,0,0,1
R007273,female,2,urban,primary,1,5,0,0,0,0,0,0,0,1,0
R007274,male,3,urban,secondary,1,30,1,1,0,0,0,0,0,1,1
R007275,male,2,urban,secondary,1,0,0,0,0,0,0,0,0,1,1
R007276,female,2,urban,tertiary,1,2,0,0,0,0,0,0,0,1,0
R007277,female,5,urban,primary,1,12,0,1,0,0,0,0,0,1,1
R007278,female,1,urban,none,1,5,0,0,0,0,0,0,0,0,0
R007279,male,5,urban,tertiary,0,0,0,0,0,1,1,0,0,1,1
R007280,male,4,urban,secondary,1,0,0,1,0,0,0,0,0,1,0
R007281,male,4,urban,tertiary,1,30,0,0,0,0,0,0,0,1,1
R007282,female,5,urban,secondary,1,12,0,1,0,0,0,0,0,1,1
R007283,female,1,rural,primary,0,0,0,0,1,0,0,1,0,0,1
R007284,female,3,rural,secondary,1,5,0,0,0,0,0,0,0,1,1
R007285,male,3,urban,primary,1,5,0,0,0,0,0,0,0,1,1
R007286,female,1,urban,tertiary,1,5,0,0,0,0,0,0,0,0,1
R007287,male,4,urban,primary,0,0,0,0,0,0,1,0,1,0,0
R007288,female,4,urban,primary,0,0,0,0,1,0,0,0,1,1,1
R007289,male,2,urban,secondary,1,12,0,0,0,0,0,0,0,0,0
R007290,male,3,urban,none,0,0,0,0,0,0,0,1,1,0,1
R007291,male,3,urban,secondary,1,1,0,0,0,0,0,0,0,0,1
R007292,male,4,rural,secondary,1,1,0,1,0,0,0,0,0,1,1
R007293,female,3,rural,tertiary,1,5,0,0,0,0,0,0,0,0,0
R007294,male,1,urban,secondary,1,12,0,0,0,0,0,0,0,0,0
R007295,female,1,rural,primary,0,0,0,0,0,1,0,1,0,0,0
R007296,female,3,urban,primary,1,30,0,1,0,0,0,0,0,0,1
R007297,male,2,rural,secondary,0,0,0,0,0,1,0,0,1,1,0
R007298,female,1,rural,secondary,1,2,0,0,0,0,0,0,0,0,1
R007299,female,1,rural,secondary,1,1,0,1,0,0,0,0,0,0,0
R007300,female,5,urban,none,0,0,0,0,1,0,1,0,0,1,1
R007301,male,1,urban,secondary,1,0,0,0,0,0,0,0,0,1,1
R007302,male,5,rural,primary,1,1,0,0,0,0,0,0,0,1,0
R007303,male,2,urban,secondary,1,5,0,0,0,0,0,0,0,1,1
R007304,male,1,urban,secondary,1,2,1,0,0,0,0,0,0,0,1
R007305,male,4,urban,tertiary,1,2,0,0,0,0,0,0,0,1,1
R007306,male,4,rural,secondary,1,2,1,1,0,0,0,0,0,0,1
R007307,female,2,urban,primary,0,0,0,0,0,0,0,0,1,0,1
R007308,female,2,urban,primary,0,0,0,0,0,0,0,0,0,1,1
R007309,male,5,urban,tertiary,1,5,1,1,0,0,0,0,0,1,1
R007310,male,5,urban,primary,1,2,1,0,0,0,0,0,0,1,1
R007311,male,5,rural,secondary,0,0,0,0,0,0,1,0,0,1,0
R007312,male,2,urban,primary,0,0,0,0,0,0,1,0,1,0,0
R007313,female,4,rural,tertiary,1,30,1,1,0,0,0,0,0,0,0
R007314,female,5,rural,secondary,1,2,0,0,0,0,0,0,0,1,1
R007315,male,3,urban,primary,1,2,0,0,0,0,0,0,0,1,1
R007316,male,1,urban,tertiary,1,1,1,1,0,0,0,0,0,0,0
R007317,male,2,urban,secondary,1,30,0,0,0,0,0,0,0,0,1
R007318,female,2,rural,primary,1,1,0,1,0,0,0,0,0,1,0
R007319,male,3,urban,secondary,1,1,1,1,0,0,0,0,0,1,1
R007320,female,3,urban,secondary,1,2,0,0,0,0,0,0,0,1,1
R007321,male,3,rural,secondary,1,5,0,0,0,0,0,0,0,0,0
R007322,male,1,urban,tertiary,1,2,0,0,0,0,0,0,0,0,1
R007323,female,2,urban,tertiary,1,12,0,0,0,0,0,0,0,1,1
R007324,male,4,rural,primary,1,2,0,0,0,0,0,0,0,1,1
R007325,female,3,urban,tertiary,1,2,1,1,0,0,0,0,0,1,1
R007326,female,1,urban,secondary,1,2,0,0,0,0,0,0,0,0,1
R007327,male,4,rural,secondary,1,5,0,0,0,0,0,0,0,1,0
R007328,male,2,urban,secondary,1,30,0,0,0,0,0,0,0,0,0
R007329,female,3,urban,primary,1,5,0,0,0,0,0,0,0,0,1
R007330,male,1,urban,primary,1,5,0,0,0,0,0,0,0,0,0
R007331,male,3,rural,primary,1,5,0,1,0,0,0,0,0,1,0
R007332,female,2,urban,none,0,0,0,0,0,0,0,1,0,1,1
R007333,male,1,urban,secondary,0,0,0,0,1,0,0,0,0,0,1
R007334,male,1,urban,primary,0,0,0,0,0,0,0,0,0,0,0
R007335,male,2,urban,secondary,1,0,0,0,0,0,0,0,0,0,1
R007336,male,1,rural,none,0,0,0,0,1,1,0,0,0,1,1
R007337,female,3,rural,none,0,0,0,0,1,0,1,1,1,0,0
R007338,male,2,rural,primary,1,1,0,0,0,0,0,0,0,0,0
R007339,male,5,rural,secondary,1,12,1,0,0,0,0,0,0,1,1
R007340,male,5,urban,tertiary,1,1,0,1,0,0,0,0,0,0,1
R007341,female,5,rural,secondary,1,2,0,0,0,0,0,0,0,1,0
R007342,female,5,urban,secondary,1,12,0,1,0,0,0,0,0,0,1
R007343,female,2,rural,tertiary,1,0,0,1,0,0,0,0,0,0,1
R007344,male,4,rural,secondary,1,5,0,1,0,0,0,0,0,1,0
R007345,female,5,rural,secondary,1,12,0,0,0,0,0,0,0,0,1
R007346,female,4,rural,secondary,1,0,1,1,0,0,0,0,0,1,0
R007347,male,2,urban,primary,1,5,0,0,0,0,0,0,0,0,1
R007348,female,3,urban,secondary,1,30,0,0,0,0,0,0,0,1,1
R007349,female,5,rural,primary,1,5,0,0,0,0,0,0,0,1,1
R007350,male,1,urban,secondary,1,2,0,0,0,0,0,0,0,1,1
R007351,female,1,urban,primary,1,1,0,0,0,0,0,0,0,1,1
R007352,female,5,urban,primary,1,5,0,0,0,0,0,0,0,1,1
R007353,female,5,rural,none,0,0,0,0,1,0,1,0,0,1,0
R007354,female,1,rural,none,0,0,0,0,1,0,1,0,1,0,0
R007355,female,1,urban,tertiary,0,0,0,0,1,0,1,0,1,0,1
R007356,female,2,urban,tertiary,1,2,0,1,0,0,0,0,0,1,0
R007357,female,1,rural,tertiary,0,0,0,0,0,1,0,0,1,0,0
R007358,female,5,urban,secondary,1,1,1,1,0,0,0,0,0,1,1
R007359,male,2,rural,primary,1,12,0,0,0,0,0,0,0,1,1
R007360,female,3,rural,tertiary,1,1,1,0,0,0,0,0,0,0,0
R007361,male,2,rural,secondary,0,0,0,0,0,0,0,1,1,0,0
R007362,male,4,rural,primary,1,1,1,1,0,0,0,0,0,0,0
R007363,male,5,rural,secondary,1,0,0,0,0,0,0,0,0,0,1
R007364,female,5,urban,primary,1,2,1,1,0,0,0,0,0,1,1
R007365,female,1,rural,primary,0,0,0,0,0,1,0,0,1,0,1
R007366,male,2,urban,secondary,1,1,1,1,0,0,0,0,0,0,1
R007367,female,5,urban,primary,0,0,0,0,1,0,0,0,1,1,1
R007368,female,1,urban,primary,1,30,0,0,0,0,0,0,0,0,1
R007369,female,2,rural,tertiary,1,1,0,0,0,0,0,0,0,0,0
R007370,female,2,urban,tertiary,1,0,0,0,0,0,0,0,0,0,1
R007371,female,1,urban,secondary,0,0,0,0,1,0,1,1,0,0,0
R007372,male,4,rural,primary,1,2,0,1,0,0,0,0,0,1,1
R007373,male,5,rural,tertiary,1,5,1,0,0,0,0,0,0,1,1
R007374,female,3,rural,secondary,1,1,1,1,0,0,0,0,0,0,0
R007375,female,1,rural,tertiary,1,1,0,1,0,0,0,0,0,0,1
R007376,male,2,urban,secondary,1,1,0,1,0,0,0,0,0,1,1
R007377,male,5,rural,primary,1,12,1,0,0,0,0,0,0,1,1
R007378,male,3,rural,primary,1,5,0,1,0,0,0,0,0,1,0
R007379,male,3,urban,secondary,1,5,0,0,0,0,0,0,0,0,1
R007380,female,1,rural,none,0,0,0,0,0,1,0,0,1,0,0
R007381,female,2,rural,primary,1,0,0,0,0,0,0,0,0,0,1
R007382,female,5,urban,secondary,1,30,0,0,0,0,0,0,0,1,1
R007383,female,1,rural,tertiary,0,0,0,0,0,0,0,0,0,1,0
R007384,female,5,urban,tertiary,1,5,0,1,0,0,0,0,0,1,1
R007385,female,2,urban,secondary,1,1,0,0,0,0,0,0,0,0,1
R007386,female,1,rural,primary,0,0,0,0,0,0,0,1,0,0,0
R007387,female,1,rural,secondary,1,30,0,0,0,0,0,0,0,0,1
R007388,female,5,urban,tertiary,1,1,0,0,0,0,0,0,0,1,1
R007389,male,2,urban,secondary,1,12,0,0,0,0,0,0,0,0,1
R007390,female,1,rural,primary,0,0,0,0,1,1,1,0,1,1,0
R007391,male,5,urban,primary,1,0,1,1,0,0,0,0,0,1,1
R007392,female,3,rural,tertiary,1,5,0,0,0,0,0,0,0,0,1
R007393,female,1,urban,tertiary,0,0,0,0,1,0,0,0,0,1,1
R007394,male,5,urban,secondary,1,2,0,1,0,0,0,0,0,1,1
R007395,female,3,rural,secondary,0,0,0,0,0,0,0,0,1,1,1
R007396,male,2,rural,tertiary,1,5,0,0,0,0,0,0,0,1,0
R007397,male,3,rural,primary,1,12,0,1,0,0,0,0,0,0,0
R007398,female,3,rural,primary,1,12,1,1,0,0,0,0,0,1,1
R007399,female,1,rural,secondary,1,1,0,1,0,0,0,0,0,1,1
R007400,female,2,rural,secondary,0,0,0,0,0,0,0,1,1,0,0
R007401,male,2,rural,secondary,1,2,0,0,0,0,0,0,0,0,1
R007402,male,4,rural,secondary,0,0,0,0,1,1,0,0,1,1,1
R007403,female,1,urban,primary,0,0,0,0,1,0,0,0,1,0,1
R007404,male,1,rural,tertiary,1,2,0,0,0,0,0,0,0,0,0
R007405,male,2,rural,secondary,1,12,1,0,0,0,0,0,0,0,1
R007406,female,1,urban,primary,0,0,0,0,1,0,0,0,1,0,0
R007407,male,2,rural,secondary,0,0,0,0,1,1,0,0,1,1,0
R007408,male,1,urban,primary,1,12,1,0,0,0,0,0,0,0,1
R007409,female,4,urban,tertiary,1,1,0,1,0,0,0,0,0,1,1
R007410,male,4,rural,primary,0,0,0,0,1,0,1,1,1,0,1
R007411,male,4,urban,none,1,12,0,1,0,0,0,0,0,1,1
R007412,male,1,rural,none,0,0,0,0,0,1,0,0,1,0,0
R007413,male,2,rural,secondary,1,2,0,0,0,0,0,0,0,1,0
R007414,male,3,urban,secondary,1,5,0,0,0,0,0,0,0,1,0
R007415,female,5,rural,none,1,5,0,1,0,0,0,0,0,1,1
R007416,female,1,urban,primary,0,0,0,0,1,0,0,0,1,0,0
R007417,female,1,urban,secondary,0,0,0,0,1,0,0,0,0,0,0
R007418,female,5,urban,secondary,1,1,1,0,0,0,0,0,0,0,1
R007419,female,3,urban,tertiary,0,0,0,0,0,0,1,0,1,1,1
R007420,female,3,rural,primary,1,1,0,0,0,0,0,0,0,1,1
R007421,male,3,rural,secondary,0,0,0,0,0,0,0,1,1,0,1
R007422,male,2,rural,tertiary,1,2,0,1,0,0,0,0,0,0,0
R007423,male,1,rural,primary,1,5,0,0,0,0,0,0,0,0,0
R007424,male,3,urban,secondary,1,5,0,0,0,0,0,0,0,1,1
R007425,female,3,rural,primary,0,0,0,0,0,1,0,0,0,1,1
R007426,female,3,rural,secondary,0,0,0,0,1,1,1,0,1,1,0
R007427,female,2,urban,none,0,0,0,0,1,0,1,0,0,1,0
R007428,male,1,urban,primary,1,2,0,0,0,0,0,0,0,0,0
R007429,male,3,urban,secondary,1,2,1,1,0,0,0,0,0,0,1
R007430,male,2,rural,primary,0,0,0,0,1,0,0,1,0,0,1
R007431,male,5,rural,tertiary,1,0,1,1,0,0,0,0,0,0,1
R007432,female,3,urban,secondary,1,12,0,0,0,0,0,0,0,0,0
R007433,male,2,urban,primary,0,0,0,0,1,0,0,0,1,0,1
R007434,female,4,urban,secondary,1,1,0,1,0,0,0,0,0,1,0
R007435,male,1,urban,secondary,1,12,0,0,0,0,0,0,0,0,0
R007436,male,2,rural,primary,0,0,0,0,0,1,0,0,0,1,0
R007437,female,4,rural,tertiary,1,5,0,0,0,0,0,0,0,1,1
R007438,male,2,urban,primary,1,12,0,0,0,0,0,0,0,1,1
R007439,male,4,urban,tertiary,1,5,0,0,0,0,0,0,0,1,1
R007440,female,2,urban,primary,1,0,0,0,0,0,0,0,0,1,0
R007441,female,3,urban,primary,1,12,0,1,0,0,0,0,0,0,0
R007442,male,1,urban,secondary,1,5,0,0,0,0,0,0,0,0,1
R007443,male,2,urban,none,0,0,0,0,0,0,0,0,0,0,0
R007444,male,4,urban,secondary,1,5,0,1,0,0,0,0,0,1,1
R007445,male,2,urban,secondary,1,0,0,0,0,0,0,0,0,0,1
R007446,male,5,urban,secondary,1,1,1,0,0,0,0,0,0,0,1
R007447,female,5,rural,secondary,1,5,1,1,0,0,0,0,0,1,1
R007448,female,4,urban,secondary,1,30,1,1,0,0,0,0,0,0,1
R007449,female,3,urban,secondary,1,5,0,0,0,0,0,0,0,1,1
R007450,male,4,rural,primary,1,12,0,0,0,0,0,0,0,0,1
R007451,female,1,urban,secondary,1,2,0,0,0,0,0,0,0,0,0
R007452,female,2,urban,tertiary,1,12,0,0,0,0,0,0,0,1,1
R007453,female,2,urban,secondary,0,0,0,0,1,0,1,0,1,1,0
R007454,female,1,urban,none,1,30,0,0,0,0,0,0,0,0,0
R007455,female,1,rural,secondary,1,5,0,0,0,0,0,0,0,0,1
R007456,female,3,rural,primary,0,0,0,0,1,1,0,0,0,1,0
R007457,male,1,urban,secondary,1,30,0,0,0,0,0,0,0,0,1
R007458,male,1,urban,tertiary,0,0,0,0,0,0,0,1,0,0,1
R007459,male,3,urban,secondary,1,2,0,0,0,0,0,0,0,1,1
R007460,female,2,urban,primary,0,0,0,0,0,0,0,1,1,0,0
R007461,female,3,rural,secondary,1,1,0,0,0,0,0,0,0,1,0
R007462,male,1,urban,secondary,1,30,0,1,0,0,0,0,0,0,1
R007463,female,5,urban,tertiary,1,1,0,1,0,0,0,0,0,1,1
R007464,male,3,rural,secondary,1,5,1,0,0,0,0,0,0,1,1
R007465,female,2,urban,primary,0,0,0,0,0,1,0,0,0,1,1
R007466,male,4,rural,tertiary,1,1,0,0,0,0,0,0,0,1,0
R007467,male,3,urban,tertiary,1,2,0,0,0,0,0,0,0,1,1
R007468,female,2,urban,secondary,0,0,0,0,0,0,1,1,1,0,1
R007469,female,3,rural,tertiary,1,5,1,0,0,0,0,0,0,1,0
R007470,male,4,urban,secondary,1,5,1,1,0,0,0,0,0,1,1
R007471,female,4,rural,secondary,1,12,0,1,0,0,0,0,0,0,1
R007472,female,1,urban,secondary,1,12,1,0,0,0,0,0,0,0,0
R007473,female,4,rural,primary,0,0,0,0,1,0,1,0,0,0,0
R007474,female,2,urban,secondary,1,5,0,0,0,0,0,0,0,1,1
R007475,female,2,urban,primary,0,0,0,0,0,0,0,0,1,0,1
R007476,male,5,urban,primary,1,2,0,0,0,0,0,0,0,1,1
R007477,male,3,urban,secondary,1,5,0,0,0,0,0,0,0,1,1
R007478,male,5,urban,secondary,0,0,0,0,1,0,0,0,0,1,1
R007479,female,5,urban,secondary,1,2,1,0,0,0,0,0,0,0,1
R007480,male,4,rural,secondary,1,2,0,0,0,0,0,0,0,1,1
R007481,male,3,urban,none,0,0,0,0,0,0,1,0,1,1,1
R007482,male,1,rural,tertiary,1,5,0,0,0,0,0,0,0,1,0
R007483,female,4,rural,primary,1,2,1,1,0,0,0,0,0,0,0
R007484,male,5,urban,secondary,1,5,0,1,0,0,0,0,0,0,1
R007485,female,2,rural,primary,0,0,0,0,1,0,0,0,1,1,1
R007486,female,3,urban,primary,1,1,0,0,0,0,0,0,0,1,0
R007487,female,1,rural,secondary,0,0,0,0,1,0,1,1,1,0,0
R007488,female,5,rural,secondary,1,30,1,0,0,0,0,0,0,1,1
R007489,male,3,urban,secondary,1,1,1,1,0,0,0,0,0,1,1
R007490,female,2,rural,primary,1,5,1,1,0,0,0,0,0,0,0
R007491,female,5,urban,secondary,1,12,0,1,0,0,0,0,0,1,1
R007492,female,1,rural,primary,0,0,0,0,1,1,0,0,1,0,0
R007493,male,3,urban,tertiary,1,5,0,0,0,0,0,0,0,1,0
R007494,male,3,urban,tertiary,1,30,0,1,0,0,0,0,0,1,1
R007495,male,4,rural,primary,1,2,1,1,0,0,0,0,0,1,1
R007496,male,1,rural,secondary,1,12,0,0,0,0,0,0,0,0,1
R007497,female,3,rural,tertiary,1,1,1,0,0,0,0,0,0,0,0
R007498,female,2,urban,secondary,0,0,0,0,1,1,0,1,0,1,0
R007499,male,4,rural,secondary,0,0,0,0,1,1,0,0,0,1,0
R007500,female,4,urban,primary,0,0,0,0,0,0,0,0,0,1,1
R007501,female,2,urban,secondary,1,12,0,0,0,0,0,0,0,1,1
R007502,female,3,urban,secondary,1,30,1,1,0,0,0,0,0,1,1
R007503,female,1,rural,secondary,1,12,0,0,0,0,0,0,0,1,0
R007504,female,5,rural,primary,0,0,0,0,0,0,1,0,1,1,1
R007505,male,3,rural,secondary,1,0,0,0,0,0,0,0,0,0,0
R007506,male,1,urban,secondary,1,5,0,0,0,0,0,0,0,1,1
R007507,male,3,rural,tertiary,1,5,0,0,0,0,0,0,0,0,0
R007508,female,1,urban,primary,1,5,0,1,0,0,0,0,0,1,1
R007509,female,4,rural,primary,1,2,0,0,0,0,0,0,0,0,0
R007510,male,1,rural,secondary,1,12,0,0,0,0,0,0,0,0,1
R007511,female,3,urban,primary,1,2,0,1,0,0,0,0,0,1,1
R007512,female,3,rural,secondary,0,0,0,0,0,1,1,1,1,1,1
R007513,male,2,urban,secondary,1,1,0,1,0,0,0,0,0,1,1
R007514,female,3,rural,secondary,1,5,1,1,0,0,0,0,0,0,0
R007515,female,5,rural,secondary,1,30,0,0,0,0,0,0,0,1,0
R007516,female,3,urban,secondary,1,5,0,0,0,0,0,0,0,1,1
R007517,male,3,rural,secondary,1,5,0,0,0,0,0,0,0,1,1
R007518,male,5,rural,secondary,1,5,1,1,0,0,0,0,0,1,0
R007519,female,4,urban,secondary,1,1,0,0,0,0,0,0,0,1,0
R007520,female,3,urban,secondary,1,1,1,0,0,0,0,0,0,1,1
R007521,female,3,urban,secondary,1,0,0,0,0,0,0,0,0,0,1
R007522,male,3,rural,primary,1,1,0,1,0,0,0,0,0,0,0
R007523,female,1,urban,tertiary,1,12,0,0,0,0,0,0,0,1,1
R007524,male,1,urban,tertiary,1,5,0,0,0,0,0,0,0,1,1
R007525,female,4,rural,primary,0,0,0,0,1,0,0,0,0,1,1
R007526,male,2,urban,primary,1,30,0,0,0,0,0,0,0,1,0
R007527,male,4,urban,secondary,1,5,0,1,0,0,0,0,0,0,1
R007528,male,3,urban,tertiary,1,1,1,0,0,0,0,0,0,1,1
R007529,male,4,rural,tertiary,1,12,0,0,0,0,0,0,0,1,0
R007530,male,4,urban,none,0,0,0,0,0,0,0,0,0,1,1
R007531,female,5,urban,primary,1,30,1,1,0,0,0,0,0,0,1
R007532,female,2,urban,primary,1,30,0,0,0,0,0,0,0,1,0
R007533,female,1,rural,primary,1,2,0,0,0,0,0,0,0,0,1
R007534,male,3,urban,primary,1,5,1,0,0,0,0,0,0,1,0
R007535,male,1,urban,secondary,1,1,0,0,0,0,0,0,0,1,0
R007536,male,3,urban,tertiary,1,12,0,0,0,0,0,0,0,1,1
R007537,male,4,urban,secondary,1,5,1,1,0,0,0,0,0,1,1
R007538,female,3,urban,none,0,0,0,0,1,1,0,0,0,1,0
R007539,female,3,rural,none,0,0,0,0,1,0,0,1,1,1,0
R007540,male,2,urban,primary,0,0,0,0,1,1,0,1,0,0,0
R007541,female,5,urban,tertiary,1,0,1,0,0,0,0,0,0,0,1
R007542,female,3,urban,tertiary,1,1,0,1,0,0,0,0,0,0,1
R007543,male,1,urban,primary,1,30,0,0,0,0,0,0,0,0,1
R007544,female,3,urban,tertiary,1,12,1,1,0,0,0,0,0,0,1
R007545,male,1,rural,primary,0,0,0,0,1,0,1,1,0,0,1
R007546,male,3,urban,primary,1,5,0,0,0,0,0,0,0,1,1
R007547,female,1,urban,primary,0,0,0,0,1,1,0,0,0,1,0
R007548,male,1,urban,primary,1,2,0,0,0,0,0,0,0,0,1
R007549,female,2,urban,primary,1,1,0,1,0,0,0,0,0,1,1
R007550,male,4,urban,tertiary,1,1,1,1,0,0,0,0,0,1,1
R007551,male,3,rural,secondary,0,0,0,0,1,1,1,0,1,1,1
R007552,male,4,rural,primary,1,5,1,1,0,0,0,0,0,1,1
R007553,male,3,rural,primary,0,0,0,0,1,0,1,0,0,0,1
R007554,female,4,urban,secondary,0,0,0,0,0,0,1,0,0,1,1
R007555,female,4,urban,tertiary,1,0,1,1,0,0,0,0,0,1,1
R007556,male,1,urban,primary,1,2,0,0,0,0,0,0,0,0,0
R007557,male,2,urban,primary,0,0,0,0,0,0,0,1,0,1,1
R007558,female,1,rural,tertiary,1,5,0,0,0,0,0,0,0,0,0
R007559,male,1,urban,secondary,0,0,0,0,1,0,1,0,0,0,1
R007560,male,1,urban,secondary,1,12,0,0,0,0,0,0,0,1,1
R007561,male,3,urban,tertiary,1,0,0,1,0,0,0,0,0,1,0
R007562,male,1,rural,secondary,1,12,0,0,0,0,0,0,0,0,1
R007563,male,5,urban,secondary,1,1,0,1,0,0,0,0,0,1,1
R007564,male,2,urban,secondary,1,5,0,1,0,0,0,0,0,0,0
R007565,female,3,urban,primary,0,0,0,0,0,0,1,0,1,1,0
R007566,female,1,rural,secondary,1,0,1,1,0,0,0,0,0,0,0
R007567,female,5,urban,primary,1,5,1,1,0,0,0,0,0,1,1
R007568,male,3,rural,secondary,1,5,0,0,0,0,0,0,0,1,1
R007569,male,1,urban,secondary,1,0,0,0,0,0,0,0,0,0,1
R007570,female,2,urban,secondary,1,1,0,0,0,0,0,0,0,1,1
R007571,male,1,rural,none,0,0,0,0,1,0,0,1,0,0,0
R007572,male,4,urban,tertiary,1,1,0,0,0,0,0,0,0,1,1
R007573,male,4,urban,primary,0,0,0,0,0,0,0,0,0,0,1
R007574,female,2,rural,secondary,1,1,0,1,0,0,0,0,0,1,0
R007575,female,1,rural,primary,0,0,0,0,1,1,0,0,1,0,1
R007576,male,1,urban,primary,1,5,0,0,0,0,0,0,0,0,1
R007577,female,3,urban,primary,1,30,0,0,0,0,0,0,0,1,0
R007578,male,5,urban,tertiary,1,5,0,1,0,0,0,0,0,1,1
R007579,male,3,rural,secondary,1,2,0,0,0,0,0,0,0,1,1
R007580,male,2,rural,secondary,1,1,0,0,0,0,0,0,0,0,1
R007581,male,3,urban,secondary,0,0,0,0,1,1,1,0,1,0,1
R007582,male,3,rural,primary,1,5,1,1,0,0,0,0,0,0,0
R007583,male,1,urban,secondary,1,1,0,0,0,0,0,0,0,0,1
R007584,male,1,urban,secondary,1,1,0,1,0,0,0,0,0,0,0
R007585,male,1,urban,tertiary,1,0,0,0,0,0,0,0,0,1,0
R007586,male,2,rural,primary,1,2,1,1,0,0,0,0,0,0,0
R007587,female,5,rural,secondary,1,12,0,0,0,0,0,0,0,1,0
R007588,female,5,urban,secondary,1,5,0,0,0,0,0,0,0,1,0
R007589,male,1,rural,secondary,1,5,0,0,0,0,0,0,0,0,0
R007590,female,2,rural,tertiary,1,1,0,0,0,0,0,0,0,1,0
R007591,male,3,urban,secondary,1,2,1,0,0,0,0,0,0,0,1
R007592,male,2,rural,tertiary,1,12,0,1,0,0,0,0,0,0,0
R007593,male,2,rural,primary,1,30,0,1,0,0,0,0,0,0,0
R007594,female,5,urban,secondary,1,2,1,0,0,0,0,0,0,1,1
R007595,male,2,rural,primary,0,0,0,0,1,0,1,0,1,1,0
R007596,female,1,urban,secondary,0,0,0,0,0,0,1,0,1,0,0
R007597,female,3,urban,primary,1,5,0,0,0,0,0,0,0,0,1
R007598,male,4,rural,primary,1,12,1,1,0,0,0,0,0,1,0
R007599,female,1,urban,secondary,1,2,0,0,0,0,0,0,0,0,1
R007600,female,5,rural,secondary,1,5,0,1,0,0,0,0,0,1,1
R007601,male,5,rural,none,1,5,0,0,0,0,0,0,0,0,1
R007602,female,2,urban,primary,0,0,0,0,0,0,1,0,1,0,0
R007603,male,1,rural,primary,0,0,0,0,1,0,0,1,1,1,0
R007604,female,5,rural,primary,1,2,0,1,0,0,0,0,0,1,0
R007605,female,1,rural,secondary,0,0,0,0,1,0,0,1,0,0,0
R007606,male,1,urban,secondary,1,1,1,1,0,0,0,0,0,0,1
R007607,female,4,rural,secondary,0,0,0,0,1,0,0,1,1,0,1
R007608,male,1,rural,secondary,1,2,0,0,0,0,0,0,0,0,1
R007609,male,2,rural,primary,1,2,0,0,0,0,0,0,0,1,0
R007610,male,1,rural,primary,0,0,0,0,1,1,0,0,0,0,1
R007611,female,2,rural,primary,0,0,0,0,1,1,0,0,1,1,0
R007612,female,3,urban,secondary,1,30,0,0,0,0,0,0,0,1,1
R007613,female,1,urban,secondary,1,5,1,0,0,0,0,0,0,0,1
R007614,female,1,rural,none,0,0,0,0,1,1,0,0,1,0,0
R007615,female,4,rural,primary,1,12,1,1,0,0,0,0,0,1,0
R007616,female,1,urban,primary,0,0,0,0,1,0,1,0,1,1,0
R007617,male,2,urban,tertiary,1,5,0,0,0,0,0,0,0,0,0
R007618,male,1,urban,primary,1,2,0,0,0,0,0,0,0,0,1
R007619,male,2,urban,primary,1,5,1,0,0,0,0,0,0,0,0
R007620,female,2,rural,none,0,0,0,0,0,0,0,1,1,0,0
R007621,female,5,rural,tertiary,1,0,0,0,0,0,0,0,0,0,1
R007622,male,2,rural,secondary,1,0,0,1,0,0,0,0,0,0,0
R007623,male,3,rural,primary,0,0,0,0,0,0,0,1,0,0,0
R007624,female,4,urban,tertiary,1,30,0,0,0,0,0,0,0,0,0
R007625,female,5,urban,secondary,1,12,0,0,0,0,0,0,0,1,1
R007626,female,3,urban,secondary,1,12,1,0,0,0,0,0,0,1,0
R007627,female,3,urban,secondary,1,5,0,0,0,0,0,0,0,1,1
R007628,female,1,urban,tertiary,1,0,0,0,0,0,0,0,0,1,0
R007629,female,1,urban,secondary,1,1,0,0,0,0,0,0,0,1,1
R007630,female,5,urban,primary,1,30,1,0,0,0,0,0,0,1,1
R007631,male,3,urban,primary,1,5,0,1,0,0,0,0,0,1,1
R007632,male,2,urban,secondary,1,0,0,0,0,0,0,0,0,1,1
R007633,female,5,urban,secondary,1,1,1,0,0,0,0,0,0,0,1
R007634,male,5,urban,tertiary,1,1,0,1,0,0,0,0,0,0,0
R007635,male,1,urban,none,1,5,0,0,0,0,0,0,0,0,0
R007636,male,4,urban,secondary,1,1,0,0,0,0,0,0,0,0,1
R007637,female,1,urban,tertiary,1,12,0,1,0,0,0,0,0,0,1
R007638,male,5,rural,none,0,0,0,0,0,0,0,0,1,1,0
R007639,male,1,urban,primary,1,12,0,0,0,0,0,0,0,1,0
R007640,female,1,urban,primary,0,0,0,0,0,0,0,1,1,0,1
R007641,female,3,rural,primary,0,0,0,0,1,1,0,0,1,0,0
R007642,male,5,rural,secondary,1,5,0,1,0,0,0,0,0,1,1
R007643,male,2,urban,secondary,1,12,0,0,0,0,0,0,0,1,1
R007644,male,2,urban,tertiary,1,12,0,0,0,0,0,0,0,1,1
R007645,female,2,rural,tertiary,1,1,0,1,0,0,0,0,0,1,0
R007646,female,4,rural,primary,1,2,0,0,0,0,0,0,0,0,0
R007647,female,3,urban,secondary,1,30,1,1,0,0,0,0,0,1,1
R007648,female,2,urban,secondary,1,1,0,0,0,0,0,0,0,1,1
R007649,male,3,urban,primary,1,0,0,0,0,0,0,0,0,1,1
R007650,male,2,urban,secondary,1,12,0,0,0,0,0,0,0,0,0
R007651,female,3,urban,none,1,12,0,1,0,0,0,0,0,0,0
R007652,female,2,urban,secondary,1,5,1,1,0,0,0,0,0,0,1
R007653,male,1,rural,secondary,0,0,0,0,1,0,0,1,0,0,0
R007654,female,2,urban,secondary,1,12,0,1,0,0,0,0,0,1,1
R007655,female,4,rural,primary,0,0,0,0,1,0,1,0,1,1,1
R007656,male,3,urban,secondary,1,2,0,0,0,0,0,0,0,1,1
R007657,female,3,rural,secondary,0,0,0,0,0,0,1,1,1,1,1
R007658,female,5,rural,secondary,0,0,0,0,1,0,0,0,1,0,0
R007659,female,4,rural,secondary,1,5,0,0,0,0,0,0,0,1,0
R007660,male,2,urban,secondary,1,1,0,0,0,0,0,0,0,0,0
R007661,male,3,urban,secondary,1,30,0,0,0,0,0,0,0,1,1
R007662,male,3,rural,secondary,1,0,0,0,0,0,0,0,0,1,1
R007663,female,4,urban,none,0,0,0,0,1,1,1,0,1,0,1
R007664,female,1,urban,primary,1,12,0,0,0,0,0,0,0,0,1
R007665,male,2,urban,tertiary,1,2,0,0,0,0,0,0,0,0,0
R007666,female,4,rural,secondary,1,1,0,0,0,0,0,0,0,1,0
R007667,male,1,urban,primary,1,2,0,0,0,0,0,0,0,0,0
R007668,male,4,urban,primary,1,12,1,0,0,0,0,0,0,0,1
R007669,male,5,urban,primary,1,12,0,1,0,0,0,0,0,1,1
R007670,male,2,urban,secondary,1,0,0,0,0,0,0,0,0,0,0
R007671,male,5,urban,none,1,5,1,0,0,0,0,0,0,1,1
R007672,female,2,urban,primary,1,5,0,0,0,0,0,0,0,1,1
R007673,male,1,urban,primary,0,0,0,0,1,0,0,0,1,1,0
R007674,male,2,urban,secondary,1,2,0,0,0,0,0,0,0,1,1
R007675,male,5,urban,secondary,1,30,1,1,0,0,0,0,0,1,1
R007676,female,2,rural,secondary,0,0,0,0,1,0,1,1,0,1,1
R007677,male,5,rural,primary,1,12,0,1,0,0,0,0,0,1,0
R007678,male,2,urban,tertiary,1,0,0,0,0,0,0,0,0,0,0
R007679,male,2,rural,tertiary,1,5,0,1,0,0,0,0,0,0,0
R007680,female,5,urban,tertiary,1,1,0,0,0,0,0,0,0,1,0
R007681,male,2,urban,none,0,0,0,0,0,0,0,0,0,0,0
R007682,male,1,urban,secondary,0,0,0,0,1,0,1,0,1,0,1
R007683,male,3,urban,secondary,1,2,0,1,0,0,0,0,0,0,1
R007684,male,3,urban,secondary,1,2,0,1,0,0,0,0,0,0,1
R007685,female,1,rural,tertiary,0,0,0,0,0,1,0,0,0,0,0
R007686,female,2,urban,secondary,1,5,1,1,0,0,0,0,0,1,1
R007687,male,1,rural,secondary,0,0,0,0,1,1,0,0,0,0,0
R007688,male,3,urban,secondary,1,30,0,1,0,0,0,0,0,0,0
R007689,female,1,rural,secondary,0,0,0,0,1,0,0,0,1,1,0
R007690,male,1,urban,secondary,1,5,0,0,0,0,0,0,0,1,1
R007691,male,1,urban,tertiary,1,5,0,0,0,0,0,0,0,0,0
R007692,female,1,rural,secondary,0,0,0,0,0,1,0,0,1,0,1
R007693,male,2,rural,none,0,0,0,0,0,1,0,0,1,1,0
R007694,female,3,urban,primary,1,2,0,1,0,0,0,0,0,1,1
R007695,male,3,urban,primary,0,0,0,0,0,0,1,0,1,1,1
R007696,female,1,urban,primary,0,0,0,0,1,0,0,0,0,0,1
R007697,female,2,urban,tertiary,1,30,0,0,0,0,0,0,0,0,1
R007698,female,2,urban,secondary,0,0,0,0,0,0,1,1,1,0,0
R007699,female,3,urban,none,0,0,0,0,1,0,0,0,1,0,1
R007700,male,2,rural,secondary,1,12,1,0,0,0,0,0,0,0,1
R007701,male,2,rural,tertiary,0,0,0,0,1,1,1,0,1,0,1
R007702,male,4,rural,primary,1,5,0,0,0,0,0,0,0,1,1
R007703,female,4,rural,secondary,0,0,0,0,1,0,0,0,0,0,0
R007704,female,2,urban,secondary,1,5,0,0,0,0,0,0,0,0,1
R007705,male,4,urban,tertiary,1,5,0,1,0,0,0,0,0,0,1
R007706,female,2,urban,tertiary,1,30,0,0,0,0,0,0,0,1,0
R007707,male,2,rural,tertiary,1,12,0,1,0,0,0,0,0,0,1
R007708,male,3,rural,none,0,0,0,0,1,0,0,0,1,0,0
R007709,female,2,urban,primary,1,5,0,0,0,0,0,0,0,1,0
R007710,female,4,urban,tertiary,1,5,0,0,0,0,0,0,0,1,0
R007711,male,4,rural,none,1,5,0,1,0,0,0,0,0,0,1
R007712,female,2,rural,secondary,1,12,0,0,0,0,0,0,0,0,0
R007713,male,2,rural,secondary,1,0,0,0,0,0,0,0,0,0,0
R007714,female,5,urban,secondary,1,12,1,1,0,0,0,0,0,0,1
R007715,male,4,urban,primary,0,0,0,0,1,0,0,0,0,1,1
R007716,female,2,urban,none,0,0,0,0,0,0,1,1,0,1,0
R007717,female,4,rural,none,1,5,0,1,0,0,0,0,0,0,1
R007718,female,5,rural,tertiary,1,1,0,0,0,0,0,0,0,1,0
R007719,male,2,urban,secondary,1,12,0,0,0,0,0,0,0,1,1
R007720,male,5,rural,tertiary,1,30,1,0,0,0,0,0,0,0,1
R007721,female,5,rural,primary,1,2,0,0,0,0,0,0,0,1,1
R007722,male,1,rural,secondary,0,0,0,0,1,0,1,1,0,0,0
R007723,male,1,urban,secondary,1,1,0,0,0,0,0,0,0,1,0
R007724,female,4,rural,secondary,0,0,0,0,0,0,1,0,1,1,0
R007725,female,1,urban,secondary,0,0,0,0,1,0,0,0,1,0,1
R007726,male,3,rural,none,1,1,0,1,0,0,0,0,0,1,1
R007727,male,1,rural,secondary,1,12,0,0,0,0,0,0,0,0,1
R007728,male,4,urban,secondary,1,2,0,1,0,0,0,0,0,1,1
R007729,female,4,rural,secondary,1,12,0,0,0,0,0,0,0,1,0
R007730,female,2,urban,tertiary,0,0,0,0,0,0,1,0,1,1,1
R007731,male,2,urban,secondary,1,1,0,0,0,0,0,0,0,1,1
R007732,male,4,rural,tertiary,1,12,1,1,0,0,0,0,0,0,1
R007733,male,4,rural,secondary,1,1,0,0,0,0,0,0,0,1,0
R007734,female,4,urban,primary,0,0,0,0,1,1,1,0,1,0,1
R007735,female,1,urban,primary,1,12,0,0,0,0,0,0,0,0,0
R007736,male,4,rural,secondary,1,12,1,1,0,0,0,0,0,0,0
R007737,female,2,urban,tertiary,1,5,0,1,0,0,0,0,0,1,1
R007738,female,2,urban,secondary,1,5,0,0,0,0,0,0,0,1,1
R007739,female,2,rural,primary,0,0,0,0,0,0,1,0,1,1,0
R007740,male,3,urban,primary,1,30,0,0,0,0,0,0,0,0,1
R007741,female,3,rural,secondary,1,2,0,0,0,0,0,0,0,1,0
R007742,male,3,urban,secondary,0,0,0,0,1,1,0,1,0,0,1
R007743,female,2,rural,primary,0,0,0,0,1,1,0,1,1,1,0
R007744,male,4,rural,secondary,1,5,0,0,0,0,0,0,0,1,1
R007745,male,2,urban,secondary,1,1,0,1,0,0,0,0,0,0,1
R007746,female,2,rural,tertiary,1,30,0,0,0,0,0,0,0,1,0
R007747,male,5,urban,primary,1,2,1,1,0,0,0,0,0,0,0
R007748,female,4,rural,none,1,30,0,0,0,0,0,0,0,1,0
R007749,female,5,rural,tertiary,1,0,0,1,0,0,0,0,0,1,0
R007750,male,2,urban,secondary,1,2,0,0,0,0,0,0,0,1,1
R007751,female,3,rural,primary,1,1,0,0,0,0,0,0,0,0,0
R007752,female,5,urban,tertiary,1,1,1,0,0,0,0,0,0,1,1
R007753,male,4,rural,secondary,0,0,0,0,1,1,0,0,0,1,1
R007754,female,4,urban,none,0,0,0,0,1,0,1,0,1,0,1
R007755,female,2,urban,secondary,1,2,0,0,0,0,0,0,0,1,1
R007756,female,3,urban,secondary,1,5,0,0,0,0,0,0,0,0,1
R007757,male,1,urban,tertiary,1,1,0,0,0,0,0,0,0,0,1
R007758,male,2,rural,secondary,1,2,0,0,0,0,0,0,0,1,0
R007759,male,3,rural,tertiary,1,2,0,0,0,0,0,0,0,1,1
R007760,male,2,urban,secondary,1,1,0,0,0,0,0,0,0,1,1
R007761,female,3,urban,none,1,0,0,1,0,0,0,0,0,1,1
R007762,male,2,urban,tertiary,1,0,0,1,0,0,0,0,0,0,1
R007763,male,4,rural,secondary,1,5,1,1,0,0,0,0,0,0,0
R007764,male,2,rural,tertiary,1,12,0,0,0,0,0,0,0,1,1
R007765,female,1,rural,secondary,1,12,1,0,0,0,0,0,0,0,0
R007766,female,1,urban,secondary,0,0,0,0,1,0,0,0,1,0,0
R007767,female,2,rural,none,1,12,1,0,0,0,0,0,0,0,1
R007768,male,1,rural,secondary,0,0,0,0,0,0,0,0,0,0,0
R007769,female,1,urban,tertiary,1,2,1,0,0,0,0,0,0,0,1
R007770,female,2,rural,secondary,0,0,0,0,0,0,0,0,1,0,0
R007771,male,1,rural,tertiary,1,5,0,0,0,0,0,0,0,1,1
R007772,female,3,rural,secondary,0,0,0,0,0,1,0,0,1,1,0
R007773,male,3,urban,primary,1,1,0,1,0,0,0,0,0,0,0
R007774,female,4,rural,none,1,30,0,0,0,0,0,0,0,1,1
R007775,female,4,urban,tertiary,1,1,0,0,0,0,0,0,0,1,1
R007776,male,1,rural,primary,0,0,0,0,0,0,0,0,1,0,0
R007777,female,1,rural,primary,1,12,0,0,0,0,0,0,0,0,0
R007778,female,3,urban,primary,0,0,0,0,1,0,0,1,1,1,1
R007779,female,2,urban,primary,0,0,0,0,0,0,1,0,1,0,0
R007780,female,3,urban,tertiary,1,12,1,1,0,0,0,0,0,1,1
R007781,male,2,urban,secondary,1,1,0,0,0,0,0,0,0,1,1
R007782,female,1,urban,tertiary,1,1,0,0,0,0,0,0,0,1,0
R007783,male,3,urban,secondary,1,2,0,1,0,0,0,0,0,1,0
R007784,male,3,rural,secondary,1,1,0,1,0,0,0,0,0,0,0
R007785,female,4,urban,none,1,12,1,1,0,0,0,0,0,0,1
R007786,male,1,rural,primary,0,0,0,0,1,1,1,0,0,1,0
R007787,male,2,urban,none,1,5,0,0,0,0,0,0,0,0,1
R007788,male,5,rural,tertiary,1,5,0,0,0,0,0,0,0,1,0
R007789,female,1,rural,primary,0,0,0,0,1,0,0,0,0,0,1
R007790,female,4,rural,secondary,1,5,0,1,0,0,0,0,0,1,1
R007791,male,5,urban,tertiary,1,1,0,0,0,0,0,0,0,1,1
R007792,male,1,urban,secondary,0,0,0,0,0,0,0,1,0,1,1
R007793,female,4,urban,primary,1,1,0,0,0,0,0,0,0,1,1
R007794,male,2,urban,secondary,1,5,0,0,0,0,0,0,0,1,0
R007795,male,1,urban,primary,1,2,0,0,0,0,0,0,0,1,0
R007796,female,2,rural,secondary,0,0,0,0,1,1,0,0,1,0,0
R007797,female,4,urban,secondary,1,12,0,0,0,0,0,0,0,1,1
R007798,female,1,urban,secondary,0,0,0,0,0,0,1,0,0,1,0
R007799,female,1,urban,none,0,0,0,0,1,1,0,0,0,0,0
R007800,female,4,rural,primary,1,5,1,0,0,0,0,0,0,1,0
R007801,male,3,rural,primary,0,0,0,0,1,1,1,0,1,1,0
R007802,male,3,urban,primary,0,0,0,0,1,1,1,0,0,0,1
R007803,male,3,rural,none,0,0,0,0,1,0,1,0,0,1,0
R007804,female,1,rural,primary,0,0,0,0,0,1,0,0,0,0,1
R007805,male,3,urban,secondary,1,5,0,0,0,0,0,0,0,1,0
R007806,male,4,urban,tertiary,1,30,0,0,0,0,0,0,0,0,1
R007807,female,1,urban,tertiary,1,2,0,0,0,0,0,0,0,0,0
R007808,male,2,urban,primary,1,2,0,0,0,0,0,0,0,1,0
R007809,female,5,rural,primary,1,5,0,1,0,0,0,0,0,1,0
R007810,male,4,urban,primary,1,2,1,1,0,0,0,0,0,0,0
R007811,female,3,urban,secondary,1,1,0,1,0,0,0,0,0,1,1
R007812,male,1,urban,secondary,1,5,0,1,0,0,0,0,0,1,0
R007813,male,4,rural,secondary,1,2,1,0,0,0,0,0,0,1,0
R007814,male,5,rural,secondary,0,0,0,0,0,1,1,0,0,1,1
R007815,female,5,urban,secondary,1,2,1,0,0,0,0,0,0,1,1
R007816,female,2,urban,primary,1,12,1,0,0,0,0,0,0,0,1
R007817,male,4,urban,tertiary,1,1,0,1,0,0,0,0,0,0,1
R007818,female,3,rural,primary,1,2,1,0,0,0,0,0,0,0,0
R007819,male,1,rural,primary,1,2,0,0,0,0,0,0,0,1,0
R007820,male,3,urban,tertiary,1,5,0,0,0,0,0,0,0,0,1
R007821,female,2,urban,secondary,1,5,0,1,0,0,0,0,0,0,1
R007822,male,3,urban,secondary,1,5,0,0,0,0,0,0,0,0,1
R007823,male,1,urban,tertiary,1,1,0,0,0,0,0,0,0,0,1
R007824,male,1,urban,primary,0,0,0,0,1,0,0,0,0,0,1
R007825,male,2,urban,secondary,0,0,0,0,1,0,1,1,1,0,0
R007826,female,2,urban,secondary,0,0,0,0,0,0,0,0,1,1,0
R007827,male,3,rural,tertiary,1,5,1,0,0,0,0,0,0,0,1
R007828,male,1,urban,secondary,1,12,0,1,0,0,0,0,0,0,1
R007829,female,1,rural,primary,0,0,0,0,0,0,0,0,0,0,0
R007830,male,4,urban,secondary,1,1,0,1,0,0,0,0,0,1,1
R007831,male,1,urban,secondary,1,12,0,0,0,0,0,0,0,1,0
R007832,male,5,rural,secondary,1,0,0,0,0,0,0,0,0,1,0
R007833,male,3,urban,tertiary,1,2,0,1,0,0,0,0,0,1,1
R007834,female,1,rural,secondary,0,0,0,0,0,1,0,1,0,0,0
R007835,male,2,urban,secondary,1,5,0,0,0,0,0,0,0,0,1
R007836,female,1,urban,primary,0,0,0,0,0,0,0,1,1,0,0
R007837,female,3,urban,secondary,1,5,0,0,0,0,0,0,0,1,1
R007838,male,2,urban,secondary,1,5,0,0,0,0,0,0,0,1,1
R007839,female,3,rural,none,0,0,0,0,1,1,0,0,1,1,0
R007840,male,3,rural,secondary,0,0,0,0,1,1,1,0,0,0,0
R007841,female,1,rural,secondary,0,0,0,0,1,0,1,0,0,0,0
R007842,female,3,urban,secondary,1,12,0,0,0,0,0,0,0,0,1
R007843,male,3,rural,primary,1,12,0,0,0,0,0,0,0,0,1
R007844,female,3,urban,primary,1,0,1,0,0,0,0,0,0,1,1
R007845,female,1,urban,primary,1,5,0,1,0,0,0,0,0,0,0
R007846,female,2,rural,primary,0,0,0,0,0,0,0,0,0,1,0
R007847,female,2,rural,secondary,0,0,0,0,1,1,1,0,0,1,0
R007848,male,4,urban,tertiary,1,1,0,0,0,0,0,0,0,1,1
R007849,female,2,urban,primary,0,0,0,0,1,0,1,0,1,0,1
R007850,male,2,rural,secondary,1,1,0,0,0,0,0,0,0,1,0
R007851,female,5,urban,tertiary,1,0,0,1,0,0,0,0,0,1,1
R007852,male,4,urban,primary,1,5,0,0,0,0,0,0,0,0,1
R007853,female,4,urban,primary,1,12,1,1,0,0,0,0,0,0,1
R007854,male,1,rural,primary,0,0,0,0,1,1,0,0,1,0,0
R007855,female,1,rural,primary,0,0,0,0,0,1,1,0,0,1,0
R007856,male,1,rural,tertiary,1,2,0,0,0,0,0,0,0,1,0
R007857,male,1,urban,secondary,1,12,0,0,0,0,0,0,0,1,0
R007858,male,2,urban,tertiary,1,12,0,0,0,0,0,0,0,0,0
R007859,female,1,rural,secondary,1,0,0,0,0,0,0,0,0,0,0
R007860,male,3,rural,secondary,1,2,0,0,0,0,0,0,0,1,0
R007861,female,1,rural,secondary,1,1,0,0,0,0,0,0,0,0,1
R007862,male,1,urban,tertiary,0,0,0,0,0,0,1,0,1,0,1
R007863,female,2,rural,secondary,1,2,0,0,0,0,0,0,0,0,0
R007864,female,1,urban,secondary,1,5,0,0,0,0,0,0,0,1,1
R007865,female,5,urban,secondary,1,5,1,0,0,0,0,0,0,1,1
R007866,male,1,urban,secondary,1,5,0,0,0,0,0,0,0,1,1
R007867,male,2,urban,primary,1,12,0,0,0,0,0,0,0,1,1
R007868,male,1,urban,secondary,1,1,0,0,0,0,0,0,0,0,0
R007869,male,1,rural,tertiary,1,1,0,0,0,0,0,0,0,0,0
R007870,male,1,urban,secondary,1,5,0,0,0,0,0,0,0,1,1
R007871,female,4,rural,secondary,1,5,0,0,0,0,0,0,0,1,1
R007872,male,2,urban,secondary,0,0,0,0,1,1,0,0,1,1,0
R007873,female,3,urban,primary,0,0,0,0,0,0,1,0,1,0,0
R007874,male,3,urban,primary,0,0,0,0,0,0,0,0,1,1,0
R007875,male,3,rural,none,0,0,0,0,1,1,1,0,1,1,1
R007876,male,3,rural,none,1,0,0,0,0,0,0,0,0,1,1
R007877,male,3,urban,none,0,0,0,0,1,0,1,0,0,1,0
R007878,male,1,urban,secondary,1,1,0,0,0,0,0,0,0,0,1
R007879,female,4,rural,secondary,1,5,0,1,0,0,0,0,0,1,0
R007880,male,4,rural,tertiary,1,5,0,1,0,0,0,0,0,0,1
R007881,female,4,urban,tertiary,1,1,0,1,0,0,0,0,0,1,1
R007882,female,1,urban,secondary,0,0,0,0,1,0,0,0,1,0,0
R007883,female,1,urban,tertiary,1,12,0,1,0,0,0,0,0,0,1
R007884,male,4,rural,secondary,1,0,1,0,0,0,0,0,0,0,1
R007885,male,2,rural,secondary,0,0,0,0,1,1,0,0,0,0,0
R007886,male,3,urban,tertiary,1,1,1,0,0,0,0,0,0,1,0
R007887,female,3,urban,tertiary,1,5,0,0,0,0,0,0,0,0,0
R007888,female,2,rural,secondary,1,12,0,0,0,0,0,0,0,1,0
R007889,male,3,rural,tertiary,1,12,1,0,0,0,0,0,0,1,0
R007890,male,2,rural,tertiary,1,30,1,0,0,0,0,0,0,1,1
R007891,female,4,rural,secondary,0,0,0,0,1,0,0,0,1,1,0
R007892,female,3,urban,primary,1,2,1,0,0,0,0,0,0,0,1
R007893,female,2,rural,primary,0,0,0,0,0,1,0,0,1,0,0
R007894,female,3,rural,primary,0,0,0,0,1,0,1,0,1,0,0
R007895,female,1,urban,primary,0,0,0,0,1,0,1,0,1,0,0
R007896,male,1,urban,tertiary,1,30,1,0,0,0,0,0,0,0,1
R007897,male,3,urban,primary,1,30,0,0,0,0,0,0,0,1,1
R007898,female,2,urban,secondary,0,0,0,0,1,0,0,0,0,1,1
R007899,female,4,rural,tertiary,1,12,1,0,0,0,0,0,0,1,1
R007900,female,5,urban,secondary,1,0,1,0,0,0,0,0,0,0,1
R007901,male,2,urban,secondary,1,2,0,0,0,0,0,0,0,0,1
R007902,female,1,urban,secondary,1,30,0,0,0,0,0,0,0,1,0
R007903,female,1,rural,secondary,1,1,1,0,0,0,0,0,0,1,0
R007904,male,3,urban,secondary,1,1,0,1,0,0,0,0,0,1,1
R007905,female,2,rural,primary,0,0,0,0,1,1,0,1,0,1,1
R007906,female,3,rural,none,0,0,0,0,1,0,0,0,1,1,1
R007907,female,3,urban,secondary,1,12,1,0,0,0,0,0,0,0,1
R007908,female,2,urban,none,1,2,0,1,0,0,0,0,0,0,0
R007909,female,2,rural,secondary,1,5,1,1,0,0,0,0,0,0,1
R007910,male,2,rural,secondary,1,2,1,0,0,0,0,0,0,1,1
R007911,male,2,urban,primary,0,0,0,0,1,1,1,0,1,0,1
R007912,female,4,urban,tertiary,1,2,1,1,0,0,0,0,0,1,0
R007913,female,5,rural,tertiary,1,2,0,0,0,0,0,0,0,1,1
R007914,female,2,urban,primary,1,1,0,0,0,0,0,0,0,0,1
R007915,male,4,urban,tertiary,1,5,1,0,0,0,0,0,0,0,1
R007916,female,2,urban,primary,1,1,0,0,0,0,0,0,0,0,1
R007917,female,5,urban,secondary,1,2,0,1,0,0,0,0,0,1,1
R007918,female,3,urban,tertiary,1,5,0,0,0,0,0,0,0,0,1
R007919,male,1,urban,secondary,1,1,0,0,0,0,0,0,0,1,1
R007920,female,2,urban,secondary,1,12,1,1,0,0,0,0,0,0,0
R007921,male,4,urban,secondary,1,5,0,0,0,0,0,0,0,0,1
R007922,female,1,rural,secondary,0,0,0,0,0,0,0,1,1,0,0
R007923,male,4,urban,tertiary,1,5,0,0,0,0,0,0,0,1,1
R007924,female,1,urban,tertiary,1,2,0,1,0,0,0,0,0,0,0
R007925,male,1,rural,secondary,1,1,0,0,0,0,0,0,0,1,0
R007926,female,3,urban,secondary,0,0,0,0,1,0,1,1,1,1,1
R007927,female,1,urban,secondary,1,1,0,0,0,0,0,0,0,0,0
R007928,female,1,rural,tertiary,1,5,0,0,0,0,0,0,0,0,0
R007929,male,4,urban,tertiary,1,1,0,0,0,0,0,0,0,1,0
R007930,male,1,urban,secondary,1,1,1,0,0,0,0,0,0,1,1
R007931,male,3,rural,tertiary,1,1,0,0,0,0,0,0,0,0,1
R007932,female,2,urban,primary,0,0,0,0,1,0,0,0,0,0,0
R007933,female,1,rural,primary,0,0,0,0,1,0,0,0,0,0,0
R007934,female,3,rural,secondary,1,12,0,0,0,0,0,0,0,0,1
R007935,male,5,urban,secondary,1,0,1,1,0,0,0,0,0,1,1
R007936,female,5,urban,secondary,1,12,1,1,0,0,0,0,0,1,1
R007937,male,1,rural,secondary,0,0,0,0,0,0,0,1,0,1,1
R007938,male,3,urban,secondary,1,5,1,1,0,0,0,0,0,1,1
R007939,female,2,rural,secondary,1,12,0,0,0,0,0,0,0,1,1
R007940,female,1,rural,secondary,0,0,0,0,1,1,1,0,1,0,0
R007941,male,1,urban,secondary,1,1,0,0,0,0,0,0,0,1,1
R007942,male,2,rural,primary,0,0,0,0,0,1,0,0,0,0,1
R007943,female,3,rural,secondary,0,0,0,0,1,1,0,0,0,0,1
R007944,male,2,rural,secondary,1,5,0,0,0,0,0,0,0,0,1
R007945,female,4,rural,tertiary,1,5,0,0,0,0,0,0,0,1,0
R007946,female,4,urban,primary,1,1,0,0,0,0,0,0,0,1,1
R007947,male,4,urban,secondary,0,0,0,0,1,0,0,1,0,1,0
R007948,male,2,rural,primary,1,30,0,1,0,0,0,0,0,1,0
R007949,male,1,rural,tertiary,1,1,0,1,0,0,0,0,0,1,1
R007950,female,4,rural,secondary,1,0,1,1,0,0,0,0,0,0,1
R007951,male,2,rural,primary,1,30,0,1,0,0,0,0,0,0,0
R007952,male,4,rural,none,1,5,0,0,0,0,0,0,0,1,1
R007953,male,1,rural,tertiary,0,0,0,0,1,0,1,1,0,1,0
R007954,female,1,urban,secondary,0,0,0,0,0,0,0,1,1,0,0
R007955,male,2,rural,primary,1,30,0,0,0,0,0,0,0,0,0
R007956,female,2,rural,secondary,1,5,0,1,0,0,0,0,0,0,1
R007957,male,2,rural,secondary,0,0,0,0,1,1,0,0,1,0,1
R007958,female,2,rural,tertiary,1,2,0,0,0,0,0,0,0,1,0
R007959,female,2,rural,secondary,0,0,0,0,1,1,0,1,0,1,0
R007960,female,4,urban,secondary,1,1,0,1,0,0,0,0,0,0,1
R007961,male,1,rural,secondary,0,0,0,0,0,1,0,0,1,1,1
R007962,male,4,urban,secondary,1,2,0,0,0,0,0,0,0,1,1
R007963,male,1,urban,none,0,0,0,0,1,0,0,0,1,1,0
R007964,female,2,urban,none,1,1,0,0,0,0,0,0,0,0,1
R007965,male,4,rural,none,1,12,0,1,0,0,0,0,0,1,0
R007966,male,2,rural,secondary,1,2,0,0,0,0,0,0,0,1,0
R007967,male,1,rural,primary,1,1,0,0,0,0,0,0,0,1,1
R007968,female,5,urban,tertiary,1,2,1,0,0,0,0,0,0,1,1
R007969,female,5,urban,secondary,1,2,1,0,0,0,0,0,0,1,1
R007970,male,4,rural,tertiary,1,2,0,0,0,0,0,0,0,0,0
R007971,male,2,rural,secondary,1,0,0,1,0,0,0,0,0,1,1
R007972,male,1,rural,none,0,0,0,0,1,1,0,1,0,0,0
R007973,female,3,urban,primary,0,0,0,0,1,0,1,0,0,0,1
R007974,male,3,urban,secondary,1,12,0,0,0,0,0,0,0,1,1
R007975,female,1,urban,secondary,1,1,0,0,0,0,0,0,0,1,1
R007976,female,4,urban,primary,1,1,0,0,0,0,0,0,0,1,0
R007977,female,3,rural,secondary,0,0,0,0,1,0,0,0,1,1,0
R007978,male,4,urban,secondary,1,1,0,0,0,0,0,0,0,1,1
R007979,female,4,rural,tertiary,1,5,0,1,0,0,0,0,0,1,1
R007980,male,2,rural,secondary,0,0,0,0,1,0,0,0,0,0,0
R007981,female,1,urban,tertiary,1,30,0,1,0,0,0,0,0,1,0
R007982,male,2,urban,secondary,1,2,1,1,0,0,0,0,0,1,0
R007983,female,1,rural,tertiary,1,30,0,0,0,0,0,0,0,0,0
R007984,female,3,rural,primary,1,1,0,0,0,0,0,0,0,1,1
R007985,female,4,urban,secondary,1,12,0,0,0,0,0,0,0,1,1
R007986,male,2,urban,secondary,1,1,0,0,0,0,0,0,0,1,1
R007987,male,3,urban,primary,1,0,0,0,0,0,0,0,0,0,1
R007988,female,2,urban,primary,1,1,0,0,0,0,0,0,0,0,0
R007989,male,5,rural,primary,1,1,1,1,0,0,0,0,0,1,1
R007990,female,4,urban,secondary,1,0,1,0,0,0,0,0,0,1,1
R007991,male,5,urban,secondary,1,1,1,1,0,0,0,0,0,0,1
R007992,male,1,urban,tertiary,1,12,0,0,0,0,0,0,0,0,1
R007993,male,1,urban,secondary,1,1,1,0,0,0,0,0,0,1,1
R007994,female,4,urban,tertiary,1,1,0,1,0,0,0,0,0,1,1
R007995,female,2,urban,tertiary,1,12,0,0,0,0,0,0,0,1,1
R007996,male,1,urban,tertiary,1,2,0,0,0,0,0,0,0,1,1
R007997,female,3,rural,primary,0,0,0,0,1,0,0,0,1,1,0
R007998,male,4,urban,primary,1,30,0,0,0,0,0,0,0,1,1
R007999,male,1,rural,primary,0,0,0,0,0,1,0,0,1,0,1
R008000,female,2,urban,primary,1,1,0,0,0,0,0,0,0,1,1
R008001,female,1,rural,tertiary,1,1,0,1,0,0,0,0,0,1,0
R008002,female,2,urban,secondary,1,2,0,0,0,0,0,0,0,1,1
R008003,female,1,urban,primary,1,12,0,0,0,0,0,0,0,0,0
R008004,male,5,urban,secondary,1,1,1,1,0,0,0,0,0,0,1
R008005,male,1,urban,secondary,0,0,0,0,0,1,1,0,1,1,0
R008006,male,4,urban,secondary,1,1,1,1,0,0,0,0,0,0,1
R008007,male,1,urban,none,0,0,0,0,1,0,1,0,1,1,0
R008008,male,2,rural,secondary,0,0,0,0,1,0,0,0,0,1,0
R008009,male,3,urban,primary,1,1,1,0,0,0,0,0,0,1,1
R008010,female,4,urban,tertiary,1,12,0,0,0,0,0,0,0,0,0
R008011,female,1,urban,secondary,1,5,1,0,0,0,0,0,0,0,1
R008012,male,3,rural,secondary,0,0,0,0,1,0,0,1,1,1,0
R008013,female,2,urban,secondary,1,12,1,0,0,0,0,0,0,0,0
R008014,male,4,rural,secondary,1,5,0,0,0,0,0,0,0,1,1
R008015,female,3,rural,primary,0,0,0,0,1,0,0,0,0,1,0
R008016,male,4,rural,primary,1,12,0,1,0,0,0,0,0,0,1
R008017,male,2,urban,secondary,1,5,0,0,0,0,0,0,0,0,0
R008018,male,2,urban,secondary,0,0,0,0,1,1,1,0,1,1,1
R008019,female,2,rural,none,0,0,0,0,1,0,0,0,0,0,0
R008020,female,1,urban,tertiary,1,5,0,1,0,0,0,0,0,1,0
R008021,female,2,rural,primary,0,0,0,0,0,1,0,0,0,1,1
R008022,female,1,urban,secondary,1,5,0,0,0,0,0,0,0,0,1
R008023,female,5,rural,primary,0,0,0,0,1,1,0,0,0,1,1
R008024,female,5,urban,primary,1,2,1,0,0,0,0,0,0,1,1
R008025,female,5,rural,secondary,1,5,0,0,0,0,0,0,0,1,1
R008026,male,5,urban,tertiary,1,2,1,1,0,0,0,0,0,1,0
R008027,female,2,rural,secondary,0,0,0,0,0,0,1,0,0,1,1
R008028,male,5,urban,primary,1,12,0,1,0,0,0,0,0,1,1
R008029,male,4,urban,secondary,1,5,0,1,0,0,0,0,0,1,1
R008030,male,1,urban,none,0,0,0,0,1,0,1,1,0,0,1
R008031,female,3,urban,tertiary,1,12,0,1,0,0,0,0,0,1,1
R008032,female,5,urban,primary,1,5,0,0,0,0,0,0,0,1,1
R008033,male,2,urban,secondary,1,12,1,1,0,0,0,0,0,1,1
R008034,female,5,rural,none,1,12,0,1,0,0,0,0,0,1,1
R008035,female,1,urban,primary,1,0,0,0,0,0,0,0,0,0,1
R008036,female,1,rural,primary,0,0,0,0,0,0,1,0,0,1,0
R008037,female,5,urban,primary,1,1,0,1,0,0,0,0,0,0,1
R008038,female,4,rural,tertiary,1,1,0,0,0,0,0,0,0,0,1
R008039,male,1,urban,secondary,1,30,0,0,0,0,0,0,0,0,0
R008040,female,3,urban,secondary,1,1,1,0,0,0,0,0,0,1,1
R008041,female,4,urban,secondary,1,2,0,1,0,0,0,0,0,1,1
R008042,female,4,urban,tertiary,1,5,0,0,0,0,0,0,0,1,1
R008043,female,3,rural,secondary,1,12,0,1,0,0,0,0,0,1,1
R008044,male,3,urban,tertiary,1,5,1,0,0,0,0,0,0,0,1
R008045,female,3,urban,secondary,1,1,0,0,0,0,0,0,0,1,1
R008046,female,3,urban,tertiary,1,5,0,1,0,0,0,0,0,1,1
R008047,female,1,urban,tertiary,1,5,0,0,0,0,0,0,0,0,1
R008048,male,1,urban,secondary,1,5,0,1,0,0,0,0,0,0,0
R008049,female,1,rural,tertiary,1,12,0,0,0,0,0,0,0,1,0
R008050,male,5,rural,none,1,1,0,0,0,0,0,0,0,1,0
R008051,female,4,urban,primary,1,5,1,0,0,0,0,0,0,0,1
R008052,male,3,rural,primary,0,0,0,0,0,0,1,0,0,0,0
R008053,female,2,urban,primary,1,2,1,1,0,0,0,0,0,0,1
R008054,male,5,urban,none,1,30,0,1,0,0,0,0,0,1,1
R008055,female,2,rural,tertiary,1,12,0,0,0,0,0,0,0,1,1
R008056,female,1,rural,primary,0,0,0,0,1,1,0,0,1,1,0
R008057,female,2,urban,secondary,1,5,1,0,0,0,0,0,0,0,1
R008058,male,2,urban,secondary,1,12,1,1,0,0,0,0,0,1,0
R008059,male,4,rural,secondary,1,5,1,0,0,0,0,0,0,1,1
R008060,female,3,urban,primary,1,2,0,1,0,0,0,0,0,1,1
R008061,female,1,urban,primary,0,0,0,0,0,1,0,0,0,0,0
R008062,male,4,urban,secondary,1,12,0,1,0,0,0,0,0,1,1
R008063,female,1,rural,primary,0,0,0,0,1,1,0,1,1,1,0
R008064,male,1,urban,secondary,1,5,0,1,0,0,0,0,0,0,0
R008065,male,1,rural,secondary,1,30,1,1,0,0,0,0,0,0,1
R008066,female,1,urban,secondary,1,1,0,0,0,0,0,0,0,0,1
R008067,male,1,urban,primary,1,5,0,0,0,0,0,0,0,0,1
R008068,female,3,urban,tertiary,1,30,0,0,0,0,0,0,0,0,1
R008069,female,2,rural,tertiary,0,0,0,0,1,1,0,0,1,1,0
R008070,male,1,urban,none,1,5,0,0,0,0,0,0,0,1,1
R008071,female,1,rural,primary,0,0,0,0,1,0,0,0,0,0,0
R008072,male,2,rural,primary,1,2,1,1,0,0,0,0,0,0,0
R008073,male,3,rural,secondary,1,2,0,0,0,0,0,0,0,0,0
R008074,male,5,urban,none,1,12,0,0,0,0,0,0,0,1,1
R008075,female,5,urban,primary,1,5,0,0,0,0,0,0,0,1,1
R008076,female,2,urban,primary,1,2,0,0,0,0,0,0,0,0,1
R008077,female,1,urban,primary,0,0,0,0,0,0,0,0,0,1,1
R008078,female,4,rural,secondary,1,5,1,0,0,0,0,0,0,0,1
R008079,male,2,urban,none,0,0,0,0,0,0,0,0,0,0,1
R008080,male,2,rural,none,0,0,0,0,0,1,1,1,0,0,0
R008081,male,5,rural,tertiary,1,12,1,0,0,0,0,0,0,1,1
R008082,female,3,urban,secondary,1,30,0,1,0,0,0,0,0,1,1
R008083,male,4,rural,none,1,1,0,0,0,0,0,0,0,0,1
R008084,female,2,rural,secondary,1,0,0,0,0,0,0,0,0,1,1
R008085,female,3,urban,secondary,1,12,1,0,0,0,0,0,0,0,0
R008086,male,3,rural,primary,1,5,0,1,0,0,0,0,0,1,0
R008087,female,4,urban,secondary,1,1,1,0,0,0,0,0,0,0,1
R008088,female,3,urban,tertiary,1,2,0,0,0,0,0,0,0,1,0
R008089,male,3,urban,primary,1,30,1,0,0,0,0,0,0,1,1
R008090,male,1,rural,secondary,1,0,0,0,0,0,0,0,0,0,0
R008091,male,3,rural,primary,1,5,0,1,0,0,0,0,0,0,0
R008092,female,2,urban,none,0,0,0,0,1,0,0,0,1,0,0
R008093,male,1,urban,secondary,0,0,0,0,0,1,1,0,1,0,0
R008094,male,1,urban,primary,0,0,0,0,0,0,0,0,1,0,0
R008095,male,2,urban,primary,1,12,1,0,0,0,0,0,0,1,1
R008096,male,3,urban,primary,1,5,0,0,0,0,0,0,0,1,1
R008097,male,2,urban,primary,1,0,0,0,0,0,0,0,0,0,1
R008098,female,2,rural,secondary,0,0,0,0,1,0,1,0,0,1,0
R008099,female,1,urban,secondary,0,0,0,0,0,0,0,1,1,0,1
R008100,male,3,urban,none,0,0,0,0,1,0,1,0,1,0,0
R008101,female,4,urban,secondary,1,5,0,1,0,0,0,0,0,1,1
R008102,male,3,urban,secondary,1,1,0,0,0,0,0,0,0,0,1
R008103,female,5,rural,secondary,1,12,0,0,0,0,0,0,0,0,1
R008104,female,1,rural,tertiary,1,12,0,0,0,0,0,0,0,0,1
R008105,female,5,urban,secondary,1,12,0,0,0,0,0,0,0,1,1
R008106,female,5,urban,secondary,1,5,0,1,0,0,0,0,0,1,1
R008107,male,5,urban,tertiary,1,1,0,1,0,0,0,0,0,1,1
R008108,female,2,urban,tertiary,1,12,0,1,0,0,0,0,0,1,1
R008109,male,3,rural,primary,1,12,1,0,0,0,0,0,0,0,0
R008110,female,2,urban,primary,1,2,0,0,0,0,0,0,0,1,1
R008111,female,3,urban,secondary,1,30,0,1,0,0,0,0,0,1,1
R008112,female,5,rural,primary,1,5,1,0,0,0,0,0,0,1,1
R008113,female,5,urban,secondary,1,5,1,0,0,0,0,0,0,1,1
R008114,female,5,urban,secondary,1,1,0,0,0,0,0,0,0,0,1
R008115,male,2,rural,secondary,1,30,0,0,0,0,0,0,0,0,0
R008116,male,5,urban,tertiary,1,5,1,1,0,0,0,0,0,1,1
R008117,male,4,urban,secondary,1,1,0,0,0,0,0,0,0,1,1
R008118,male,4,rural,secondary,1,1,0,0,0,0,0,0,0,1,1
R008119,female,2,rural,none,0,0,0,0,1,0,1,0,1,1,0
R008120,male,2,rural,primary,1,1,0,0,0,0,0,0,0,0,0
R008121,female,5,urban,none,1,5,0,1,0,0,0,0,0,1,1
R008122,male,2,urban,secondary,1,2,0,0,0,0,0,0,0,0,1
R008123,male,3,rural,none,0,0,0,0,1,1,1,1,1,1,1
R008124,female,1,urban,tertiary,1,2,0,0,0,0,0,0,0,1,1
R008125,male,5,urban,secondary,1,5,1,1,0,0,0,0,0,1,1
R008126,female,3,rural,none,0,0,0,0,1,0,0,0,1,1,0
R008127,male,4,urban,tertiary,1,12,0,0,0,0,0,0,0,1,1
R008128,female,4,rural,primary,0,0,0,0,1,0,0,0,0,1,0
R008129,female,3,rural,secondary,1,1,0,0,0,0,0,0,0,1,0
R008130,male,3,urban,primary,1,0,1,0,0,0,0,0,0,0,0
R008131,female,1,rural,secondary,1,5,1,0,0,0,0,0,0,0,0
R008132,male,3,rural,secondary,0,0,0,0,1,1,0,0,0,1,1
R008133,female,1,urban,secondary,1,1,0,1,0,0,0,0,0,1,1
R008134,female,2,rural,secondary,1,30,0,0,0,0,0,0,0,1,0
R008135,male,2,urban,tertiary,1,5,0,0,0,0,0,0,0,1,0
R008136,male,2,rural,secondary,1,1,0,1,0,0,0,0,0,0,1
R008137,female,5,urban,primary,1,5,1,1,0,0,0,0,0,1,1
R008138,male,3,urban,secondary,1,12,0,0,0,0,0,0,0,1,1
R008139,female,2,urban,tertiary,0,0,0,0,1,0,1,0,1,0,0
R008140,male,4,urban,tertiary,1,5,0,0,0,0,0,0,0,1,1
R008141,female,4,urban,none,1,1,1,1,0,0,0,0,0,0,1
R008142,female,3,rural,primary,0,0,0,0,0,0,0,0,0,0,1
R008143,female,1,rural,secondary,0,0,0,0,1,1,1,1,0,1,0
R008144,female,4,rural,secondary,0,0,0,0,1,0,1,0,0,1,1
R008145,female,1,urban,secondary,1,12,1,0,0,0,0,0,0,0,1
R008146,female,1,rural,secondary,0,0,0,0,1,1,0,0,0,1,0
R008147,male,5,urban,secondary,1,12,1,1,0,0,0,0,0,1,1
R008148,male,2,urban,secondary,0,0,0,0,1,0,0,1,1,0,1
R008149,female,2,urban,secondary,0,0,0,0,0,0,0,1,1,1,1
R008150,female,1,urban,secondary,0,0,0,0,1,0,1,1,0,1,1
R008151,male,4,urban,none,0,0,0,0,0,0,1,1,1,1,1
R008152,female,3,rural,tertiary,1,1,1,1,0,0,0,0,0,1,1
R008153,male,1,urban,secondary,1,5,0,0,0,0,0,0,0,0,0
R008154,male,4,urban,primary,1,5,0,0,0,0,0,0,0,1,1
R008155,male,1,rural,primary,1,0,0,0,0,0,0,0,0,1,1
R008156,female,4,urban,primary,1,1,0,0,0,0,0,0,0,0,0
R008157,male,2,urban,none,0,0,0,0,0,0,0,0,0,1,1
R008158,male,5,urban,primary,1,5,0,1,0,0,0,0,0,1,1
R008159,female,3,urban,secondary,1,2,1,0,0,0,0,0,0,1,1
R008160,male,1,urban,tertiary,1,1,0,0,0,0,0,0,0,0,0
R008161,male,3,urban,primary,1,12,0,0,0,0,0,0,0,1,1
R008162,female,1,rural,tertiary,1,2,0,0,0,0,0,0,0,0,1
R008163,female,5,urban,secondary,1,2,0,1,0,0,0,0,0,1,1
R008164,female,4,urban,secondary,1,0,1,0,0,0,0,0,0,0,1
R008165,female,3,urban,primary,1,5,1,0,0,0,0,0,0,1,1
R008166,male,2,rural,none,0,0,0,0,1,0,1,1,0,1,0
R008167,male,1,urban,none,0,0,0,0,0,0,0,1,0,0,1
R008168,female,1,rural,secondary,0,0,0,0,1,0,0,1,0,1,0
R008169,female,4,urban,secondary,1,5,1,0,0,0,0,0,0,1,1
R008170,male,3,urban,tertiary,1,5,0,1,0,0,0,0,0,0,1
R008171,female,3,urban,tertiary,1,5,0,0,0,0,0,0,0,0,1
R008172,male,1,rural,secondary,1,1,0,0,0,0,0,0,0,0,0
R008173,female,5,urban,secondary,1,1,1,0,0,0,0,0,0,0,1
R008174,male,2,urban,primary,0,0,0,0,1,0,1,0,0,1,1
R008175,male,1,urban,secondary,0,0,0,0,1,0,1,0,1,1,1
R008176,male,2,urban,secondary,1,5,0,0,0,0,0,0,0,0,1
R008177,female,1,rural,primary,0,0,0,0,1,1,0,1,1,0,1
R008178,male,1,rural,secondary,0,0,0,0,0,1,0,1,1,0,0
R008179,female,4,urban,primary,1,5,0,0,0,0,0,0,0,0,0
R008180,male,2,urban,tertiary,1,12,0,0,0,0,0,0,0,1,1
R008181,male,5,urban,secondary,1,2,1,1,0,0,0,0,0,1,1
R008182,female,5,urban,secondary,1,1,0,0,0,0,0,0,0,1,1
R008183,female,1,urban,secondary,0,0,0,0,1,0,0,0,0,0,1
R008184,male,1,rural,primary,0,0,0,0,0,0,0,0,0,0,0
R008185,female,1,rural,secondary,1,5,0,0,0,0,0,0,0,1,0
R008186,male,1,urban,secondary,1,5,0,1,0,0,0,0,0,1,1
R008187,male,1,urban,secondary,1,2,0,0,0,0,0,0,0,1,1
R008188,female,2,urban,tertiary,1,5,0,1,0,0,0,0,0,1,1
R008189,female,2,urban,secondary,1,30,0,0,0,0,0,0,0,0,1
R008190,female,2,rural,secondary,1,2,0,1,0,0,0,0,0,0,0
R008191,male,1,rural,secondary,0,0,0,0,1,0,0,1,1,0,1
R008192,male,5,urban,tertiary,1,5,1,0,0,0,0,0,0,1,1
R008193,female,3,rural,primary,0,0,0,0,1,0,0,0,1,0,1
R008194,male,4,urban,secondary,0,0,0,0,1,0,0,0,0,1,1
R008195,female,1,rural,tertiary,1,1,0,0,0,0,0,0,0,1,0
R008196,female,5,rural,secondary,1,12,0,0,0,0,0,0,0,1,0
R008197,female,1,rural,primary,0,0,0,0,1,1,0,1,0,1,1
R008198,female,2,urban,primary,0,0,0,0,0,0,0,0,1,0,1
R008199,female,4,urban,secondary,1,1,0,0,0,0,0,0,0,1,1
R008200,female,2,urban,primary,0,0,0,0,0,1,0,0,0,1,1
R008201,female,4,rural,primary,1,2,1,0,0,0,0,0,0,1,1
R008202,male,3,urban,primary,0,0,0,0,0,1,1,0,0,1,1
R008203,female,2,urban,tertiary,1,1,0,0,0,0,0,0,0,1,0
R008204,male,1,rural,secondary,0,0,0,0,0,0,0,0,1,0,0
R008205,female,1,urban,secondary,1,5,0,0,0,0,0,0,0,0,1
R008206,female,3,rural,secondary,1,12,0,1,0,0,0,0,0,1,1
R008207,male,4,urban,none,1,2,0,0,0,0,0,0,0,0,1
R008208,female,1,urban,secondary,1,2,0,1,0,0,0,0,0,0,0
R008209,male,5,urban,secondary,1,5,0,0,0,0,0,0,0,1,1
R008210,male,1,rural,secondary,1,1,0,0,0,0,0,0,0,0,1
R008211,female,1,rural,secondary,0,0,0,0,0,1,1,0,1,0,0
R008212,male,4,urban,primary,1,1,0,1,0,0,0,0,0,1,1
R008213,male,5,urban,secondary,1,1,0,0,0,0,0,0,0,1,1
R008214,female,1,urban,tertiary,1,1,0,1,0,0,0,0,0,0,0
R008215,male,1,rural,tertiary,1,2,1,0,0,0,0,0,0,0,0
R008216,male,2,rural,none,0,0,0,0,1,1,0,0,0,0,0
R008217,male,2,urban,secondary,1,12,0,1,0,0,0,0,0,1,1
R008218,male,4,urban,secondary,1,1,0,1,0,0,0,0,0,1,1
R008219,male,1,urban,tertiary,1,30,0,0,0,0,0,0,0,0,0
R008220,female,1,rural,none,0,0,0,0,1,0,0,1,1,0,0
R008221,female,2,rural,secondary,1,5,0,0,0,0,0,0,0,0,0
R008222,female,5,urban,primary,1,30,0,0,0,0,0,0,0,1,1
R008223,female,1,rural,secondary,1,1,0,0,0,0,0,0,0,0,0
R008224,male,5,urban,primary,1,5,1,0,0,0,0,0,0,0,1
R008225,male,1,urban,tertiary,1,12,0,0,0,0,0,0,0,1,0
R008226,female,1,urban,tertiary,1,1,0,0,0,0,0,0,0,0,1
R008227,male,2,rural,tertiary,1,5,0,1,0,0,0,0,0,1,0
R008228,female,3,urban,secondary,0,0,0,0,1,0,0,0,1,0,0
R008229,female,3,urban,primary,1,12,0,1,0,0,0,0,0,1,1
R008230,male,1,urban,secondary,1,12,0,0,0,0,0,0,0,0,0
R008231,male,2,rural,primary,1,1,0,0,0,0,0,0,0,0,0
R008232,female,4,rural,secondary,1,30,0,0,0,0,0,0,0,1,1
R008233,male,2,urban,primary,1,5,1,0,0,0,0,0,0,0,1
R008234,male,2,rural,tertiary,1,5,0,0,0,0,0,0,0,0,0
R008235,female,2,rural,none,0,0,0,0,1,0,1,0,1,0,1
R008236,female,2,rural,none,0,0,0,0,1,0,0,0,0,0,0
R008237,female,4,rural,primary,1,5,0,1,0,0,0,0,0,0,1
R008238,female,1,rural,tertiary,0,0,0,0,0,0,1,0,1,1,0
R008239,male,1,rural,secondary,1,0,0,0,0,0,0,0,0,1,0
R008240,male,1,urban,secondary,1,12,0,0,0,0,0,0,0,1,1
R008241,female,3,urban,none,0,0,0,0,0,0,1,0,1,0,0
R008242,female,3,urban,secondary,1,2,1,0,0,0,0,0,0,1,1
R008243,female,4,urban,secondary,1,1,1,0,0,0,0,0,0,1,1
R008244,female,2,urban,secondary,1,1,0,0,0,0,0,0,0,0,1
R008245,male,1,urban,tertiary,1,0,0,0,0,0,0,0,0,0,1
R008246,male,1,rural,primary,1,0,0,0,0,0,0,0,0,0,1
R008247,female,2,urban,primary,1,12,0,0,0,0,0,0,0,0,1
R008248,female,1,rural,primary,0,0,0,0,1,1,0,1,0,1,1
R008249,female,5,urban,tertiary,1,5,1,0,0,0,0,0,0,1,1
R008250,male,1,urban,primary,1,5,0,0,0,0,0,0,0,0,0
R008251,male,5,urban,none,0,0,0,0,1,0,0,0,1,1,1
R008252,female,3,urban,primary,1,12,0,0,0,0,0,0,0,1,0
R008253,male,1,urban,primary,1,5,1,0,0,0,0,0,0,0,1
R008254,female,2,urban,primary,1,30,0,0,0,0,0,0,0,0,1
R008255,female,2,urban,secondary,1,5,0,1,0,0,0,0,0,0,0
R008256,female,1,urban,secondary,1,1,0,0,0,0,0,0,0,0,0
R008257,male,2,urban,secondary,1,2,0,1,0,0,0,0,0,0,0
R008258,female,5,rural,none,1,2,1,0,0,0,0,0,0,0,1
R008259,female,4,rural,secondary,1,0,0,0,0,0,0,0,0,0,1
R008260,male,3,rural,secondary,0,0,0,0,1,0,0,0,0,0,0
R008261,female,1,urban,secondary,0,0,0,0,0,0,0,0,0,0,0
R008262,male,2,urban,secondary,1,1,0,0,0,0,0,0,0,1,0
R008263,female,3,urban,none,0,0,0,0,0,0,1,0,0,1,1
R008264,male,4,urban,primary,1,5,1,1,0,0,0,0,0,0,1
R008265,male,1,urban,secondary,0,0,0,0,1,0,1,1,1,0,1
R008266,female,5,rural,primary,1,5,0,0,0,0,0,0,0,1,1
R008267,female,4,urban,tertiary,1,2,0,0,0,0,0,0,0,0,1
R008268,male,1,urban,secondary,1,1,0,0,0,0,0,0,0,1,1
R008269,male,1,rural,primary,0,0,0,0,1,1,0,0,1,0,0
R008270,male,2,urban,secondary,1,1,1,0,0,0,0,0,0,0,1
R008271,male,3,rural,primary,1,5,0,0,0,0,0,0,0,1,0
R008272,male,3,rural,secondary,1,5,1,1,0,0,0,0,0,1,0
R008273,female,1,urban,secondary,0,0,0,0,1,0,0,0,1,1,1
R008274,female,5,rural,none,1,2,1,1,0,0,0,0,0,1,1
R008275,male,1,rural,none,0,0,0,0,1,0,1,1,1,0,0
R008276,male,4,urban,tertiary,1,5,0,0,0,0,0,0,0,0,1
R008277,male,3,urban,none,1,5,1,0,0,0,0,0,0,0,1
R008278,male,4,rural,primary,1,2,0,0,0,0,0,0,0,1,0
R008279,male,1,urban,secondary,1,2,0,0,0,0,0,0,0,0,0
R008280,female,2,urban,none,1,1,0,0,0,0,0,0,0,0,1
R008281,female,5,urban,primary,1,2,0,0,0,0,0,0,0,1,1
R008282,male,3,rural,secondary,1,5,0,0,0,0,0,0,0,1,1
R008283,male,4,urban,none,1,5,1,0,0,0,0,0,0,0,1
R008284,male,4,rural,secondary,0,0,0,0,0,0,1,1,1,0,1
R008285,male,2,urban,secondary,1,1,0,1,0,0,0,0,0,0,0
R008286,female,2,urban,secondary,0,0,0,0,1,1,0,0,1,1,1
R008287,female,3,rural,none,1,1,0,1,0,0,0,0,0,0,0
R008288,male,3,rural,tertiary,1,12,0,0,0,0,0,0,0,1,1
R008289,male,1,urban,primary,0,0,0,0,0,0,0,0,1,1,0
R008290,female,2,urban,secondary,1,30,1,0,0,0,0,0,0,1,0
R008291,female,4,urban,secondary,1,2,1,0,0,0,0,0,0,1,1
R008292,male,4,urban,secondary,1,1,0,0,0,0,0,0,0,1,1
R008293,female,1,urban,tertiary,1,2,0,0,0,0,0,0,0,0,1
R008294,female,1,urban,none,1,1,0,0,0,0,0,0,0,0,0
R008295,male,3,urban,primary,1,1,1,0,0,0,0,0,0,0,0
R008296,male,3,rural,primary,1,30,0,1,0,0,0,0,0,0,1
R008297,female,1,urban,primary,1,30,0,0,0,0,0,0,0,1,0
R008298,male,2,rural,secondary,1,2,1,1,0,0,0,0,0,1,0
R008299,male,2,urban,primary,1,0,0,1,0,0,0,0,0,1,1
R008300,male,4,urban,primary,0,0,0,0,1,0,1,0,0,0,1
R008301,female,1,urban,primary,1,2,1,0,0,0,0,0,0,0,1
R008302,male,3,urban,secondary,1,1,0,0,0,0,0,0,0,0,1
R008303,female,1,urban,secondary,0,0,0,0,0,0,0,0,1,0,0
R008304,male,2,rural,secondary,1,5,0,1,0,0,0,0,0,0,0
R008305,female,4,rural,none,0,0,0,0,0,0,0,0,0,0,1
R008306,female,4,urban,secondary,1,2,0,0,0,0,0,0,0,0,1
R008307,female,5,urban,secondary,1,12,0,1,0,0,0,0,0,1,1
R008308,male,3,rural,primary,1,2,0,1,0,0,0,0,0,1,1
R008309,male,5,rural,secondary,1,2,0,1,0,0,0,0,0,1,0
R008310,female,2,urban,secondary,1,0,0,0,0,0,0,0,0,0,1
R008311,male,3,rural,primary,1,1,0,0,0,0,0,0,0,1,1
R008312,male,4,rural,secondary,1,0,1,0,0,0,0,0,0,0,0
R008313,male,4,urban,secondary,0,0,0,0,0,0,0,1,1,0,1
R008314,female,1,urban,primary,0,0,0,0,1,0,0,0,0,0,1
R008315,female,1,urban,none,0,0,0,0,0,0,0,0,1,0,1
R008316,male,5,urban,tertiary,1,2,0,1,0,0,0,0,0,1,1
R008317,male,3,rural,none,1,30,0,0,0,0,0,0,0,0,0
R008318,male,5,urban,primary,1,5,0,1,0,0,0,0,0,1,1
R008319,female,1,urban,none,0,0,0,0,1,0,0,0,0,1,1
R008320,male,1,urban,primary,0,0,0,0,1,0,0,1,0,0,0
R008321,female,2,rural,secondary,0,0,0,0,0,1,0,0,1,0,1
R008322,female,1,urban,none,0,0,0,0,0,0,1,1,0,0,0
R008323,male,2,rural,secondary,0,0,0,0,1,0,0,0,1,1,0
R008324,female,1,urban,primary,1,5,0,0,0,0,0,0,0,1,0
R008325,male,3,rural,tertiary,1,30,0,0,0,0,0,0,0,1,0
R008326,female,2,urban,tertiary,1,5,0,0,0,0,0,0,0,0,1
R008327,male,2,urban,secondary,1,1,0,1,0,0,0,0,0,1,1
R008328,male,1,rural,secondary,1,30,0,0,0,0,0,0,0,1,1
R008329,female,5,rural,primary,0,0,0,0,1,1,0,0,0,1,1
R008330,female,4,rural,none,1,2,0,1,0,0,0,0,0,0,0
R008331,female,3,rural,tertiary,1,2,0,1,0,0,0,0,0,1,0
R008332,male,3,rural,secondary,1,2,0,0,0,0,0,0,0,0,1
R008333,male,2,urban,none,1,30,0,1,0,0,0,0,0,1,1
R008334,male,1,rural,secondary,0,0,0,0,1,0,0,1,1,0,0
R008335,female,5,urban,primary,1,5,0,1,0,0,0,0,0,1,1
R008336,female,3,urban,secondary,1,2,0,0,0,0,0,0,0,1,1
R008337,female,4,urban,secondary,0,0,0,0,0,0,0,0,0,1,1
R008338,female,3,urban,secondary,1,2,0,0,0,0,0,0,0,1,1
R008339,female,1,rural,tertiary,1,2,0,0,0,0,0,0,0,0,0
R008340,male,3,urban,primary,0,0,0,0,0,0,1,0,0,0,1
R008341,male,4,urban,secondary,1,12,0,0,0,0,0,0,0,1,1
R008342,female,3,urban,primary,0,0,0,0,0,0,1,1,0,1,1
R008343,male,4,rural,tertiary,1,30,0,1,0,0,0,0,0,1,1
R008344,female,3,urban,tertiary,1,12,1,1,0,0,0,0,0,1,0
R008345,female,4,urban,secondary,0,0,0,0,0,0,0,0,1,1,1
R008346,female,1,rural,secondary,0,0,0,0,1,1,1,0,0,0,1
R008347,male,5,rural,primary,1,2,0,1,0,0,0,0,0,1,1
R008348,male,3,rural,secondary,0,0,0,0,0,1,0,0,1,1,0
R008349,male,5,rural,tertiary,1,1,0,1,0,0,0,0,0,0,1
R008350,female,2,urban,secondary,1,1,0,0,0,0,0,0,0,1,0
R008351,female,1,rural,none,0,0,0,0,1,1,1,1,1,0,0
R008352,female,5,urban,none,1,30,1,0,0,0,0,0,0,1,1
R008353,male,4,urban,secondary,1,5,0,0,0,0,0,0,0,0,1
R008354,female,3,urban,secondary,1,5,1,0,0,0,0,0,0,1,1
R008355,female,1,urban,secondary,0,0,0,0,1,0,1,0,1,0,0
R008356,female,1,urban,tertiary,1,30,0,0,0,0,0,0,0,0,1
R008357,male,5,rural,tertiary,1,2,0,0,0,0,0,0,0,1,0
R008358,male,2,urban,secondary,1,12,0,1,0,0,0,0,0,0,1
R008359,female,2,rural,primary,0,0,0,0,1,1,0,0,0,1,1
R008360,male,3,urban,none,1,0,0,1,0,0,0,0,0,1,0
R008361,female,4,urban,tertiary,1,1,0,1,0,0,0,0,0,1,1
R008362,female,1,rural,secondary,1,1,1,0,0,0,0,0,0,1,0
R008363,female,1,urban,tertiary,1,12,0,0,0,0,0,0,0,0,0
R008364,male,2,urban,secondary,1,5,0,1,0,0,0,0,0,1,1
R008365,female,5,urban,secondary,1,2,0,0,0,0,0,0,0,1,1
R008366,male,4,urban,secondary,1,5,0,0,0,0,0,0,0,1,1
R008367,male,2,rural,primary,0,0,0,0,0,0,0,0,0,0,0
R008368,male,4,urban,primary,0,0,0,0,1,0,1,0,0,0,1
R008369,male,4,urban,secondary,1,12,0,1,0,0,0,0,0,1,0
R008370,male,4,urban,tertiary,1,12,0,0,0,0,0,0,0,0,1
R008371,female,3,urban,secondary,1,1,0,1,0,0,0,0,0,1,0
R008372,female,2,rural,tertiary,1,5,1,0,0,0,0,0,0,0,1
R008373,male,2,rural,secondary,1,5,0,0,0,0,0,0,0,0,0
R008374,female,2,urban,secondary,1,5,0,0,0,0,0,0,0,0,1
R008375,female,1,urban,primary,1,12,0,0,0,0,0,0,0,0,0
R008376,female,1,rural,secondary,1,12,0,0,0,0,0,0,0,1,0
R008377,male,1,urban,secondary,0,0,0,0,1,0,1,0,1,0,0
R008378,female,2,rural,primary,0,0,0,0,0,1,0,0,0,1,0
R008379,female,2,rural,secondary,0,0,0,0,0,0,0,0,1,1,0
R008380,female,3,rural,primary,1,2,0,1,0,0,0,0,0,1,0
R008381,female,3,urban,secondary,1,1,0,0,0,0,0,0,0,1,1
R008382,male,2,rural,secondary,1,1,0,0,0,0,0,0,0,1,1
R008383,male,1,rural,secondary,1,1,0,0,0,0,0,0,0,0,0
R008384,male,1,rural,primary,0,0,0,0,1,1,1,0,0,0,1
R008385,female,5,rural,tertiary,1,12,0,1,0,0,0,0,0,1,1
R008386,female,2,urban,primary,1,2,1,0,0,0,0,0,0,0,1
R008387,female,5,rural,secondary,1,2,1,1,0,0,0,0,0,1,1
R008388,female,2,urban,primary,0,0,0,0,1,1,0,1,1,0,1
R008389,female,1,urban,none,0,0,0,0,1,1,1,0,0,0,1
R008390,female,2,rural,secondary,1,1,0,1,0,0,0,0,0,0,1
R008391,female,1,urban,secondary,1,30,0,0,0,0,0,0,0,0,0
R008392,male,2,urban,tertiary,1,2,0,1,0,0,0,0,0,1,1
R008393,male,3,rural,none,0,0,0,0,1,0,0,0,0,0,1
R008394,female,2,urban,secondary,1,1,0,0,0,0,0,0,0,1,1
R008395,female,1,urban,secondary,1,12,0,0,0,0,0,0,0,1,1
R008396,male,1,urban,none,0,0,0,0,1,0,0,0,0,1,0
R008397,male,3,rural,secondary,1,0,1,0,0,0,0,0,0,1,1
R008398,female,2,urban,primary,0,0,0,0,0,0,0,1,1,1,0
R008399,male,3,urban,secondary,1,5,0,0,0,0,0,0,0,0,1
R008400,female,4,rural,primary,1,30,0,0,0,0,0,0,0,1,1
R008401,female,1,rural,secondary,0,0,0,0,1,0,0,0,0,1,0
R008402,male,4,urban,primary,1,30,0,1,0,0,0,0,0,1,1
R008403,male,1,urban,primary,0,0,0,0,1,0,0,0,1,1,1
R008404,female,1,rural,secondary,1,1,0,0,0,0,0,0,0,1,1
R008405,male,1,urban,tertiary,1,2,0,0,0,0,0,0,0,1,1
R008406,male,5,urban,secondary,1,12,0,1,0,0,0,0,0,1,1
R008407,male,1,rural,secondary,0,0,0,0,1,1,0,0,1,1,0
R008408,male,1,rural,secondary,1,5,1,0,0,0,0,0,0,0,0
R008409,female,2,rural,secondary,1,0,0,1,0,0,0,0,0,1,1
R008410,male,3,urban,primary,1,2,0,0,0,0,0,0,0,1,1
R008411,male,4,rural,secondary,1,5,0,1,0,0,0,0,0,1,1
R008412,female,2,rural,tertiary,0,0,0,0,0,0,0,0,0,0,0
R008413,female,1,urban,primary,1,1,0,0,0,0,0,0,0,0,0
R008414,male,4,urban,tertiary,1,2,0,0,0,0,0,0,0,1,1
R008415,female,3,rural,secondary,1,2,1,0,0,0,0,0,0,0,0
R008416,female,5,rural,primary,1,12,0,0,0,0,0,0,0,1,0
R008417,male,2,urban,primary,1,2,0,0,0,0,0,0,0,1,1
R008418,female,2,rural,secondary,1,0,0,0,0,0,0,0,0,1,0
R008419,female,2,rural,secondary,1,1,0,0,0,0,0,0,0,1,0
R008420,male,1,urban,primary,1,2,0,0,0,0,0,0,0,0,0
R008421,female,3,rural,none,0,0,0,0,1,1,1,0,0,0,1
R008422,female,1,urban,primary,1,5,0,1,0,0,0,0,0,0,1
R008423,male,1,rural,primary,0,0,0,0,1,1,1,0,1,1,0
R008424,male,4,urban,tertiary,1,12,1,0,0,0,0,0,0,1,1
R008425,male,5,rural,none,0,0,0,0,1,1,0,0,0,1,0
R008426,male,1,urban,secondary,1,5,0,0,0,0,0,0,0,1,0
R008427,male,1,urban,secondary,1,30,0,1,0,0,0,0,0,1,1
R008428,female,1,urban,none,0,0,0,0,1,0,1,0,1,0,1
R008429,male,2,urban,primary,1,30,1,0,0,0,0,0,0,1,1
R008430,male,2,urban,none,0,0,0,0,1,0,0,1,0,0,1
R008431,female,4,urban,secondary,1,2,0,1,0,0,0,0,0,1,1
R008432,male,3,rural,tertiary,1,30,1,0,0,0,0,0,0,1,1
R008433,female,1,rural,tertiary,1,0,0,0,0,0,0,0,0,0,0
R008434,female,4,urban,tertiary,1,5,0,1,0,0,0,0,0,1,1
R008435,male,3,urban,secondary,1,5,0,0,0,0,0,0,0,1,1
R008436,female,1,urban,primary,0,0,0,0,0,1,1,0,1,0,1
R008437,male,5,rural,secondary,1,0,1,0,0,0,0,0,0,1,1
R008438,male,1,rural,primary,0,0,0,0,0,0,0,0,0,1,0
R008439,female,5,rural,primary,1,5,0,0,0,0,0,0,0,1,0
R008440,female,4,rural,tertiary,0,0,0,0,0,1,0,0,0,1,0
R008441,male,1,rural,tertiary,1,12,0,0,0,0,0,0,0,0,1
R008442,male,2,urban,primary,1,2,0,0,0,0,0,0,0,0,1
R008443,female,1,rural,primary,1,5,0,0,0,0,0,0,0,1,0
R008444,female,1,urban,tertiary,0,0,0,0,1,0,0,1,1,0,1
R008445,female,2,urban,secondary,1,5,0,0,0,0,0,0,0,0,1
R008446,female,1,rural,secondary,0,0,0,0,1,0,0,0,0,1,0
R008447,female,2,rural,primary,1,12,1,1,0,0,0,0,0,1,0
R008448,female,2,urban,secondary,1,5,0,0,0,0,0,0,0,1,0
R008449,female,3,urban,tertiary,1,12,1,0,0,0,0,0,0,1,1
R008450,male,3,rural,secondary,1,12,1,0,0,0,0,0,0,1,0
R008451,male,4,rural,secondary,1,5,1,0,0,0,0,0,0,1,1
R008452,male,1,urban,primary,0,0,0,0,1,0,1,0,0,1,0
R008453,female,1,rural,primary,0,0,0,0,0,1,0,0,0,1,0
R008454,male,3,rural,primary,1,5,0,0,0,0,0,0,0,0,1
R008455,male,2,urban,tertiary,1,12,0,1,0,0,0,0,0,1,0
R008456,male,1,urban,secondary,0,0,0,0,1,0,1,1,0,0,1
R008457,female,2,urban,secondary,1,1,0,0,0,0,0,0,0,0,1
R008458,male,4,rural,primary,1,12,0,1,0,0,0,0,0,1,1
R008459,female,3,urban,secondary,1,2,0,1,0,0,0,0,0,1,1
R008460,male,4,urban,secondary,1,5,0,0,0,0,0,0,0,1,1
R008461,female,3,rural,primary,0,0,0,0,0,1,0,0,0,0,1
R008462,female,4,rural,secondary,1,5,1,1,0,0,0,0,0,1,1
R008463,male,2,urban,secondary,1,2,1,0,0,0,0,0,0,0,1
R008464,male,3,rural,none,0,0,0,0,1,0,1,1,1,1,0
R008465,male,2,urban,tertiary,1,2,0,0,0,0,0,0,0,1,1
R008466,male,2,urban,tertiary,1,1,0,0,0,0,0,0,0,1,0
R008467,male,2,urban,secondary,1,30,0,0,0,0,0,0,0,1,1
R008468,female,1,urban,secondary,0,0,0,0,1,0,0,0,0,0,1
R008469,female,4,urban,secondary,1,30,0,1,0,0,0,0,0,0,1
R008470,female,1,urban,secondary,1,1,0,0,0,0,0,0,0,0,1
R008471,male,3,rural,secondary,1,12,0,1,0,0,0,0,0,0,1
R008472,male,5,rural,secondary,1,2,0,1,0,0,0,0,0,0,1
R008473,female,2,rural,secondary,0,0,0,0,1,0,0,0,1,1,0
R008474,male,5,urban,tertiary,1,1,0,1,0,0,0,0,0,1,1
R008475,female,2,urban,primary,1,12,0,0,0,0,0,0,0,0,1
R008476,male,1,rural,primary,0,0,0,0,0,0,0,1,0,0,0
R008477,female,4,urban,secondary,1,1,0,1,0,0,0,0,0,1,0
R008478,male,4,urban,primary,1,5,1,0,0,0,0,0,0,1,1
R008479,female,4,rural,tertiary,1,5,0,1,0,0,0,0,0,0,1
R008480,male,1,urban,none,1,2,0,0,0,0,0,0,0,1,0
R008481,female,2,urban,primary,1,5,0,0,0,0,0,0,0,1,0
R008482,male,5,rural,secondary,1,1,0,1,0,0,0,0,0,1,0
R008483,male,1,rural,secondary,1,12,0,0,0,0,0,0,0,1,0
R008484,male,3,urban,primary,1,5,0,0,0,0,0,0,0,1,1
R008485,female,5,urban,tertiary,1,5,0,0,0,0,0,0,0,0,1
R008486,female,1,rural,primary,0,0,0,0,0,0,1,0,1,0,0
R008487,male,2,urban,tertiary,1,30,1,0,0,0,0,0,0,0,0
R008488,female,5,urban,none,1,1,0,1,0,0,0,0,0,1,1
R008489,male,4,rural,secondary,1,30,0,0,0,0,0,0,0,1,0
R008490,female,4,rural,secondary,1,0,1,1,0,0,0,0,0,0,1
R008491,female,1,urban,tertiary,1,12,0,0,0,0,0,0,0,1,1
R008492,female,1,rural,secondary,0,0,0,0,1,1,0,1,1,1,1
R008493,female,2,rural,none,1,12,0,0,0,0,0,0,0,1,1
R008494,female,2,urban,primary,0,0,0,0,1,1,0,0,1,0,1
R008495,male,1,urban,secondary,1,12,0,0,0,0,0,0,0,0,0
R008496,female,1,rural,primary,0,0,0,0,0,0,1,1,0,0,1
R008497,male,3,urban,tertiary,1,2,0,0,0,0,0,0,0,1,1
R008498,female,2,urban,secondary,1,2,0,0,0,0,0,0,0,0,1
R008499,female,1,rural,secondary,1,5,0,1,0,0,0,0,0,1,0
R008500,male,5,rural,secondary,1,5,1,1,0,0,0,0,0,1,1
R008501,male,5,urban,secondary,1,30,0,0,0,0,0,0,0,1,1
R008502,female,5,urban,secondary,1,12,0,0,0,0,0,0,0,1,1
R008503,male,2,urban,secondary,1,2,0,1,0,0,0,0,0,0,1
R008504,female,3,rural,primary,0,0,0,0,1,1,0,1,0,0,0
R008505,male,3,urban,primary,1,1,0,1,0,0,0,0,0,0,1
R008506,female,1,urban,secondary,1,30,0,0,0,0,0,0,0,1,0
R008507,male,5,rural,secondary,1,0,1,1,0,0,0,0,0,1,1
R008508,male,4,rural,secondary,0,0,0,0,1,1,0,0,1,1,1
R008509,male,2,urban,secondary,1,1,0,1,0,0,0,0,0,1,1
R008510,female,1,urban,none,1,30,0,0,0,0,0,0,0,0,1
R008511,male,4,urban,none,1,5,0,0,0,0,0,0,0,0,1
R008512,male,1,urban,secondary,0,0,0,0,0,1,1,0,0,0,0
R008513,female,5,urban,secondary,1,1,0,1,0,0,0,0,0,0,1
R008514,female,3,rural,secondary,0,0,0,0,0,0,0,0,0,1,1
R008515,female,4,rural,tertiary,1,2,0,1,0,0,0,0,0,1,1
R008516,male,2,rural,primary,1,5,1,0,0,0,0,0,0,0,0
R008517,female,1,urban,secondary,1,1,0,1,0,0,0,0,0,0,0
R008518,female,5,urban,secondary,1,1,0,1,0,0,0,0,0,0,1
R008519,male,4,rural,secondary,1,0,0,1,0,0,0,0,0,1,1
R008520,female,4,urban,secondary,1,2,0,1,0,0,0,0,0,1,1
R008521,female,1,rural,primary,1,2,0,1,0,0,0,0,0,1,0
R008522,male,1,urban,primary,0,0,0,0,1,0,1,0,1,0,0
R008523,female,4,urban,primary,1,1,1,1,0,0,0,0,0,1,1
R008524,male,1,urban,secondary,0,0,0,0,0,0,0,0,0,1,0
R008525,female,5,urban,secondary,1,0,0,1,0,0,0,0,0,1,1
R008526,female,1,urban,secondary,1,0,0,0,0,0,0,0,0,1,0
R008527,male,3,rural,tertiary,1,2,0,1,0,0,0,0,0,1,1
R008528,male,4,rural,primary,1,0,0,0,0,0,0,0,0,0,1
R008529,female,2,urban,tertiary,1,5,0,0,0,0,0,0,0,1,0
R008530,male,5,rural,primary,1,5,0,1,0,0,0,0,0,1,1
R008531,female,2,urban,none,0,0,0,0,1,1,0,0,1,1,1
R008532,female,5,urban,secondary,1,2,1,1,0,0,0,0,0,1,1
R008533,female,2,urban,none,1,5,0,1,0,0,0,0,0,0,0
R008534,male,4,urban,none,0,0,0,0,1,0,1,0,1,0,1
R008535,female,4,urban,secondary,1,5,1,1,0,0,0,0,0,0,1
R008536,female,1,rural,secondary,1,1,0,1,0,0,0,0,0,1,1
R008537,male,3,urban,primary,1,1,1,1,0,0,0,0,0,1,1
R008538,female,3,rural,secondary,1,1,0,1,0,0,0,0,0,0,0
R008539,female,3,rural,secondary,0,0,0,0,1,1,1,0,1,0,1
R008540,male,1,rural,none,1,5,0,0,0,0,0,0,0,1,0
R008541,female,2,rural,tertiary,1,1,0,1,0,0,0,0,0,1,0
R008542,female,4,urban,tertiary,1,2,0,0,0,0,0,0,0,0,0
R008543,female,3,urban,primary,0,0,0,0,1,0,1,0,0,1,0
R008544,male,1,urban,secondary,1,30,0,0,0,0,0,0,0,0,0
R008545,female,1,urban,secondary,1,12,0,1,0,0,0,0,0,0,0
R008546,male,1,urban,secondary,1,5,0,1,0,0,0,0,0,0,1
R008547,male,2,urban,primary,0,0,0,0,1,0,1,0,1,1,1
R008548,male,3,rural,tertiary,1,12,0,0,0,0,0,0,0,0,1
R008549,male,2,rural,primary,0,0,0,0,1,0,0,1,0,0,1
R008550,female,4,urban,tertiary,1,1,0,0,0,0,0,0,0,1,1
R008551,male,4,rural,secondary,1,12,1,1,0,0,0,0,0,1,1
R008552,female,1,rural,tertiary,0,0,0,0,0,0,0,0,0,1,0
R008553,female,1,urban,primary,0,0,0,0,1,1,1,0,0,0,1
R008554,female,4,rural,primary,1,0,0,1,0,0,0,0,0,1,1
R008555,female,4,rural,primary,1,5,0,0,0,0,0,0,0,1,1
R008556,male,1,urban,secondary,1,1,0,0,0,0,0,0,0,0,1
R008557,female,2,urban,tertiary,1,5,0,0,0,0,0,0,0,0,0
R008558,female,5,rural,tertiary,1,5,0,1,0,0,0,0,0,0,1
R008559,male,5,urban,secondary,1,5,0,0,0,0,0,0,0,1,1
R008560,male,1,rural,primary,0,0,0,0,1,0,0,0,1,0,1
R008561,male,4,rural,secondary,1,12,0,1,0,0,0,0,0,0,0
R008562,female,3,rural,secondary,1,12,1,0,0,0,0,0,0,0,0
R008563,male,3,urban,secondary,1,5,0,1,0,0,0,0,0,1,0
R008564,male,4,rural,none,1,12,0,1,0,0,0,0,0,1,0
R008565,female,2,rural,primary,0,0,0,0,1,1,1,0,0,1,1
R008566,male,3,urban,none,1,1,0,1,0,0,0,0,0,1,1
R008567,female,2,urban,primary,1,1,1,0,0,0,0,0,0,0,1
R008568,female,1,urban,none,0,0,0,0,0,1,0,1,0,0,0
R008569,female,1,urban,primary,1,12,0,0,0,0,0,0,0,0,1
R008570,male,1,urban,tertiary,1,5,0,0,0,0,0,0,0,0,0
R008571,male,3,rural,primary,0,0,0,0,0,0,1,0,0,0,1
R008572,male,4,rural,none,0,0,0,0,0,1,0,1,1,1,1
R008573,female,2,urban,secondary,0,0,0,0,0,0,1,1,0,1,1
R008574,male,2,urban,tertiary,1,1,0,0,0,0,0,0,0,0,1
R008575,male,3,urban,none,0,0,0,0,0,0,1,1,1,0,1
R008576,male,3,urban,tertiary,1,2,1,1,0,0,0,0,0,1,1
R008577,female,4,urban,tertiary,1,30,0,0,0,0,0,0,0,1,1
R008578,male,5,rural,secondary,1,5,1,1,0,0,0,0,0,1,0
R008579,male,4,rural,primary,1,1,0,1,0,0,0,0,0,1,0
R008580,male,5,urban,primary,1,1,1,1,0,0,0,0,0,1,1
R008581,male,1,urban,primary,1,12,0,0,0,0,0,0,0,1,0
R008582,female,5,urban,secondary,1,1,0,1,0,0,0,0,0,1,1
R008583,female,1,urban,secondary,1,5,0,0,0,0,0,0,0,1,1
R008584,female,2,urban,secondary,1,2,0,1,0,0,0,0,0,1,0
R008585,female,3,urban,primary,1,1,0,1,0,0,0,0,0,0,1
R008586,female,3,rural,primary,1,12,0,0,0,0,0,0,0,1,0
R008587,male,2,rural,secondary,0,0,0,0,1,0,1,0,1,1,1
R008588,female,5,urban,secondary,1,5,0,0,0,0,0,0,0,1,1
R008589,female,2,rural,primary,1,1,0,0,0,0,0,0,0,1,0
R008590,male,3,urban,secondary,1,2,0,0,0,0,0,0,0,0,1
R008591,female,3,rural,secondary,0,0,0,0,1,1,1,0,1,1,1
R008592,female,2,urban,primary,1,2,0,0,0,0,0,0,0,1,0
R008593,male,2,rural,primary,1,2,0,0,0,0,0,0,0,0,0
R008594,male,5,urban,tertiary,1,12,1,1,0,0,0,0,0,1,1
R008595,male,3,rural,secondary,1,1,0,0,0,0,0,0,0,0,0
R008596,male,3,urban,primary,1,5,0,0,0,0,0,0,0,1,0
R008597,male,5,rural,secondary,1,5,0,0,0,0,0,0,0,1,1
R008598,female,4,urban,secondary,1,5,0,0,0,0,0,0,0,1,1
R008599,male,1,urban,primary,1,12,1,0,0,0,0,0,0,0,0
R008600,male,4,urban,secondary,1,12,0,0,0,0,0,0,0,1,0
R008601,female,2,rural,tertiary,1,12,0,0,0,0,0,0,0,1,0
R008602,female,2,rural,primary,0,0,0,0,1,1,0,1,1,1,0
R008603,male,3,rural,primary,1,5,0,1,0,0,0,0,0,1,1
R008604,female,2,urban,none,1,12,0,0,0,0,0,0,0,1,0
R008605,male,3,urban,secondary,1,30,0,0,0,0,0,0,0,1,1
R008606,male,2,urban,none,0,0,0,0,1,0,1,0,1,0,1
R008607,male,1,rural,none,0,0,0,0,1,0,0,1,1,0,0
R008608,male,1,urban,secondary,1,2,0,0,0,0,0,0,0,1,1
R008609,female,1,urban,secondary,0,0,0,0,0,0,0,1,1,1,0
R008610,male,5,rural,secondary,1,5,1,1,0,0,0,0,0,1,1
R008611,female,5,urban,secondary,1,0,1,1,0,0,0,0,0,1,1
R008612,female,3,urban,secondary,1,5,0,0,0,0,0,0,0,1,0
R008613,male,4,urban,secondary,1,1,0,0,0,0,0,0,0,0,1
R008614,male,1,urban,secondary,1,0,0,1,0,0,0,0,0,0,1
R008615,male,4,urban,secondary,1,5,0,0,0,0,0,0,0,1,1
R008616,female,3,rural,primary,1,12,0,1,0,0,0,0,0,1,0
R008617,female,4,urban,primary,1,5,1,0,0,0,0,0,0,1,1
R008618,male,5,urban,primary,1,12,0,0,0,0,0,0,0,0,1
R008619,male,2,urban,primary,1,5,0,1,0,0,0,0,0,1,1
R008620,female,3,urban,primary,0,0,0,0,0,0,0,0,1,0,1
R008621,female,3,rural,primary,1,5,0,1,0,0,0,0,0,0,1
R008622,female,5,urban,secondary,1,30,0,0,0,0,0,0,0,1,1
R008623,female,5,rural,primary,1,5,0,1,0,0,0,0,0,1,1
R008624,male,2,rural,primary,0,0,0,0,1,1,1,0,1,1,1
R008625,female,2,urban,secondary,1,5,0,1,0,0,0,0,0,1,1
R008626,male,3,rural,secondary,1,2,0,0,0,0,0,0,0,1,0
R008627,female,5,urban,secondary,1,12,0,0,0,0,0,0,0,1,0
R008628,male,1,urban,primary,1,5,0,0,0,0,0,0,0,0,1
R008629,male,3,rural,secondary,1,2,1,1,0,0,0,0,0,1,0
R008630,male,2,urban,none,0,0,0,0,1,0,0,0,1,1,1
R008631,male,5,rural,secondary,1,0,0,1,0,0,0,0,0,1,1
R008632,male,1,rural,primary,0,0,0,0,0,0,0,0,1,0,0
R008633,male,2,urban,secondary,1,2,0,0,0,0,0,0,0,0,1
R008634,male,3,rural,tertiary,1,12,1,0,0,0,0,0,0,1,1
R008635,female,1,urban,secondary,1,30,0,0,0,0,0,0,0,1,0
R008636,male,3,rural,primary,1,0,1,0,0,0,0,0,0,0,0
R008637,male,1,urban,secondary,1,12,0,0,0,0,0,0,0,0,0
R008638,male,3,rural,primary,0,0,0,0,1,0,0,0,0,1,0
R008639,male,4,rural,none,1,12,0,0,0,0,0,0,0,0,1
R008640,male,4,urban,tertiary,1,1,0,0,0,0,0,0,0,0,1
R008641,male,2,urban,secondary,1,12,0,0,0,0,0,0,0,0,0
R008642,male,2,rural,tertiary,1,0,0,0,0,0,0,0,0,0,0
R008643,male,1,rural,secondary,0,0,0,0,1,1,0,0,1,1,1
R008644,male,1,rural,primary,0,0,0,0,1,1,0,0,1,1,0
R008645,male,2,urban,tertiary,1,12,1,0,0,0,0,0,0,0,1
R008646,female,5,urban,secondary,1,2,1,1,0,0,0,0,0,1,1
R008647,female,5,urban,tertiary,1,5,1,1,0,0,0,0,0,1,1
R008648,male,3,rural,secondary,1,5,0,0,0,0,0,0,0,1,1
R008649,female,2,urban,primary,1,5,0,0,0,0,0,0,0,0,1
R008650,female,3,rural,tertiary,1,1,0,0,0,0,0,0,0,1,0
R008651,female,1,urban,tertiary,0,0,0,0,0,0,1,0,0,1,0
R008652,male,4,urban,primary,1,2,1,0,0,0,0,0,0,0,1
R008653,female,3,urban,secondary,1,12,1,0,0,0,0,0,0,0,0
R008654,female,1,urban,tertiary,0,0,0,0,0,0,0,0,1,0,0
R008655,female,5,urban,secondary,1,5,0,0,0,0,0,0,0,1,1
R008656,female,1,rural,secondary,1,1,0,0,0,0,0,0,0,1,1
R008657,male,5,rural,secondary,1,12,0,0,0,0,0,0,0,1,1
R008658,female,4,rural,primary,1,12,0,0,0,0,0,0,0,0,1
R008659,female,5,rural,secondary,1,5,0,0,0,0,0,0,0,1,1
R008660,female,4,urban,primary,0,0,0,0,0,0,0,0,0,1,1
R008661,male,2,urban,none,1,1,0,0,0,0,0,0,0,1,0
R008662,male,5,urban,tertiary,1,2,0,0,0,0,0,0,0,0,1
R008663,female,2,rural,secondary,0,0,0,0,1,1,0,0,1,0,1
R008664,female,4,urban,none,1,2,0,0,0,0,0,0,0,1,1
R008665,female,2,rural,secondary,1,2,0,0,0,0,0,0,0,0,0
R008666,male,2,urban,secondary,1,5,0,0,0,0,0,0,0,1,1
R008667,female,1,urban,primary,0,0,0,0,1,0,0,0,1,1,0
R008668,female,3,rural,secondary,1,2,0,1,0,0,0,0,0,1,0
R008669,male,4,urban,secondary,1,1,0,0,0,0,0,0,0,1,0
R008670,male,3,urban,secondary,1,30,1,0,0,0,0,0,0,1,1
R008671,male,1,urban,primary,0,0,0,0,0,0,0,0,0,1,0
R008672,female,1,rural,secondary,1,5,0,1,0,0,0,0,0,1,0
R008673,female,4,rural,secondary,1,30,0,0,0,0,0,0,0,0,0
R008674,female,5,urban,primary,1,2,0,1,0,0,0,0,0,1,1
R008675,female,3,urban,primary,0,0,0,0,1,1,1,0,0,1,1
R008676,male,1,urban,secondary,1,30,0,1,0,0,0,0,0,1,1
R008677,female,1,urban,secondary,0,0,0,0,1,0,0,0,0,1,1
R008678,female,2,rural,primary,1,1,0,0,0,0,0,0,0,1,1
R008679,male,2,urban,secondary,1,2,1,0,0,0,0,0,0,0,1
R008680,male,2,urban,none,0,0,0,0,1,0,0,0,0,0,0
R008681,female,2,urban,primary,0,0,0,0,0,0,1,1,1,0,1
R008682,male,3,rural,secondary,1,12,0,1,0,0,0,0,0,1,0
R008683,male,5,urban,secondary,1,1,0,1,0,0,0,0,0,0,1
R008684,male,4,urban,primary,1,5,1,1,0,0,0,0,0,1,1
R008685,female,5,rural,primary,0,0,0,0,1,0,0,0,0,1,1
R008686,male,2,urban,tertiary,1,2,0,1,0,0,0,0,0,1,1
R008687,female,2,urban,none,0,0,0,0,0,1,1,0,1,0,1
R008688,male,1,rural,none,1,2,0,0,0,0,0,0,0,1,1
R008689,female,4,rural,secondary,1,0,0,1,0,0,0,0,0,0,1
R008690,male,2,urban,none,1,1,0,0,0,0,0,0,0,1,0
R008691,female,1,rural,none,0,0,0,0,0,0,0,0,1,0,0
R008692,female,5,rural,primary,0,0,0,0,1,0,0,1,1,1,1
R008693,male,1,rural,secondary,1,2,0,0,0,0,0,0,0,1,1
R008694,male,4,rural,secondary,1,1,0,0,0,0,0,0,0,0,0
R008695,male,1,rural,tertiary,0,0,0,0,1,0,1,0,0,0,0
R008696,female,1,rural,tertiary,0,0,0,0,1,1,0,0,0,1,0
R008697,male,1,rural,secondary,1,2,0,1,0,0,0,0,0,1,0
R008698,female,4,urban,tertiary,1,2,0,1,0,0,0,0,0,0,1
R008699,female,4,urban,tertiary,1,5,1,1,0,0,0,0,0,1,1
R008700,male,1,urban,none,0,0,0,0,1,0,0,0,1,1,1
R008701,male,4,urban,secondary,1,1,0,1,0,0,0,0,0,1,1
R008702,male,2,rural,primary,1,1,1,1,0,0,0,0,0,1,0
R008703,female,3,urban,primary,1,0,0,1,0,0,0,0,0,1,1
R008704,female,3,rural,none,0,0,0,0,0,0,0,0,0,1,1
R008705,female,2,rural,secondary,1,1,0,0,0,0,0,0,0,1,0
R008706,female,3,rural,primary,0,0,0,0,0,0,1,0,0,1,1
R008707,female,1,urban,secondary,1,30,0,1,0,0,0,0,0,0,1
R008708,male,4,rural,primary,1,5,0,1,0,0,0,0,0,0,0
R008709,male,2,rural,none,0,0,0,0,0,1,1,1,1,1,1
R008710,male,4,rural,primary,1,2,0,1,0,0,0,0,0,1,0
R008711,female,4,rural,primary,0,0,0,0,1,0,0,0,1,0,1
R008712,female,5,urban,tertiary,1,5,0,1,0,0,0,0,0,1,1
R008713,male,2,urban,secondary,1,2,0,0,0,0,0,0,0,1,0
R008714,female,5,rural,primary,1,30,0,1,0,0,0,0,0,1,1
R008715,male,1,urban,secondary,0,0,0,0,0,0,0,0,0,1,1
R008716,female,5,rural,none,1,2,0,1,0,0,0,0,0,1,1
R008717,female,2,urban,tertiary,1,5,0,0,0,0,0,0,0,1,1
R008718,male,4,urban,secondary,1,2,0,1,0,0,0,0,0,0,1
R008719,female,1,rural,none,0,0,0,0,1,0,1,0,0,0,0
R008720,male,2,urban,primary,1,2,0,0,0,0,0,0,0,0,1
R008721,male,3,urban,secondary,1,2,0,0,0,0,0,0,0,0,1
R008722,female,5,urban,secondary,1,0,0,0,0,0,0,0,0,1,1
R008723,female,2,rural,secondary,1,12,0,1,0,0,0,0,0,1,1
R008724,female,1,rural,tertiary,1,5,1,0,0,0,0,0,0,0,1
R008725,male,4,urban,primary,0,0,0,0,0,0,1,1,0,0,1
R008726,female,3,rural,primary,0,0,0,0,0,0,1,0,0,0,0
R008727,female,1,rural,tertiary,0,0,0,0,1,1,0,1,1,0,1
R008728,female,3,urban,secondary,1,30,0,0,0,0,0,0,0,0,1
R008729,male,2,rural,none,1,1,1,0,0,0,0,0,0,1,0
R008730,female,1,rural,tertiary,0,0,0,0,0,1,1,1,1,0,0
R008731,male,2,urban,secondary,1,5,0,0,0,0,0,0,0,1,0
R008732,male,4,urban,none,1,0,1,1,0,0,0,0,0,1,0
R008733,male,2,rural,secondary,1,12,0,1,0,0,0,0,0,1,0
R008734,female,1,rural,tertiary,0,0,0,0,1,0,1,0,0,1,0
R008735,male,3,rural,primary,1,1,1,0,0,0,0,0,0,1,1
R008736,female,1,urban,tertiary,1,1,0,1,0,0,0,0,0,0,1
R008737,male,4,rural,primary,1,1,1,0,0,0,0,0,0,1,1
R008738,male,2,rural,secondary,1,30,0,0,0,0,0,0,0,0,0
R008739,female,1,rural,tertiary,0,0,0,0,1,0,1,0,1,0,1
R008740,male,4,rural,secondary,1,2,1,1,0,0,0,0,0,1,1
R008741,male,4,urban,primary,1,5,0,0,0,0,0,0,0,1,1
R008742,male,1,urban,tertiary,1,5,0,0,0,0,0,0,0,0,1
R008743,female,3,urban,primary,1,5,0,1,0,0,0,0,0,1,0
R008744,male,1,rural,none,0,0,0,0,1,0,0,1,0,0,0
R008745,female,1,rural,primary,0,0,0,0,1,0,0,0,1,0,0
R008746,male,1,rural,primary,1,2,0,1,0,0,0,0,0,0,1
R008747,female,2,urban,primary,0,0,0,0,1,0,1,0,0,0,0
R008748,male,4,urban,secondary,1,2,0,0,0,0,0,0,0,1,1
R008749,male,4,urban,secondary,1,2,0,1,0,0,0,0,0,1,1
R008750,female,1,urban,primary,0,0,0,0,1,1,1,0,0,0,0
R008751,male,5,urban,tertiary,1,5,0,1,0,0,0,0,0,1,1
R008752,female,2,rural,tertiary,0,0,0,0,1,0,0,0,1,1,0
R008753,female,4,urban,primary,1,1,0,1,0,0,0,0,0,1,1
R008754,male,4,rural,secondary,1,5,0,1,0,0,0,0,0,0,0
R008755,female,4,rural,tertiary,1,2,1,1,0,0,0,0,0,1,1
R008756,male,3,urban,primary,0,0,0,0,0,0,0,0,0,1,0
R008757,female,3,rural,primary,0,0,0,0,0,0,1,0,0,0,1
R008758,female,2,urban,secondary,0,0,0,0,0,0,0,0,1,1,1
R008759,male,1,urban,secondary,0,0,0,0,1,0,0,0,1,0,0
R008760,male,5,urban,primary,1,1,0,0,0,0,0,0,0,1,1
R008761,female,4,urban,secondary,1,2,0,1,0,0,0,0,0,0,1
R008762,male,2,urban,secondary,1,5,0,0,0,0,0,0,0,0,0
R008763,female,2,urban,tertiary,1,5,0,0,0,0,0,0,0,0,1
R008764,female,2,urban,primary,0,0,0,0,0,0,0,0,1,1,1
R008765,male,5,rural,none,1,12,1,0,0,0,0,0,0,1,1
R008766,male,4,urban,secondary,1,12,0,0,0,0,0,0,0,1,1
R008767,male,3,urban,primary,1,1,1,1,0,0,0,0,0,0,0
R008768,female,2,urban,primary,1,1,0,0,0,0,0,0,0,0,1
R008769,female,1,rural,secondary,0,0,0,0,0,0,0,0,0,0,0
R008770,male,1,rural,secondary,1,5,0,1,0,0,0,0,0,1,0
R008771,female,1,rural,primary,1,2,0,0,0,0,0,0,0,1,0
R008772,male,3,urban,primary,0,0,0,0,1,1,0,1,1,1,0
R008773,male,2,urban,tertiary,0,0,0,0,1,0,0,1,0,0,0
R008774,female,5,urban,tertiary,1,2,1,0,0,0,0,0,0,1,1
R008775,male,2,urban,primary,1,30,0,1,0,0,0,0,0,0,0
R008776,male,2,urban,secondary,1,2,1,1,0,0,0,0,0,0,0
R008777,male,1,urban,tertiary,1,2,0,0,0,0,0,0,0,1,0
R008778,female,1,rural,tertiary,1,5,1,0,0,0,0,0,0,0,1
R008779,female,1,urban,secondary,1,1,0,0,0,0,0,0,0,1,1
R008780,female,3,urban,none,0,0,0,0,1,1,0,0,1,1,1
R008781,male,1,rural,none,0,0,0,0,0,1,0,1,0,0,0
R008782,female,1,rural,secondary,0,0,0,0,1,0,1,0,0,0,0
R008783,male,5,rural,primary,1,5,1,1,0,0,0,0,0,1,0
R008784,female,1,urban,tertiary,1,2,0,1,0,0,0,0,0,0,1
R008785,male,3,rural,none,1,12,0,0,0,0,0,0,0,0,1
R008786,female,3,rural,none,0,0,0,0,1,1,0,0,1,0,0
R008787,female,3,urban,primary,1,12,1,0,0,0,0,0,0,0,1
R008788,male,1,urban,secondary,1,1,0,0,0,0,0,0,0,0,1
R008789,female,3,urban,secondary,0,0,0,0,0,0,1,1,1,1,1
R008790,female,2,rural,tertiary,1,12,0,0,0,0,0,0,0,0,0
R008791,male,1,rural,tertiary,0,0,0,0,0,0,1,0,0,0,0
R008792,male,2,rural,primary,1,5,0,0,0,0,0,0,0,1,0
R008793,male,5,urban,primary,1,1,1,1,0,0,0,0,0,1,0
R008794,female,4,urban,secondary,1,12,0,1,0,0,0,0,0,0,1
R008795,male,3,urban,secondary,1,30,0,1,0,0,0,0,0,1,0
R008796,male,3,urban,secondary,1,12,0,0,0,0,0,0,0,1,1
R008797,male,3,urban,primary,0,0,0,0,0,0,0,1,0,1,1
R008798,female,2,rural,tertiary,1,5,0,1,0,0,0,0,0,0,0
R008799,female,2,urban,tertiary,0,0,0,0,1,0,1,0,0,1,1
R008800,female,4,rural,primary,1,2,0,1,0,0,0,0,0,1,0
R008801,female,5,rural,secondary,0,0,0,0,0,1,0,1,1,1,1
R008802,female,2,urban,tertiary,1,5,0,0,0,0,0,0,0,0,1
R008803,female,2,urban,primary,1,5,0,0,0,0,0,0,0,1,1
R008804,female,4,urban,tertiary,1,1,0,0,0,0,0,0,0,1,1
R008805,male,1,urban,secondary,1,2,0,0,0,0,0,0,0,1,1
R008806,female,3,urban,secondary,1,1,0,0,0,0,0,0,0,1,0
R008807,male,3,urban,secondary,1,0,0,0,0,0,0,0,0,1,1
R008808,male,3,rural,secondary,1,5,0,0,0,0,0,0,0,1,1
R008809,female,3,urban,secondary,1,1,1,0,0,0,0,0,0,0,0
R008810,male,2,rural,primary,1,2,0,0,0,0,0,0,0,0,1
R008811,female,2,urban,secondary,1,2,0,1,0,0,0,0,0,1,1
R008812,male,4,urban,tertiary,1,5,0,1,0,0,0,0,0,1,1
R008813,female,3,urban,secondary,1,30,0,0,0,0,0,0,0,0,1
R008814,female,2,urban,primary,1,1,0,0,0,0,0,0,0,1,1
R008815,male,3,urban,secondary,1,2,0,0,0,0,0,0,0,0,1
R008816,male,2,rural,none,0,0,0,0,1,1,0,0,0,0,0
R008817,female,4,urban,tertiary,1,2,0,0,0,0,0,0,0,0,1
R008818,female,3,urban,tertiary,1,1,0,1,0,0,0,0,0,0,1
R008819,female,3,urban,primary,1,2,0,0,0,0,0,0,0,1,1
R008820,female,2,urban,secondary,1,1,0,0,0,0,0,0,0,0,1
R008821,male,1,rural,secondary,1,2,0,0,0,0,0,0,0,0,0
R008822,female,4,rural,secondary,1,12,0,0,0,0,0,0,0,1,1
R008823,female,5,urban,primary,1,1,0,1,0,0,0,0,0,1,1
R008824,male,3,rural,secondary,1,0,0,0,0,0,0,0,0,1,0
R008825,female,5,urban,secondary,1,5,1,1,0,0,0,0,0,1,1
R008826,female,3,rural,secondary,0,0,0,0,1,0,0,0,1,0,1
R008827,female,2,urban,secondary,1,2,0,1,0,0,0,0,0,1,1
R008828,female,3,rural,tertiary,0,0,0,0,1,0,1,0,1,1,0
R008829,male,5,urban,secondary,1,5,0,1,0,0,0,0,0,1,1
R008830,female,3,rural,primary,0,0,0,0,0,0,0,0,1,0,1
R008831,male,2,urban,secondary,1,5,1,0,0,0,0,0,0,0,0
R008832,male,5,urban,tertiary,1,5,1,0,0,0,0,0,0,1,1
R008833,female,1,urban,secondary,1,1,0,0,0,0,0,0,0,1,1
R008834,male,2,urban,tertiary,0,0,0,0,1,0,1,0,0,1,1
R008835,male,2,urban,primary,1,5,0,0,0,0,0,0,0,0,0
R008836,male,5,rural,primary,1,12,0,1,0,0,0,0,0,1,1
R008837,female,2,rural,primary,1,12,0,0,0,0,0,0,0,0,0
R008838,male,1,urban,primary,1,12,0,0,0,0,0,0,0,1,0
R008839,male,2,urban,primary,1,0,0,0,0,0,0,0,0,0,0
R008840,female,4,rural,primary,1,5,0,0,0,0,0,0,0,1,0
R008841,male,3,rural,secondary,0,0,0,0,0,0,0,1,1,0,0
R008842,female,1,rural,secondary,1,30,0,0,0,0,0,0,0,1,1
R008843,female,2,rural,tertiary,0,0,0,0,0,0,0,0,0,0,0
R008844,female,1,rural,tertiary,1,12,0,0,0,0,0,0,0,0,0
R008845,male,2,urban,primary,0,0,0,0,0,0,0,0,0,1,0
R008846,female,1,urban,secondary,0,0,0,0,1,0,0,0,0,0,0
R008847,female,1,rural,primary,0,0,0,0,0,1,0,0,0,0,0
R008848,female,2,rural,tertiary,1,5,0,1,0,0,0,0,0,0,0
R008849,female,1,urban,tertiary,0,0,0,0,1,0,0,0,0,0,0
R008850,female,1,rural,primary,0,0,0,0,1,0,1,1,0,0,1
R008851,male,2,rural,secondary,1,5,0,0,0,0,0,0,0,0,1
R008852,male,2,urban,none,1,5,0,1,0,0,0,0,0,0,0
R008853,female,4,urban,secondary,1,1,0,0,0,0,0,0,0,1,1
R008854,male,4,urban,tertiary,1,2,0,0,0,0,0,0,0,1,1
R008855,male,3,urban,primary,1,0,1,0,0,0,0,0,0,1,1
R008856,female,5,urban,tertiary,1,1,1,0,0,0,0,0,0,1,1
R008857,male,2,urban,secondary,1,30,0,0,0,0,0,0,0,1,1
R008858,male,1,rural,tertiary,1,2,0,0,0,0,0,0,0,0,0
R008859,female,5,rural,tertiary,1,2,0,1,0,0,0,0,0,0,1
R008860,male,1,rural,secondary,0,0,0,0,1,0,1,0,1,0,0
R008861,female,5,rural,secondary,1,12,1,1,0,0,0,0,0,1,0
R008862,male,4,urban,secondary,1,2,0,1,0,0,0,0,0,1,1
R008863,female,3,rural,secondary,1,12,0,1,0,0,0,0,0,1,1
R008864,male,1,rural,none,0,0,0,0,0,1,1,0,1,0,0
R008865,male,4,urban,secondary,1,12,0,0,0,0,0,0,0,1,1
R008866,male,2,urban,none,0,0,0,0,1,0,1,0,0,0,1
R008867,male,5,rural,secondary,0,0,0,0,0,1,0,1,0,1,1
R008868,male,5,rural,secondary,1,12,0,1,0,0,0,0,0,1,1
R008869,male,2,urban,secondary,1,2,0,0,0,0,0,0,0,1,0
R008870,male,1,rural,primary,1,12,0,1,0,0,0,0,0,1,0
R008871,male,5,rural,none,1,5,0,1,0,0,0,0,0,1,1
R008872,male,3,rural,secondary,1,30,1,0,0,0,0,0,0,1,0
R008873,male,1,urban,secondary,1,1,1,0,0,0,0,0,0,0,0
R008874,female,5,rural,tertiary,1,2,1,0,0,0,0,0,0,1,1
R008875,female,4,rural,tertiary,1,1,0,0,0,0,0,0,0,1,1
R008876,female,3,rural,primary,1,12,0,0,0,0,0,0,0,0,1
R008877,female,5,urban,secondary,1,5,0,1,0,0,0,0,0,1,1
R008878,female,3,rural,tertiary,1,5,0,1,0,0,0,0,0,1,0
R008879,female,1,urban,secondary,0,0,0,0,1,1,0,1,0,1,0
R008880,male,4,rural,secondary,1,5,0,1,0,0,0,0,0,1,0
R008881,female,4,urban,none,1,5,0,1,0,0,0,0,0,1,1
R008882,female,5,urban,tertiary,1,5,0,1,0,0,0,0,0,1,1
R008883,male,3,urban,secondary,1,5,0,0,0,0,0,0,0,1,0
R008884,female,1,rural,tertiary,0,0,0,0,1,0,1,0,1,1,1
R008885,male,3,rural,tertiary,1,5,0,0,0,0,0,0,0,1,0
R008886,male,1,rural,primary,0,0,0,0,0,1,1,0,1,0,0
R008887,female,5,rural,tertiary,1,5,1,1,0,0,0,0,0,1,1
R008888,male,2,urban,secondary,1,2,0,0,0,0,0,0,0,0,0
R008889,female,1,rural,primary,0,0,0,0,0,1,1,1,0,1,0
R008890,female,2,urban,secondary,1,12,1,1,0,0,0,0,0,1,0
R008891,female,1,urban,secondary,1,1,0,0,0,0,0,0,0,0,1
R008892,male,1,urban,tertiary,0,0,0,0,1,0,0,0,0,0,0
R008893,female,3,rural,tertiary,1,5,0,1,0,0,0,0,0,0,0
R008894,male,3,urban,tertiary,1,2,0,0,0,0,0,0,0,1,0
R008895,male,3,urban,tertiary,1,2,0,1,0,0,0,0,0,1,1
R008896,male,2,urban,tertiary,1,0,0,0,0,0,0,0,0,0,1
R008897,male,1,urban,none,0,0,0,0,1,0,0,0,1,1,0
R008898,male,3,rural,secondary,0,0,0,0,0,1,0,0,1,0,1
R008899,female,3,rural,tertiary,1,1,0,0,0,0,0,0,0,1,0
R008900,male,4,urban,primary,1,1,0,0,0,0,0,0,0,0,1
R008901,female,5,rural,secondary,1,12,0,1,0,0,0,0,0,1,0
R008902,male,3,rural,primary,1,12,1,0,0,0,0,0,0,1,1
R008903,female,1,urban,none,1,12,0,0,0,0,0,0,0,1,0
R008904,female,5,rural,none,0,0,0,0,0,0,0,1,0,1,0
R008905,male,3,urban,tertiary,1,5,0,1,0,0,0,0,0,0,1
R008906,female,1,urban,tertiary,1,12,0,1,0,0,0,0,0,1,1
R008907,female,1,rural,none,0,0,0,0,1,1,1,0,1,1,0
R008908,female,4,urban,secondary,0,0,0,0,1,0,0,0,1,1,1
R008909,female,1,rural,primary,0,0,0,0,1,0,0,0,0,0,0
R008910,female,1,rural,primary,0,0,0,0,1,1,0,0,0,1,0
R008911,female,2,rural,secondary,0,0,0,0,0,1,1,0,1,0,0
R008912,female,3,rural,secondary,1,1,0,0,0,0,0,0,0,0,1
R008913,female,4,rural,secondary,1,5,0,1,0,0,0,0,0,1,1
R008914,male,4,urban,secondary,1,1,1,0,0,0,0,0,0,1,1
R008915,female,3,urban,primary,0,0,0,0,1,0,0,0,0,1,0
R008916,female,3,urban,tertiary,1,30,0,0,0,0,0,0,0,0,1
R008917,male,1,urban,tertiary,1,1,0,0,0,0,0,0,0,0,0
R008918,male,1,rural,primary,0,0,0,0,0,1,0,1,0,1,0
R008919,female,1,rural,primary,0,0,0,0,1,0,0,0,0,1,0
R008920,female,1,urban,secondary,1,5,0,1,0,0,0,0,0,1,0
R008921,male,4,urban,secondary,1,5,0,1,0,0,0,0,0,0,1
R008922,female,4,rural,secondary,1,5,0,1,0,0,0,0,0,1,0
R008923,male,3,urban,secondary,1,30,0,1,0,0,0,0,0,1,1
R008924,female,5,urban,secondary,1,12,1,1,0,0,0,0,0,1,1
R008925,male,4,urban,secondary,1,5,0,1,0,0,0,0,0,1,1
R008926,male,3,rural,primary,0,0,0,0,1,1,1,0,1,0,0
R008927,male,5,rural,secondary,1,5,1,1,0,0,0,0,0,0,0
R008928,female,3,urban,primary,0,0,0,0,0,0,0,1,1,1,1
R008929,male,3,rural,primary,1,5,0,1,0,0,0,0,0,1,1
R008930,female,2,rural,tertiary,0,0,0,0,0,1,1,0,0,0,0
R008931,male,3,urban,secondary,0,0,0,0,1,0,0,0,1,0,1
R008932,male,3,urban,none,1,12,0,0,0,0,0,0,0,0,1
R008933,female,3,rural,primary,0,0,0,0,0,1,0,0,1,1,0
R008934,female,1,urban,secondary,0,0,0,0,1,0,0,1,0,0,1
R008935,female,4,urban,primary,1,5,1,1,0,0,0,0,0,0,1
R008936,female,4,rural,primary,1,2,1,1,0,0,0,0,0,1,0
R008937,male,5,urban,primary,1,12,0,1,0,0,0,0,0,1,1
R008938,female,3,rural,primary,0,0,0,0,1,1,1,0,1,1,0
R008939,male,1,urban,primary,1,30,0,0,0,0,0,0,0,0,1
R008940,male,4,urban,primary,0,0,0,0,1,0,0,0,1,1,1
R008941,female,5,rural,primary,1,5,1,0,0,0,0,0,0,0,0
R008942,female,1,urban,secondary,1,0,0,0,0,0,0,0,0,0,1
R008943,female,1,rural,tertiary,1,1,0,1,0,0,0,0,0,0,1
R008944,male,3,rural,none,1,2,1,1,0,0,0,0,0,1,1
R008945,female,3,rural,secondary,0,0,0,0,1,1,1,0,1,1,0
R008946,female,5,urban,tertiary,1,2,1,1,0,0,0,0,0,1,1
R008947,male,2,rural,primary,1,12,1,1,0,0,0,0,0,1,0
R008948,female,2,rural,none,0,0,0,0,1,0,0,0,1,1,1
R008949,male,3,rural,primary,1,2,1,0,0,0,0,0,0,1,0
R008950,female,1,urban,secondary,0,0,0,0,1,1,1,1,1,1,1
R008951,male,3,urban,secondary,1,5,0,1,0,0,0,0,0,1,1
R008952,male,2,urban,secondary,1,0,1,0,0,0,0,0,0,0,0
R008953,female,1,rural,secondary,1,12,0,0,0,0,0,0,0,0,0
R008954,male,5,rural,primary,1,2,0,0,0,0,0,0,0,1,1
R008955,female,2,urban,primary,1,12,0,1,0,0,0,0,0,0,1
R008956,male,5,urban,primary,1,2,0,1,0,0,0,0,0,1,1
R008957,female,2,rural,primary,0,0,0,0,1,0,0,0,1,1,0
R008958,female,5,urban,secondary,1,1,0,1,0,0,0,0,0,1,1
R008959,female,1,rural,primary,0,0,0,0,1,1,0,1,0,0,1
R008960,female,4,rural,none,0,0,0,0,1,0,0,1,0,0,1
R008961,male,4,rural,secondary,1,2,0,0,0,0,0,0,0,1,1
R008962,female,1,urban,secondary,0,0,0,0,0,0,1,1,1,0,1
R008963,female,4,urban,secondary,1,5,0,0,0,0,0,0,0,1,1
R008964,female,4,rural,secondary,1,2,1,1,0,0,0,0,0,1,0
R008965,female,2,urban,none,0,0,0,0,1,0,0,0,1,0,0
R008966,female,1,rural,primary,0,0,0,0,1,0,1,1,0,0,0
R008967,female,2,urban,secondary,1,12,1,0,0,0,0,0,0,1,1
R008968,female,3,urban,secondary,1,12,0,0,0,0,0,0,0,1,0
R008969,female,3,urban,secondary,1,2,1,0,0,0,0,0,0,0,0
R008970,male,4,urban,secondary,1,30,1,0,0,0,0,0,0,1,1
R008971,male,1,urban,none,1,0,0,0,0,0,0,0,0,0,1
R008972,female,4,urban,primary,1,12,1,0,0,0,0,0,0,0,1
R008973,male,5,urban,secondary,1,2,0,1,0,0,0,0,0,0,1
R008974,female,4,urban,primary,1,12,0,0,0,0,0,0,0,1,1
R008975,female,3,rural,none,1,1,1,0,0,0,0,0,0,1,1
R008976,male,2,rural,secondary,0,0,0,0,0,0,0,0,1,0,0
R008977,male,2,rural,secondary,1,2,1,1,0,0,0,0,0,0,0
R008978,male,1,urban,primary,1,30,0,0,0,0,0,0,0,0,1
R008979,female,1,urban,secondary,0,0,0,0,1,0,1,0,0,0,0
R008980,male,5,urban,none,1,5,0,0,0,0,0,0,0,1,1
R008981,male,5,rural,secondary,0,0,0,0,0,0,1,0,0,1,1
R008982,female,1,urban,secondary,1,12,0,0,0,0,0,0,0,0,1
R008983,female,1,rural,none,0,0,0,0,0,1,1,1,0,0,0
R008984,female,3,urban,primary,0,0,0,0,0,0,0,0,0,0,0
R008985,female,1,rural,primary,0,0,0,0,1,0,1,0,0,1,0
R008986,male,5,rural,secondary,1,2,0,0,0,0,0,0,0,1,1
R008987,female,5,rural,secondary,1,5,0,0,0,0,0,0,0,1,0
R008988,female,3,urban,none,0,0,0,0,0,0,1,1,1,1,1
R008989,male,2,urban,secondary,1,2,0,0,0,0,0,0,0,1,0
R008990,male,3,rural,primary,1,1,0,0,0,0,0,0,0,1,0
R008991,female,5,rural,secondary,1,30,0,0,0,0,0,0,0,1,1
R008992,male,5,urban,secondary,1,5,0,1,0,0,0,0,0,1,1
R008993,female,1,rural,none,0,0,0,0,0,0,0,0,0,0,0
R008994,female,4,urban,secondary,1,5,0,0,0,0,0,0,0,0,0
R008995,male,1,urban,secondary,1,1,0,1,0,0,0,0,0,0,1
R008996,male,1,urban,tertiary,1,12,0,0,0,0,0,0,0,0,1
R008997,female,4,urban,secondary,1,30,1,0,0,0,0,0,0,1,1
R008998,male,1,rural,tertiary,1,12,0,0,0,0,0,0,0,1,1
R008999,female,5,urban,none,0,0,0,0,0,0,1,0,0,1,1
R009000,female,1,urban,secondary,0,0,0,0,0,0,0,1,0,0,0
R009001,female,1,urban,secondary,1,5,0,0,0,0,0,0,0,1,0
R009002,male,4,rural,primary,1,1,1,0,0,0,0,0,0,1,0
R009003,female,2,urban,primary,1,2,0,0,0,0,0,0,0,0,0
R009004,male,5,rural,primary,1,12,0,1,0,0,0,0,0,1,1
R009005,female,2,urban,secondary,1,0,0,0,0,0,0,0,0,0,0
R009006,female,4,urban,primary,1,5,0,1,0,0,0,0,0,0,1
R009007,female,3,rural,secondary,0,0,0,0,0,0,0,1,0,0,0
R009008,male,3,rural,secondary,1,12,1,0,0,0,0,0,0,0,1
R009009,female,5,urban,primary,1,5,0,1,0,0,0,0,0,1,1
R009010,female,1,urban,secondary,0,0,0,0,0,0,1,0,1,0,0
R009011,female,1,urban,primary,1,2,1,0,0,0,0,0,0,0,1
R009012,female,2,urban,none,0,0,0,0,0,1,0,0,0,0,1
R009013,male,1,rural,tertiary,1,5,0,0,0,0,0,0,0,1,0
R009014,male,2,urban,primary,1,1,0,1,0,0,0,0,0,1,1
R009015,female,3,rural,primary,0,0,0,0,1,0,0,0,0,1,1
R009016,male,3,urban,none,1,1,0,0,0,0,0,0,0,1,1
R009017,female,3,urban,tertiary,1,12,0,0,0,0,0,0,0,1,1
R009018,male,2,urban,secondary,1,2,0,1,0,0,0,0,0,0,1
R009019,female,1,rural,primary,1,2,1,0,0,0,0,0,0,1,0
R009020,female,5,rural,tertiary,1,2,0,1,0,0,0,0,0,1,0
R009021,male,1,urban,secondary,1,12,0,0,0,0,0,0,0,1,1
R009022,male,5,urban,secondary,1,5,1,0,0,0,0,0,0,1,1
R009023,female,2,rural,secondary,1,12,1,0,0,0,0,0,0,1,0
R009024,female,1,urban,secondary,0,0,0,0,1,0,1,0,0,0,0
R009025,female,4,urban,secondary,1,12,0,0,0,0,0,0,0,0,0
R009026,female,1,rural,secondary,1,30,0,0,0,0,0,0,0,1,1
R009027,male,3,urban,none,1,5,1,1,0,0,0,0,0,1,0
R009028,male,4,urban,none,1,12,0,0,0,0,0,0,0,1,0
R009029,female,4,urban,tertiary,1,2,0,1,0,0,0,0,0,1,1
R009030,female,1,urban,primary,1,30,1,1,0,0,0,0,0,0,0
R009031,male,2,urban,secondary,1,30,1,1,0,0,0,0,0,1,1
R009032,male,1,urban,secondary,1,1,0,0,0,0,0,0,0,0,0
R009033,male,4,urban,tertiary,1,30,0,0,0,0,0,0,0,1,1
R009034,female,1,rural,primary,0,0,0,0,1,1,1,1,1,1,1
R009035,female,4,urban,tertiary,1,1,1,0,0,0,0,0,0,1,1
R009036,female,2,rural,secondary,1,12,0,1,0,0,0,0,0,1,0
R009037,male,2,urban,secondary,1,1,0,0,0,0,0,0,0,0,0
R009038,male,1,urban,secondary,0,0,0,0,0,0,0,1,0,1,1
R009039,female,4,urban,tertiary,1,1,0,1,0,0,0,0,0,1,1
R009040,male,3,urban,secondary,1,30,0,0,0,0,0,0,0,0,1
R009041,male,4,rural,secondary,1,12,0,1,0,0,0,0,0,1,0
R009042,male,4,rural,tertiary,1,2,0,0,0,0,0,0,0,0,1
R009043,male,5,urban,primary,1,12,0,1,0,0,0,0,0,0,1
R009044,male,2,rural,primary,0,0,0,0,1,0,1,0,0,0,0
R009045,female,4,urban,primary,1,30,1,1,0,0,0,0,0,1,0
R009046,male,3,urban,secondary,1,2,0,1,0,0,0,0,0,0,0
R009047,male,1,rural,secondary,0,0,0,0,1,1,0,1,0,1,1
R009048,female,3,rural,tertiary,1,1,1,0,0,0,0,0,0,1,1
R009049,male,4,urban,secondary,1,12,1,0,0,0,0,0,0,1,1
R009050,female,1,urban,tertiary,1,1,0,0,0,0,0,0,0,0,0
R009051,female,5,urban,primary,0,0,0,0,1,0,1,1,1,0,1
R009052,female,4,urban,secondary,0,0,0,0,1,0,1,0,0,0,1
R009053,male,1,urban,primary,1,0,1,0,0,0,0,0,0,1,0
R009054,female,2,urban,primary,1,30,0,0,0,0,0,0,0,0,1
R009055,male,1,rural,none,0,0,0,0,1,0,0,0,0,0,1
R009056,male,1,urban,tertiary,1,2,0,1,0,0,0,0,0,1,0
R009057,male,4,rural,secondary,1,12,0,1,0,0,0,0,0,1,1
R009058,female,5,urban,secondary,1,1,1,0,0,0,0,0,0,0,1
R009059,female,1,rural,none,0,0,0,0,0,0,1,0,0,0,0
R009060,male,1,urban,tertiary,1,0,0,1,0,0,0,0,0,1,1
R009061,female,2,rural,primary,0,0,0,0,0,1,0,1,1,1,0
R009062,male,5,urban,primary,1,1,1,1,0,0,0,0,0,1,1
R009063,male,5,urban,secondary,1,1,1,1,0,0,0,0,0,0,1
R009064,female,1,urban,tertiary,1,1,1,0,0,0,0,0,0,0,1
R009065,male,1,rural,secondary,0,0,0,0,1,0,0,0,1,0,0
R009066,male,2,rural,none,1,5,1,0,0,0,0,0,0,0,1
R009067,male,4,rural,secondary,1,1,1,1,0,0,0,0,0,0,1
R009068,male,5,rural,secondary,1,2,1,1,0,0,0,0,0,0,0
R009069,female,1,rural,primary,0,0,0,0,0,0,1,1,1,0,0
R009070,female,2,urban,primary,0,0,0,0,1,0,0,0,0,0,0
R009071,female,4,urban,tertiary,1,1,1,1,0,0,0,0,0,0,0
R009072,male,2,urban,tertiary,1,30,0,0,0,0,0,0,0,1,1
R009073,male,3,urban,secondary,1,30,1,0,0,0,0,0,0,0,1
R009074,male,4,rural,secondary,1,12,0,0,0,0,0,0,0,0,1
R009075,female,1,urban,tertiary,1,5,0,0,0,0,0,0,0,0,1
R009076,male,2,urban,primary,1,2,0,0,0,0,0,0,0,1,1
R009077,female,2,rural,primary,0,0,0,0,1,0,0,0,0,0,0
R009078,male,2,rural,secondary,1,2,0,0,0,0,0,0,0,1,0
R009079,female,2,urban,tertiary,1,12,1,1,0,0,0,0,0,0,0
R009080,male,3,urban,primary,0,0,0,0,0,0,0,0,1,1,1
R009081,male,5,rural,primary,1,5,1,0,0,0,0,0,0,1,1
R009082,female,4,rural,secondary,1,2,0,1,0,0,0,0,0,1,1
R009083,female,4,urban,secondary,1,30,0,0,0,0,0,0,0,1,1
R009084,male,2,rural,primary,0,0,0,0,1,1,0,0,0,1,1
R009085,female,2,urban,secondary,1,1,0,0,0,0,0,0,0,1,0
R009086,female,2,urban,tertiary,1,5,0,0,0,0,0,0,0,1,1
R009087,female,2,rural,secondary,0,0,0,0,1,0,0,1,1,0,0
R009088,female,1,urban,secondary,0,0,0,0,0,0,0,0,1,0,1
R009089,female,1,urban,secondary,1,1,0,0,0,0,0,0,0,0,1
R009090,male,4,urban,tertiary,1,1,0,1,0,0,0,0,0,0,1
R009091,male,1,rural,tertiary,1,5,0,0,0,0,0,0,0,1,0
R009092,female,3,urban,secondary,1,5,0,0,0,0,0,0,0,1,0
R009093,male,4,urban,tertiary,1,12,0,0,0,0,0,0,0,0,1
R009094,female,5,rural,secondary,1,0,0,1,0,0,0,0,0,1,0
R009095,male,2,urban,primary,1,2,0,0,0,0,0,0,0,1,1
R009096,male,1,rural,secondary,0,0,0,0,0,0,1,0,1,0,0
R009097,male,2,rural,tertiary,1,1,1,0,0,0,0,0,0,0,0
R009098,male,5,urban,primary,1,1,1,0,0,0,0,0,0,1,1
R009099,female,5,rural,primary,1,2,0,1,0,0,0,0,0,1,0
R009100,female,2,urban,secondary,1,5,0,0,0,0,0,0,0,1,1
R009101,female,1,urban,none,0,0,0,0,0,0,1,1,0,1,1
R009102,female,1,urban,primary,0,0,0,0,0,0,0,1,1,1,1
R009103,female,5,urban,secondary,1,1,0,0,0,0,0,0,0,1,0
R009104,male,3,rural,tertiary,1,5,0,0,0,0,0,0,0,1,0
R009105,male,1,urban,secondary,1,5,1,0,0,0,0,0,0,1,0
R009106,male,4,rural,secondary,1,5,1,1,0,0,0,0,0,1,1
R009107,female,3,rural,primary,1,0,1,0,0,0,0,0,0,0,0
R009108,male,3,urban,none,0,0,0,0,0,0,1,0,0,0,1
R009109,male,1,urban,secondary,1,5,0,0,0,0,0,0,0,0,0
R009110,male,3,urban,secondary,1,0,0,0,0,0,0,0,0,1,0
R009111,male,2,urban,secondary,1,1,1,1,0,0,0,0,0,1,1
R009112,female,2,urban,secondary,1,2,0,0,0,0,0,0,0,1,1
R009113,female,1,rural,secondary,0,0,0,0,1,0,0,0,0,1,1
R009114,male,1,urban,primary,1,5,0,0,0,0,0,0,0,0,0
R009115,male,4,urban,secondary,1,2,1,1,0,0,0,0,0,1,1
R009116,male,3,rural,secondary,1,5,0,0,0,0,0,0,0,1,1
R009117,female,1,rural,primary,1,0,0,0,0,0,0,0,0,0,0
R009118,female,2,rural,secondary,1,30,1,1,0,0,0,0,0,1,0
R009119,male,2,urban,none,0,0,0,0,0,0,1,0,1,1,1
R009120,male,1,rural,none,0,0,0,0,1,0,0,0,1,0,0
R009121,male,1,rural,secondary,0,0,0,0,0,0,1,1,0,1,0
R009122,male,1,rural,secondary,0,0,0,0,1,1,0,1,0,0,0
R009123,female,5,urban,secondary,1,5,1,1,0,0,0,0,0,1,1
R009124,female,4,rural,none,0,0,0,0,0,1,0,1,1,1,0
R009125,male,2,urban,primary,1,12,0,1,0,0,0,0,0,0,0
R009126,female,1,rural,secondary,1,1,0,1,0,0,0,0,0,0,1
R009127,female,2,urban,tertiary,1,5,0,0,0,0,0,0,0,1,0
R009128,male,2,urban,primary,1,5,0,0,0,0,0,0,0,1,0
R009129,male,4,rural,primary,1,5,0,1,0,0,0,0,0,1,1
R009130,female,5,rural,secondary,0,0,0,0,0,1,0,0,1,1,1
R009131,male,3,rural,none,0,0,0,0,1,0,0,0,0,1,0
R009132,female,3,urban,primary,1,5,0,0,0,0,0,0,0,1,1
R009133,male,3,rural,primary,0,0,0,0,1,0,1,0,0,1,1
R009134,female,1,urban,secondary,1,0,0,0,0,0,0,0,0,0,0
R009135,female,2,urban,secondary,1,30,0,0,0,0,0,0,0,1,0
R009136,male,5,rural,primary,1,0,1,0,0,0,0,0,0,1,1
R009137,female,4,urban,secondary,1,12,0,1,0,0,0,0,0,0,0
R009138,male,1,urban,secondary,1,5,1,0,0,0,0,0,0,0,1
R009139,female,4,urban,primary,1,1,0,1,0,0,0,0,0,0,1
R009140,female,5,urban,none,1,0,0,0,0,0,0,0,0,0,1
R009141,female,5,urban,tertiary,1,5,0,1,0,0,0,0,0,1,1
R009142,male,4,rural,secondary,1,1,1,1,0,0,0,0,0,1,0
R009143,male,3,urban,primary,1,1,0,0,0,0,0,0,0,0,1
R009144,female,2,rural,secondary,0,0,0,0,1,1,0,0,1,0,1
R009145,male,5,urban,tertiary,1,2,1,1,0,0,0,0,0,1,1
R009146,male,4,urban,primary,1,30,1,0,0,0,0,0,0,1,1
R009147,male,1,urban,primary,1,30,1,0,0,0,0,0,0,0,0
R009148,female,2,rural,secondary,0,0,0,0,0,1,0,0,1,1,1
R009149,male,3,urban,primary,1,0,0,0,0,0,0,0,0,1,1
R009150,female,2,urban,primary,1,30,1,0,0,0,0,0,0,0,0
R009151,female,1,rural,secondary,1,1,0,0,0,0,0,0,0,0,1
R009152,female,1,urban,secondary,1,1,0,0,0,0,0,0,0,1,0
R009153,male,4,urban,tertiary,1,1,0,1,0,0,0,0,0,0,1
R009154,male,1,urban,primary,0,0,0,0,1,0,1,0,0,0,1
R009155,male,3,rural,primary,1,5,0,0,0,0,0,0,0,1,1
R009156,male,2,urban,secondary,1,30,0,1,0,0,0,0,0,0,0
R009157,male,1,urban,secondary,1,5,1,0,0,0,0,0,0,1,1
R009158,male,1,urban,primary,1,5,0,0,0,0,0,0,0,1,0
R009159,female,3,rural,secondary,1,5,0,0,0,0,0,0,0,1,0
R009160,female,3,rural,primary,1,2,1,0,0,0,0,0,0,1,1
R009161,female,1,urban,primary,0,0,0,0,1,0,0,1,1,0,0
R009162,female,1,urban,none,0,0,0,0,1,0,0,1,0,1,1
R009163,female,1,urban,secondary,1,5,0,0,0,0,0,0,0,0,0
R009164,female,4,urban,tertiary,1,1,0,0,0,0,0,0,0,1,0
R009165,female,4,rural,primary,0,0,0,0,1,0,0,1,1,1,1
R009166,female,5,rural,secondary,1,12,0,1,0,0,0,0,0,0,1
R009167,male,2,rural,none,1,1,0,0,0,0,0,0,0,0,1
R009168,female,3,rural,secondary,0,0,0,0,0,0,0,1,0,1,1
R009169,male,2,urban,tertiary,1,0,0,0,0,0,0,0,0,1,1
R009170,female,2,urban,primary,0,0,0,0,1,0,0,1,0,1,1
R009171,male,1,urban,secondary,1,5,0,0,0,0,0,0,0,0,0
R009172,male,3,urban,tertiary,1,12,0,0,0,0,0,0,0,0,1
R009173,female,2,urban,primary,1,1,0,1,0,0,0,0,0,1,0
R009174,female,3,rural,secondary,0,0,0,0,0,1,0,0,0,1,1
R009175,male,4,rural,primary,0,0,0,0,0,1,1,1,1,0,0
R009176,male,1,rural,tertiary,1,1,0,0,0,0,0,0,0,0,0
R009177,female,1,urban,primary,0,0,0,0,1,1,0,0,0,1,1
R009178,female,2,urban,primary,0,0,0,0,0,0,0,1,0,0,1
R009179,female,1,rural,secondary,0,0,0,0,1,1,0,0,0,1,0
R009180,male,1,rural,primary,1,12,0,0,0,0,0,0,0,0,0
R009181,female,1,urban,none,0,0,0,0,0,0,0,1,1,0,0
R009182,male,4,rural,primary,1,1,0,0,0,0,0,0,0,1,1
R009183,female,2,urban,secondary,1,12,0,0,0,0,0,0,0,1,0
R009184,male,2,urban,tertiary,1,5,1,0,0,0,0,0,0,1,1
R009185,female,4,rural,secondary,1,12,0,1,0,0,0,0,0,0,0
R009186,male,1,urban,secondary,1,1,0,0,0,0,0,0,0,0,0
R009187,female,4,rural,primary,0,0,0,0,0,1,0,0,1,0,0
R009188,male,4,rural,primary,1,2,1,0,0,0,0,0,0,1,0
R009189,male,3,urban,secondary,1,5,0,0,0,0,0,0,0,1,1
R009190,male,4,urban,primary,1,2,1,1,0,0,0,0,0,0,0
R009191,female,1,urban,primary,0,0,0,0,0,0,0,1,1,1,0
R009192,male,5,rural,secondary,1,2,0,1,0,0,0,0,0,1,1
R009193,female,4,urban,secondary,1,1,0,1,0,0,0,0,0,1,1
R009194,male,5,rural,secondary,1,12,0,0,0,0,0,0,0,1,1
R009195,male,4,rural,primary,1,5,0,1,0,0,0,0,0,0,0
R009196,male,1,urban,primary,1,30,0,0,0,0,0,0,0,1,1
R009197,male,4,rural,primary,1,1,0,0,0,0,0,0,0,1,0
R009198,female,3,rural,secondary,1,5,1,1,0,0,0,0,0,0,0
R009199,female,3,urban,none,0,0,0,0,1,0,0,0,1,1,0
R009200,male,2,urban,secondary,1,12,0,1,0,0,0,0,0,1,0
R009201,male,1,rural,tertiary,1,5,0,0,0,0,0,0,0,0,0
R009202,female,1,urban,secondary,1,12,0,0,0,0,0,0,0,0,1
R009203,male,5,urban,primary,1,5,0,1,0,0,0,0,0,1,1
R009204,male,5,urban,primary,1,2,0,0,0,0,0,0,0,1,1
R009205,male,1,urban,primary,1,12,0,0,0,0,0,0,0,1,1
R009206,male,5,urban,secondary,1,1,0,0,0,0,0,0,0,1,0
R009207,female,4,rural,secondary,1,1,0,1,0,0,0,0,0,1,0
R009208,female,4,rural,primary,1,2,1,1,0,0,0,0,0,1,0
R009209,female,3,urban,secondary,1,5,0,0,0,0,0,0,0,1,1
R009210,male,3,urban,primary,1,2,0,1,0,0,0,0,0,1,0
R009211,female,3,urban,secondary,1,12,0,0,0,0,0,0,0,0,1
R009212,female,2,rural,none,0,0,0,0,0,0,0,1,1,1,0
R009213,male,3,rural,tertiary,1,1,0,0,0,0,0,0,0,1,0
R009214,male,1,urban,primary,0,0,0,0,1,0,0,0,0,0,0
R009215,male,4,urban,secondary,1,1,0,1,0,0,0,0,0,0,1
R009216,male,1,urban,secondary,1,5,0,0,0,0,0,0,0,0,1
R009217,male,1,rural,secondary,0,0,0,0,0,1,0,0,0,0,0
R009218,male,4,urban,secondary,1,5,0,1,0,0,0,0,0,1,0
R009219,female,1,rural,primary,0,0,0,0,0,0,0,1,1,0,0
R009220,female,3,urban,none,0,0,0,0,0,0,0,0,0,1,0
R009221,female,1,rural,primary,0,0,0,0,0,1,0,0,0,0,1
R009222,male,3,urban,tertiary,1,30,0,0,0,0,0,0,0,0,0
R009223,female,3,rural,primary,1,12,0,0,0,0,0,0,0,1,1
R009224,female,3,urban,secondary,1,2,0,1,0,0,0,0,0,1,0
R009225,female,5,urban,none,1,1,0,1,0,0,0,0,0,0,1
R009226,female,1,rural,none,0,0,0,0,0,1,1,0,1,1,0
R009227,male,4,rural,primary,1,0,0,0,0,0,0,0,0,0,1
R009228,female,3,urban,primary,0,0,0,0,1,0,1,0,0,0,0
R009229,female,4,rural,primary,1,2,1,1,0,0,0,0,0,0,0
R009230,male,4,urban,secondary,1,2,1,0,0,0,0,0,0,1,1
R009231,male,4,urban,primary,1,5,1,0,0,0,0,0,0,1,0
R009232,female,2,urban,secondary,1,5,0,1,0,0,0,0,0,1,0
R009233,male,1,rural,primary,0,0,0,0,1,1,1,1,0,1,0
R009234,female,1,rural,secondary,0,0,0,0,0,0,0,0,0,1,0
R009235,female,5,rural,primary,0,0,0,0,0,0,0,0,0,1,1
R009236,male,1,urban,primary,1,5,1,0,0,0,0,0,0,0,1
R009237,male,4,urban,secondary,1,2,0,0,0,0,0,0,0,1,1
R009238,female,5,rural,tertiary,1,5,0,1,0,0,0,0,0,0,0
R009239,female,2,urban,primary,1,5,0,0,0,0,0,0,0,1,0
R009240,female,5,urban,secondary,1,5,1,0,0,0,0,0,0,1,1
R009241,male,4,urban,none,1,5,0,0,0,0,0,0,0,1,1
R009242,male,2,rural,primary,1,5,0,0,0,0,0,0,0,1,1
R009243,male,5,rural,secondary,0,0,0,0,1,1,0,0,0,1,1
R009244,female,1,urban,primary,0,0,0,0,0,0,1,0,0,0,1
R009245,female,3,urban,secondary,1,12,0,0,0,0,0,0,0,1,1
R009246,female,1,urban,secondary,1,0,0,1,0,0,0,0,0,1,0
R009247,female,4,urban,tertiary,1,5,1,1,0,0,0,0,0,1,1
R009248,female,3,rural,secondary,1,2,1,0,0,0,0,0,0,1,0
R009249,male,2,rural,primary,0,0,0,0,1,0,0,0,0,1,1
R009250,male,2,urban,none,1,1,0,0,0,0,0,0,0,1,1
R009251,male,2,rural,primary,1,12,0,0,0,0,0,0,0,0,0
R009252,female,2,urban,secondary,0,0,0,0,1,0,0,0,0,1,0
R009253,female,3,urban,secondary,1,30,0,1,0,0,0,0,0,0,0
R009254,male,1,urban,secondary,1,2,0,0,0,0,0,0,0,0,1
R009255,female,2,urban,none,0,0,0,0,1,0,1,0,0,0,1
R009256,male,3,rural,secondary,1,2,0,1,0,0,0,0,0,1,0
R009257,male,3,rural,none,0,0,0,0,1,0,1,0,0,0,0
R009258,female,2,urban,secondary,0,0,0,0,1,0,0,0,1,1,1
R009259,female,4,urban,tertiary,1,1,0,0,0,0,0,0,0,1,1
R009260,female,5,rural,primary,1,2,0,0,0,0,0,0,0,1,0
R009261,male,2,urban,none,0,0,0,0,0,0,0,0,1,0,1
R009262,male,4,urban,secondary,1,1,1,0,0,0,0,0,0,0,0
R009263,male,1,rural,tertiary,1,1,0,0,0,0,0,0,0,0,0
R009264,male,3,urban,tertiary,1,2,0,0,0,0,0,0,0,0,0
R009265,male,1,urban,none,0,0,0,0,0,0,0,1,1,1,1
R009266,female,1,urban,secondary,1,5,0,0,0,0,0,0,0,0,0
R009267,male,3,urban,none,0,0,0,0,0,0,0,0,0,0,0
R009268,male,1,urban,tertiary,1,1,0,0,0,0,0,0,0,1,1
R009269,male,5,urban,primary,1,1,0,1,0,0,0,0,0,1,1
R009270,female,1,urban,tertiary,1,1,0,0,0,0,0,0,0,0,0
R009271,male,4,rural,primary,0,0,0,0,0,0,0,0,1,1,1
R009272,male,3,urban,tertiary,1,2,1,0,0,0,0,0,0,0,1
R009273,female,3,urban,none,1,2,0,1,0,0,0,0,0,1,1
R009274,male,4,urban,none,1,2,1,1,0,0,0,0,0,1,1
R009275,male,3,urban,primary,1,12,0,1,0,0,0,0,0,0,0
R009276,male,4,urban,secondary,1,1,1,0,0,0,0,0,0,1,1
R009277,female,2,rural,secondary,1,1,1,1,0,0,0,0,0,0,0
R009278,male,3,urban,secondary,1,12,0,1,0,0,0,0,0,0,1
R009279,female,5,rural,secondary,1,1,1,1,0,0,0,0,0,1,1
R009280,male,3,urban,secondary,1,5,0,0,0,0,0,0,0,1,1
R009281,male,5,rural,secondary,1,1,0,1,0,0,0,0,0,1,1
R009282,female,2,rural,none,0,0,0,0,0,1,0,0,1,0,1
R009283,female,3,urban,none,0,0,0,0,1,0,1,0,0,0,1
R009284,female,4,urban,secondary,1,5,1,0,0,0,0,0,0,1,1
R009285,female,5,urban,secondary,1,1,0,0,0,0,0,0,0,1,1
R009286,female,1,urban,secondary,1,0,0,0,0,0,0,0,0,0,1
R009287,female,1,rural,secondary,0,0,0,0,0,0,1,0,0,0,0
R009288,male,5,rural,secondary,1,1,0,1,0,0,0,0,0,1,1
R009289,male,2,rural,secondary,1,12,0,0,0,0,0,0,0,0,0
R009290,female,2,urban,none,0,0,0,0,1,0,1,1,1,1,1
R009291,female,4,rural,tertiary,1,2,0,0,0,0,0,0,0,1,1
R009292,female,2,urban,primary,0,0,0,0,1,1,1,0,1,1,1
R009293,female,4,urban,secondary,1,1,0,0,0,0,0,0,0,1,0
R009294,male,5,urban,secondary,1,0,0,1,0,0,0,0,0,0,1
R009295,female,2,urban,tertiary,1,5,0,0,0,0,0,0,0,0,1
R009296,male,2,rural,secondary,1,30,0,1,0,0,0,0,0,0,0
R009297,female,2,urban,primary,1,12,0,0,0,0,0,0,0,1,1
R009298,male,2,urban,secondary,1,5,0,1,0,0,0,0,0,0,1
R009299,male,1,urban,secondary,1,1,0,0,0,0,0,0,0,0,0
R009300,female,1,urban,secondary,1,1,0,0,0,0,0,0,0,0,1
R009301,male,1,urban,tertiary,1,2,0,0,0,0,0,0,0,0,1
R009302,female,1,rural,secondary,0,0,0,0,0,1,1,0,1,0,1
R009303,male,2,rural,primary,1,12,1,0,0,0,0,0,0,0,0
R009304,female,3,rural,secondary,1,5,1,0,0,0,0,0,0,1,1
R009305,male,3,rural,secondary,0,0,0,0,1,1,0,0,0,1,0
R009306,female,3,urban,none,0,0,0,0,1,0,0,0,0,1,1
R009307,female,2,rural,primary,0,0,0,0,1,0,1,0,1,1,0
R009308,female,2,rural,secondary,1,30,0,1,0,0,0,0,0,0,0
R009309,male,1,rural,tertiary,1,2,0,0,0,0,0,0,0,0,0
R009310,female,1,rural,none,0,0,0,0,1,0,0,0,1,0,0
R009311,male,4,urban,secondary,1,12,1,0,0,0,0,0,0,1,1
R009312,female,2,urban,secondary,1,2,0,0,0,0,0,0,0,1,1
R009313,female,1,rural,tertiary,1,1,0,0,0,0,0,0,0,0,0
R009314,female,2,urban,secondary,1,2,0,0,0,0,0,0,0,1,1
R009315,male,2,rural,primary,1,12,1,1,0,0,0,0,0,0,0
R009316,male,2,urban,secondary,1,5,0,1,0,0,0,0,0,1,1
R009317,female,1,rural,none,0,0,0,0,0,1,0,1,0,1,0
R009318,male,4,rural,secondary,1,2,0,1,0,0,0,0,0,1,1
R009319,male,1,rural,tertiary,0,0,0,0,1,0,1,1,1,1,0
R009320,male,2,urban,primary,0,0,0,0,1,0,0,0,0,0,0
R009321,male,2,rural,secondary,1,2,0,0,0,0,0,0,0,0,0
R009322,male,4,rural,tertiary,1,12,1,1,0,0,0,0,0,1,0
R009323,female,2,rural,secondary,1,0,1,0,0,0,0,0,0,1,0
R009324,female,2,rural,secondary,0,0,0,0,0,1,1,0,1,0,0
R009325,male,1,urban,primary,1,12,0,1,0,0,0,0,0,0,0
R009326,male,2,urban,primary,1,2,1,0,0,0,0,0,0,0,1
R009327,male,2,urban,secondary,1,12,0,1,0,0,0,0,0,1,1
R009328,female,4,rural,primary,1,0,0,0,0,0,0,0,0,0,1
R009329,male,2,urban,secondary,0,0,0,0,0,1,1,0,1,0,1
R009330,male,1,urban,secondary,1,2,0,0,0,0,0,0,0,0,0
R009331,male,2,urban,none,0,0,0,0,1,0,0,0,1,0,1
R009332,female,1,rural,tertiary,1,1,1,0,0,0,0,0,0,0,0
R009333,male,4,urban,tertiary,1,12,0,0,0,0,0,0,0,1,1
R009334,male,4,rural,secondary,0,0,0,0,1,1,1,0,0,1,1
R009335,female,2,rural,tertiary,0,0,0,0,1,1,0,0,1,0,1
R009336,male,3,urban,none,1,5,0,1,0,0,0,0,0,1,1
R009337,male,4,urban,secondary,1,1,1,1,0,0,0,0,0,1,1
R009338,male,4,urban,primary,1,12,1,0,0,0,0,0,0,1,1
R009339,female,1,urban,tertiary,0,0,0,0,1,0,1,0,0,0,0
R009340,female,4,urban,secondary,1,5,0,0,0,0,0,0,0,1,1
R009341,female,5,rural,secondary,1,30,0,1,0,0,0,0,0,0,1
R009342,male,4,urban,primary,1,2,0,1,0,0,0,0,0,1,1
R009343,female,3,rural,secondary,0,0,0,0,1,0,1,1,0,1,1
R009344,female,2,rural,primary,0,0,0,0,1,1,0,0,0,0,0
R009345,female,5,urban,tertiary,1,12,0,0,0,0,0,0,0,0,1
R009346,male,1,urban,primary,0,0,0,0,1,0,1,0,1,1,0
R009347,female,4,rural,tertiary,1,0,0,1,0,0,0,0,0,1,1
R009348,female,2,rural,secondary,1,2,1,0,0,0,0,0,0,1,0
R009349,male,1,urban,none,0,0,0,0,0,0,0,1,1,1,1
R009350,female,1,rural,secondary,0,0,0,0,1,1,1,0,1,0,0
R009351,female,3,rural,secondary,1,1,0,1,0,0,0,0,0,1,1
R009352,male,1,urban,none,1,5,0,0,0,0,0,0,0,0,1
R009353,female,4,rural,primary,1,12,1,0,0,0,0,0,0,1,1
R009354,female,2,urban,primary,1,30,0,1,0,0,0,0,0,1,0
R009355,male,2,urban,primary,1,0,0,1,0,0,0,0,0,0,1
R009356,female,5,urban,secondary,1,2,1,0,0,0,0,0,0,1,1
R009357,male,1,rural,tertiary,1,2,0,0,0,0,0,0,0,1,0
R009358,female,1,rural,tertiary,0,0,0,0,0,1,0,0,1,1,1
R009359,female,2,rural,tertiary,1,5,0,0,0,0,0,0,0,1,0
R009360,female,5,urban,secondary,1,1,1,1,0,0,0,0,0,1,1
R009361,female,4,urban,secondary,1,5,0,1,0,0,0,0,0,0,1
R009362,female,5,rural,tertiary,1,30,0,1,0,0,0,0,0,1,1
R009363,female,2,rural,secondary,0,0,0,0,1,1,0,1,1,0,1
R009364,male,2,urban,secondary,0,0,0,0,0,0,1,0,0,1,0
R009365,female,2,rural,secondary,1,2,0,0,0,0,0,0,0,0,1
R009366,male,3,urban,secondary,1,2,0,0,0,0,0,0,0,1,1
R009367,female,3,urban,primary,1,2,0,1,0,0,0,0,0,1,1
R009368,male,5,urban,secondary,1,2,1,0,0,0,0,0,0,1,1
R009369,male,2,rural,secondary,1,0,0,1,0,0,0,0,0,0,1
R009370,female,4,rural,secondary,1,12,1,1,0,0,0,0,0,0,1
R009371,female,4,rural,secondary,1,0,0,1,0,0,0,0,0,0,1
R009372,female,1,urban,secondary,1,5,1,0,0,0,0,0,0,1,1
R009373,female,4,urban,secondary,1,5,0,0,0,0,0,0,0,1,1
R009374,female,2,urban,tertiary,0,0,0,0,1,0,1,0,0,0,1
R009375,female,4,rural,primary,1,2,0,0,0,0,0,0,0,0,0
R009376,male,4,urban,secondary,1,12,0,0,0,0,0,0,0,1,1
R009377,female,3,rural,tertiary,1,2,0,0,0,0,0,0,0,1,0
R009378,female,2,rural,tertiary,0,0,0,0,1,0,1,0,0,1,1
R009379,male,3,urban,tertiary,1,2,1,0,0,0,0,0,0,0,1
R009380,male,2,urban,none,1,1,0,0,0,0,0,0,0,0,1
R009381,male,5,rural,none,0,0,0,0,0,1,0,1,0,0,0
R009382,female,3,rural,secondary,1,1,0,1,0,0,0,0,0,1,0
R009383,male,3,rural,tertiary,1,1,1,0,0,0,0,0,0,1,0
R009384,female,3,urban,secondary,1,5,0,0,0,0,0,0,0,1,1
R009385,male,1,rural,primary,0,0,0,0,0,0,0,0,0,0,1
R009386,female,4,rural,secondary,0,0,0,0,1,1,0,0,1,0,1
R009387,male,2,rural,secondary,0,0,0,0,0,1,0,0,1,0,1
R009388,female,4,rural,primary,1,2,0,1,0,0,0,0,0,1,0
R009389,female,5,rural,tertiary,1,5,0,0,0,0,0,0,0,1,1
R009390,female,5,urban,secondary,1,1,0,0,0,0,0,0,0,1,1
R009391,female,5,urban,secondary,1,30,0,0,0,0,0,0,0,1,1
R009392,female,2,urban,tertiary,1,5,0,0,0,0,0,0,0,1,1
R009393,female,5,rural,tertiary,1,5,0,0,0,0,0,0,0,1,0
R009394,female,1,urban,primary,1,12,0,0,0,0,0,0,0,1,0
R009395,male,5,urban,primary,1,5,1,0,0,0,0,0,0,1,0
R009396,male,5,rural,tertiary,1,1,1,0,0,0,0,0,0,1,0
R009397,female,4,rural,secondary,1,0,0,1,0,0,0,0,0,1,1
R009398,female,2,urban,tertiary,0,0,0,0,0,0,1,0,0,0,1
R009399,female,2,urban,secondary,1,12,0,0,0,0,0,0,0,1,1
R009400,male,2,rural,secondary,1,0,1,0,0,0,0,0,0,0,0
R009401,male,4,urban,primary,1,0,1,1,0,0,0,0,0,1,0
R009402,female,2,urban,secondary,0,0,0,0,0,1,1,0,1,0,1
R009403,female,1,rural,tertiary,0,0,0,0,1,0,1,0,0,0,1
R009404,female,1,urban,primary,0,0,0,0,1,0,0,0,0,0,1
R009405,female,4,rural,tertiary,1,12,1,0,0,0,0,0,0,1,1
R009406,female,2,rural,primary,0,0,0,0,1,0,1,0,0,0,0
R009407,male,2,rural,secondary,1,12,0,1,0,0,0,0,0,1,0
R009408,male,5,rural,secondary,1,1,0,1,0,0,0,0,0,1,0
R009409,female,1,rural,secondary,0,0,0,0,0,0,1,0,1,1,0
R009410,female,2,rural,secondary,0,0,0,0,1,1,1,0,0,0,0
R009411,female,4,urban,none,0,0,0,0,0,0,0,0,0,1,0
R009412,male,5,urban,secondary,1,1,1,1,0,0,0,0,0,1,1
R009413,male,1,urban,primary,1,1,0,1,0,0,0,0,0,0,0
R009414,female,5,rural,secondary,1,1,0,1,0,0,0,0,0,1,1
R009415,female,2,urban,primary,0,0,0,0,0,0,1,0,1,1,0
R009416,male,3,urban,primary,1,1,0,1,0,0,0,0,0,0,1
R009417,female,2,urban,secondary,0,0,0,0,1,0,0,1,1,1,0
R009418,male,4,rural,tertiary,1,5,0,0,0,0,0,0,0,1,1
R009419,male,2,urban,secondary,0,0,0,0,1,0,1,0,0,0,0
R009420,male,2,rural,secondary,1,5,0,0,0,0,0,0,0,1,0
R009421,female,1,rural,secondary,0,0,0,0,0,1,0,1,0,0,1
R009422,male,1,urban,none,0,0,0,0,1,1,1,0,0,0,0
R009423,female,3,rural,tertiary,0,0,0,0,1,1,1,0,1,0,0
R009424,female,3,rural,secondary,1,5,0,1,0,0,0,0,0,0,0
R009425,male,5,urban,primary,1,1,0,0,0,0,0,0,0,1,1
R009426,female,3,urban,tertiary,1,5,0,1,0,0,0,0,0,1,1
R009427,male,1,urban,secondary,1,1,0,1,0,0,0,0,0,0,1
R009428,female,1,urban,tertiary,1,0,0,1,0,0,0,0,0,1,0
R009429,male,3,urban,none,1,0,0,0,0,0,0,0,0,1,1
R009430,female,3,rural,primary,1,2,0,1,0,0,0,0,0,0,1
R009431,male,4,urban,secondary,1,1,0,1,0,0,0,0,0,0,1
R009432,female,5,urban,none,1,30,1,0,0,0,0,0,0,0,1
R009433,male,1,rural,primary,1,12,0,0,0,0,0,0,0,1,0
R009434,female,1,urban,secondary,1,5,0,0,0,0,0,0,0,1,1
R009435,male,5,rural,secondary,1,5,0,0,0,0,0,0,0,1,1
R009436,female,1,rural,secondary,1,5,0,1,0,0,0,0,0,0,0
R009437,male,4,rural,secondary,1,5,0,1,0,0,0,0,0,1,0
R009438,female,2,rural,primary,0,0,0,0,1,1,0,1,1,0,1
R009439,male,2,rural,primary,0,0,0,0,1,0,0,0,0,0,1
R009440,female,5,rural,primary,0,0,0,0,1,1,1,0,1,0,0
R009441,male,4,urban,primary,1,1,0,1,0,0,0,0,0,0,1
R009442,male,2,rural,primary,1,5,0,1,0,0,0,0,0,1,0
R009443,female,1,rural,tertiary,1,12,0,0,0,0,0,0,0,0,0
R009444,male,4,urban,secondary,0,0,0,0,0,1,1,0,0,0,1
R009445,female,1,rural,secondary,1,5,0,0,0,0,0,0,0,1,1
R009446,female,2,urban,tertiary,0,0,0,0,0,1,0,0,0,0,1
R009447,male,1,rural,primary,1,2,1,1,0,0,0,0,0,1,0
R009448,female,2,rural,secondary,0,0,0,0,0,1,1,1,1,1,1
R009449,male,3,urban,primary,0,0,0,0,0,0,0,0,0,1,1
R009450,female,2,urban,secondary,1,2,0,1,0,0,0,0,0,1,1
R009451,female,2,rural,primary,0,0,0,0,1,1,0,1,1,1,1
R009452,female,5,rural,tertiary,1,2,0,1,0,0,0,0,0,1,1
R009453,male,1,urban,secondary,0,0,0,0,1,0,0,0,1,0,0
R009454,female,3,rural,secondary,1,5,0,0,0,0,0,0,0,0,1
R009455,male,4,urban,tertiary,1,1,0,1,0,0,0,0,0,1,0
R009456,male,5,rural,tertiary,1,1,1,1,0,0,0,0,0,1,1
R009457,female,4,rural,primary,1,12,1,0,0,0,0,0,0,1,1
R009458,male,1,urban,tertiary,1,5,0,0,0,0,0,0,0,0,1
R009459,male,5,urban,secondary,1,0,0,0,0,0,0,0,0,1,1
R009460,male,5,rural,none,0,0,0,0,1,1,1,0,0,1,0
R009461,female,2,rural,none,0,0,0,0,1,0,0,0,0,0,0
R009462,female,1,urban,secondary,1,5,0,0,0,0,0,0,0,0,1
R009463,female,4,rural,secondary,1,1,1,0,0,0,0,0,0,1,0
R009464,male,4,urban,tertiary,1,5,1,1,0,0,0,0,0,1,0
R009465,female,5,urban,secondary,1,30,1,0,0,0,0,0,0,1,1
R009466,female,1,urban,secondary,1,12,0,0,0,0,0,0,0,0,1
R009467,male,1,urban,secondary,0,0,0,0,1,0,1,0,0,0,0
R009468,female,1,rural,secondary,0,0,0,0,1,0,0,0,1,1,0
R009469,male,2,urban,secondary,1,5,1,0,0,0,0,0,0,0,1
R009470,male,1,rural,tertiary,1,5,0,0,0,0,0,0,0,0,0
R009471,male,3,urban,none,0,0,0,0,1,0,1,0,0,1,0
R009472,male,5,urban,secondary,1,5,0,1,0,0,0,0,0,1,1
R009473,male,5,rural,secondary,1,5,1,0,0,0,0,0,0,1,0
R009474,female,4,rural,primary,1,1,1,0,0,0,0,0,0,1,1
R009475,female,1,urban,none,0,0,0,0,0,0,1,1,1,0,1
R009476,male,5,urban,secondary,1,30,0,0,0,0,0,0,0,1,1
R009477,male,5,urban,none,1,30,0,1,0,0,0,0,0,1,1
R009478,male,2,urban,secondary,1,30,0,0,0,0,0,0,0,1,0
R009479,female,2,rural,primary,0,0,0,0,1,1,0,0,0,1,1
R009480,female,5,urban,secondary,1,5,0,1,0,0,0,0,0,1,1
R009481,male,2,rural,primary,1,1,1,1,0,0,0,0,0,1,0
R009482,male,2,urban,none,1,12,0,0,0,0,0,0,0,1,0
R009483,female,3,urban,primary,1,12,0,0,0,0,0,0,0,0,1
R009484,male,4,urban,secondary,1,5,0,1,0,0,0,0,0,1,1
R009485,male,1,rural,tertiary,1,1,0,0,0,0,0,0,0,1,0
R009486,female,4,urban,secondary,1,12,1,1,0,0,0,0,0,0,1
R009487,male,1,rural,tertiary,1,5,0,0,0,0,0,0,0,1,0
R009488,male,4,urban,secondary,1,5,0,0,0,0,0,0,0,1,1
R009489,male,2,rural,secondary,0,0,0,0,0,1,0,0,0,1,1
R009490,male,2,rural,secondary,1,30,0,0,0,0,0,0,0,0,1
R009491,male,5,urban,primary,1,1,1,1,0,0,0,0,0,1,1
R009492,male,3,urban,secondary,1,5,0,0,0,0,0,0,0,0,0
R009493,female,2,rural,tertiary,1,2,1,1,0,0,0,0,0,0,0
R009494,female,5,urban,secondary,1,12,0,1,0,0,0,0,0,1,1
R009495,female,1,urban,tertiary,1,30,0,0,0,0,0,0,0,1,1
R009496,male,1,rural,primary,1,2,0,0,0,0,0,0,0,1,0
R009497,female,1,urban,none,1,5,0,0,0,0,0,0,0,0,0
R009498,male,2,urban,secondary,1,30,0,1,0,0,0,0,0,0,0
R009499,female,4,urban,secondary,1,12,0,0,0,0,0,0,0,0,0
R009500,male,3,urban,primary,1,0,0,1,0,0,0,0,0,0,1
R009501,female,3,urban,primary,1,1,0,1,0,0,0,0,0,0,1
R009502,female,3,urban,primary,0,0,0,0,1,0,1,0,0,0,1
R009503,female,2,urban,secondary,1,1,0,1,0,0,0,0,0,1,1
R009504,female,1,urban,primary,0,0,0,0,0,0,1,1,0,0,1
R009505,male,4,urban,secondary,1,1,1,0,0,0,0,0,0,0,1
R009506,male,1,rural,secondary,1,2,0,1,0,0,0,0,0,1,0
R009507,male,3,urban,secondary,1,2,1,0,0,0,0,0,0,1,1
R009508,female,1,rural,secondary,0,0,0,0,0,0,1,0,1,1,0
R009509,male,2,urban,secondary,0,0,0,0,1,0,1,0,1,0,1
R009510,female,3,urban,primary,1,30,1,1,0,0,0,0,0,0,0
R009511,male,3,urban,secondary,1,12,1,0,0,0,0,0,0,0,1
R009512,female,1,urban,secondary,1,5,1,0,0,0,0,0,0,1,1
R009513,male,4,urban,tertiary,1,5,0,1,0,0,0,0,0,1,1
R009514,male,3,urban,secondary,1,12,1,0,0,0,0,0,0,1,0
R009515,male,4,urban,secondary,1,12,0,1,0,0,0,0,0,1,1
R009516,female,1,urban,tertiary,1,1,0,1,0,0,0,0,0,0,0
R009517,female,1,urban,primary,0,0,0,0,1,0,0,1,1,0,0
R009518,male,1,rural,primary,0,0,0,0,0,0,0,0,1,0,1
R009519,male,1,urban,primary,1,2,0,0,0,0,0,0,0,1,0
R009520,female,3,rural,secondary,1,5,1,0,0,0,0,0,0,0,1
R009521,female,2,urban,primary,1,30,0,0,0,0,0,0,0,1,1
R009522,male,3,rural,none,0,0,0,0,1,0,1,0,0,0,1
R009523,male,5,urban,secondary,1,1,0,1,0,0,0,0,0,1,1
R009524,male,4,urban,tertiary,1,1,0,0,0,0,0,0,0,0,1
R009525,male,1,rural,tertiary,1,30,0,0,0,0,0,0,0,1,0
R009526,female,3,urban,secondary,1,12,1,0,0,0,0,0,0,1,1
R009527,female,2,urban,secondary,1,5,1,0,0,0,0,0,0,0,0
R009528,female,3,rural,secondary,0,0,0,0,1,1,1,0,0,1,1
R009529,female,1,urban,none,0,0,0,0,1,0,0,1,0,0,0
R009530,female,5,rural,secondary,1,2,0,1,0,0,0,0,0,0,1
R009531,female,3,urban,secondary,1,2,0,0,0,0,0,0,0,0,1
R009532,female,1,rural,secondary,0,0,0,0,1,0,1,0,1,0,0
R009533,female,4,urban,primary,1,5,0,1,0,0,0,0,0,1,1
R009534,female,1,rural,tertiary,1,5,0,0,0,0,0,0,0,0,0
R009535,male,1,rural,primary,1,30,0,0,0,0,0,0,0,0,0
R009536,male,2,urban,primary,0,0,0,0,0,0,0,1,0,0,1
R009537,male,4,urban,primary,1,1,1,1,0,0,0,0,0,1,1
R009538,male,3,rural,tertiary,1,30,0,0,0,0,0,0,0,0,0
R009539,female,4,urban,primary,1,1,0,1,0,0,0,0,0,1,1
R009540,female,5,rural,primary,1,2,1,1,0,0,0,0,0,1,0
R009541,female,4,urban,primary,1,12,1,0,0,0,0,0,0,0,1
R009542,male,2,urban,primary,0,0,0,0,0,0,1,1,0,0,1
R009543,male,3,urban,none,1,12,0,1,0,0,0,0,0,1,1
R009544,female,2,urban,none,1,1,0,1,0,0,0,0,0,1,1
R009545,female,2,urban,secondary,1,2,1,0,0,0,0,0,0,1,0
R009546,female,2,urban,secondary,1,1,0,0,0,0,0,0,0,0,1
R009547,male,1,rural,secondary,1,12,0,0,0,0,0,0,0,1,1
R009548,male,4,urban,secondary,1,1,1,0,0,0,0,0,0,1,1
R009549,female,2,rural,secondary,1,12,0,0,0,0,0,0,0,1,1
R009550,female,2,rural,none,0,0,0,0,1,0,0,1,1,1,1
R009551,male,2,urban,primary,0,0,0,0,1,0,0,1,1,0,1
R009552,male,4,rural,secondary,1,0,0,1,0,0,0,0,0,1,0
R009553,female,1,urban,tertiary,1,1,0,1,0,0,0,0,0,1,0
R009554,female,4,urban,secondary,1,2,0,1,0,0,0,0,0,1,0
R009555,male,5,urban,secondary,1,1,0,0,0,0,0,0,0,1,1
R009556,male,4,rural,primary,1,5,0,1,0,0,0,0,0,1,0
R009557,female,5,urban,primary,1,1,1,0,0,0,0,0,0,1,1
R009558,female,1,urban,primary,0,0,0,0,1,0,1,0,0,0,1
R009559,female,2,urban,none,0,0,0,0,1,0,1,0,1,0,1
R009560,female,1,rural,primary,1,12,0,0,0,0,0,0,0,0,0
R009561,female,5,urban,secondary,1,12,1,1,0,0,0,0,0,1,1
R009562,female,4,rural,secondary,1,1,0,1,0,0,0,0,0,1,1
R009563,female,1,rural,secondary,1,1,0,0,0,0,0,0,0,1,0
R009564,female,1,rural,none,1,12,0,0,0,0,0,0,0,0,0
R009565,female,1,urban,primary,0,0,0,0,0,0,0,0,1,0,1
R009566,male,1,urban,primary,1,12,0,1,0,0,0,0,0,0,1
R009567,male,3,rural,tertiary,1,1,0,1,0,0,0,0,0,1,0
R009568,male,4,rural,primary,1,0,0,0,0,0,0,0,0,1,0
R009569,male,1,urban,primary,1,2,0,0,0,0,0,0,0,0,1
R009570,female,4,urban,primary,1,5,0,0,0,0,0,0,0,1,1
R009571,male,4,urban,secondary,1,1,0,0,0,0,0,0,0,0,1
R009572,female,2,urban,secondary,1,12,0,0,0,0,0,0,0,0,0
R009573,female,4,urban,tertiary,1,1,1,1,0,0,0,0,0,1,1
R009574,female,3,urban,none,0,0,0,0,0,0,0,1,0,1,1
R009575,female,2,urban,secondary,1,12,0,0,0,0,0,0,0,0,0
R009576,female,5,urban,secondary,1,12,0,0,0,0,0,0,0,0,0
R009577,male,2,urban,tertiary,1,1,0,0,0,0,0,0,0,0,1
R009578,male,1,rural,primary,0,0,0,0,0,1,0,0,0,1,1
R009579,male,4,rural,secondary,0,0,0,0,0,0,1,0,1,0,0
R009580,female,1,urban,secondary,1,30,0,0,0,0,0,0,0,1,1
R009581,male,1,rural,secondary,1,0,0,0,0,0,0,0,0,1,1
R009582,male,1,urban,secondary,1,2,0,0,0,0,0,0,0,0,1
R009583,male,1,rural,tertiary,1,12,1,0,0,0,0,0,0,0,0
R009584,male,1,urban,tertiary,1,0,0,0,0,0,0,0,0,0,1
R009585,male,1,urban,tertiary,1,12,0,0,0,0,0,0,0,1,1
R009586,female,1,urban,tertiary,1,5,1,0,0,0,0,0,0,0,1
R009587,male,3,rural,secondary,1,0,0,0,0,0,0,0,0,0,1
R009588,male,4,urban,secondary,1,5,0,1,0,0,0,0,0,1,1
R009589,female,1,urban,primary,1,2,0,0,0,0,0,0,0,0,0
R009590,female,1,rural,secondary,0,0,0,0,1,1,0,1,0,0,0
R009591,female,5,urban,secondary,1,5,0,1,0,0,0,0,0,0,1
R009592,male,1,urban,primary,0,0,0,0,0,0,1,1,1,0,1
R009593,male,5,rural,primary,1,5,0,0,0,0,0,0,0,1,0
R009594,male,5,urban,secondary,1,12,1,1,0,0,0,0,0,0,1
R009595,female,1,rural,secondary,0,0,0,0,0,1,0,1,0,0,0
R009596,male,3,urban,tertiary,1,0,0,1,0,0,0,0,0,0,1
R009597,female,1,urban,primary,0,0,0,0,1,0,0,1,0,1,1
R009598,male,5,rural,secondary,1,2,0,1,0,0,0,0,0,1,1
R009599,male,2,rural,secondary,1,1,0,0,0,0,0,0,0,1,1
R009600,female,3,rural,secondary,1,0,0,0,0,0,0,0,0,0,1
R009601,female,2,urban,primary,0,0,0,0,1,0,0,1,0,0,1
R009602,female,1,urban,none,0,0,0,0,0,0,1,1,0,0,0
R009603,male,3,urban,secondary,1,0,0,0,0,0,0,0,0,0,1
R009604,male,4,rural,secondary,1,2,0,0,0,0,0,0,0,1,1
R009605,male,1,urban,primary,1,5,0,0,0,0,0,0,0,0,1
R009606,male,4,rural,secondary,0,0,0,0,0,1,1,0,1,0,0
R009607,female,3,urban,tertiary,1,2,0,1,0,0,0,0,0,0,1
R009608,female,2,rural,none,0,0,0,0,1,1,0,0,0,0,0
R009609,male,2,urban,primary,0,0,0,0,0,0,1,1,0,0,0
R009610,male,2,rural,tertiary,0,0,0,0,1,1,0,0,1,0,1
R009611,male,4,rural,primary,1,12,1,1,0,0,0,0,0,1,1
R009612,male,4,rural,secondary,1,30,0,0,0,0,0,0,0,1,1
R009613,male,4,rural,none,1,1,1,0,0,0,0,0,0,1,1
R009614,female,2,rural,primary,0,0,0,0,1,0,1,0,0,1,0
R009615,male,4,rural,none,1,1,0,1,0,0,0,0,0,1,1
R009616,female,2,rural,secondary,0,0,0,0,1,0,0,1,1,0,1
R009617,male,2,urban,secondary,1,5,0,0,0,0,0,0,0,0,1
R009618,male,4,urban,secondary,1,1,1,1,0,0,0,0,0,1,1
R009619,male,3,urban,tertiary,1,12,1,0,0,0,0,0,0,0,0
R009620,male,4,rural,secondary,1,30,0,0,0,0,0,0,0,1,1
R009621,male,2,urban,primary,1,1,0,0,0,0,0,0,0,0,0
R009622,female,2,urban,secondary,1,0,1,0,0,0,0,0,0,1,1
R009623,female,1,urban,secondary,1,2,1,0,0,0,0,0,0,0,1
R009624,female,3,rural,tertiary,1,12,1,1,0,0,0,0,0,0,1
R009625,male,1,rural,secondary,1,1,0,0,0,0,0,0,0,1,1
R009626,male,2,urban,none,1,12,0,1,0,0,0,0,0,1,1
R009627,female,1,rural,primary,1,1,0,0,0,0,0,0,0,0,0
R009628,female,5,urban,none,1,0,0,1,0,0,0,0,0,1,1
R009629,male,2,rural,secondary,0,0,0,0,0,0,0,1,1,1,1
R009630,female,4,urban,secondary,1,5,0,0,0,0,0,0,0,1,1
R009631,male,1,rural,tertiary,1,0,0,0,0,0,0,0,0,1,1
R009632,male,4,urban,secondary,1,1,0,0,0,0,0,0,0,0,1
R009633,female,3,urban,primary,1,5,0,0,0,0,0,0,0,1,1
R009634,female,5,urban,tertiary,1,1,1,1,0,0,0,0,0,1,1
R009635,male,1,rural,none,1,5,0,0,0,0,0,0,0,0,0
R009636,male,2,urban,secondary,1,2,0,0,0,0,0,0,0,0,1
R009637,female,1,urban,secondary,1,5,0,1,0,0,0,0,0,1,1
R009638,male,1,rural,tertiary,1,5,0,0,0,0,0,0,0,0,1
R009639,female,2,rural,secondary,1,0,0,0,0,0,0,0,0,0,1
R009640,male,1,rural,primary,0,0,0,0,1,0,1,0,1,1,0
R009641,female,1,urban,secondary,1,5,0,0,0,0,0,0,0,0,1
R009642,male,2,urban,secondary,1,12,0,0,0,0,0,0,0,1,1
R009643,female,2,urban,secondary,1,5,0,0,0,0,0,0,0,1,1
R009644,male,2,urban,secondary,0,0,0,0,1,0,0,0,1,1,1
R009645,female,2,rural,tertiary,1,2,0,1,0,0,0,0,0,1,1
R009646,female,4,urban,secondary,1,2,0,1,0,0,0,0,0,0,1
R009647,male,4,urban,secondary,1,2,1,0,0,0,0,0,0,1,1
R009648,female,2,rural,tertiary,1,0,0,0,0,0,0,0,0,0,0
R009649,female,3,urban,secondary,1,2,0,1,0,0,0,0,0,0,1
R009650,female,5,urban,tertiary,0,0,0,0,1,0,1,0,0,1,1
R009651,male,2,urban,secondary,1,12,0,0,0,0,0,0,0,0,1
R009652,female,2,urban,tertiary,1,12,0,0,0,0,0,0,0,0,0
R009653,female,1,urban,secondary,1,5,0,0,0,0,0,0,0,0,1
R009654,female,4,urban,tertiary,1,1,0,0,0,0,0,0,0,0,1
R009655,male,4,urban,tertiary,1,2,1,0,0,0,0,0,0,1,1
R009656,male,2,rural,tertiary,1,12,0,0,0,0,0,0,0,0,1
R009657,male,2,urban,tertiary,1,2,0,0,0,0,0,0,0,0,1
R009658,female,4,urban,secondary,1,1,1,0,0,0,0,0,0,0,1
R009659,female,5,urban,secondary,1,0,0,0,0,0,0,0,0,1,1
R009660,female,5,rural,secondary,1,12,0,0,0,0,0,0,0,1,1
R009661,male,2,urban,secondary,1,5,0,0,0,0,0,0,0,0,0
R009662,female,3,urban,secondary,1,2,0,0,0,0,0,0,0,0,1
R009663,male,1,urban,none,0,0,0,0,0,0,1,1,0,0,0
R009664,male,1,urban,none,1,1,1,0,0,0,0,0,0,1,0
R009665,male,4,urban,tertiary,1,2,1,1,0,0,0,0,0,1,1
R009666,male,4,rural,secondary,1,5,0,1,0,0,0,0,0,1,0
R009667,female,2,urban,tertiary,1,5,0,1,0,0,0,0,0,0,0
R009668,female,1,rural,primary,0,0,0,0,1,1,0,0,0,0,0
R009669,female,2,rural,secondary,0,0,0,0,1,0,0,1,0,0,1
R009670,female,5,rural,secondary,1,1,0,1,0,0,0,0,0,0,1
R009671,female,5,rural,tertiary,1,5,1,1,0,0,0,0,0,1,1
R009672,female,2,rural,secondary,1,30,0,0,0,0,0,0,0,1,0
R009673,female,5,urban,primary,1,2,0,1,0,0,0,0,0,1,1
R009674,female,1,urban,tertiary,1,5,0,1,0,0,0,0,0,0,0
R009675,female,4,rural,none,0,0,0,0,0,1,0,1,1,1,1
R009676,male,1,rural,secondary,1,12,0,0,0,0,0,0,0,1,0
R009677,male,3,urban,secondary,1,30,0,0,0,0,0,0,0,0,0
R009678,male,3,urban,secondary,1,2,0,0,0,0,0,0,0,0,0
R009679,female,4,rural,secondary,0,0,0,0,1,0,0,0,0,1,1
R009680,female,1,urban,none,0,0,0,0,1,1,0,0,0,0,0
R009681,female,2,rural,secondary,1,5,1,0,0,0,0,0,0,0,0
R009682,female,3,urban,primary,1,2,0,0,0,0,0,0,0,1,0
R009683,female,5,urban,secondary,1,1,1,1,0,0,0,0,0,1,1
R009684,male,3,rural,tertiary,1,5,1,1,0,0,0,0,0,1,0
R009685,male,3,urban,none,1,2,0,1,0,0,0,0,0,0,1
R009686,female,5,urban,secondary,1,12,0,1,0,0,0,0,0,1,0
R009687,male,4,rural,secondary,1,5,1,1,0,0,0,0,0,1,0
R009688,female,1,urban,secondary,1,1,0,0,0,0,0,0,0,0,0
R009689,female,1,rural,primary,1,5,0,0,0,0,0,0,0,1,0
R009690,female,1,urban,secondary,1,12,0,0,0,0,0,0,0,0,1
R009691,female,3,urban,primary,1,1,0,0,0,0,0,0,0,1,0
R009692,male,2,rural,secondary,1,2,0,1,0,0,0,0,0,1,1
R009693,male,2,urban,secondary,1,12,0,0,0,0,0,0,0,1,0
R009694,female,1,rural,secondary,1,1,0,1,0,0,0,0,0,1,0
R009695,female,4,urban,tertiary,1,2,0,0,0,0,0,0,0,1,1
R009696,male,1,urban,primary,0,0,0,0,0,0,0,1,1,0,1
R009697,female,3,rural,secondary,1,1,1,1,0,0,0,0,0,1,0
R009698,female,4,urban,primary,1,12,0,0,0,0,0,0,0,1,1
R009699,female,3,rural,tertiary,1,0,1,0,0,0,0,0,0,1,1
R009700,female,2,rural,secondary,0,0,0,0,1,0,0,0,0,0,0
R009701,male,2,urban,tertiary,1,5,0,0,0,0,0,0,0,1,1
R009702,male,2,rural,primary,0,0,0,0,1,0,1,0,1,0,1
R009703,female,1,rural,primary,0,0,0,0,1,1,1,0,0,0,0
R009704,female,4,urban,secondary,0,0,0,0,1,0,0,0,1,1,1
R009705,male,5,rural,primary,1,2,1,0,0,0,0,0,0,1,0
R009706,male,3,urban,secondary,1,2,1,1,0,0,0,0,0,1,1
R009707,female,4,urban,secondary,1,1,0,0,0,0,0,0,0,0,1
R009708,female,2,urban,secondary,0,0,0,0,1,0,1,0,0,0,0
R009709,male,1,rural,secondary,1,1,0,0,0,0,0,0,0,0,0
R009710,female,3,rural,tertiary,0,0,0,0,0,0,1,0,0,0,1
R009711,male,1,urban,tertiary,1,30,0,0,0,0,0,0,0,0,1
R009712,male,1,rural,primary,1,0,0,0,0,0,0,0,0,1,0
R009713,female,5,urban,secondary,1,5,0,0,0,0,0,0,0,1,1
R009714,female,3,rural,tertiary,1,1,1,0,0,0,0,0,0,0,1
R009715,male,5,rural,primary,0,0,0,0,1,1,1,1,1,1,1
R009716,male,2,urban,primary,1,2,0,0,0,0,0,0,0,0,1
R009717,female,1,urban,secondary,1,5,0,0,0,0,0,0,0,1,1
R009718,female,2,urban,secondary,1,5,0,1,0,0,0,0,0,0,1
R009719,female,5,rural,tertiary,1,5,0,0,0,0,0,0,0,1,0
R009720,female,2,rural,tertiary,1,5,0,1,0,0,0,0,0,0,0
R009721,female,1,rural,primary,0,0,0,0,0,1,1,0,1,0,0
R009722,male,4,urban,none,1,30,0,1,0,0,0,0,0,1,1
R009723,female,1,urban,secondary,0,0,0,0,1,0,1,0,1,1,1
R009724,male,3,urban,tertiary,1,5,0,0,0,0,0,0,0,0,1
R009725,female,1,urban,primary,0,0,0,0,1,1,1,0,0,1,1
R009726,male,1,rural,tertiary,1,0,0,0,0,0,0,0,0,0,0
R009727,male,2,urban,secondary,1,2,0,0,0,0,0,0,0,0,0
R009728,female,2,urban,tertiary,0,0,0,0,1,0,0,0,0,1,0
R009729,male,1,rural,tertiary,1,5,0,0,0,0,0,0,0,0,0
R009730,female,1,urban,secondary,1,5,0,1,0,0,0,0,0,0,1
R009731,female,5,rural,primary,0,0,0,0,1,1,0,0,1,0,1
R009732,female,5,rural,primary,1,2,0,1,0,0,0,0,0,1,1
R009733,male,1,urban,primary,0,0,0,0,1,0,0,1,1,0,1
R009734,male,1,rural,primary,1,1,0,0,0,0,0,0,0,1,0
R009735,female,5,rural,secondary,0,0,0,0,1,0,0,0,0,1,0
R009736,male,3,rural,tertiary,1,1,0,0,0,0,0,0,0,1,0
R009737,female,1,rural,none,0,0,0,0,1,1,0,0,1,1,0
R009738,female,2,urban,tertiary,1,12,0,1,0,0,0,0,0,0,1
R009739,female,5,urban,secondary,1,1,0,1,0,0,0,0,0,1,1
R009740,female,3,rural,primary,1,1,0,1,0,0,0,0,0,0,1
R009741,female,3,rural,tertiary,1,0,0,0,0,0,0,0,0,0,1
R009742,male,1,urban,secondary,1,5,0,0,0,0,0,0,0,1,1
R009743,female,1,rural,none,0,0,0,0,1,0,1,1,1,0,0
R009744,female,2,rural,primary,1,2,0,1,0,0,0,0,0,1,0
R009745,male,5,urban,none,1,1,1,1,0,0,0,0,0,1,1
R009746,male,2,urban,secondary,1,2,0,0,0,0,0,0,0,0,1
R009747,female,1,rural,secondary,0,0,0,0,1,1,0,0,1,1,1
R009748,female,5,urban,primary,1,5,0,0,0,0,0,0,0,0,1
R009749,female,2,urban,tertiary,1,12,0,0,0,0,0,0,0,0,1
R009750,male,5,rural,tertiary,1,2,1,1,0,0,0,0,0,1,1
R009751,female,1,urban,none,0,0,0,0,1,0,1,1,1,0,0
R009752,male,5,urban,none,1,5,0,0,0,0,0,0,0,1,1
R009753,male,1,urban,primary,0,0,0,0,1,0,1,0,1,1,1
R009754,male,3,urban,secondary,1,5,0,0,0,0,0,0,0,1,0
R009755,female,5,rural,secondary,1,12,0,0,0,0,0,0,0,1,0
R009756,female,2,urban,secondary,1,12,0,0,0,0,0,0,0,0,1
R009757,male,2,rural,primary,1,1,0,0,0,0,0,0,0,0,1
R009758,male,2,urban,none,1,5,0,0,0,0,0,0,0,1,1
R009759,female,2,urban,secondary,0,0,0,0,1,0,1,1,1,1,0
R009760,female,2,rural,secondary,1,0,0,0,0,0,0,0,0,1,1
R009761,male,3,rural,secondary,1,5,0,0,0,0,0,0,0,0,0
R009762,female,4,urban,primary,1,12,0,0,0,0,0,0,0,0,0
R009763,female,1,rural,primary,0,0,0,0,0,0,0,0,1,0,0
R009764,male,2,rural,secondary,1,30,1,1,0,0,0,0,0,1,0
R009765,male,3,urban,secondary,1,2,0,0,0,0,0,0,0,1,1
R009766,female,1,urban,none,0,0,0,0,0,0,1,0,0,0,0
R009767,male,2,urban,secondary,1,5,0,0,0,0,0,0,0,0,0
R009768,female,1,rural,primary,0,0,0,0,0,0,1,0,1,0,1
R009769,male,2,urban,primary,1,5,0,1,0,0,0,0,0,0,1
R009770,female,5,urban,primary,1,2,0,1,0,0,0,0,0,0,1
R009771,male,1,rural,secondary,1,2,0,0,0,0,0,0,0,0,0
R009772,male,3,rural,primary,1,1,0,1,0,0,0,0,0,1,0
R009773,female,5,rural,none,1,2,0,1,0,0,0,0,0,1,0
R009774,female,2,urban,secondary,1,2,0,0,0,0,0,0,0,1,0
R009775,female,2,rural,tertiary,1,1,0,0,0,0,0,0,0,1,0
R009776,male,3,urban,secondary,1,2,0,0,0,0,0,0,0,0,1
R009777,male,2,rural,secondary,1,12,0,0,0,0,0,0,0,0,1
R009778,male,2,rural,none,0,0,0,0,1,0,1,0,1,1,0
R009779,female,1,urban,tertiary,1,2,0,0,0,0,0,0,0,1,1
R009780,female,4,urban,secondary,1,0,0,1,0,0,0,0,0,0,1
R009781,female,2,rural,primary,1,5,1,1,0,0,0,0,0,0,1
R009782,male,2,urban,secondary,1,2,0,1,0,0,0,0,0,0,0
R009783,female,2,urban,primary,1,12,0,1,0,0,0,0,0,0,1
R009784,female,1,urban,none,0,0,0,0,0,0,1,0,1,1,0
R009785,male,3,urban,secondary,1,12,0,1,0,0,0,0,0,1,0
R009786,male,2,urban,secondary,1,30,0,0,0,0,0,0,0,0,0
R009787,female,2,urban,secondary,1,1,0,0,0,0,0,0,0,0,1
R009788,male,4,urban,secondary,1,30,0,1,0,0,0,0,0,0,1
R009789,male,2,urban,secondary,1,1,1,0,0,0,0,0,0,0,1
R009790,male,4,urban,primary,1,0,0,0,0,0,0,0,0,1,1
R009791,female,5,urban,primary,1,30,1,0,0,0,0,0,0,1,1
R009792,female,1,urban,secondary,0,0,0,0,1,1,0,0,0,0,1
R009793,female,1,urban,secondary,1,0,0,0,0,0,0,0,0,0,1
R009794,male,1,urban,secondary,1,12,0,0,0,0,0,0,0,0,1
R009795,male,1,urban,tertiary,1,12,0,0,0,0,0,0,0,1,0
R009796,female,3,urban,secondary,1,2,0,1,0,0,0,0,0,0,0
R009797,female,4,urban,secondary,1,12,1,1,0,0,0,0,0,0,1
R009798,female,3,urban,tertiary,1,1,1,1,0,0,0,0,0,1,1
R009799,male,1,urban,secondary,0,0,0,0,0,0,1,0,1,0,0
R009800,male,5,urban,primary,1,30,0,1,0,0,0,0,0,1,1
R009801,female,4,urban,primary,0,0,0,0,0,0,0,0,0,0,1
R009802,male,1,urban,secondary,1,2,1,0,0,0,0,0,0,0,0
R009803,female,1,rural,primary,0,0,0,0,1,1,0,0,0,1,0
R009804,female,3,rural,primary,1,30,1,1,0,0,0,0,0,0,1
R009805,male,2,urban,none,0,0,0,0,1,0,1,1,1,0,0
R009806,male,1,rural,secondary,1,0,0,0,0,0,0,0,0,0,1
R009807,male,4,urban,none,1,5,0,0,0,0,0,0,0,1,1
R009808,male,2,urban,tertiary,1,0,0,1,0,0,0,0,0,1,0
R009809,female,4,urban,tertiary,1,12,0,0,0,0,0,0,0,1,1
R009810,male,2,urban,primary,1,5,0,0,0,0,0,0,0,0,1
R009811,male,2,urban,secondary,1,30,1,0,0,0,0,0,0,1,0
R009812,male,3,urban,secondary,1,12,0,1,0,0,0,0,0,1,1
R009813,female,2,urban,primary,1,5,0,0,0,0,0,0,0,0,1
R009814,female,4,rural,secondary,1,1,0,0,0,0,0,0,0,1,0
R009815,female,4,urban,secondary,1,1,1,0,0,0,0,0,0,0,1
R009816,female,1,urban,tertiary,1,0,0,0,0,0,0,0,0,0,0
R009817,male,4,urban,secondary,1,12,1,1,0,0,0,0,0,1,1
R009818,male,1,rural,secondary,0,0,0,0,1,0,0,0,1,0,1
R009819,female,3,rural,primary,1,1,0,0,0,0,0,0,0,1,0
R009820,female,5,urban,primary,1,1,0,0,0,0,0,0,0,1,1
R009821,female,4,rural,secondary,1,2,1,0,0,0,0,0,0,0,0
R009822,female,3,urban,none,0,0,0,0,1,1,1,1,1,0,1
R009823,male,5,rural,none,1,5,1,1,0,0,0,0,0,1,1
R009824,female,3,urban,secondary,1,5,0,0,0,0,0,0,0,0,1
R009825,female,3,rural,primary,0,0,0,0,0,0,0,0,1,1,1
R009826,male,5,urban,secondary,1,1,1,0,0,0,0,0,0,1,1
R009827,male,2,rural,tertiary,1,12,0,0,0,0,0,0,0,1,1
R009828,male,1,urban,secondary,1,1,0,0,0,0,0,0,0,0,1
R009829,female,2,rural,secondary,0,0,0,0,1,0,1,0,1,0,0
R009830,female,1,urban,tertiary,1,12,0,0,0,0,0,0,0,0,1
R009831,female,1,urban,secondary,1,5,0,0,0,0,0,0,0,0,0
R009832,female,2,rural,secondary,1,5,0,1,0,0,0,0,0,0,0
R009833,male,5,urban,none,1,2,0,1,0,0,0,0,0,1,1
R009834,male,2,urban,secondary,1,5,0,0,0,0,0,0,0,0,0
R009835,female,5,rural,primary,0,0,0,0,0,0,0,0,1,0,1
R009836,female,5,rural,tertiary,1,12,1,1,0,0,0,0,0,1,0
R009837,female,3,urban,primary,0,0,0,0,1,0,0,1,0,1,1
R009838,male,1,rural,primary,1,30,0,0,0,0,0,0,0,1,1
R009839,male,2,rural,primary,0,0,0,0,1,1,0,1,1,1,1
R009840,male,5,rural,primary,1,30,0,0,0,0,0,0,0,1,1
R009841,female,1,rural,secondary,0,0,0,0,1,1,0,0,1,0,0
R009842,male,1,rural,secondary,1,2,0,1,0,0,0,0,0,0,0
R009843,female,3,rural,secondary,1,5,1,0,0,0,0,0,0,0,0
R009844,female,4,urban,primary,1,1,1,0,0,0,0,0,0,1,1
R009845,male,3,rural,none,0,0,0,0,0,0,1,0,0,1,0
R009846,female,1,urban,primary,0,0,0,0,1,0,0,0,0,0,0
R009847,male,5,rural,none,1,12,1,1,0,0,0,0,0,0,1
R009848,male,1,rural,tertiary,1,2,0,0,0,0,0,0,0,0,0
R009849,male,3,rural,primary,1,5,0,1,0,0,0,0,0,1,1
R009850,female,5,urban,secondary,1,5,1,1,0,0,0,0,0,1,1
R009851,female,5,urban,none,1,5,0,0,0,0,0,0,0,0,1
R009852,female,5,rural,tertiary,1,12,0,1,0,0,0,0,0,1,0
R009853,female,2,urban,secondary,1,12,0,1,0,0,0,0,0,1,0
R009854,male,3,urban,primary,1,30,0,1,0,0,0,0,0,0,1
R009855,female,3,rural,primary,0,0,0,0,1,1,0,0,0,1,0
R009856,male,2,urban,secondary,1,5,0,0,0,0,0,0,0,1,0
R009857,female,5,urban,primary,1,30,0,1,0,0,0,0,0,1,1
R009858,male,2,urban,secondary,0,0,0,0,1,0,0,0,0,1,1
R009859,male,3,urban,secondary,1,12,1,1,0,0,0,0,0,0,1
R009860,female,4,rural,tertiary,1,1,1,0,0,0,0,0,0,1,1
R009861,female,1,urban,none,0,0,0,0,1,0,0,1,1,1,0
R009862,male,1,rural,none,0,0,0,0,1,1,0,0,0,1,0
R009863,female,3,urban,tertiary,1,1,1,1,0,0,0,0,0,1,0
R009864,male,4,rural,secondary,1,30,0,0,0,0,0,0,0,1,0
R009865,female,3,rural,secondary,0,0,0,0,0,0,1,1,1,1,1
R009866,male,4,urban,primary,0,0,0,0,0,0,0,1,0,0,1
R009867,female,2,rural,secondary,1,1,1,1,0,0,0,0,0,0,1
R009868,female,5,rural,secondary,1,30,1,0,0,0,0,0,0,1,0
R009869,female,1,rural,secondary,0,0,0,0,1,0,0,1,1,1,0
R009870,female,2,rural,primary,0,0,0,0,1,0,1,1,0,0,1
R009871,male,2,urban,secondary,1,1,1,0,0,0,0,0,0,0,1
R009872,female,1,urban,secondary,0,0,0,0,1,0,0,0,1,1,1
R009873,female,1,urban,secondary,0,0,0,0,0,0,0,0,0,1,1
R009874,male,3,urban,primary,1,2,1,1,0,0,0,0,0,1,1
R009875,male,1,rural,secondary,1,5,0,0,0,0,0,0,0,0,0
R009876,male,1,rural,tertiary,1,12,0,0,0,0,0,0,0,1,0
R009877,male,4,urban,tertiary,1,5,1,1,0,0,0,0,0,0,0
R009878,male,3,rural,none,0,0,0,0,1,0,0,0,1,1,1
R009879,female,3,rural,secondary,1,5,0,0,0,0,0,0,0,1,1
R009880,female,5,rural,secondary,1,1,1,1,0,0,0,0,0,1,1
R009881,female,1,urban,none,0,0,0,0,1,0,0,0,1,1,1
R009882,male,3,urban,primary,1,30,0,1,0,0,0,0,0,0,1
R009883,female,4,rural,secondary,1,5,0,1,0,0,0,0,0,1,1
R009884,female,1,urban,none,0,0,0,0,0,0,0,0,0,0,1
R009885,male,3,urban,tertiary,1,1,0,0,0,0,0,0,0,1,0
R009886,male,1,urban,secondary,0,0,0,0,0,0,0,1,1,1,1
R009887,male,3,rural,primary,1,1,0,0,0,0,0,0,0,1,1
R009888,female,4,urban,primary,1,5,1,0,0,0,0,0,0,1,1
R009889,male,2,rural,secondary,1,12,0,1,0,0,0,0,0,1,1
R009890,female,2,urban,none,0,0,0,0,1,0,0,0,1,1,1
R009891,female,2,urban,secondary,1,2,0,0,0,0,0,0,0,0,1
R009892,female,4,rural,primary,0,0,0,0,1,1,0,0,0,0,0
R009893,female,3,urban,tertiary,1,1,0,0,0,0,0,0,0,1,1
R009894,female,5,urban,tertiary,1,12,0,1,0,0,0,0,0,1,1
R009895,male,5,urban,secondary,1,1,1,0,0,0,0,0,0,1,1
R009896,female,3,rural,primary,1,1,0,0,0,0,0,0,0,0,1
R009897,female,1,urban,secondary,1,1,1,0,0,0,0,0,0,1,0
R009898,female,1,rural,tertiary,1,12,0,0,0,0,0,0,0,1,0
R009899,female,4,urban,none,1,1,0,0,0,0,0,0,0,1,1
R009900,male,1,urban,tertiary,1,12,0,0,0,0,0,0,0,0,1
R009901,male,2,rural,secondary,1,12,1,1,0,0,0,0,0,0,0
R009902,male,1,urban,secondary,1,12,0,0,0,0,0,0,0,1,0
R009903,female,2,urban,primary,0,0,0,0,1,0,1,0,1,0,1
R009904,male,1,urban,secondary,0,0,0,0,0,0,0,0,1,1,1
R009905,male,2,urban,secondary,1,12,1,0,0,0,0,0,0,1,0
R009906,male,2,urban,secondary,0,0,0,0,0,0,0,0,1,0,0
R009907,male,3,rural,secondary,1,2,0,1,0,0,0,0,0,1,0
R009908,female,3,rural,primary,1,5,1,0,0,0,0,0,0,0,1
R009909,male,3,urban,primary,0,0,0,0,1,0,1,0,1,0,1
R009910,female,2,rural,primary,1,1,0,0,0,0,0,0,0,1,1
R009911,female,5,rural,secondary,1,0,1,0,0,0,0,0,0,1,1
R009912,female,1,urban,secondary,1,5,0,0,0,0,0,0,0,0,0
R009913,male,2,rural,tertiary,1,5,0,1,0,0,0,0,0,1,1
R009914,male,1,urban,tertiary,0,0,0,0,1,0,0,0,1,1,0
R009915,male,2,urban,tertiary,1,12,0,1,0,0,0,0,0,0,1
R009916,female,2,rural,secondary,0,0,0,0,0,0,0,1,0,0,1
R009917,male,1,rural,secondary,0,0,0,0,1,0,1,1,0,1,1
R009918,male,3,rural,primary,1,5,0,0,0,0,0,0,0,0,1
R009919,male,4,rural,secondary,1,12,0,1,0,0,0,0,0,1,0
R009920,male,4,urban,primary,1,1,0,0,0,0,0,0,0,1,0
R009921,male,2,urban,primary,0,0,0,0,0,0,1,0,1,1,1
R009922,male,4,urban,secondary,1,2,0,1,0,0,0,0,0,1,1
R009923,male,3,urban,secondary,1,2,0,0,0,0,0,0,0,0,1
R009924,male,1,rural,primary,1,30,0,0,0,0,0,0,0,0,0
R009925,female,2,rural,none,0,0,0,0,0,1,0,0,1,0,0
R009926,male,4,urban,none,1,30,0,1,0,0,0,0,0,1,1
R009927,female,1,urban,none,1,12,0,0,0,0,0,0,0,0,1
R009928,female,5,urban,secondary,1,5,1,0,0,0,0,0,0,1,1
R009929,male,4,urban,secondary,1,12,1,1,0,0,0,0,0,0,0
R009930,male,1,urban,tertiary,1,2,1,0,0,0,0,0,0,0,0
R009931,male,3,rural,secondary,1,2,0,1,0,0,0,0,0,1,0
R009932,female,3,urban,none,0,0,0,0,0,1,0,0,0,1,1
R009933,male,3,urban,secondary,1,5,0,0,0,0,0,0,0,1,1
R009934,female,1,rural,tertiary,0,0,0,0,1,0,0,0,0,1,1
R009935,male,3,urban,primary,0,0,0,0,0,0,0,1,0,0,1
R009936,female,1,rural,secondary,1,5,0,0,0,0,0,0,0,0,0
R009937,male,1,urban,tertiary,1,1,1,0,0,0,0,0,0,0,0
R009938,female,5,rural,tertiary,1,2,0,1,0,0,0,0,0,1,1
R009939,male,1,urban,secondary,1,1,0,1,0,0,0,0,0,0,1
R009940,male,1,rural,secondary,0,0,0,0,1,0,0,0,1,0,0
R009941,female,4,rural,primary,1,5,0,0,0,0,0,0,0,1,0
R009942,female,2,urban,primary,1,2,0,0,0,0,0,0,0,0,1
R009943,female,3,rural,none,1,0,1,0,0,0,0,0,0,0,1
R009944,male,1,urban,primary,1,5,0,1,0,0,0,0,0,1,0
R009945,female,1,rural,secondary,1,30,0,0,0,0,0,0,0,0,0
R009946,male,1,urban,tertiary,1,12,0,0,0,0,0,0,0,1,0
R009947,female,1,urban,primary,1,30,0,1,0,0,0,0,0,1,1
R009948,female,1,urban,primary,0,0,0,0,1,0,0,1,0,0,0
R009949,male,2,urban,primary,1,12,0,0,0,0,0,0,0,1,1
R009950,female,1,rural,primary,1,5,0,0,0,0,0,0,0,1,0
R009951,male,5,rural,secondary,1,2,1,0,0,0,0,0,0,1,1
R009952,male,1,rural,secondary,0,0,0,0,1,1,0,0,0,0,0
R009953,female,2,rural,secondary,0,0,0,0,1,1,0,0,0,0,0
R009954,female,3,rural,primary,0,0,0,0,1,1,1,0,1,1,1
R009955,male,3,rural,none,0,0,0,0,1,1,0,0,1,1,0
R009956,female,1,urban,secondary,0,0,0,0,1,0,1,0,1,1,0
R009957,female,4,urban,secondary,1,2,1,0,0,0,0,0,0,1,1
R009958,male,4,rural,tertiary,1,5,1,1,0,0,0,0,0,1,0
R009959,male,3,urban,secondary,1,12,0,0,0,0,0,0,0,1,1
R009960,female,3,rural,primary,1,0,0,0,0,0,0,0,0,1,0
R009961,female,1,urban,primary,0,0,0,0,0,0,1,0,1,0,0
R009962,male,4,urban,none,1,2,0,0,0,0,0,0,0,1,1
R009963,male,1,rural,secondary,0,0,0,0,0,0,0,1,0,1,1
R009964,male,4,urban,secondary,1,5,1,0,0,0,0,0,0,1,1
R009965,male,2,urban,primary,1,0,0,1,0,0,0,0,0,1,1
R009966,male,4,urban,primary,1,0,1,1,0,0,0,0,0,0,1
R009967,male,2,rural,secondary,1,5,0,0,0,0,0,0,0,0,0
R009968,female,3,urban,secondary,1,30,0,0,0,0,0,0,0,0,0
R009969,female,1,urban,primary,1,5,0,1,0,0,0,0,0,0,1
R009970,female,1,rural,secondary,0,0,0,0,0,1,1,0,0,0,1
R009971,male,3,rural,none,1,2,0,0,0,0,0,0,0,0,1
R009972,male,2,urban,none,1,30,0,0,0,0,0,0,0,0,1
R009973,female,2,urban,tertiary,1,2,0,1,0,0,0,0,0,1,1
R009974,female,1,urban,secondary,1,5,0,0,0,0,0,0,0,0,0
R009975,female,1,urban,secondary,1,30,0,0,0,0,0,0,0,0,0
R009976,male,1,urban,secondary,0,0,0,0,0,0,1,1,1,1,1
R009977,female,5,urban,none,0,0,0,0,1,0,0,0,0,0,1
R009978,female,1,urban,primary,0,0,0,0,1,0,0,0,0,0,0
R009979,female,4,urban,none,0,0,0,0,0,0,1,1,0,0,1
R009980,female,1,urban,primary,1,12,0,0,0,0,0,0,0,0,1
R009981,male,5,urban,secondary,1,2,0,1,0,0,0,0,0,1,1
R009982,male,1,urban,secondary,1,12,0,0,0,0,0,0,0,0,0
R009983,female,3,urban,primary,1,12,0,0,0,0,0,0,0,0,1
R009984,male,5,urban,primary,1,5,0,1,0,0,0,0,0,1,1
R009985,male,3,rural,none,0,0,0,0,0,1,0,0,0,0,0
R009986,female,5,urban,secondary,1,5,1,1,0,0,0,0,0,1,1
R009987,male,5,urban,tertiary,1,12,0,1,0,0,0,0,0,1,1
R009988,male,4,rural,secondary,1,2,0,1,0,0,0,0,0,0,1
R009989,female,1,urban,tertiary,1,2,0,0,0,0,0,0,0,0,0
R009990,female,4,urban,secondary,1,1,0,0,0,0,0,0,0,1,0
R009991,male,3,urban,secondary,1,5,1,1,0,0,0,0,0,0,1
R009992,female,1,rural,primary,1,30,1,0,0,0,0,0,0,0,0
R009993,female,2,urban,none,0,0,0,0,1,0,0,0,0,0,0
R009994,female,5,urban,none,1,30,0,0,0,0,0,0,0,0,1
R009995,male,2,rural,none,1,2,0,0,0,0,0,0,0,0,0
R009996,male,2,rural,secondary,0,0,0,0,1,1,0,0,1,0,1
R009997,female,3,urban,secondary,1,12,1,1,0,0,0,0,0,0,0
R009998,male,4,rural,tertiary,1,12,1,0,0,0,0,0,0,1,0
R009999,female,4,rural,tertiary,1,1,1,0,0,0,0,0,0,1,1
R010000,male,1,rural,tertiary,1,30,0,0,0,0,0,0,0,0,0
R010001,male,1,rural,tertiary,1,5,0,1,0,0,0,0,0,1,1
R010002,female,1,rural,secondary,1,1,0,0,0,0,0,0,0,0,0
R010003,female,2,rural,secondary,0,0,0,0,0,1,0,1,0,0,0
R010004,female,3,rural,primary,1,5,0,0,0,0,0,0,0,1,0
R010005,male,4,rural,tertiary,1,5,1,0,0,0,0,0,0,1,0
R010006,male,4,urban,secondary,1,0,0,1,0,0,0,0,0,0,1
R010007,female,2,urban,tertiary,1,5,0,0,0,0,0,0,0,1,1
R010008,female,1,rural,secondary,0,0,0,0,0,0,0,0,1,0,1
R010009,male,1,urban,secondary,0,0,0,0,1,1,0,0,0,1,1
R010010,female,1,urban,secondary,0,0,0,0,1,1,1,1,1,0,0
R010011,female,1,rural,none,0,0,0,0,0,1,0,1,1,0,0
R010012,male,5,urban,primary,1,2,0,1,0,0,0,0,0,1,1
R010013,male,1,urban,primary,0,0,0,0,1,0,0,0,0,0,1
R010014,male,2,rural,secondary,1,5,0,0,0,0,0,0,0,1,1
R010015,male,1,urban,secondary,0,0,0,0,1,0,0,0,1,1,1
R010016,male,3,rural,none,0,0,0,0,0,0,0,0,1,0,1
R010017,female,2,urban,tertiary,1,30,0,1,0,0,0,0,0,1,0
R010018,male,1,urban,primary,1,2,0,0,0,0,0,0,0,0,0
R010019,female,4,urban,secondary,1,5,1,0,0,0,0,0,0,0,1
R010020,female,2,urban,primary,1,30,1,0,0,0,0,0,0,1,1
R010021,male,1,urban,tertiary,1,2,0,0,0,0,0,0,0,0,0
R010022,male,5,urban,primary,1,1,0,0,0,0,0,0,0,0,1
R010023,male,1,urban,tertiary,1,2,0,0,0,0,0,0,0,0,0
R010024,male,3,urban,primary,0,0,0,0,1,0,0,1,1,0,1
R010025,female,3,rural,secondary,0,0,0,0,1,1,1,0,0,0,1
R010026,female,3,urban,secondary,1,30,0,1,0,0,0,0,0,1,1
R010027,male,1,rural,tertiary,1,2,0,0,0,0,0,0,0,0,0
R010028,female,3,urban,secondary,1,2,0,0,0,0,0,0,0,1,1
R010029,male,1,urban,secondary,1,1,0,0,0,0,0,0,0,0,0
R010030,male,4,urban,secondary,1,5,1,0,0,0,0,0,0,1,1
R010031,female,3,urban,tertiary,1,12,0,1,0,0,0,0,0,1,1
R010032,male,3,rural,primary,1,5,0,1,0,0,0,0,0,1,0
R010033,male,3,urban,primary,1,1,0,1,0,0,0,0,0,1,1
R010034,female,2,urban,secondary,1,30,1,0,0,0,0,0,0,0,0
R010035,female,1,urban,secondary,0,0,0,0,1,0,0,0,0,0,1
R010036,male,5,urban,none,0,0,0,0,0,0,0,1,1,1,1
R010037,female,1,rural,primary,0,0,0,0,1,0,0,0,0,0,1
R010038,male,3,rural,secondary,1,30,0,1,0,0,0,0,0,0,0
R010039,male,1,urban,tertiary,1,5,0,0,0,0,0,0,0,1,0
R010040,female,1,urban,secondary,1,12,0,0,0,0,0,0,0,0,1
R010041,female,3,urban,tertiary,1,5,0,1,0,0,0,0,0,1,1
R010042,female,4,rural,tertiary,1,12,1,1,0,0,0,0,0,1,1
R010043,female,2,urban,primary,1,2,0,1,0,0,0,0,0,1,0
R010044,male,3,rural,secondary,1,1,0,1,0,0,0,0,0,0,0
R010045,female,3,urban,secondary,0,0,0,0,1,0,1,0,1,1,1
R010046,male,4,rural,tertiary,1,12,0,1,0,0,0,0,0,1,1
R010047,female,3,rural,primary,0,0,0,0,0,1,0,0,0,0,1
R010048,male,2,rural,secondary,0,0,0,0,1,1,1,0,0,1,1
R010049,female,3,urban,tertiary,1,2,0,0,0,0,0,0,0,1,1
R010050,male,1,urban,secondary,1,2,0,1,0,0,0,0,0,1,0
R010051,male,4,urban,none,1,1,0,0,0,0,0,0,0,1,1
R010052,female,1,rural,tertiary,0,0,0,0,1,0,1,0,1,1,0
R010053,male,3,urban,secondary,1,5,1,0,0,0,0,0,0,1,1
R010054,female,1,rural,secondary,1,12,0,0,0,0,0,0,0,0,1
R010055,male,3,rural,primary,1,2,0,1,0,0,0,0,0,1,0
R010056,female,1,urban,primary,0,0,0,0,1,0,0,0,0,0,0
R010057,female,4,rural,tertiary,1,0,0,0,0,0,0,0,0,0,0
R010058,male,1,rural,secondary,1,5,1,0,0,0,0,0,0,1,0
R010059,male,4,urban,tertiary,1,5,0,1,0,0,0,0,0,0,1
R010060,female,1,rural,secondary,1,5,0,0,0,0,0,0,0,0,1
R010061,male,2,rural,secondary,1,1,1,0,0,0,0,0,0,0,0
R010062,male,1,urban,tertiary,1,30,1,0,0,0,0,0,0,0,0
R010063,male,3,urban,tertiary,1,0,0,1,0,0,0,0,0,1,1
R010064,female,2,urban,secondary,1,5,0,0,0,0,0,0,0,1,0
R010065,male,3,urban,primary,1,5,0,1,0,0,0,0,0,0,1
R010066,male,5,rural,primary,1,30,1,0,0,0,0,0,0,0,1
R010067,male,4,urban,tertiary,1,12,0,0,0,0,0,0,0,0,1
R010068,female,1,urban,secondary,1,0,0,0,0,0,0,0,0,0,1
R010069,female,3,rural,primary,1,30,1,1,0,0,0,0,0,0,0
R010070,male,2,urban,primary,1,12,0,1,0,0,0,0,0,1,1
R010071,female,2,urban,tertiary,1,0,1,0,0,0,0,0,0,1,0
R010072,female,5,rural,tertiary,1,1,1,0,0,0,0,0,0,1,0
R010073,female,2,urban,primary,1,12,0,0,0,0,0,0,0,0,1
R010074,male,1,urban,primary,0,0,0,0,1,0,1,0,1,0,1
R010075,male,4,urban,secondary,1,2,1,0,0,0,0,0,0,1,1
R010076,female,4,urban,primary,1,2,0,0,0,0,0,0,0,1,1
R010077,male,1,urban,primary,1,1,0,1,0,0,0,0,0,0,1
R010078,female,1,urban,primary,0,0,0,0,0,0,0,0,0,1,1
R010079,male,4,urban,tertiary,1,5,0,1,0,0,0,0,0,0,0
R010080,male,4,urban,tertiary,1,2,1,0,0,0,0,0,0,1,0
R010081,male,5,urban,tertiary,1,2,0,1,0,0,0,0,0,1,1
R010082,male,5,urban,secondary,1,1,1,1,0,0,0,0,0,0,1
R010083,male,4,rural,secondary,1,5,0,1,0,0,0,0,0,1,0
R010084,female,1,urban,secondary,1,2,0,0,0,0,0,0,0,0,0
R010085,female,2,urban,secondary,0,0,0,0,0,0,0,0,1,1,1
R010086,female,2,rural,secondary,1,30,0,1,0,0,0,0,0,0,0
R010087,female,4,rural,tertiary,1,5,0,1,0,0,0,0,0,1,0
R010088,female,5,urban,secondary,1,1,1,0,0,0,0,0,0,0,0
R010089,female,5,urban,primary,1,1,1,1,0,0,0,0,0,1,0
R010090,female,2,urban,tertiary,1,30,0,0,0,0,0,0,0,1,1
R010091,male,1,urban,primary,1,1,0,0,0,0,0,0,0,1,0
R010092,female,3,rural,primary,0,0,0,0,1,0,1,1,0,0,0
R010093,female,1,rural,secondary,1,0,0,0,0,0,0,0,0,1,1
R010094,female,4,urban,secondary,1,1,0,1,0,0,0,0,0,1,0
R010095,female,2,rural,primary,1,1,0,0,0,0,0,0,0,1,0
R010096,female,2,urban,primary,1,1,0,0,0,0,0,0,0,0,1
R010097,male,2,urban,none,0,0,0,0,1,0,1,1,1,0,1
R010098,female,4,urban,secondary,1,1,0,1,0,0,0,0,0,0,0
R010099,female,3,rural,primary,1,1,0,0,0,0,0,0,0,0,1
R010100,female,2,rural,tertiary,1,12,0,1,0,0,0,0,0,1,0
R010101,male,2,rural,secondary,1,5,0,0,0,0,0,0,0,0,1
R010102,male,2,urban,none,1,1,1,1,0,0,0,0,0,1,1
R010103,female,2,rural,primary,1,12,1,0,0,0,0,0,0,1,1
R010104,female,2,urban,primary,1,1,0,0,0,0,0,0,0,0,1
R010105,female,4,rural,primary,0,0,0,0,1,1,0,0,0,0,0
R010106,female,1,rural,tertiary,1,5,0,0,0,0,0,0,0,1,1
R010107,female,2,urban,primary,0,0,0,0,1,1,0,0,0,1,1
R010108,male,3,urban,secondary,1,2,0,1,0,0,0,0,0,1,1
R010109,female,1,urban,secondary,1,5,0,0,0,0,0,0,0,0,0
R010110,male,4,rural,none,1,2,1,1,0,0,0,0,0,1,0
R010111,female,2,rural,tertiary,1,1,1,1,0,0,0,0,0,1,0
R010112,female,3,rural,primary,1,2,0,0,0,0,0,0,0,1,1
R010113,male,2,urban,none,0,0,0,0,1,1,1,1,0,1,1
R010114,female,1,rural,tertiary,0,0,0,0,1,0,0,0,1,1,0
R010115,male,3,urban,primary,1,5,0,1,0,0,0,0,0,1,1
R010116,male,3,urban,primary,1,0,1,0,0,0,0,0,0,0,1
R010117,female,2,urban,secondary,1,1,0,0,0,0,0,0,0,1,1
R010118,male,5,rural,secondary,1,5,0,0,0,0,0,0,0,1,0
R010119,female,3,urban,tertiary,0,0,0,0,1,0,0,0,0,0,0
R010120,male,4,rural,primary,0,0,0,0,1,0,0,0,1,0,1
R010121,female,5,rural,tertiary,1,12,0,1,0,0,0,0,0,1,0
R010122,male,4,urban,secondary,1,12,0,0,0,0,0,0,0,1,1
R010123,male,2,urban,primary,0,0,0,0,1,0,0,0,0,0,0
R010124,female,2,urban,secondary,0,0,0,0,0,0,0,0,1,0,0
R010125,male,1,rural,tertiary,1,1,0,1,0,0,0,0,0,0,0
R010126,female,3,urban,secondary,1,5,0,0,0,0,0,0,0,0,1
R010127,female,3,urban,tertiary,1,5,0,0,0,0,0,0,0,1,1
R010128,female,1,urban,primary,0,0,0,0,1,0,0,0,1,1,0
R010129,female,4,rural,tertiary,1,2,1,0,0,0,0,0,0,1,0
R010130,female,1,rural,secondary,0,0,0,0,1,1,0,0,1,0,0
R010131,female,2,urban,secondary,1,2,0,1,0,0,0,0,0,0,0
R010132,female,2,urban,primary,0,0,0,0,1,0,1,0,0,0,0
R010133,female,4,rural,primary,0,0,0,0,1,0,0,0,0,0,1
R010134,female,3,rural,primary,0,0,0,0,0,0,1,1,1,1,0
R010135,male,2,rural,secondary,0,0,0,0,0,1,1,0,1,0,0
R010136,female,1,urban,primary,1,5,0,0,0,0,0,0,0,0,0
R010137,female,4,rural,primary,1,2,1,1,0,0,0,0,0,1,0
R010138,female,5,urban,secondary,1,2,0,1,0,0,0,0,0,1,1
R010139,female,3,rural,primary,1,2,0,0,0,0,0,0,0,1,0
R010140,female,1,urban,primary,1,30,0,0,0,0,0,0,0,0,1
R010141,male,4,rural,primary,0,0,0,0,0,1,0,0,0,1,1
R010142,male,2,urban,secondary,1,1,0,0,0,0,0,0,0,0,0
R010143,male,2,urban,secondary,1,12,0,0,0,0,0,0,0,0,1
R010144,female,5,urban,none,1,5,0,0,0,0,0,0,0,1,0
R010145,male,2,rural,secondary,0,0,0,0,1,0,1,0,0,0,0
R010146,male,1,urban,secondary,0,0,0,0,0,0,0,0,1,0,0
R010147,female,3,rural,primary,1,5,1,1,0,0,0,0,0,1,1
R010148,male,1,rural,secondary,1,5,0,1,0,0,0,0,0,0,1
R010149,female,2,urban,secondary,1,12,0,0,0,0,0,0,0,0,0
R010150,male,1,rural,primary,1,2,0,1,0,0,0,0,0,0,0
R010151,female,3,rural,tertiary,1,5,0,0,0,0,0,0,0,0,1
R010152,male,1,urban,secondary,1,1,0,1,0,0,0,0,0,0,0
R010153,female,2,urban,primary,0,0,0,0,1,0,1,0,1,1,1
R010154,female,2,urban,secondary,1,5,1,0,0,0,0,0,0,0,1
R010155,male,1,urban,primary,1,12,1,1,0,0,0,0,0,0,1
R010156,male,1,urban,primary,1,30,0,0,0,0,0,0,0,0,0
R010157,male,1,urban,tertiary,1,30,0,0,0,0,0,0,0,1,1
R010158,female,2,rural,tertiary,1,5,0,0,0,0,0,0,0,0,1
R010159,female,5,urban,primary,1,2,0,1,0,0,0,0,0,0,1
R010160,male,3,rural,secondary,0,0,0,0,1,1,1,0,0,1,0
R010161,male,3,urban,primary,0,0,0,0,1,0,1,0,0,0,0
R010162,female,3,rural,primary,0,0,0,0,1,1,0,0,0,1,1
R010163,female,4,urban,secondary,1,0,0,0,0,0,0,0,0,1,1
R010164,female,1,rural,primary,0,0,0,0,0,1,0,0,0,1,0
R010165,female,3,rural,tertiary,0,0,0,0,1,1,0,0,0,1,1
R010166,female,4,rural,secondary,1,0,0,0,0,0,0,0,0,0,0
R010167,female,3,urban,secondary,1,30,0,0,0,0,0,0,0,0,1
R010168,male,2,urban,secondary,1,1,0,1,0,0,0,0,0,0,1
R010169,female,4,rural,tertiary,1,1,0,0,0,0,0,0,0,1,0
R010170,female,4,urban,primary,1,2,1,1,0,0,0,0,0,0,1
R010171,male,4,urban,primary,1,1,0,1,0,0,0,0,0,1,1
R010172,female,1,urban,tertiary,0,0,0,0,0,0,0,1,0,0,1
R010173,female,2,urban,none,0,0,0,0,1,0,0,1,1,0,1
R010174,male,3,urban,primary,1,30,1,1,0,0,0,0,0,1,1
R010175,female,4,rural,secondary,1,5,1,0,0,0,0,0,0,0,0
R010176,female,1,urban,secondary,1,2,0,0,0,0,0,0,0,1,1
R010177,male,1,urban,secondary,1,1,0,0,0,0,0,0,0,0,1
R010178,male,4,urban,secondary,1,5,0,0,0,0,0,0,0,1,0
R010179,male,2,rural,none,0,0,0,0,1,1,0,0,0,0,0
R010180,female,5,urban,secondary,1,30,0,1,0,0,0,0,0,0,1
R010181,male,1,rural,secondary,0,0,0,0,1,0,0,0,1,0,0
R010182,male,1,rural,secondary,1,5,0,1,0,0,0,0,0,0,1
R010183,female,4,urban,secondary,1,1,0,0,0,0,0,0,0,0,1
R010184,female,1,urban,secondary,0,0,0,0,1,0,1,0,0,0,1
R010185,female,3,urban,primary,0,0,0,0,0,0,0,0,0,1,1
R010186,female,4,urban,secondary,1,2,0,1,0,0,0,0,0,1,1
R010187,female,1,urban,primary,0,0,0,0,1,0,1,0,0,1,0
R010188,female,5,urban,primary,1,5,1,1,0,0,0,0,0,0,1
R010189,female,2,urban,tertiary,1,30,1,0,0,0,0,0,0,0,1
R010190,female,4,rural,secondary,1,5,0,0,0,0,0,0,0,1,1
R010191,female,5,urban,tertiary,1,2,0,0,0,0,0,0,0,1,1
R010192,female,2,urban,secondary,1,30,0,0,0,0,0,0,0,1,1
R010193,female,1,urban,secondary,1,5,0,0,0,0,0,0,0,0,1
R010194,female,2,urban,primary,0,0,0,0,1,0,0,1,1,1,1
R010195,male,4,urban,secondary,1,12,0,0,0,0,0,0,0,1,1
R010196,male,5,rural,secondary,1,5,1,1,0,0,0,0,0,1,1
R010197,male,2,urban,secondary,1,5,1,0,0,0,0,0,0,1,1
R010198,male,2,urban,tertiary,0,0,0,0,1,0,0,0,0,0,0
R010199,male,4,rural,secondary,1,2,0,0,0,0,0,0,0,1,1
R010200,female,5,urban,primary,0,0,0,0,0,1,0,0,0,1,1
R010201,female,5,urban,tertiary,1,12,1,1,0,0,0,0,0,1,1
R010202,female,4,urban,primary,1,2,0,1,0,0,0,0,0,1,1
R010203,male,5,rural,secondary,1,30,1,1,0,0,0,0,0,1,1
R010204,female,5,rural,primary,1,12,0,1,0,0,0,0,0,0,1
R010205,female,1,urban,primary,0,0,0,0,0,0,1,0,0,1,0
R010206,male,2,urban,secondary,0,0,0,0,1,0,0,0,1,0,0
R010207,female,1,rural,none,0,0,0,0,0,1,0,0,0,0,0
R010208,male,1,urban,primary,1,1,0,0,0,0,0,0,0,1,1
R010209,male,1,urban,primary,1,30,0,0,0,0,0,0,0,0,0
R010210,female,4,urban,primary,1,12,0,0,0,0,0,0,0,1,1
R010211,female,4,urban,none,1,5,0,0,0,0,0,0,0,1,1
R010212,female,3,rural,primary,1,1,1,0,0,0,0,0,0,0,1
R010213,female,1,urban,primary,0,0,0,0,0,0,0,1,1,1,0
R010214,male,3,urban,secondary,1,12,0,1,0,0,0,0,0,0,1
R010215,male,5,rural,secondary,1,1,0,0,0,0,0,0,0,1,1
R010216,male,2,rural,tertiary,1,2,1,0,0,0,0,0,0,1,0
R010217,male,1,urban,primary,0,0,0,0,0,0,0,1,0,1,1
R010218,female,3,urban,primary,1,1,0,0,0,0,0,0,0,1,1
R010219,female,5,urban,secondary,1,5,0,1,0,0,0,0,0,1,1
R010220,female,3,rural,tertiary,1,1,1,0,0,0,0,0,0,1,1
R010221,male,1,rural,none,0,0,0,0,0,0,0,0,1,0,0
R010222,female,1,urban,primary,1,5,1,0,0,0,0,0,0,0,0
R010223,female,2,urban,none,0,0,0,0,1,0,1,0,1,1,1
R010224,female,5,rural,secondary,1,1,0,0,0,0,0,0,0,1,0
R010225,female,3,urban,secondary,1,2,0,1,0,0,0,0,0,0,1
R010226,female,3,urban,primary,1,5,0,0,0,0,0,0,0,1,1
R010227,male,3,rural,primary,1,0,0,0,0,0,0,0,0,1,0
R010228,female,2,urban,secondary,1,0,0,1,0,0,0,0,0,1,0
R010229,male,4,rural,primary,1,1,0,0,0,0,0,0,0,1,1
R010230,male,2,urban,primary,1,2,0,0,0,0,0,0,0,1,0
R010231,male,4,urban,secondary,1,5,0,1,0,0,0,0,0,0,0
R010232,male,2,rural,secondary,1,12,0,0,0,0,0,0,0,1,0
R010233,male,1,urban,tertiary,0,0,0,0,1,0,0,0,1,0,0
R010234,female,2,rural,primary,0,0,0,0,1,0,1,0,1,1,0
R010235,male,4,urban,secondary,1,1,0,1,0,0,0,0,0,1,1
R010236,female,1,urban,secondary,1,2,0,0,0,0,0,0,0,0,1
R010237,male,4,urban,none,1,30,1,1,0,0,0,0,0,1,1
R010238,male,2,rural,primary,1,5,0,0,0,0,0,0,0,1,1
R010239,female,3,urban,primary,1,2,0,0,0,0,0,0,0,0,1
R010240,male,1,rural,tertiary,1,0,0,0,0,0,0,0,0,0,1
R010241,female,2,urban,secondary,1,5,0,1,0,0,0,0,0,0,1
R010242,female,1,urban,tertiary,1,1,0,0,0,0,0,0,0,0,0
R010243,male,2,urban,primary,1,2,0,1,0,0,0,0,0,1,1
R010244,female,4,urban,tertiary,1,1,0,1,0,0,0,0,0,1,1
R010245,female,4,rural,primary,1,12,0,1,0,0,0,0,0,0,0
R010246,female,2,rural,primary,1,5,0,0,0,0,0,0,0,0,0
R010247,female,2,urban,none,0,0,0,0,1,0,1,0,1,1,1
R010248,male,1,rural,none,0,0,0,0,0,0,0,0,1,0,1
R010249,female,5,urban,secondary,1,5,0,0,0,0,0,0,0,1,1
R010250,female,3,urban,tertiary,1,5,0,0,0,0,0,0,0,1,1
R010251,male,1,rural,tertiary,1,5,0,0,0,0,0,0,0,0,1
R010252,female,1,rural,primary,0,0,0,0,1,1,0,0,0,0,0
R010253,male,2,urban,primary,1,5,0,0,0,0,0,0,0,0,0
R010254,male,1,rural,none,0,0,0,0,0,1,0,0,1,0,1
R010255,female,5,urban,secondary,1,2,0,1,0,0,0,0,0,1,1
R010256,male,5,urban,primary,1,30,0,1,0,0,0,0,0,1,1
R010257,female,5,urban,tertiary,1,12,1,1,0,0,0,0,0,1,1
R010258,male,2,rural,secondary,0,0,0,0,0,1,0,0,1,0,0
R010259,male,1,rural,secondary,0,0,0,0,1,1,0,1,1,1,0
R010260,male,2,rural,primary,1,1,0,0,0,0,0,0,0,1,1
R010261,male,3,rural,primary,0,0,0,0,1,1,0,1,0,1,0
R010262,male,3,rural,secondary,1,2,0,0,0,0,0,0,0,0,0
R010263,female,3,rural,tertiary,0,0,0,0,1,1,0,0,1,1,1
R010264,male,1,urban,tertiary,1,5,0,0,0,0,0,0,0,0,0
R010265,female,2,rural,secondary,0,0,0,0,0,0,1,0,1,0,0
R010266,female,5,urban,secondary,1,5,0,0,0,0,0,0,0,1,1
R010267,male,5,rural,tertiary,1,30,1,0,0,0,0,0,0,1,1
R010268,male,1,urban,none,1,2,1,0,0,0,0,0,0,0,0
R010269,female,3,urban,primary,0,0,0,0,1,0,0,0,0,0,1
R010270,male,5,rural,primary,1,2,0,1,0,0,0,0,0,0,1
R010271,female,2,urban,primary,0,0,0,0,0,0,0,0,1,0,1
R010272,female,3,rural,tertiary,1,2,0,0,0,0,0,0,0,0,1
R010273,male,3,rural,secondary,1,2,0,1,0,0,0,0,0,0,0
R010274,male,4,rural,secondary,1,0,0,0,0,0,0,0,0,1,0
R010275,female,2,urban,secondary,1,30,0,0,0,0,0,0,0,0,1
R010276,female,3,rural,secondary,1,5,0,1,0,0,0,0,0,0,1
R010277,female,2,urban,secondary,1,5,0,0,0,0,0,0,0,1,0
R010278,female,2,urban,primary,1,30,0,0,0,0,0,0,0,0,0
R010279,male,4,urban,secondary,1,1,1,1,0,0,0,0,0,1,1
R010280,female,2,urban,secondary,0,0,0,0,1,0,1,0,1,1,1
R010281,female,5,rural,secondary,1,1,0,1,0,0,0,0,0,1,1
R010282,male,2,urban,secondary,0,0,0,0,1,0,1,0,0,0,1
R010283,male,1,rural,secondary,1,12,0,0,0,0,0,0,0,0,0
R010284,female,1,urban,secondary,1,5,0,0,0,0,0,0,0,0,0
R010285,male,1,rural,secondary,0,0,0,0,0,0,0,1,1,0,0
R010286,female,1,urban,none,1,5,0,0,0,0,0,0,0,0,1
R010287,female,3,urban,none,0,0,0,0,1,0,1,1,1,1,1
R010288,female,4,urban,secondary,1,0,0,0,0,0,0,0,0,1,0
R010289,male,2,urban,primary,1,12,0,1,0,0,0,0,0,1,1
R010290,female,2,urban,tertiary,1,12,0,0,0,0,0,0,0,1,0
R010291,male,3,urban,secondary,1,12,1,0,0,0,0,0,0,0,1
R010292,male,3,rural,secondary,1,12,0,0,0,0,0,0,0,0,1
R010293,female,1,urban,primary,0,0,0,0,0,0,0,1,1,0,0
R010294,male,2,urban,primary,1,5,0,0,0,0,0,0,0,0,0
R010295,male,4,rural,secondary,1,1,0,0,0,0,0,0,0,1,0
R010296,male,4,urban,secondary,0,0,0,0,0,0,0,0,0,1,1
R010297,male,5,urban,primary,1,1,0,0,0,0,0,0,0,1,1
R010298,female,4,rural,primary,1,0,0,0,0,0,0,0,0,1,1
R010299,female,2,urban,secondary,0,0,0,0,1,0,1,1,1,0,0
R010300,male,4,rural,secondary,1,2,1,1,0,0,0,0,0,0,1
R010301,female,5,rural,primary,1,5,0,0,0,0,0,0,0,1,1
R010302,male,4,urban,tertiary,1,2,0,0,0,0,0,0,0,1,1
R010303,female,1,urban,secondary,1,12,0,1,0,0,0,0,0,0,0
R010304,male,3,urban,primary,0,0,0,0,1,0,0,0,1,0,1
R010305,female,2,urban,secondary,1,30,0,0,0,0,0,0,0,0,0
R010306,female,2,urban,secondary,1,5,0,0,0,0,0,0,0,1,1
R010307,female,4,rural,secondary,1,12,0,1,0,0,0,0,0,0,1
R010308,female,4,rural,primary,1,1,0,0,0,0,0,0,0,0,1
R010309,male,1,rural,tertiary,0,0,0,0,1,1,0,0,0,0,0
R010310,male,4,rural,primary,1,30,0,0,0,0,0,0,0,0,1
R010311,male,4,rural,primary,0,0,0,0,0,1,0,1,1,0,1
R010312,male,1,urban,secondary,1,5,0,0,0,0,0,0,0,1,0
R010313,female,1,urban,secondary,1,12,0,0,0,0,0,0,0,1,0
R010314,male,5,urban,tertiary,1,2,0,1,0,0,0,0,0,0,1
R010315,male,2,urban,primary,1,2,1,0,0,0,0,0,0,1,1
R010316,female,3,rural,primary,1,5,1,1,0,0,0,0,0,0,1
R010317,female,5,urban,secondary,1,12,0,1,0,0,0,0,0,0,1
R010318,female,4,urban,secondary,0,0,0,0,1,0,1,0,1,1,1
R010319,male,1,urban,primary,1,2,0,0,0,0,0,0,0,0,1
R010320,male,2,rural,secondary,1,5,0,1,0,0,0,0,0,0,0
R010321,female,1,rural,tertiary,1,1,0,0,0,0,0,0,0,0,0
R010322,female,2,rural,secondary,0,0,0,0,0,0,0,0,0,0,1
R010323,female,4,urban,primary,1,1,0,1,0,0,0,0,0,0,0
R010324,male,2,urban,none,1,1,0,0,0,0,0,0,0,1,0
R010325,female,1,rural,secondary,1,2,0,1,0,0,0,0,0,1,1
R010326,male,1,urban,primary,1,1,0,0,0,0,0,0,0,0,0
R010327,male,1,rural,secondary,1,12,0,0,0,0,0,0,0,1,1
R010328,female,3,urban,tertiary,1,2,0,0,0,0,0,0,0,0,1
R010329,female,2,urban,secondary,1,1,1,0,0,0,0,0,0,0,0
R010330,female,2,urban,secondary,1,30,0,0,0,0,0,0,0,1,1
R010331,female,1,urban,primary,1,12,0,0,0,0,0,0,0,0,0
R010332,female,3,urban,secondary,1,12,0,0,0,0,0,0,0,1,1
R010333,female,4,urban,primary,1,5,1,1,0,0,0,0,0,1,1
R010334,male,4,rural,secondary,1,5,0,1,0,0,0,0,0,0,1
R010335,female,3,rural,tertiary,1,2,1,0,0,0,0,0,0,0,0
R010336,female,1,urban,none,0,0,0,0,0,0,1,1,0,0,0
R010337,male,2,rural,secondary,0,0,0,0,1,0,1,0,1,0,1
R010338,female,1,rural,secondary,0,0,0,0,0,0,1,0,1,1,0
R010339,male,2,rural,primary,1,30,0,0,0,0,0,0,0,0,0
R010340,female,3,urban,secondary,1,2,1,0,0,0,0,0,0,0,1
R010341,female,3,urban,primary,1,2,0,0,0,0,0,0,0,1,1
R010342,male,3,rural,secondary,1,5,0,1,0,0,0,0,0,0,0
R010343,male,2,urban,primary,1,1,0,0,0,0,0,0,0,1,1
R010344,male,4,urban,secondary,1,1,1,1,0,0,0,0,0,1,1
R010345,male,2,urban,tertiary,1,2,1,1,0,0,0,0,0,1,0
R010346,female,2,urban,tertiary,1,5,0,1,0,0,0,0,0,1,0
R010347,male,2,rural,tertiary,1,30,0,0,0,0,0,0,0,0,0
R010348,female,3,urban,primary,0,0,0,0,0,0,0,1,0,0,1
R010349,female,2,rural,secondary,1,0,0,1,0,0,0,0,0,1,0
R010350,male,1,rural,primary,0,0,0,0,0,0,0,0,0,1,0
R010351,male,4,rural,secondary,1,12,0,0,0,0,0,0,0,1,0
R010352,female,3,rural,secondary,0,0,0,0,1,0,1,0,0,0,1
R010353,female,3,urban,secondary,0,0,0,0,0,0,1,0,1,1,1
R010354,male,1,rural,secondary,0,0,0,0,0,0,1,0,1,0,0
R010355,male,2,urban,primary,0,0,0,0,1,0,0,0,0,1,1
R010356,female,2,urban,secondary,1,1,0,0,0,0,0,0,0,0,1
R010357,male,1,rural,primary,0,0,0,0,1,0,0,0,0,1,0
R010358,male,3,rural,secondary,1,30,1,1,0,0,0,0,0,0,0
R010359,female,1,rural,secondary,0,0,0,0,0,1,0,0,1,1,0
R010360,male,1,urban,secondary,1,2,1,1,0,0,0,0,0,0,1
R010361,male,2,rural,secondary,1,12,1,0,0,0,0,0,0,1,0
R010362,female,3,rural,primary,1,5,0,1,0,0,0,0,0,1,1
R010363,male,3,urban,secondary,1,5,0,0,0,0,0,0,0,1,1
R010364,female,3,urban,secondary,0,0,0,0,1,0,0,0,1,1,0
R010365,female,1,rural,primary,0,0,0,0,0,0,1,0,1,1,0
R010366,female,2,urban,secondary,1,1,0,0,0,0,0,0,0,1,1
R010367,male,5,rural,secondary,1,1,0,1,0,0,0,0,0,1,1
R010368,male,3,rural,secondary,1,2,0,1,0,0,0,0,0,1,0
R010369,male,3,rural,secondary,1,5,0,0,0,0,0,0,0,0,0
R010370,female,2,rural,tertiary,1,12,0,0,0,0,0,0,0,0,1
R010371,male,5,rural,primary,1,2,0,0,0,0,0,0,0,1,1
R010372,female,3,urban,primary,1,30,0,0,0,0,0,0,0,0,1
R010373,female,2,rural,secondary,0,0,0,0,0,1,1,1,1,1,0
R010374,female,1,urban,primary,0,0,0,0,1,0,1,0,0,0,0
R010375,female,1,urban,secondary,0,0,0,0,1,0,1,0,0,0,1
R010376,male,1,urban,primary,1,5,0,0,0,0,0,0,0,0,1
R010377,male,2,urban,tertiary,1,30,0,0,0,0,0,0,0,0,0
R010378,male,1,urban,tertiary,1,12,0,0,0,0,0,0,0,1,1
R010379,male,3,rural,secondary,1,2,1,1,0,0,0,0,0,1,1
R010380,male,2,rural,primary,0,0,0,0,0,0,1,0,0,1,0
R010381,female,5,rural,tertiary,1,1,0,0,0,0,0,0,0,0,1
R010382,female,2,urban,tertiary,0,0,0,0,0,1,0,1,0,0,0
R010383,female,3,rural,secondary,1,1,0,0,0,0,0,0,0,1,1
R010384,male,5,rural,tertiary,1,2,0,1,0,0,0,0,0,1,1
R010385,female,1,urban,secondary,0,0,0,0,1,0,1,1,0,0,1
R010386,female,1,urban,secondary,1,12,0,1,0,0,0,0,0,0,1
R010387,male,1,rural,tertiary,0,0,0,0,1,1,1,1,0,0,1
R010388,male,3,rural,primary,1,1,0,1,0,0,0,0,0,0,1
R010389,male,5,urban,secondary,1,0,0,1,0,0,0,0,0,1,1
R010390,female,3,urban,tertiary,1,2,0,0,0,0,0,0,0,0,1
R010391,female,2,urban,none,0,0,0,0,0,1,0,0,1,0,0
R010392,male,3,urban,secondary,1,1,0,1,0,0,0,0,0,1,0
R010393,male,5,urban,none,0,0,0,0,1,0,1,0,1,1,1
R010394,male,4,urban,primary,1,5,0,0,0,0,0,0,0,1,1
R010395,female,5,urban,none,1,5,1,1,0,0,0,0,0,1,1
R010396,female,2,urban,primary,1,0,1,0,0,0,0,0,0,1,1
R010397,male,5,urban,primary,1,5,0,1,0,0,0,0,0,0,0
R010398,male,1,urban,secondary,1,2,0,0,0,0,0,0,0,0,0
R010399,female,1,urban,primary,0,0,0,0,1,0,1,0,1,1,0
R010400,male,2,urban,secondary,1,5,0,0,0,0,0,0,0,1,1
R010401,male,4,urban,primary,1,2,1,1,0,0,0,0,0,0,1
R010402,female,2,rural,tertiary,0,0,0,0,1,1,0,0,1,0,1
R010403,male,2,rural,primary,0,0,0,0,0,1,0,1,0,1,1
R010404,male,1,rural,none,0,0,0,0,1,1,1,0,1,0,0
R010405,female,4,urban,primary,1,30,0,0,0,0,0,0,0,1,0
R010406,female,1,urban,primary,0,0,0,0,1,0,0,0,1,0,1
R010407,male,3,rural,primary,1,12,0,0,0,0,0,0,0,1,0
R010408,male,3,urban,secondary,1,1,0,1,0,0,0,0,0,0,1
R010409,female,1,rural,tertiary,0,0,0,0,1,0,0,0,1,1,1
R010410,male,3,urban,secondary,1,12,1,1,0,0,0,0,0,0,1
R010411,female,2,urban,primary,0,0,0,0,1,1,0,0,1,1,0
R010412,male,1,urban,tertiary,1,0,0,0,0,0,0,0,0,1,1
R010413,male,1,rural,secondary,1,30,0,0,0,0,0,0,0,0,0
R010414,male,4,rural,secondary,1,2,0,1,0,0,0,0,0,0,1
R010415,male,5,rural,tertiary,1,5,0,1,0,0,0,0,0,0,0
R010416,male,5,urban,secondary,0,0,0,0,1,0,1,0,0,1,1
R010417,female,3,urban,tertiary,1,0,0,0,0,0,0,0,0,0,1
R010418,male,4,urban,primary,1,5,0,1,0,0,0,0,0,1,1
R010419,male,4,urban,primary,1,1,0,1,0,0,0,0,0,1,1
R010420,female,1,rural,none,1,2,1,1,0,0,0,0,0,0,0
R010421,female,1,urban,secondary,0,0,0,0,1,0,0,1,0,0,1
R010422,male,5,urban,secondary,1,2,1,0,0,0,0,0,0,1,1
R010423,male,4,rural,primary,1,2,0,0,0,0,0,0,0,0,1
R010424,male,4,rural,primary,1,5,0,0,0,0,0,0,0,1,0
R010425,male,4,rural,none,1,2,1,0,0,0,0,0,0,1,1
R010426,female,4,urban,secondary,1,5,0,1,0,0,0,0,0,1,0
R010427,female,5,urban,secondary,1,2,1,0,0,0,0,0,0,1,1
R010428,male,3,urban,secondary,1,1,1,0,0,0,0,0,0,1,1
R010429,female,5,rural,secondary,1,5,0,0,0,0,0,0,0,1,1
R010430,male,4,urban,primary,1,5,0,1,0,0,0,0,0,0,1
R010431,female,3,urban,secondary,1,5,1,0,0,0,0,0,0,1,0
R010432,female,4,urban,none,1,12,1,0,0,0,0,0,0,0,1
R010433,male,2,urban,primary,0,0,0,0,0,0,1,0,0,0,0
R010434,male,1,urban,secondary,0,0,0,0,0,0,1,1,1,0,0
R010435,female,4,urban,tertiary,1,0,0,0,0,0,0,0,0,1,1
R010436,male,2,rural,secondary,1,2,0,0,0,0,0,0,0,0,0
R010437,female,2,rural,tertiary,1,2,0,1,0,0,0,0,0,1,0
R010438,male,4,urban,tertiary,1,2,0,1,0,0,0,0,0,1,1
R010439,female,2,rural,tertiary,1,5,0,0,0,0,0,0,0,1,1
R010440,male,4,urban,primary,1,2,1,0,0,0,0,0,0,1,0
R010441,female,2,urban,none,1,5,1,1,0,0,0,0,0,1,1
R010442,female,3,rural,primary,1,5,0,0,0,0,0,0,0,1,1
R010443,male,3,rural,secondary,1,1,0,1,0,0,0,0,0,1,0
R010444,male,3,urban,primary,1,2,0,1,0,0,0,0,0,0,0
R010445,male,1,urban,primary,1,12,0,1,0,0,0,0,0,1,1
R010446,male,3,urban,secondary,1,1,0,0,0,0,0,0,0,1,1
R010447,male,2,urban,secondary,1,30,1,0,0,0,0,0,0,1,0
R010448,female,4,urban,secondary,1,5,0,0,0,0,0,0,0,1,1
R010449,female,2,urban,secondary,1,12,0,1,0,0,0,0,0,1,1
R010450,male,1,rural,primary,1,5,0,0,0,0,0,0,0,0,1
R010451,female,3,rural,primary,1,2,1,0,0,0,0,0,0,1,0
R010452,male,5,rural,tertiary,1,5,0,1,0,0,0,0,0,1,1
R010453,female,5,urban,secondary,1,1,0,1,0,0,0,0,0,1,1
R010454,female,4,rural,tertiary,1,1,0,0,0,0,0,0,0,0,0
R010455,male,2,urban,secondary,1,30,0,1,0,0,0,0,0,0,1
R010456,female,1,urban,tertiary,1,1,0,1,0,0,0,0,0,1,1
R010457,male,2,rural,none,0,0,0,0,0,0,1,0,1,1,0
R010458,male,4,rural,secondary,1,1,1,0,0,0,0,0,0,0,1
R010459,male,3,rural,tertiary,1,2,0,0,0,0,0,0,0,1,0
R010460,female,1,urban,secondary,1,5,0,1,0,0,0,0,0,0,1
R010461,male,2,rural,none,0,0,0,0,1,0,1,1,1,1,1
R010462,male,2,urban,secondary,1,1,0,0,0,0,0,0,0,0,1
R010463,female,3,rural,primary,0,0,0,0,1,0,1,1,1,1,0
R010464,male,4,rural,secondary,1,1,1,0,0,0,0,0,0,0,1
R010465,female,1,urban,primary,0,0,0,0,0,0,1,1,0,1,0
R010466,male,3,urban,secondary,0,0,0,0,0,0,1,0,0,0,1
R010467,female,2,urban,tertiary,1,1,0,0,0,0,0,0,0,1,1
R010468,female,1,urban,tertiary,1,5,0,0,0,0,0,0,0,1,1
R010469,male,4,urban,secondary,1,5,0,0,0,0,0,0,0,0,1
R010470,female,2,urban,none,1,1,1,0,0,0,0,0,0,0,1
R010471,female,3,urban,primary,0,0,0,0,0,0,1,1,0,0,1
R010472,male,3,rural,secondary,1,2,0,1,0,0,0,0,0,0,1
R010473,male,3,rural,tertiary,1,5,0,1,0,0,0,0,0,1,1
R010474,male,5,urban,none,0,0,0,0,1,0,0,1,1,1,1
R010475,male,5,urban,primary,1,1,1,1,0,0,0,0,0,1,1
R010476,male,3,rural,tertiary,1,2,0,1,0,0,0,0,0,1,1
R010477,female,3,rural,tertiary,1,12,1,0,0,0,0,0,0,0,1
R010478,female,2,urban,none,1,5,0,1,0,0,0,0,0,1,0
R010479,female,1,urban,primary,0,0,0,0,0,0,1,1,0,0,1
R010480,male,1,rural,tertiary,0,0,0,0,1,1,1,0,0,0,1
R010481,male,3,urban,secondary,1,1,0,0,0,0,0,0,0,0,0
R010482,female,1,urban,primary,1,0,0,0,0,0,0,0,0,0,0
R010483,female,4,rural,primary,0,0,0,0,1,0,0,0,1,0,1
R010484,female,2,urban,secondary,1,0,0,0,0,0,0,0,0,0,1
R010485,female,3,rural,tertiary,1,5,0,1,0,0,0,0,0,1,1
R010486,female,2,urban,primary,1,5,0,0,0,0,0,0,0,0,1
R010487,female,2,urban,secondary,0,0,0,0,1,0,1,0,0,0,1
R010488,female,2,rural,primary,1,5,0,1,0,0,0,0,0,0,0
R010489,female,3,urban,secondary,1,5,1,0,0,0,0,0,0,0,1
R010490,female,3,rural,secondary,0,0,0,0,1,1,0,0,0,1,1
R010491,male,5,urban,secondary,1,2,1,0,0,0,0,0,0,1,1
R010492,male,2,urban,tertiary,1,2,0,0,0,0,0,0,0,0,0
R010493,male,3,urban,none,0,0,0,0,1,1,1,0,1,0,1
R010494,female,4,urban,secondary,1,2,0,0,0,0,0,0,0,0,1
R010495,male,3,rural,primary,0,0,0,0,0,0,0,1,1,1,1
R010496,male,5,urban,primary,1,2,1,0,0,0,0,0,0,1,1
R010497,female,3,urban,secondary,1,30,1,0,0,0,0,0,0,1,1
R010498,male,5,rural,tertiary,1,12,1,1,0,0,0,0,0,1,1
R010499,male,4,rural,primary,1,1,0,1,0,0,0,0,0,1,1
R010500,male,4,rural,tertiary,1,2,0,0,0,0,0,0,0,1,1
R010501,female,3,urban,tertiary,1,1,0,1,0,0,0,0,0,0,1
R010502,female,2,rural,secondary,0,0,0,0,1,0,1,0,1,0,0
R010503,female,2,rural,tertiary,1,12,0,0,0,0,0,0,0,0,1
R010504,male,5,urban,secondary,1,5,1,0,0,0,0,0,0,1,1
R010505,female,3,urban,secondary,0,0,0,0,0,0,0,0,0,0,1
R010506,female,2,urban,secondary,1,30,1,0,0,0,0,0,0,0,0
R010507,female,4,urban,tertiary,1,5,1,1,0,0,0,0,0,1,1
R010508,female,3,urban,none,0,0,0,0,1,0,0,0,0,0,0
R010509,female,3,rural,primary,1,12,1,0,0,0,0,0,0,0,1
R010510,male,3,urban,tertiary,1,30,1,0,0,0,0,0,0,1,1
R010511,female,3,rural,none,1,30,0,0,0,0,0,0,0,1,1
R010512,male,3,urban,secondary,1,5,0,0,0,0,0,0,0,0,1
R010513,female,4,urban,tertiary,0,0,0,0,0,0,1,0,1,1,1
R010514,female,5,rural,secondary,1,12,0,1,0,0,0,0,0,0,1
R010515,male,2,rural,primary,0,0,0,0,1,0,1,0,0,0,0
R010516,male,1,urban,primary,1,30,0,0,0,0,0,0,0,0,1
R010517,female,2,rural,tertiary,0,0,0,0,0,0,1,0,0,1,1
R010518,male,2,urban,secondary,1,1,0,1,0,0,0,0,0,0,1
R010519,female,2,urban,secondary,0,0,0,0,1,0,0,0,0,1,0
R010520,female,4,rural,none,0,0,0,0,0,0,1,0,0,1,1
R010521,male,3,rural,primary,1,12,0,0,0,0,0,0,0,1,1
R010522,male,4,rural,secondary,1,0,0,0,0,0,0,0,0,1,0
R010523,female,3,rural,secondary,0,0,0,0,1,1,1,0,1,0,0
R010524,male,5,rural,tertiary,1,2,0,1,0,0,0,0,0,1,1
R010525,male,2,rural,primary,1,30,1,0,0,0,0,0,0,1,0
R010526,female,2,urban,secondary,1,5,0,1,0,0,0,0,0,0,1
R010527,female,2,urban,none,0,0,0,0,0,0,1,0,1,0,1
R010528,male,3,rural,tertiary,0,0,0,0,1,1,1,0,1,0,1
R010529,female,5,rural,secondary,1,1,1,1,0,0,0,0,0,0,1
R010530,female,2,urban,primary,1,5,0,1,0,0,0,0,0,0,0
R010531,male,1,rural,primary,1,12,0,1,0,0,0,0,0,0,1
R010532,female,3,rural,secondary,0,0,0,0,0,0,0,1,1,0,0
R010533,female,3,urban,secondary,1,2,0,0,0,0,0,0,0,1,0
R010534,male,2,urban,primary,1,12,0,0,0,0,0,0,0,0,0
R010535,male,5,urban,primary,1,2,1,1,0,0,0,0,0,0,1
R010536,female,1,urban,secondary,1,1,0,0,0,0,0,0,0,1,0
R010537,male,2,rural,tertiary,1,30,0,1,0,0,0,0,0,0,0
R010538,male,5,rural,secondary,1,12,1,0,0,0,0,0,0,0,1
R010539,male,5,rural,secondary,1,1,1,0,0,0,0,0,0,1,0
R010540,male,1,urban,secondary,1,2,0,0,0,0,0,0,0,1,1
R010541,female,1,urban,secondary,0,0,0,0,1,0,0,1,0,0,1
R010542,male,3,urban,primary,1,1,0,0,0,0,0,0,0,0,1
R010543,male,4,urban,secondary,1,5,0,1,0,0,0,0,0,0,1
R010544,female,1,urban,tertiary,0,0,0,0,0,0,1,1,0,0,0
R010545,male,2,rural,none,1,12,0,1,0,0,0,0,0,0,0
R010546,female,3,rural,none,0,0,0,0,0,1,0,0,1,0,0
R010547,female,2,rural,primary,0,0,0,0,1,0,0,1,1,1,0
R010548,male,5,urban,secondary,1,2,1,0,0,0,0,0,0,1,1
R010549,female,1,urban,secondary,1,0,0,0,0,0,0,0,0,0,1
R010550,female,4,rural,tertiary,1,12,1,1,0,0,0,0,0,0,1
R010551,male,4,urban,tertiary,1,5,0,0,0,0,0,0,0,1,1
R010552,female,3,urban,primary,1,12,0,0,0,0,0,0,0,1,1
R010553,female,5,rural,tertiary,1,2,0,0,0,0,0,0,0,1,1
R010554,female,1,rural,primary,0,0,0,0,1,1,0,0,0,0,0
R010555,male,3,rural,tertiary,1,5,0,1,0,0,0,0,0,1,1
R010556,male,2,rural,secondary,1,5,0,0,0,0,0,0,0,0,0
R010557,male,3,urban,secondary,1,2,0,1,0,0,0,0,0,1,1
R010558,male,5,rural,none,1,1,0,1,0,0,0,0,0,1,1
R010559,male,3,urban,secondary,0,0,0,0,0,0,0,0,0,0,1
R010560,male,3,rural,secondary,1,30,0,1,0,0,0,0,0,1,0
R010561,female,4,urban,primary,1,12,0,1,0,0,0,0,0,1,1
R010562,female,2,urban,tertiary,1,30,0,0,0,0,0,0,0,0,0
R010563,female,3,urban,secondary,1,0,0,0,0,0,0,0,0,1,1
R010564,male,2,urban,none,0,0,0,0,0,0,0,0,0,0,1
R010565,male,4,urban,secondary,1,1,0,0,0,0,0,0,0,1,0
R010566,female,4,urban,secondary,1,12,0,1,0,0,0,0,0,0,1
R010567,male,4,urban,secondary,1,2,1,0,0,0,0,0,0,0,1
R010568,male,5,rural,secondary,0,0,0,0,0,1,1,0,0,0,1
R010569,female,4,rural,secondary,1,5,1,1,0,0,0,0,0,1,0
R010570,male,3,urban,secondary,1,0,0,0,0,0,0,0,0,1,1
R010571,female,3,urban,secondary,0,0,0,0,1,1,0,0,1,0,0
R010572,female,5,rural,tertiary,1,2,1,0,0,0,0,0,0,1,1
R010573,female,4,urban,tertiary,1,5,0,1,0,0,0,0,0,1,1
R010574,male,3,urban,none,1,30,1,1,0,0,0,0,0,1,1
R010575,male,3,urban,primary,1,5,0,1,0,0,0,0,0,0,1
R010576,female,1,urban,tertiary,1,1,0,0,0,0,0,0,0,0,1
R010577,male,2,urban,secondary,1,2,0,0,0,0,0,0,0,1,1
R010578,male,4,rural,none,0,0,0,0,0,0,0,0,1,1,0
R010579,male,3,urban,secondary,1,1,0,1,0,0,0,0,0,0,0
R010580,male,3,urban,secondary,1,5,0,0,0,0,0,0,0,1,0
R010581,male,1,urban,primary,1,12,0,0,0,0,0,0,0,0,1
R010582,male,1,urban,secondary,0,0,0,0,0,0,1,1,1,1,1
R010583,male,5,rural,secondary,1,0,1,1,0,0,0,0,0,1,1
R010584,female,4,urban,secondary,1,1,0,1,0,0,0,0,0,0,1
R010585,male,2,urban,secondary,1,2,0,0,0,0,0,0,0,1,1
R010586,female,4,rural,tertiary,1,12,0,1,0,0,0,0,0,1,1
R010587,male,3,urban,tertiary,1,0,0,0,0,0,0,0,0,0,0
R010588,male,5,rural,primary,1,2,1,1,0,0,0,0,0,1,1
R010589,male,1,urban,primary,1,0,0,0,0,0,0,0,0,0,0
R010590,female,1,rural,secondary,0,0,0,0,0,1,1,1,1,1,1
R010591,female,2,urban,secondary,1,1,1,1,0,0,0,0,0,0,0
R010592,female,1,urban,secondary,1,1,0,0,0,0,0,0,0,1,1
R010593,female,4,rural,tertiary,1,1,0,1,0,0,0,0,0,1,1
R010594,female,4,rural,secondary,1,5,1,0,0,0,0,0,0,1,1
R010595,female,4,urban,tertiary,1,5,0,1,0,0,0,0,0,0,1
R010596,male,1,rural,tertiary,1,5,1,0,0,0,0,0,0,0,1
R010597,male,2,urban,primary,1,0,0,1,0,0,0,0,0,0,0
R010598,female,4,rural,none,1,2,1,0,0,0,0,0,0,1,0
R010599,female,2,urban,secondary,0,0,0,0,0,0,0,0,0,0,0
R010600,female,1,rural,tertiary,1,1,1,0,0,0,0,0,0,0,1
R010601,male,2,rural,secondary,1,2,0,0,0,0,0,0,0,0,1
R010602,male,1,rural,secondary,0,0,0,0,0,1,1,0,1,1,0
R010603,male,1,urban,secondary,1,0,0,1,0,0,0,0,0,1,0
R010604,female,5,rural,secondary,1,2,1,1,0,0,0,0,0,1,1
R010605,female,1,urban,secondary,0,0,0,0,1,0,0,0,1,0,1
R010606,female,2,rural,none,0,0,0,0,1,0,1,0,1,1,0
R010607,female,1,rural,tertiary,1,5,0,1,0,0,0,0,0,0,1
R010608,male,3,urban,secondary,1,12,0,0,0,0,0,0,0,1,1
R010609,male,2,rural,secondary,1,5,1,1,0,0,0,0,0,0,0
R010610,female,2,rural,none,1,2,0,0,0,0,0,0,0,0,1
R010611,female,2,urban,none,0,0,0,0,1,0,1,0,0,1,0
R010612,female,1,rural,tertiary,1,5,0,1,0,0,0,0,0,1,1
R010613,female,4,urban,tertiary,1,2,1,0,0,0,0,0,0,1,0
R010614,male,4,rural,secondary,1,12,0,0,0,0,0,0,0,0,0
R010615,female,1,urban,secondary,1,30,0,1,0,0,0,0,0,0,1
R010616,female,4,rural,secondary,0,0,0,0,0,0,1,1,1,0,1
R010617,female,1,urban,primary,1,5,0,0,0,0,0,0,0,1,0
R010618,female,1,urban,primary,0,0,0,0,0,0,0,0,0,0,1
R010619,female,4,rural,none,0,0,0,0,0,1,0,1,1,1,0
R010620,female,4,urban,tertiary,1,5,0,1,0,0,0,0,0,1,1
R010621,male,2,urban,secondary,1,5,0,0,0,0,0,0,0,0,1
R010622,female,1,urban,secondary,1,12,0,0,0,0,0,0,0,0,1
R010623,female,4,urban,primary,0,0,0,0,0,0,1,0,1,1,1
R010624,male,5,rural,secondary,1,5,1,0,0,0,0,0,0,1,0
R010625,male,3,urban,secondary,1,5,0,1,0,0,0,0,0,0,1
R010626,female,1,urban,secondary,0,0,0,0,0,1,1,0,0,1,1
R010627,female,5,urban,secondary,1,5,0,1,0,0,0,0,0,0,1
R010628,male,4,urban,secondary,1,5,1,1,0,0,0,0,0,1,1
R010629,female,2,urban,primary,0,0,0,0,1,0,1,0,1,0,1
R010630,female,2,rural,primary,0,0,0,0,1,1,0,1,0,1,1
R010631,female,1,urban,none,0,0,0,0,0,0,0,0,0,1,1
R010632,male,1,urban,secondary,1,5,0,1,0,0,0,0,0,0,1
R010633,male,3,urban,primary,1,5,1,0,0,0,0,0,0,1,1
R010634,female,3,urban,secondary,1,2,0,1,0,0,0,0,0,1,0
R010635,female,1,urban,primary,1,2,1,0,0,0,0,0,0,1,1
R010636,female,2,urban,none,0,0,0,0,0,0,1,0,0,0,1
R010637,male,5,rural,secondary,1,1,0,1,0,0,0,0,0,1,1
R010638,male,1,urban,primary,0,0,0,0,0,0,0,0,0,0,1
R010639,female,1,urban,secondary,0,0,0,0,0,0,1,0,1,0,0
R010640,female,3,urban,primary,1,5,1,0,0,0,0,0,0,0,0
R010641,male,2,rural,primary,0,0,0,0,1,0,0,0,1,0,1
R010642,female,2,rural,tertiary,1,1,0,0,0,0,0,0,0,0,0
R010643,female,2,rural,primary,1,1,0,0,0,0,0,0,0,1,0
R010644,female,1,urban,tertiary,1,5,0,0,0,0,0,0,0,1,0
R010645,female,1,urban,primary,0,0,0,0,0,0,1,0,1,0,0
R010646,male,4,urban,primary,1,12,0,1,0,0,0,0,0,1,1
R010647,male,1,rural,tertiary,1,30,0,0,0,0,0,0,0,0,0
R010648,male,4,urban,secondary,1,12,1,0,0,0,0,0,0,0,1
R010649,female,4,urban,primary,1,1,1,1,0,0,0,0,0,1,1
R010650,female,3,urban,tertiary,0,0,0,0,1,0,0,0,0,0,1
R010651,male,2,urban,secondary,1,5,0,0,0,0,0,0,0,0,1
R010652,male,2,rural,secondary,0,0,0,0,1,1,0,0,0,1,0
R010653,female,1,rural,secondary,1,12,0,0,0,0,0,0,0,1,0
R010654,female,5,rural,secondary,1,12,0,0,0,0,0,0,0,1,0
R010655,male,5,urban,primary,1,5,0,0,0,0,0,0,0,1,1
R010656,female,3,urban,secondary,1,1,1,0,0,0,0,0,0,1,1
R010657,male,1,urban,primary,1,30,0,1,0,0,0,0,0,0,1
R010658,female,1,urban,secondary,1,12,0,0,0,0,0,0,0,1,1
R010659,male,3,rural,tertiary,1,12,0,0,0,0,0,0,0,1,1
R010660,male,2,rural,tertiary,1,12,0,1,0,0,0,0,0,0,1
R010661,male,2,rural,primary,0,0,0,0,0,1,0,0,0,0,1
R010662,female,4,rural,secondary,0,0,0,0,1,0,1,1,1,0,1
R010663,female,1,rural,tertiary,1,30,0,0,0,0,0,0,0,0,0
R010664,female,4,rural,primary,1,0,0,1,0,0,0,0,0,0,1
R010665,male,2,urban,none,1,12,0,0,0,0,0,0,0,0,1
R010666,female,2,urban,none,1,2,0,0,0,0,0,0,0,1,1
R010667,male,1,urban,none,0,0,0,0,0,0,1,0,1,0,0
R010668,male,2,rural,tertiary,1,1,0,0,0,0,0,0,0,0,0
R010669,female,4,urban,secondary,1,30,0,1,0,0,0,0,0,1,1
R010670,female,5,urban,primary,1,1,0,1,0,0,0,0,0,1,1
R010671,female,2,urban,tertiary,1,30,0,1,0,0,0,0,0,1,0
R010672,female,1,urban,primary,0,0,0,0,1,0,1,0,1,0,1
R010673,female,2,urban,secondary,1,5,1,0,0,0,0,0,0,1,1
R010674,male,5,urban,primary,1,2,0,0,0,0,0,0,0,1,1
R010675,male,1,urban,primary,1,5,1,0,0,0,0,0,0,0,1
R010676,male,3,urban,primary,1,1,0,1,0,0,0,0,0,0,1
R010677,male,2,urban,secondary,1,5,0,0,0,0,0,0,0,0,0
R010678,male,2,rural,secondary,0,0,0,0,1,0,1,0,1,0,1
R010679,female,5,rural,primary,0,0,0,0,1,1,1,0,0,0,0
R010680,female,2,urban,tertiary,1,12,1,1,0,0,0,0,0,1,1
R010681,female,2,rural,secondary,0,0,0,0,1,0,1,0,0,0,0
R010682,male,5,urban,primary,1,30,1,1,0,0,0,0,0,1,1
R010683,male,4,urban,tertiary,1,30,0,1,0,0,0,0,0,1,1
R010684,female,3,urban,tertiary,1,0,0,0,0,0,0,0,0,0,1
R010685,female,2,rural,primary,0,0,0,0,0,1,0,0,1,1,0
R010686,female,1,rural,primary,0,0,0,0,0,0,0,0,1,1,0
R010687,female,2,urban,tertiary,1,2,0,0,0,0,0,0,0,0,1
R010688,female,2,rural,tertiary,0,0,0,0,1,0,0,1,0,1,0
R010689,female,3,rural,secondary,1,2,0,1,0,0,0,0,0,0,1
R010690,male,4,urban,secondary,1,12,1,0,0,0,0,0,0,1,1
R010691,female,1,urban,tertiary,1,12,0,0,0,0,0,0,0,1,0
R010692,male,1,urban,tertiary,1,12,0,1,0,0,0,0,0,1,1
R010693,female,5,urban,primary,1,12,0,1,0,0,0,0,0,0,1
R010694,female,1,rural,secondary,0,0,0,0,0,0,0,0,1,0,0
R010695,male,2,rural,primary,0,0,0,0,1,0,1,0,1,1,0
R010696,female,1,rural,secondary,0,0,0,0,1,0,0,0,1,0,1
R010697,female,4,urban,secondary,1,12,0,1,0,0,0,0,0,1,1
R010698,female,1,urban,secondary,0,0,0,0,0,0,0,0,0,1,1
R010699,female,2,rural,primary,1,1,0,0,0,0,0,0,0,0,0
R010700,male,2,urban,secondary,1,30,0,0,0,0,0,0,0,1,0
R010701,male,2,urban,tertiary,1,2,0,0,0,0,0,0,0,1,0
R010702,female,1,rural,primary,0,0,0,0,1,0,0,0,1,0,0
R010703,male,1,urban,tertiary,1,1,0,0,0,0,0,0,0,1,1
R010704,male,2,rural,tertiary,1,5,0,0,0,0,0,0,0,1,1
R010705,female,5,urban,secondary,1,1,0,1,0,0,0,0,0,1,1
R010706,male,4,rural,tertiary,1,12,0,0,0,0,0,0,0,1,1
R010707,female,5,urban,secondary,1,5,0,1,0,0,0,0,0,1,1
R010708,female,2,urban,secondary,1,12,0,0,0,0,0,0,0,1,0
R010709,female,1,rural,secondary,1,5,0,0,0,0,0,0,0,0,0
R010710,female,1,rural,secondary,0,0,0,0,1,0,1,0,1,0,1
R010711,male,5,urban,secondary,1,1,1,0,0,0,0,0,0,1,1
R010712,male,1,urban,tertiary,0,0,0,0,0,0,1,0,0,1,1
R010713,male,1,urban,primary,1,12,0,0,0,0,0,0,0,0,0
R010714,male,1,urban,primary,0,0,0,0,1,0,0,0,1,0,1
R010715,male,1,urban,tertiary,1,12,0,0,0,0,0,0,0,1,1
R010716,female,2,rural,secondary,0,0,0,0,1,0,0,1,0,0,0
R010717,male,3,urban,primary,1,5,0,0,0,0,0,0,0,0,1
R010718,male,1,urban,secondary,1,5,0,0,0,0,0,0,0,0,0
R010719,female,3,urban,secondary,1,5,0,1,0,0,0,0,0,0,1
R010720,female,2,urban,tertiary,1,2,0,0,0,0,0,0,0,0,0
R010721,female,4,urban,primary,0,0,0,0,0,0,0,0,0,1,1
R010722,male,2,urban,secondary,1,30,0,0,0,0,0,0,0,0,1
R010723,female,1,urban,secondary,1,1,0,0,0,0,0,0,0,1,1
R010724,female,3,urban,secondary,1,30,0,0,0,0,0,0,0,1,0
R010725,male,1,rural,secondary,1,12,1,0,0,0,0,0,0,0,0
R010726,male,3,urban,primary,1,5,0,0,0,0,0,0,0,1,0
R010727,female,4,urban,primary,1,2,0,1,0,0,0,0,0,1,1
R010728,female,1,urban,secondary,1,0,0,0,0,0,0,0,0,0,1
R010729,female,4,urban,secondary,1,1,0,1,0,0,0,0,0,0,1
R010730,female,1,urban,secondary,1,1,0,0,0,0,0,0,0,0,1
R010731,male,1,rural,tertiary,1,5,0,0,0,0,0,0,0,1,1
R010732,male,1,urban,none,0,0,0,0,0,0,0,0,1,0,1
R010733,male,1,urban,primary,1,0,0,1,0,0,0,0,0,0,1
R010734,male,2,urban,secondary,1,12,0,1,0,0,0,0,0,0,1
R010735,female,1,urban,tertiary,1,12,1,0,0,0,0,0,0,0,1
R010736,male,2,urban,secondary,1,30,0,0,0,0,0,0,0,0,0
R010737,female,5,rural,secondary,1,1,1,0,0,0,0,0,0,0,1
R010738,female,2,urban,secondary,0,0,0,0,1,0,1,1,1,0,1
R010739,female,2,rural,primary,0,0,0,0,0,0,0,1,0,0,1
R010740,female,3,rural,secondary,1,12,0,1,0,0,0,0,0,1,0
R010741,female,1,urban,none,0,0,0,0,1,1,0,0,1,0,1
R010742,male,1,urban,primary,1,1,0,0,0,0,0,0,0,1,0
R010743,female,1,rural,tertiary,0,0,0,0,0,0,1,0,0,0,0
R010744,male,5,urban,none,1,1,0,1,0,0,0,0,0,1,1
R010745,male,4,rural,tertiary,1,1,1,0,0,0,0,0,0,1,1
R010746,male,4,rural,primary,1,2,0,0,0,0,0,0,0,1,1
R010747,male,3,urban,secondary,1,12,0,0,0,0,0,0,0,1,1
R010748,male,2,rural,tertiary,1,1,0,0,0,0,0,0,0,1,1
R010749,male,2,rural,primary,1,1,0,0,0,0,0,0,0,0,1
R010750,male,2,rural,primary,1,5,0,0,0,0,0,0,0,1,0
R010751,female,1,rural,primary,0,0,0,0,1,0,0,0,1,0,0
R010752,male,5,rural,secondary,1,5,0,0,0,0,0,0,0,1,0
R010753,male,1,urban,secondary,0,0,0,0,0,0,1,0,1,0,1
R010754,female,1,rural,tertiary,1,1,0,0,0,0,0,0,0,0,0
R010755,female,2,rural,primary,0,0,0,0,0,0,1,0,0,0,1
R010756,male,2,urban,secondary,1,12,1,1,0,0,0,0,0,0,0
R010757,male,5,urban,secondary,1,5,0,1,0,0,0,0,0,1,1
R010758,female,1,rural,primary,0,0,0,0,0,1,0,0,0,0,0
R010759,male,5,urban,tertiary,1,1,1,1,0,0,0,0,0,0,1
R010760,male,4,urban,primary,1,2,0,0,0,0,0,0,0,1,1
R010761,female,2,rural,none,0,0,0,0,0,1,0,0,1,1,1
R010762,male,5,urban,tertiary,1,30,0,1,0,0,0,0,0,1,1
R010763,male,2,rural,tertiary,1,2,0,1,0,0,0,0,0,1,1
R010764,male,2,urban,primary,1,1,0,0,0,0,0,0,0,0,1
R010765,male,3,rural,primary,0,0,0,0,1,0,0,0,0,1,1
R010766,female,1,rural,tertiary,0,0,0,0,0,1,0,0,0,0,0
R010767,female,3,urban,secondary,0,0,0,0,1,0,0,0,0,1,1
R010768,female,1,urban,none,0,0,0,0,0,1,0,0,1,0,0
R010769,male,2,urban,secondary,1,5,0,0,0,0,0,0,0,0,1
R010770,male,1,rural,none,0,0,0,0,1,0,1,0,0,1,0
R010771,male,4,urban,primary,1,5,0,0,0,0,0,0,0,1,1
R010772,male,1,rural,primary,0,0,0,0,0,1,0,0,1,1,0
R010773,male,4,rural,secondary,1,12,0,0,0,0,0,0,0,1,1
R010774,female,2,urban,none,0,0,0,0,0,0,1,1,1,0,1
R010775,female,2,urban,secondary,1,0,1,0,0,0,0,0,0,0,1
R010776,female,1,urban,primary,1,30,1,0,0,0,0,0,0,1,1
R010777,female,2,urban,tertiary,0,0,0,0,0,0,0,0,0,1,0
R010778,male,5,urban,secondary,1,5,1,1,0,0,0,0,0,1,1
R010779,female,2,urban,none,0,0,0,0,0,1,1,0,0,0,0
R010780,female,2,urban,primary,1,12,0,1,0,0,0,0,0,1,1
R010781,female,1,urban,tertiary,0,0,0,0,1,0,0,1,0,0,1
R010782,male,4,urban,primary,1,12,1,0,0,0,0,0,0,1,1
R010783,male,1,urban,tertiary,1,5,1,0,0,0,0,0,0,0,0
R010784,male,3,urban,primary,1,1,1,0,0,0,0,0,0,0,1
R010785,female,4,urban,primary,1,1,0,1,0,0,0,0,0,1,0
R010786,female,2,rural,tertiary,1,5,1,0,0,0,0,0,0,1,0
R010787,female,1,urban,primary,1,5,1,0,0,0,0,0,0,0,0
R010788,female,2,rural,secondary,1,2,0,1,0,0,0,0,0,0,1
R010789,male,3,rural,secondary,1,1,0,1,0,0,0,0,0,1,1
R010790,male,1,urban,primary,1,5,0,0,0,0,0,0,0,0,1
R010791,female,3,rural,secondary,1,5,0,0,0,0,0,0,0,0,1
R010792,male,4,urban,none,1,5,0,1,0,0,0,0,0,0,1
R010793,female,4,rural,secondary,1,1,0,0,0,0,0,0,0,1,1
R010794,female,1,urban,secondary,0,0,0,0,1,0,0,0,0,1,1
R010795,male,4,urban,secondary,1,5,0,0,0,0,0,0,0,1,1
R010796,male,4,urban,secondary,1,30,0,1,0,0,0,0,0,1,0
R010797,female,5,rural,none,0,0,0,0,0,1,0,1,1,1,1
R010798,male,5,urban,primary,1,1,1,1,0,0,0,0,0,1,1
R010799,male,3,urban,tertiary,1,1,0,0,0,0,0,0,0,0,0
R010800,female,2,urban,secondary,1,1,0,1,0,0,0,0,0,0,0
R010801,female,2,urban,none,1,5,0,0,0,0,0,0,0,0,1
R010802,female,4,rural,secondary,1,1,0,0,0,0,0,0,0,0,1
R010803,male,5,rural,secondary,1,5,0,1,0,0,0,0,0,1,0
R010804,male,2,rural,secondary,1,2,0,0,0,0,0,0,0,1,1
R010805,female,1,urban,primary,0,0,0,0,0,0,1,0,1,1,0
R010806,female,1,rural,secondary,0,0,0,0,1,0,1,1,1,1,0
R010807,male,2,urban,secondary,0,0,0,0,1,0,0,0,1,0,0
R010808,female,2,rural,none,0,0,0,0,1,1,0,1,0,1,1
R010809,male,3,urban,none,1,5,0,0,0,0,0,0,0,0,1
R010810,male,2,rural,secondary,1,2,0,0,0,0,0,0,0,0,0
R010811,male,1,urban,secondary,0,0,0,0,1,0,1,1,1,0,1
R010812,female,2,rural,secondary,0,0,0,0,1,0,0,0,1,1,0
R010813,female,2,urban,secondary,0,0,0,0,0,0,0,1,1,1,0
R010814,female,3,urban,tertiary,1,2,1,1,0,0,0,0,0,0,1
R010815,male,2,urban,primary,1,5,0,1,0,0,0,0,0,1,0
R010816,male,1,urban,secondary,0,0,0,0,1,0,1,0,0,1,0
R010817,female,3,rural,primary,1,1,0,0,0,0,0,0,0,0,0
R010818,male,1,urban,tertiary,1,5,1,0,0,0,0,0,0,0,0
R010819,female,4,rural,tertiary,1,5,0,0,0,0,0,0,0,1,1
R010820,male,5,rural,none,0,0,0,0,1,0,0,0,0,1,1
R010821,male,1,urban,tertiary,1,2,0,0,0,0,0,0,0,0,1
R010822,male,4,rural,none,1,1,0,0,0,0,0,0,0,1,1
R010823,female,4,urban,secondary,1,2,0,1,0,0,0,0,0,0,1
R010824,male,2,rural,secondary,1,12,0,1,0,0,0,0,0,0,0
R010825,male,1,rural,secondary,1,12,0,0,0,0,0,0,0,0,0
R010826,female,2,urban,secondary,1,30,1,0,0,0,0,0,0,0,0
R010827,female,3,urban,secondary,1,5,0,0,0,0,0,0,0,1,1
R010828,female,2,rural,tertiary,1,0,0,0,0,0,0,0,0,1,1
R010829,male,1,urban,none,1,5,1,1,0,0,0,0,0,0,0
R010830,male,3,rural,secondary,1,1,0,0,0,0,0,0,0,1,1
R010831,male,4,rural,secondary,1,5,1,1,0,0,0,0,0,0,0
R010832,female,3,rural,none,1,5,0,1,0,0,0,0,0,0,0
R010833,male,3,urban,secondary,1,1,0,0,0,0,0,0,0,1,1
R010834,male,1,urban,secondary,0,0,0,0,1,0,0,0,1,1,0
R010835,female,2,rural,secondary,0,0,0,0,1,1,1,0,1,0,1
R010836,female,1,rural,secondary,0,0,0,0,0,0,0,0,1,0,1
R010837,female,5,urban,secondary,1,1,1,1,0,0,0,0,0,1,1
R010838,female,3,urban,primary,1,5,0,0,0,0,0,0,0,1,1
R010839,female,1,urban,primary,0,0,0,0,0,0,1,1,0,0,1
R010840,female,2,rural,primary,1,30,1,0,0,0,0,0,0,0,0
R010841,male,5,rural,secondary,1,2,0,1,0,0,0,0,0,1,1
R010842,male,2,urban,tertiary,1,12,0,1,0,0,0,0,0,0,0
R010843,female,4,urban,primary,1,5,0,0,0,0,0,0,0,1,1
R010844,male,1,rural,tertiary,1,5,0,0,0,0,0,0,0,0,0
R010845,female,5,urban,secondary,1,5,0,1,0,0,0,0,0,1,1
R010846,female,5,urban,secondary,1,0,1,1,0,0,0,0,0,1,1
R010847,female,3,urban,secondary,1,1,0,1,0,0,0,0,0,1,1
R010848,male,1,rural,secondary,1,12,0,0,0,0,0,0,0,1,0
R010849,female,1,rural,secondary,0,0,0,0,0,0,1,0,1,1,1
R010850,male,3,rural,tertiary,1,1,0,0,0,0,0,0,0,1,1
R010851,female,2,rural,primary,0,0,0,0,1,1,0,0,1,1,1
R010852,male,1,urban,secondary,1,2,1,0,0,0,0,0,0,0,0
R010853,female,5,rural,tertiary,1,5,1,0,0,0,0,0,0,1,1
R010854,male,2,urban,secondary,0,0,0,0,1,0,1,1,0,0,1
R010855,female,5,rural,secondary,0,0,0,0,1,0,0,0,1,1,1
R010856,male,2,urban,primary,1,5,0,0,0,0,0,0,0,0,0
R010857,female,2,urban,secondary,1,5,0,0,0,0,0,0,0,0,1
R010858,male,5,urban,primary,1,0,0,1,0,0,0,0,0,0,1
R010859,female,1,rural,tertiary,0,0,0,0,1,0,1,0,0,0,0
R010860,female,3,urban,tertiary,1,5,0,1,0,0,0,0,0,1,1
R010861,female,5,rural,tertiary,1,30,0,0,0,0,0,0,0,0,1
R010862,male,1,urban,secondary,1,5,0,0,0,0,0,0,0,0,0
R010863,male,2,urban,secondary,1,12,1,1,0,0,0,0,0,1,1
R010864,female,1,rural,primary,0,0,0,0,1,1,1,1,1,0,1
R010865,male,2,urban,secondary,1,1,1,0,0,0,0,0,0,1,0
R010866,male,4,rural,primary,1,2,0,0,0,0,0,0,0,1,1
R010867,female,4,urban,secondary,1,30,0,1,0,0,0,0,0,1,1
R010868,female,1,rural,secondary,1,2,0,0,0,0,0,0,0,0,1
R010869,male,3,urban,primary,1,5,0,0,0,0,0,0,0,0,1
R010870,male,3,urban,secondary,0,0,0,0,1,0,0,1,0,1,1
R010871,female,3,rural,secondary,0,0,0,0,0,1,1,1,0,1,1
R010872,male,4,urban,secondary,1,30,1,0,0,0,0,0,0,0,1
R010873,female,1,urban,primary,0,0,0,0,1,0,1,1,1,0,1
R010874,male,4,rural,secondary,0,0,0,0,0,0,0,0,1,1,0
R010875,female,5,rural,primary,0,0,0,0,0,0,0,0,1,0,1
R010876,female,1,rural,secondary,1,0,0,0,0,0,0,0,0,0,1
R010877,female,3,rural,secondary,0,0,0,0,1,1,0,0,0,1,1
R010878,female,2,urban,tertiary,1,0,0,0,0,0,0,0,0,1,1
R010879,male,2,urban,tertiary,1,2,0,0,0,0,0,0,0,0,1
R010880,male,2,rural,tertiary,1,2,0,0,0,0,0,0,0,1,0
R010881,female,2,rural,tertiary,1,1,1,0,0,0,0,0,0,1,1
R010882,female,1,rural,secondary,1,0,0,0,0,0,0,0,0,1,0
R010883,male,2,rural,secondary,1,5,0,0,0,0,0,0,0,1,0
R010884,female,5,rural,secondary,1,1,0,0,0,0,0,0,0,1,0
R010885,male,4,rural,primary,0,0,0,0,0,0,0,1,1,1,0
R010886,male,4,urban,secondary,1,1,0,0,0,0,0,0,0,0,0
R010887,female,4,urban,primary,1,2,1,1,0,0,0,0,0,0,1
R010888,male,2,urban,primary,0,0,0,0,1,0,0,0,0,1,1
R010889,male,3,urban,secondary,1,5,0,0,0,0,0,0,0,0,1
R010890,female,3,rural,secondary,1,12,0,0,0,0,0,0,0,0,0
R010891,female,4,urban,primary,0,0,0,0,1,0,0,1,0,1,1
R010892,male,3,urban,primary,1,5,0,0,0,0,0,0,0,1,1
R010893,female,3,urban,none,0,0,0,0,1,0,0,1,1,1,1
R010894,male,5,urban,primary,1,30,0,1,0,0,0,0,0,1,1
R010895,female,2,urban,secondary,0,0,0,0,0,0,1,1,0,0,1
R010896,male,2,urban,primary,0,0,0,0,0,0,0,0,0,1,0
R010897,male,4,rural,secondary,1,0,0,0,0,0,0,0,0,0,1
R010898,female,2,urban,secondary,1,2,0,0,0,0,0,0,0,0,0
R010899,male,4,rural,primary,1,30,0,0,0,0,0,0,0,0,1
R010900,female,3,urban,none,1,12,0,1,0,0,0,0,0,0,1
R010901,male,2,urban,secondary,1,30,1,0,0,0,0,0,0,0,1
R010902,male,5,rural,secondary,1,5,1,0,0,0,0,0,0,0,1
R010903,female,3,rural,tertiary,1,1,0,0,0,0,0,0,0,1,1
R010904,male,2,urban,secondary,1,12,0,0,0,0,0,0,0,0,1
R010905,male,1,urban,secondary,0,0,0,0,0,0,0,0,1,0,1
R010906,female,3,urban,secondary,1,30,1,0,0,0,0,0,0,1,1
R010907,female,2,rural,primary,0,0,0,0,1,0,0,0,0,1,0
R010908,female,3,urban,secondary,1,12,0,0,0,0,0,0,0,1,1
R010909,female,5,rural,primary,1,12,1,0,0,0,0,0,0,1,1
R010910,male,1,rural,secondary,1,5,0,0,0,0,0,0,0,1,0
R010911,female,5,rural,primary,1,2,0,1,0,0,0,0,0,1,1
R010912,male,3,rural,secondary,1,12,1,0,0,0,0,0,0,1,1
R010913,female,3,urban,secondary,1,12,0,1,0,0,0,0,0,1,1
R010914,male,3,urban,primary,1,1,0,1,0,0,0,0,0,1,0
R010915,female,4,urban,secondary,1,5,1,1,0,0,0,0,0,0,1
R010916,male,5,urban,secondary,1,5,0,1,0,0,0,0,0,1,1
R010917,male,1,urban,secondary,1,0,0,0,0,0,0,0,0,0,0
R010918,male,1,rural,primary,0,0,0,0,1,0,1,0,1,1,0
R010919,male,5,rural,primary,1,5,0,0,0,0,0,0,0,1,0
R010920,female,1,urban,primary,0,0,0,0,1,0,0,1,1,1,0
R010921,female,5,urban,secondary,1,1,1,0,0,0,0,0,0,0,1
R010922,female,3,urban,secondary,1,12,0,0,0,0,0,0,0,1,1
R010923,female,4,urban,secondary,1,30,0,1,0,0,0,0,0,1,0
R010924,female,1,rural,primary,0,0,0,0,0,0,0,0,1,1,1
R010925,male,2,urban,primary,0,0,0,0,1,0,0,0,0,0,1
R010926,male,5,urban,secondary,1,5,1,0,0,0,0,0,0,0,1
R010927,female,2,urban,none,0,0,0,0,1,0,0,0,1,1,0
R010928,female,1,urban,secondary,0,0,0,0,0,0,0,0,0,1,1
R010929,female,2,rural,secondary,0,0,0,0,1,1,1,0,1,0,1
R010930,female,5,rural,secondary,0,0,0,0,0,0,0,1,0,1,1
R010931,female,3,rural,secondary,0,0,0,0,0,1,1,1,1,1,0
R010932,female,5,rural,primary,1,0,1,0,0,0,0,0,0,1,0
R010933,female,1,urban,secondary,0,0,0,0,0,0,0,1,1,1,1
R010934,female,4,urban,secondary,1,12,0,1,0,0,0,0,0,1,1
R010935,female,2,urban,primary,0,0,0,0,0,0,0,1,0,0,1
R010936,male,1,rural,none,0,0,0,0,1,0,0,1,1,0,1
R010937,male,4,urban,tertiary,1,5,0,1,0,0,0,0,0,1,1
R010938,female,1,urban,primary,1,0,0,0,0,0,0,0,0,1,1
R010939,male,1,urban,none,0,0,0,0,0,0,0,0,1,0,1
R010940,male,3,rural,secondary,1,5,0,0,0,0,0,0,0,1,1
R010941,female,2,rural,secondary,0,0,0,0,1,0,0,0,0,0,1
R010942,male,3,rural,tertiary,0,0,0,0,1,1,1,0,0,1,0
R010943,female,2,rural,primary,0,0,0,0,0,0,0,1,1,0,0
R010944,male,3,rural,primary,1,5,0,1,0,0,0,0,0,1,1
R010945,male,1,urban,tertiary,1,5,0,0,0,0,0,0,0,1,1
R010946,female,5,urban,primary,0,0,0,0,0,0,0,0,0,1,1
R010947,male,4,urban,primary,1,30,0,1,0,0,0,0,0,1,1
R010948,male,3,urban,primary,1,2,1,0,0,0,0,0,0,0,1
R010949,male,1,rural,primary,0,0,0,0,1,0,0,0,1,1,0
R010950,male,2,rural,secondary,1,12,0,0,0,0,0,0,0,0,0
R010951,male,2,rural,none,0,0,0,0,1,0,0,0,1,0,0
R010952,female,3,urban,primary,0,0,0,0,0,0,1,1,0,0,1
R010953,male,2,urban,secondary,1,12,0,1,0,0,0,0,0,1,1
R010954,male,2,rural,secondary,1,12,0,0,0,0,0,0,0,1,0
R010955,male,1,rural,primary,1,1,0,0,0,0,0,0,0,1,0
R010956,female,1,rural,secondary,0,0,0,0,0,0,0,0,1,0,0
R010957,male,3,rural,secondary,0,0,0,0,1,0,0,1,1,1,0
R010958,female,2,rural,secondary,0,0,0,0,1,0,1,1,0,0,1
R010959,male,5,urban,secondary,1,2,1,1,0,0,0,0,0,1,1
R010960,male,3,urban,primary,1,2,0,0,0,0,0,0,0,0,0
R010961,male,3,rural,primary,1,2,0,1,0,0,0,0,0,1,0
R010962,female,2,urban,primary,1,1,0,0,0,0,0,0,0,1,1
R010963,female,3,rural,secondary,1,12,1,0,0,0,0,0,0,0,1
R010964,male,2,rural,none,0,0,0,0,1,0,1,0,0,0,0
R010965,female,3,urban,secondary,1,30,1,1,0,0,0,0,0,1,0
R010966,female,2,urban,none,0,0,0,0,1,0,0,0,1,0,1
R010967,female,1,rural,none,0,0,0,0,1,0,0,0,1,0,0
R010968,male,1,urban,secondary,1,1,0,0,0,0,0,0,0,1,1
R010969,male,5,urban,none,1,12,0,0,0,0,0,0,0,1,1
R010970,male,5,urban,none,1,5,1,0,0,0,0,0,0,1,1
R010971,male,1,urban,none,1,5,0,1,0,0,0,0,0,1,0
R010972,male,1,rural,tertiary,1,5,0,0,0,0,0,0,0,1,0
R010973,female,1,rural,secondary,0,0,0,0,1,1,0,0,1,0,1
R010974,female,3,urban,none,0,0,0,0,1,0,0,1,1,1,1
R010975,male,3,urban,secondary,1,2,0,1,0,0,0,0,0,0,1
R010976,female,3,urban,secondary,1,1,1,0,0,0,0,0,0,1,1
R010977,male,2,urban,primary,0,0,0,0,0,0,0,1,0,1,0
R010978,female,2,urban,none,0,0,0,0,0,0,0,0,0,1,0
R010979,male,1,rural,primary,0,0,0,0,0,1,0,1,1,0,0
R010980,male,3,urban,none,0,0,0,0,0,0,0,0,1,0,1
R010981,male,1,rural,primary,1,5,0,0,0,0,0,0,0,0,0
R010982,female,2,rural,none,0,0,0,0,1,1,0,0,0,0,1
R010983,female,1,urban,primary,0,0,0,0,0,0,0,1,1,1,1
R010984,female,1,rural,secondary,0,0,0,0,1,0,1,0,1,0,0
R010985,male,1,urban,tertiary,1,30,0,0,0,0,0,0,0,1,0
R010986,male,3,rural,secondary,1,12,0,0,0,0,0,0,0,1,0
R010987,female,3,urban,primary,1,5,0,1,0,0,0,0,0,1,0
R010988,male,1,urban,secondary,0,0,0,0,1,0,0,1,0,0,1
R010989,female,2,urban,secondary,1,1,0,0,0,0,0,0,0,1,1
R010990,female,4,urban,secondary,1,2,0,0,0,0,0,0,0,0,1
R010991,female,1,rural,primary,0,0,0,0,1,0,0,0,1,1,0
R010992,female,1,rural,secondary,0,0,0,0,1,0,1,0,1,0,0
R010993,female,5,rural,primary,1,1,1,1,0,0,0,0,0,1,0
R010994,male,1,urban,secondary,1,30,0,0,0,0,0,0,0,0,1
R010995,female,5,urban,secondary,1,5,0,1,0,0,0,0,0,0,1
R010996,male,5,urban,secondary,1,1,1,1,0,0,0,0,0,0,1
R010997,male,2,urban,primary,0,0,0,0,1,1,1,0,0,1,1
R010998,male,1,rural,secondary,1,5,1,0,0,0,0,0,0,0,1
R010999,female,3,urban,primary,1,12,1,0,0,0,0,0,0,0,0
R011000,female,1,urban,secondary,1,1,0,0,0,0,0,0,0,1,0
R011001,female,1,rural,tertiary,1,2,0,0,0,0,0,0,0,0,1
R011002,female,1,urban,none,0,0,0,0,1,0,0,1,0,1,0
R011003,male,2,rural,none,0,0,0,0,1,1,0,0,1,1,0
R011004,male,4,rural,tertiary,1,2,0,0,0,0,0,0,0,1,1
R011005,male,4,urban,secondary,1,5,0,0,0,0,0,0,0,0,1
R011006,male,4,rural,primary,1,5,1,0,0,0,0,0,0,1,1
R011007,male,3,urban,secondary,1,12,0,1,0,0,0,0,0,1,1
R011008,male,5,rural,secondary,1,1,0,1,0,0,0,0,0,1,0
R011009,female,3,rural,secondary,1,30,0,1,0,0,0,0,0,1,1
R011010,male,2,urban,tertiary,1,2,0,0,0,0,0,0,0,1,1
R011011,female,3,rural,primary,1,1,1,1,0,0,0,0,0,1,1
R011012,male,1,rural,secondary,0,0,0,0,0,1,0,1,0,0,0
R011013,female,4,rural,tertiary,1,2,0,1,0,0,0,0,0,0,0
R011014,male,2,urban,secondary,1,12,0,0,0,0,0,0,0,0,1
R011015,female,1,rural,secondary,1,2,1,1,0,0,0,0,0,1,1
R011016,male,2,rural,primary,1,12,0,0,0,0,0,0,0,0,0
R011017,female,2,rural,secondary,1,1,0,1,0,0,0,0,0,1,0
R011018,male,1,rural,secondary,1,5,0,0,0,0,0,0,0,1,1
R011019,female,3,urban,primary,1,2,1,1,0,0,0,0,0,1,0
R011020,male,4,urban,primary,1,12,0,0,0,0,0,0,0,1,0
R011021,female,3,urban,none,0,0,0,0,0,0,0,1,1,0,1
R011022,male,5,urban,primary,1,30,0,1,0,0,0,0,0,1,1
R011023,female,3,urban,secondary,1,2,1,0,0,0,0,0,0,1,1
R011024,male,2,rural,tertiary,0,0,0,0,1,0,1,1,0,0,1
R011025,male,1,urban,secondary,1,30,0,0,0,0,0,0,0,1,1
R011026,female,3,urban,secondary,1,30,1,0,0,0,0,0,0,1,1
R011027,female,1,urban,secondary,1,2,0,0,0,0,0,0,0,1,1
R011028,female,2,urban,secondary,0,0,0,0,1,0,0,0,1,0,1
R011029,female,2,rural,primary,0,0,0,0,0,1,0,1,0,1,0
R011030,female,5,urban,secondary,1,30,1,1,0,0,0,0,0,1,0
R011031,male,5,urban,tertiary,1,5,0,1,0,0,0,0,0,0,1
R011032,female,5,rural,secondary,1,1,0,1,0,0,0,0,0,1,1
R011033,male,2,rural,primary,0,0,0,0,1,1,0,1,1,0,1
R011034,female,2,urban,secondary,1,2,0,1,0,0,0,0,0,0,0
R011035,male,3,urban,tertiary,1,1,0,1,0,0,0,0,0,0,1
R011036,male,2,rural,none,1,1,0,0,0,0,0,0,0,0,1
R011037,male,2,urban,none,1,12,0,0,0,0,0,0,0,0,1
R011038,female,4,urban,secondary,1,2,0,1,0,0,0,0,0,0,1
R011039,female,1,urban,secondary,1,5,1,0,0,0,0,0,0,0,0
R011040,male,5,urban,secondary,1,5,1,1,0,0,0,0,0,1,1
R011041,female,5,urban,none,1,2,0,0,0,0,0,0,0,1,1
R011042,male,3,urban,primary,1,12,1,1,0,0,0,0,0,1,1
R011043,male,2,urban,tertiary,1,2,0,0,0,0,0,0,0,1,1
R011044,female,4,urban,tertiary,1,5,0,0,0,0,0,0,0,0,1
R011045,male,4,urban,secondary,1,0,0,1,0,0,0,0,0,1,1
R011046,female,1,urban,secondary,0,0,0,0,1,0,1,0,1,0,1
R011047,male,3,rural,primary,1,0,0,0,0,0,0,0,0,0,0
R011048,female,3,urban,tertiary,1,0,1,0,0,0,0,0,0,1,1
R011049,female,2,rural,tertiary,1,1,1,0,0,0,0,0,0,0,0
R011050,female,3,rural,secondary,0,0,0,0,1,0,0,0,0,0,0
R011051,female,2,rural,secondary,1,30,0,1,0,0,0,0,0,0,0
R011052,female,4,rural,secondary,1,5,0,0,0,0,0,0,0,1,1
R011053,male,2,rural,none,1,1,0,1,0,0,0,0,0,0,1
R011054,male,3,urban,primary,1,2,0,0,0,0,0,0,0,0,0
R011055,female,3,rural,primary,0,0,0,0,1,0,1,0,0,1,0
R011056,female,1,rural,primary,0,0,0,0,1,1,0,0,1,1,0
R011057,female,2,urban,primary,1,12,0,0,0,0,0,0,0,0,1
R011058,male,2,rural,secondary,1,5,0,0,0,0,0,0,0,0,1
R011059,male,5,urban,tertiary,1,1,0,1,0,0,0,0,0,1,1
R011060,female,3,urban,secondary,1,12,0,0,0,0,0,0,0,0,0
R011061,male,1,urban,none,0,0,0,0,0,0,0,0,1,1,1
R011062,female,1,urban,primary,0,0,0,0,0,0,0,0,1,1,1
R011063,male,1,rural,primary,1,2,1,0,0,0,0,0,0,0,1
R011064,female,1,rural,secondary,0,0,0,0,0,1,0,0,0,0,0
R011065,male,3,rural,secondary,1,30,0,1,0,0,0,0,0,0,0
R011066,male,3,rural,secondary,1,0,1,0,0,0,0,0,0,0,1
R011067,male,2,rural,secondary,1,1,0,0,0,0,0,0,0,1,1
R011068,male,4,urban,secondary,1,30,1,1,0,0,0,0,0,0,0
R011069,female,4,rural,none,0,0,0,0,1,0,1,0,1,1,0
R011070,female,3,urban,tertiary,1,5,0,0,0,0,0,0,0,0,1
R011071,female,4,urban,primary,1,30,0,0,0,0,0,0,0,1,0
R011072,female,2,urban,primary,1,2,0,0,0,0,0,0,0,1,0
R011073,female,1,urban,secondary,1,5,0,0,0,0,0,0,0,1,1
R011074,female,4,rural,primary,1,5,1,1,0,0,0,0,0,0,0
R011075,female,5,urban,secondary,1,30,0,1,0,0,0,0,0,1,1
R011076,male,4,rural,secondary,1,30,1,0,0,0,0,0,0,1,0
R011077,female,3,rural,secondary,1,1,1,0,0,0,0,0,0,0,0
R011078,female,4,rural,primary,1,12,0,0,0,0,0,0,0,1,0
R011079,female,1,urban,none,1,5,0,0,0,0,0,0,0,1,0
R011080,male,2,urban,primary,0,0,0,0,0,0,0,0,0,1,1
R011081,male,5,urban,primary,1,5,0,1,0,0,0,0,0,1,1
R011082,female,4,urban,secondary,1,12,0,0,0,0,0,0,0,0,1
R011083,male,3,urban,secondary,1,12,0,1,0,0,0,0,0,1,1
R011084,male,2,urban,secondary,1,5,1,0,0,0,0,0,0,1,0
R011085,female,1,rural,tertiary,1,5,0,0,0,0,0,0,0,1,0
R011086,male,2,urban,primary,0,0,0,0,1,1,1,0,0,1,1
R011087,male,1,urban,secondary,0,0,0,0,1,0,1,0,1,0,0
R011088,female,3,rural,secondary,0,0,0,0,1,0,0,1,1,1,0
R011089,male,2,rural,tertiary,1,12,0,0,0,0,0,0,0,1,0
R011090,male,3,urban,tertiary,1,1,1,1,0,0,0,0,0,1,1
R011091,female,1,urban,primary,0,0,0,0,1,0,0,0,1,0,0
R011092,male,3,rural,secondary,1,5,0,0,0,0,0,0,0,1,1
R011093,male,3,rural,secondary,1,5,0,0,0,0,0,0,0,1,0
R011094,male,4,urban,secondary,1,2,0,1,0,0,0,0,0,1,1
R011095,female,4,urban,secondary,1,1,0,1,0,0,0,0,0,0,1
R011096,female,5,urban,tertiary,1,2,0,1,0,0,0,0,0,1,1
R011097,male,5,urban,primary,1,12,0,0,0,0,0,0,0,1,1
R011098,male,5,rural,secondary,1,1,0,0,0,0,0,0,0,1,1
R011099,male,3,urban,secondary,1,5,0,0,0,0,0,0,0,1,0
R011100,female,1,rural,secondary,0,0,0,0,0,1,0,1,1,0,0
R011101,male,3,urban,primary,1,1,1,1,0,0,0,0,0,1,1
R011102,female,2,urban,secondary,1,12,0,0,0,0,0,0,0,0,0
R011103,male,3,rural,secondary,1,5,1,0,0,0,0,0,0,0,1
R011104,male,1,urban,secondary,0,0,0,0,1,0,1,0,0,0,1
R011105,male,4,urban,primary,0,0,0,0,0,0,1,0,1,1,1
R011106,male,5,rural,tertiary,1,30,0,1,0,0,0,0,0,1,1
R011107,female,3,urban,primary,1,5,0,0,0,0,0,0,0,1,1
R011108,female,4,urban,secondary,1,5,1,0,0,0,0,0,0,0,1
R011109,male,3,rural,secondary,1,0,0,1,0,0,0,0,0,1,1
R011110,male,2,urban,secondary,1,12,0,0,0,0,0,0,0,1,1
R011111,male,4,urban,tertiary,1,5,1,0,0,0,0,0,0,1,1
R011112,male,4,rural,tertiary,1,5,0,1,0,0,0,0,0,1,0
R011113,male,1,rural,tertiary,1,12,0,0,0,0,0,0,0,1,0
R011114,male,3,rural,tertiary,1,5,0,0,0,0,0,0,0,0,1
R011115,female,4,rural,tertiary,1,1,0,1,0,0,0,0,0,0,0
R011116,male,1,urban,tertiary,1,5,0,0,0,0,0,0,0,0,0
R011117,female,1,urban,none,1,1,0,0,0,0,0,0,0,1,0
R011118,female,1,rural,secondary,0,0,0,0,0,0,0,0,0,0,1
R011119,male,4,rural,primary,1,12,0,1,0,0,0,0,0,1,0
R011120,female,5,rural,primary,0,0,0,0,0,0,0,1,0,0,1
R011121,male,1,urban,tertiary,1,1,0,0,0,0,0,0,0,0,0
R011122,female,4,rural,none,0,0,0,0,0,1,0,0,0,1,0
R011123,female,2,urban,none,1,2,0,1,0,0,0,0,0,0,0
R011124,male,1,rural,tertiary,1,30,0,1,0,0,0,0,0,1,1
R011125,female,5,urban,secondary,1,12,0,1,0,0,0,0,0,1,1
R011126,male,4,urban,secondary,1,0,1,0,0,0,0,0,0,1,1
R011127,female,4,rural,secondary,1,5,1,0,0,0,0,0,0,1,1
R011128,female,1,urban,tertiary,1,2,0,0,0,0,0,0,0,0,1
R011129,female,1,urban,secondary,0,0,0,0,0,0,0,0,0,1,0
R011130,female,2,rural,secondary,0,0,0,0,1,1,1,0,1,1,1
R011131,male,1,urban,secondary,1,5,0,0,0,0,0,0,0,0,0
R011132,female,1,rural,none,1,5,0,0,0,0,0,0,0,0,0
R011133,female,2,urban,secondary,1,5,0,0,0,0,0,0,0,1,1
R011134,male,2,rural,tertiary,1,2,0,0,0,0,0,0,0,0,0
R011135,female,1,urban,tertiary,1,5,0,0,0,0,0,0,0,0,1
R011136,female,2,rural,secondary,1,1,0,0,0,0,0,0,0,0,0
R011137,male,1,rural,secondary,1,2,0,0,0,0,0,0,0,1,0
R011138,female,2,rural,secondary,0,0,0,0,0,0,1,1,1,0,0
R011139,female,2,rural,secondary,1,12,0,0,0,0,0,0,0,1,1
R011140,female,4,rural,primary,1,12,0,0,0,0,0,0,0,1,1
R011141,male,3,rural,tertiary,1,2,1,1,0,0,0,0,0,1,0
R011142,male,3,rural,secondary,1,5,0,0,0,0,0,0,0,1,1
R011143,female,3,urban,secondary,1,12,0,0,0,0,0,0,0,1,1
R011144,female,1,rural,primary,0,0,0,0,0,0,0,0,1,0,0
R011145,female,3,urban,secondary,1,0,0,0,0,0,0,0,0,1,1
R011146,male,1,urban,primary,0,0,0,0,0,0,0,0,0,0,1
R011147,male,4,rural,secondary,1,5,1,1,0,0,0,0,0,0,1
R011148,female,1,urban,secondary,1,30,0,0,0,0,0,0,0,0,1
R011149,male,1,urban,tertiary,1,5,0,0,0,0,0,0,0,0,1
R011150,male,5,urban,none,1,5,0,0,0,0,0,0,0,1,1
R011151,female,2,urban,primary,0,0,0,0,0,0,0,0,1,1,1
R011152,male,5,urban,secondary,1,5,0,0,0,0,0,0,0,0,1
R011153,male,5,rural,none,0,0,0,0,1,0,0,0,1,0,1
R011154,female,3,rural,secondary,1,5,1,0,0,0,0,0,0,0,1
R011155,male,3,urban,secondary,1,12,1,0,0,0,0,0,0,0,1
R011156,male,5,urban,secondary,1,1,0,1,0,0,0,0,0,1,1
R011157,female,3,rural,secondary,0,0,0,0,1,1,1,1,0,0,1
R011158,female,4,rural,secondary,1,0,0,0,0,0,0,0,0,1,0
R011159,male,3,urban,none,1,12,0,0,0,0,0,0,0,1,0
R011160,male,1,urban,none,1,5,0,0,0,0,0,0,0,1,0
R011161,male,5,urban,primary,1,2,1,1,0,0,0,0,0,1,1
R011162,female,2,rural,primary,1,2,1,0,0,0,0,0,0,0,0
R011163,female,3,urban,secondary,0,0,0,0,1,0,1,0,0,0,1
R011164,female,5,urban,secondary,1,1,1,0,0,0,0,0,0,0,1
R011165,male,3,urban,secondary,1,2,0,0,0,0,0,0,0,1,0
R011166,female,4,urban,secondary,1,1,0,0,0,0,0,0,0,0,1
R011167,female,2,urban,secondary,1,1,0,0,0,0,0,0,0,1,0
R011168,male,5,urban,secondary,1,5,1,0,0,0,0,0,0,1,1
R011169,female,5,rural,tertiary,1,5,0,1,0,0,0,0,0,1,1
R011170,male,3,rural,tertiary,1,12,0,1,0,0,0,0,0,1,1
R011171,female,5,rural,primary,1,5,0,0,0,0,0,0,0,1,1
R011172,female,2,urban,secondary,1,5,1,1,0,0,0,0,0,1,1
R011173,male,2,urban,secondary,1,12,1,1,0,0,0,0,0,1,0
R011174,female,1,urban,secondary,0,0,0,0,1,0,0,1,1,0,0
R011175,female,1,urban,secondary,1,1,0,0,0,0,0,0,0,0,0
R011176,male,2,urban,secondary,1,1,1,0,0,0,0,0,0,0,1
R011177,male,2,urban,secondary,1,1,0,0,0,0,0,0,0,0,1
R011178,female,2,urban,tertiary,1,5,1,0,0,0,0,0,0,0,1
R011179,female,1,urban,tertiary,1,0,1,0,0,0,0,0,0,1,0
R011180,female,1,rural,primary,0,0,0,0,0,0,0,0,1,0,0
R011181,female,4,urban,none,1,12,0,0,0,0,0,0,0,1,1
R011182,male,1,rural,primary,0,0,0,0,0,1,0,1,1,0,0
R011183,female,2,rural,secondary,1,30,0,0,0,0,0,0,0,1,1
R011184,female,5,urban,secondary,1,0,1,0,0,0,0,0,0,1,1
R011185,female,1,rural,secondary,1,30,0,0,0,0,0,0,0,0,0
R011186,male,1,urban,primary,1,30,1,0,0,0,0,0,0,1,1
R011187,male,2,rural,secondary,1,2,1,0,0,0,0,0,0,0,1
R011188,male,1,urban,primary,0,0,0,0,1,0,1,0,0,1,0
R011189,female,4,urban,primary,1,2,1,0,0,0,0,0,0,1,1
R011190,female,4,urban,primary,1,1,0,0,0,0,0,0,0,1,1
R011191,female,2,urban,tertiary,1,1,0,1,0,0,0,0,0,0,1
R011192,female,1,urban,primary,0,0,0,0,1,1,0,1,1,1,1
R011193,male,5,urban,secondary,1,2,1,1,0,0,0,0,0,1,1
R011194,female,2,rural,primary,0,0,0,0,0,0,0,0,0,0,0
R011195,female,2,urban,secondary,0,0,0,0,0,1,0,0,0,0,1
R011196,male,4,urban,none,1,12,0,0,0,0,0,0,0,1,0
R011197,female,3,rural,tertiary,1,5,1,0,0,0,0,0,0,0,0
R011198,male,1,urban,secondary,0,0,0,0,0,0,0,0,1,0,0
R011199,female,3,urban,secondary,0,0,0,0,1,1,0,1,0,1,1
R011200,male,1,urban,primary,0,0,0,0,1,0,0,0,1,1,0
R011201,male,4,urban,primary,0,0,0,0,0,0,0,1,0,1,1
R011202,female,1,urban,tertiary,1,5,0,1,0,0,0,0,0,1,1
R011203,female,4,rural,secondary,1,1,0,1,0,0,0,0,0,1,1
R011204,male,4,urban,secondary,1,2,0,0,0,0,0,0,0,1,1
R011205,male,1,rural,primary,1,12,0,0,0,0,0,0,0,0,1
R011206,male,3,rural,tertiary,1,12,1,0,0,0,0,0,0,1,0
R011207,male,2,urban,tertiary,1,2,0,0,0,0,0,0,0,1,0
R011208,male,1,rural,secondary,0,0,0,0,0,0,0,1,1,1,0
R011209,female,5,rural,secondary,1,30,1,1,0,0,0,0,0,1,1
R011210,female,1,rural,primary,0,0,0,0,0,1,0,0,1,1,0
R011211,male,4,rural,primary,0,0,0,0,0,1,1,0,1,1,0
R011212,female,1,urban,secondary,0,0,0,0,0,1,1,1,0,0,1
R011213,female,3,rural,secondary,1,1,0,1,0,0,0,0,0,1,1
R011214,male,2,urban,secondary,1,5,1,0,0,0,0,0,0,0,0
R011215,male,1,rural,none,0,0,0,0,0,0,1,0,1,1,0
R011216,male,1,rural,secondary,1,30,0,0,0,0,0,0,0,0,0
R011217,male,3,rural,secondary,1,2,0,1,0,0,0,0,0,1,0
R011218,male,1,urban,secondary,1,5,0,1,0,0,0,0,0,0,0
R011219,female,1,rural,secondary,0,0,0,0,1,0,1,0,0,0,0
R011220,male,5,rural,primary,1,2,0,1,0,0,0,0,0,1,1
R011221,female,2,urban,primary,0,0,0,0,1,1,1,0,0,1,1
R011222,male,4,rural,secondary,1,12,0,0,0,0,0,0,0,1,1
R011223,female,1,rural,secondary,1,1,0,0,0,0,0,0,0,1,0
R011224,female,5,rural,secondary,1,1,0,0,0,0,0,0,0,1,0
R011225,male,1,urban,secondary,0,0,0,0,0,0,0,1,0,1,1
R011226,female,1,urban,secondary,1,30,0,0,0,0,0,0,0,0,0
R011227,male,2,rural,secondary,1,1,0,1,0,0,0,0,0,0,0
R011228,male,1,rural,secondary,1,30,0,1,0,0,0,0,0,1,0
R011229,male,5,rural,tertiary,1,12,0,1,0,0,0,0,0,0,1
R011230,male,3,rural,tertiary,1,5,0,0,0,0,0,0,0,1,0
R011231,female,1,urban,secondary,1,5,0,0,0,0,0,0,0,0,0
R011232,female,1,urban,none,0,0,0,0,1,0,0,1,1,1,1
R011233,female,4,urban,primary,1,5,0,0,0,0,0,0,0,1,0
R011234,female,5,rural,secondary,1,2,0,0,0,0,0,0,0,1,1
R011235,female,1,rural,primary,0,0,0,0,1,0,0,0,0,1,0
R011236,female,2,rural,none,0,0,0,0,1,0,1,0,0,0,0
R011237,female,2,rural,primary,0,0,0,0,1,1,0,1,0,1,0
R011238,male,1,urban,primary,1,2,0,0,0,0,0,0,0,1,1
R011239,female,2,rural,primary,0,0,0,0,0,1,0,0,1,0,1
R011240,female,2,urban,secondary,1,0,0,0,0,0,0,0,0,0,0
R011241,female,2,urban,secondary,1,0,0,1,0,0,0,0,0,1,1
R011242,female,3,rural,secondary,1,30,0,1,0,0,0,0,0,0,0
R011243,male,1,urban,primary,1,5,0,1,0,0,0,0,0,0,0
R011244,male,4,urban,secondary,1,30,0,1,0,0,0,0,0,0,1
R011245,female,1,urban,secondary,1,2,0,0,0,0,0,0,0,0,1
R011246,female,1,urban,primary,1,5,0,0,0,0,0,0,0,0,0
R011247,female,4,rural,secondary,1,1,0,0,0,0,0,0,0,1,0
R011248,male,2,urban,secondary,1,30,0,1,0,0,0,0,0,0,1
R011249,female,2,urban,primary,0,0,0,0,0,0,0,0,1,0,1
R011250,female,1,urban,none,0,0,0,0,0,0,1,0,1,1,1
R011251,female,5,urban,secondary,1,5,0,1,0,0,0,0,0,0,1
R011252,female,3,urban,primary,1,5,1,1,0,0,0,0,0,1,1
R011253,female,2,rural,secondary,1,1,0,0,0,0,0,0,0,1,1
R011254,female,2,urban,primary,1,1,0,1,0,0,0,0,0,1,0
R011255,female,4,urban,primary,1,12,0,1,0,0,0,0,0,0,1
R011256,female,1,rural,primary,0,0,0,0,0,1,0,0,1,1,0
R011257,female,2,urban,primary,0,0,0,0,0,0,0,0,0,1,0
R011258,female,1,rural,tertiary,1,12,0,0,0,0,0,0,0,0,1
R011259,female,5,urban,primary,1,2,1,0,0,0,0,0,0,1,0
R011260,female,3,urban,primary,1,12,1,1,0,0,0,0,0,1,0
R011261,male,3,urban,primary,1,5,0,1,0,0,0,0,0,0,1
R011262,male,4,urban,secondary,1,5,0,1,0,0,0,0,0,0,1
R011263,female,5,rural,primary,1,30,0,0,0,0,0,0,0,1,1
R011264,female,4,urban,secondary,1,2,0,0,0,0,0,0,0,0,0
R011265,female,2,rural,primary,1,5,0,0,0,0,0,0,0,1,0
R011266,female,4,urban,secondary,1,5,0,0,0,0,0,0,0,0,1
R011267,female,3,rural,tertiary,1,12,0,0,0,0,0,0,0,1,0
R011268,male,2,urban,none,1,5,0,0,0,0,0,0,0,1,0
R011269,female,2,urban,secondary,1,5,1,1,0,0,0,0,0,1,0
R011270,male,5,urban,secondary,1,12,0,0,0,0,0,0,0,1,1
R011271,female,4,rural,primary,0,0,0,0,1,0,0,0,1,0,1
R011272,female,1,urban,tertiary,1,5,1,0,0,0,0,0,0,1,1
R011273,male,4,urban,secondary,1,0,0,1,0,0,0,0,0,0,0
R011274,male,3,urban,tertiary,1,2,0,0,0,0,0,0,0,1,1
R011275,male,2,urban,secondary,1,12,1,0,0,0,0,0,0,0,1
R011276,female,1,urban,none,0,0,0,0,1,0,0,0,1,1,0
R011277,male,3,urban,secondary,1,2,1,0,0,0,0,0,0,1,1
R011278,female,1,urban,primary,0,0,0,0,1,0,1,0,1,1,0
R011279,male,3,urban,primary,1,30,0,1,0,0,0,0,0,0,1
R011280,female,2,urban,none,0,0,0,0,1,0,0,0,1,0,0
R011281,male,1,urban,primary,1,2,0,0,0,0,0,0,0,0,0
R011282,male,3,urban,secondary,1,30,1,1,0,0,0,0,0,0,1
R011283,female,4,urban,primary,1,2,0,1,0,0,0,0,0,1,1
R011284,female,1,urban,secondary,0,0,0,0,1,0,1,0,0,1,1
R011285,male,3,rural,primary,0,0,0,0,1,0,0,1,0,1,0
R011286,female,2,urban,primary,0,0,0,0,1,0,0,0,1,1,0
R011287,male,3,urban,secondary,1,12,0,1,0,0,0,0,0,0,1
R011288,female,1,urban,secondary,1,1,0,0,0,0,0,0,0,0,1
R011289,male,5,urban,secondary,1,5,0,0,0,0,0,0,0,1,1
R011290,male,2,urban,secondary,1,12,0,0,0,0,0,0,0,1,0
R011291,male,4,rural,secondary,0,0,0,0,0,1,0,1,0,1,0
R011292,female,4,rural,none,0,0,0,0,0,1,1,0,0,1,1
R011293,female,3,urban,none,1,12,0,1,0,0,0,0,0,0,1
R011294,male,4,urban,primary,0,0,0,0,1,0,1,0,0,1,1
R011295,female,2,rural,secondary,1,5,1,0,0,0,0,0,0,0,1
R011296,female,1,urban,secondary,1,5,0,1,0,0,0,0,0,0,1
R011297,female,1,urban,tertiary,1,2,0,0,0,0,0,0,0,0,0
R011298,male,2,rural,primary,1,30,0,0,0,0,0,0,0,0,0
R011299,female,3,rural,primary,1,5,1,0,0,0,0,0,0,1,0
R011300,male,3,urban,primary,1,30,0,1,0,0,0,0,0,0,1
R011301,male,5,urban,primary,1,2,1,1,0,0,0,0,0,0,1
R011302,female,3,urban,primary,1,30,0,0,0,0,0,0,0,0,1
R011303,male,3,urban,primary,1,5,1,0,0,0,0,0,0,1,0
R011304,female,2,urban,tertiary,1,1,0,1,0,0,0,0,0,0,1
R011305,female,3,rural,primary,0,0,0,0,1,1,0,0,1,0,1
R011306,female,1,urban,none,0,0,0,0,0,0,1,1,1,0,1
R011307,male,4,rural,primary,1,2,1,1,0,0,0,0,0,1,0
R011308,female,1,urban,tertiary,1,2,0,0,0,0,0,0,0,0,0
R011309,male,2,rural,secondary,1,2,0,0,0,0,0,0,0,0,1
R011310,male,3,rural,secondary,1,2,0,0,0,0,0,0,0,1,0
R011311,female,3,urban,secondary,1,12,0,1,0,0,0,0,0,1,0
R011312,male,3,rural,primary,0,0,0,0,1,1,0,0,1,1,1
R011313,female,2,urban,secondary,1,1,0,1,0,0,0,0,0,0,0
R011314,female,2,urban,secondary,1,12,0,1,0,0,0,0,0,0,1
R011315,male,5,rural,primary,1,1,0,0,0,0,0,0,0,1,1
R011316,female,4,rural,none,1,1,1,1,0,0,0,0,0,0,0
R011317,female,2,rural,none,0,0,0,0,1,0,0,0,1,0,0
R011318,male,5,rural,primary,1,5,1,0,0,0,0,0,0,0,0
R011319,male,1,urban,tertiary,1,0,1,0,0,0,0,0,0,1,1
R011320,female,5,urban,tertiary,1,5,0,1,0,0,0,0,0,0,1
R011321,female,1,urban,secondary,1,30,0,0,0,0,0,0,0,0,0
R011322,male,2,urban,tertiary,1,1,0,0,0,0,0,0,0,1,0
R011323,male,2,rural,secondary,1,30,1,1,0,0,0,0,0,1,0
R011324,male,2,rural,secondary,1,5,1,1,0,0,0,0,0,0,0
R011325,male,4,rural,secondary,1,12,0,0,0,0,0,0,0,1,1
R011326,female,5,urban,secondary,1,2,0,0,0,0,0,0,0,1,1
R011327,female,1,urban,tertiary,1,30,1,0,0,0,0,0,0,1,0
R011328,male,1,urban,secondary,1,2,0,0,0,0,0,0,0,0,1
R011329,female,3,rural,secondary,1,2,1,0,0,0,0,0,0,0,0
R011330,female,3,rural,primary,1,30,0,0,0,0,0,0,0,1,0
R011331,male,2,rural,tertiary,1,2,0,1,0,0,0,0,0,0,0
R011332,female,1,urban,secondary,1,1,0,1,0,0,0,0,0,1,0
R011333,female,5,rural,primary,1,30,0,0,0,0,0,0,0,1,1
R011334,female,3,rural,primary,1,30,0,1,0,0,0,0,0,1,0
R011335,male,1,urban,primary,0,0,0,0,1,0,0,0,0,0,0
R011336,female,5,rural,primary,1,0,0,1,0,0,0,0,0,1,1
R011337,male,3,rural,none,1,12,0,0,0,0,0,0,0,0,0
R011338,male,4,rural,secondary,1,2,1,0,0,0,0,0,0,1,1
R011339,female,1,rural,secondary,0,0,0,0,1,1,0,0,1,0,0
R011340,female,2,urban,primary,1,12,1,0,0,0,0,0,0,0,1
R011341,male,5,urban,secondary,1,12,1,0,0,0,0,0,0,1,1
R011342,male,1,urban,none,0,0,0,0,0,0,0,0,0,0,0
R011343,male,2,urban,primary,1,2,0,0,0,0,0,0,0,0,1
R011344,male,2,urban,tertiary,1,5,0,0,0,0,0,0,0,1,1
R011345,male,4,urban,secondary,1,12,0,0,0,0,0,0,0,1,1
R011346,male,1,urban,tertiary,1,1,0,0,0,0,0,0,0,1,1
R011347,female,4,rural,secondary,1,5,1,1,0,0,0,0,0,0,0
R011348,male,1,urban,secondary,1,1,0,1,0,0,0,0,0,1,0
R011349,male,3,urban,none,0,0,0,0,0,0,0,1,1,0,1
R011350,female,1,urban,secondary,0,0,0,0,1,0,1,0,0,0,0
R011351,female,3,urban,primary,1,30,0,0,0,0,0,0,0,1,1
R011352,female,1,urban,secondary,1,12,0,0,0,0,0,0,0,0,0
R011353,male,5,rural,secondary,1,12,1,0,0,0,0,0,0,1,0
R011354,male,1,urban,secondary,1,1,0,1,0,0,0,0,0,1,0
R011355,male,4,urban,none,1,2,0,0,0,0,0,0,0,1,1
R011356,male,2,urban,none,0,0,0,0,1,0,1,0,1,0,1
R011357,male,3,urban,secondary,1,5,0,1,0,0,0,0,0,1,0
R011358,male,2,rural,tertiary,1,12,1,1,0,0,0,0,0,0,0
R011359,male,2,urban,secondary,1,2,0,0,0,0,0,0,0,0,0
R011360,female,1,rural,tertiary,0,0,0,0,1,0,1,0,1,0,0
R011361,female,1,urban,secondary,0,0,0,0,1,0,0,0,1,0,0
R011362,female,4,urban,tertiary,1,30,1,0,0,0,0,0,0,1,1
R011363,female,3,rural,secondary,1,30,0,1,0,0,0,0,0,1,0
R011364,male,4,urban,secondary,1,5,0,0,0,0,0,0,0,0,1
R011365,male,1,rural,secondary,1,12,0,0,0,0,0,0,0,1,0
R011366,female,2,rural,primary,1,12,1,0,0,0,0,0,0,1,1
R011367,male,1,rural,primary,0,0,0,0,0,1,1,1,1,1,1
R011368,female,2,urban,secondary,0,0,0,0,1,0,0,0,0,1,1
R011369,male,3,urban,secondary,1,30,0,0,0,0,0,0,0,0,0
R011370,female,4,rural,secondary,1,30,0,0,0,0,0,0,0,0,0
R011371,male,2,urban,primary,0,0,0,0,0,0,0,0,0,0,0
R011372,female,5,urban,secondary,1,0,0,1,0,0,0,0,0,1,1
R011373,male,2,rural,none,1,1,0,0,0,0,0,0,0,0,0
R011374,male,1,urban,secondary,1,1,0,0,0,0,0,0,0,0,0
R011375,female,4,rural,tertiary,1,2,0,0,0,0,0,0,0,1,1
R011376,female,1,urban,secondary,1,30,0,0,0,0,0,0,0,0,0
R011377,female,4,rural,secondary,0,0,0,0,1,0,1,0,1,1,0
R011378,male,2,rural,none,0,0,0,0,1,0,0,0,1,1,1
R011379,female,1,rural,secondary,0,0,0,0,0,0,0,1,1,1,0
R011380,male,2,rural,tertiary,1,2,0,0,0,0,0,0,0,0,0
R011381,male,4,rural,none,1,12,0,0,0,0,0,0,0,1,0
R011382,female,1,rural,secondary,0,0,0,0,0,1,1,0,0,1,1
R011383,male,3,urban,secondary,1,2,0,0,0,0,0,0,0,1,1
R011384,female,2,urban,primary,0,0,0,0,1,0,0,0,1,1,1
R011385,male,5,rural,secondary,1,0,1,1,0,0,0,0,0,1,1
R011386,male,1,rural,primary,1,5,0,0,0,0,0,0,0,0,0
R011387,male,2,rural,secondary,1,0,1,1,0,0,0,0,0,1,0
R011388,male,2,urban,primary,1,30,0,1,0,0,0,0,0,0,0
R011389,female,2,urban,primary,0,0,0,0,0,0,1,1,0,0,0
R011390,male,3,urban,secondary,1,5,0,0,0,0,0,0,0,1,1
R011391,male,2,urban,primary,1,1,0,1,0,0,0,0,0,0,1
R011392,female,4,rural,tertiary,1,1,1,0,0,0,0,0,0,0,1
R011393,female,1,urban,secondary,1,5,0,0,0,0,0,0,0,1,0
R011394,female,2,urban,primary,0,0,0,0,1,0,0,0,0,0,1
R011395,male,2,rural,tertiary,1,2,1,0,0,0,0,0,0,1,0
R011396,male,4,rural,secondary,1,1,0,1,0,0,0,0,0,0,1
R011397,female,1,urban,secondary,1,5,0,0,0,0,0,0,0,0,0
R011398,male,2,rural,primary,1,2,0,0,0,0,0,0,0,0,0
R011399,female,2,urban,tertiary,0,0,0,0,0,0,0,0,0,1,1
R011400,male,3,urban,primary,0,0,0,0,1,0,1,0,1,1,0
R011401,male,2,urban,secondary,1,1,0,0,0,0,0,0,0,1,1
R011402,male,1,urban,secondary,1,1,0,0,0,0,0,0,0,1,1
R011403,female,4,rural,secondary,1,2,1,1,0,0,0,0,0,0,1
R011404,female,1,urban,primary,0,0,0,0,0,0,0,1,1,1,0
R011405,male,1,rural,none,0,0,0,0,1,1,0,0,1,0,1
R011406,male,2,rural,secondary,0,0,0,0,1,1,0,0,1,0,0
R011407,female,5,rural,tertiary,1,2,1,0,0,0,0,0,0,1,1
R011408,male,5,urban,primary,1,2,1,1,0,0,0,0,0,1,0
R011409,male,2,urban,secondary,0,0,0,0,1,0,0,0,1,0,1
R011410,male,4,rural,secondary,1,30,0,1,0,0,0,0,0,0,1
R011411,female,1,urban,secondary,1,5,0,0,0,0,0,0,0,0,1
R011412,female,4,rural,secondary,1,12,0,0,0,0,0,0,0,0,1
R011413,male,2,rural,secondary,0,0,0,0,1,0,0,0,1,0,1
R011414,female,5,rural,primary,1,2,1,1,0,0,0,0,0,1,1
R011415,female,1,rural,primary,0,0,0,0,0,1,0,0,0,1,0
R011416,female,5,rural,secondary,1,5,1,1,0,0,0,0,0,1,1
R011417,male,1,rural,secondary,1,5,0,0,0,0,0,0,0,1,0
R011418,male,3,rural,primary,1,30,0,0,0,0,0,0,0,0,1
R011419,female,5,urban,secondary,1,0,0,0,0,0,0,0,0,1,1
R011420,female,2,urban,primary,0,0,0,0,0,0,0,0,0,1,1
R011421,female,1,urban,none,0,0,0,0,1,0,1,0,0,1,0
R011422,male,5,urban,secondary,1,1,1,1,0,0,0,0,0,1,1
R011423,female,4,urban,tertiary,1,1,0,1,0,0,0,0,0,0,1
R011424,female,1,rural,primary,1,2,0,1,0,0,0,0,0,0,1
R011425,male,2,urban,primary,1,5,1,0,0,0,0,0,0,0,1
R011426,female,4,rural,secondary,1,30,0,1,0,0,0,0,0,0,0
R011427,female,3,rural,tertiary,1,1,0,1,0,0,0,0,0,1,0
R011428,male,2,rural,none,0,0,0,0,0,1,1,0,1,1,1
R011429,female,1,urban,secondary,1,0,0,0,0,0,0,0,0,0,0
R011430,male,3,urban,secondary,0,0,0,0,0,0,0,0,0,0,0
R011431,female,3,urban,primary,1,2,1,0,0,0,0,0,0,0,0
R011432,female,1,urban,secondary,0,0,0,0,0,1,0,0,1,1,1
R011433,female,4,urban,secondary,1,2,0,0,0,0,0,0,0,1,1
R011434,female,2,rural,tertiary,1,2,0,0,0,0,0,0,0,1,0
R011435,female,1,rural,none,0,0,0,0,1,1,1,1,1,0,0
R011436,female,4,urban,primary,1,0,0,0,0,0,0,0,0,1,1
R011437,male,2,urban,primary,1,2,0,0,0,0,0,0,0,0,0
R011438,male,1,rural,none,0,0,0,0,0,0,1,1,0,1,0
R011439,female,1,urban,secondary,1,0,0,0,0,0,0,0,0,0,1
R011440,male,2,rural,primary,0,0,0,0,1,0,0,1,1,1,0
R011441,female,2,urban,tertiary,1,12,0,0,0,0,0,0,0,0,1
R011442,female,5,urban,tertiary,1,2,0,0,0,0,0,0,0,1,1
R011443,male,4,rural,primary,1,2,0,1,0,0,0,0,0,1,1
R011444,female,1,urban,secondary,0,0,0,0,1,1,0,1,1,0,0
R011445,male,5,rural,primary,1,12,1,0,0,0,0,0,0,1,1
R011446,female,3,urban,primary,0,0,0,0,1,0,0,0,0,1,1
R011447,female,4,urban,none,1,0,0,0,0,0,0,0,0,1,1
R011448,female,4,rural,secondary,1,0,1,0,0,0,0,0,0,0,0
R011449,male,2,rural,none,1,0,0,0,0,0,0,0,0,1,0
R011450,female,5,urban,primary,0,0,0,0,0,0,0,0,1,1,1
R011451,male,3,urban,primary,1,2,0,0,0,0,0,0,0,0,1
R011452,female,5,rural,none,1,12,0,1,0,0,0,0,0,1,1
R011453,male,1,rural,tertiary,1,30,0,1,0,0,0,0,0,1,0
R011454,male,4,rural,secondary,0,0,0,0,1,0,0,0,1,0,0
R011455,male,3,rural,secondary,1,1,0,0,0,0,0,0,0,1,1
R011456,female,4,urban,tertiary,1,1,0,1,0,0,0,0,0,1,1
R011457,female,4,urban,secondary,1,1,0,1,0,0,0,0,0,1,0
R011458,female,3,urban,secondary,1,5,0,0,0,0,0,0,0,1,1
R011459,female,2,urban,tertiary,1,5,0,0,0,0,0,0,0,1,1
R011460,male,5,rural,secondary,1,0,0,1,0,0,0,0,0,1,1
R011461,female,3,urban,primary,1,5,0,0,0,0,0,0,0,0,1
R011462,female,1,urban,secondary,1,5,0,0,0,0,0,0,0,1,1
R011463,male,5,rural,secondary,1,1,0,1,0,0,0,0,0,1,1
R011464,female,4,urban,tertiary,1,0,0,1,0,0,0,0,0,1,1
R011465,female,1,rural,secondary,0,0,0,0,1,0,1,0,1,1,0
R011466,male,2,urban,none,0,0,0,0,1,0,1,0,1,0,0
R011467,female,1,rural,secondary,1,12,1,0,0,0,0,0,0,1,0
R011468,male,5,urban,primary,1,12,0,0,0,0,0,0,0,1,1
R011469,female,2,rural,secondary,1,1,0,1,0,0,0,0,0,0,0
R011470,male,1,urban,tertiary,1,12,0,0,0,0,0,0,0,1,1
R011471,male,4,urban,secondary,1,12,0,1,0,0,0,0,0,1,0
R011472,female,1,urban,none,0,0,0,0,0,0,0,0,0,0,0
R011473,male,2,rural,primary,1,1,0,0,0,0,0,0,0,0,0
R011474,female,2,rural,tertiary,0,0,0,0,0,1,0,0,0,0,0
R011475,female,4,urban,tertiary,1,5,0,0,0,0,0,0,0,1,0
R011476,male,1,rural,none,0,0,0,0,0,0,0,0,0,0,1
R011477,female,2,urban,tertiary,1,2,1,0,0,0,0,0,0,0,0
R011478,male,3,rural,secondary,1,1,0,0,0,0,0,0,0,1,1
R011479,female,1,urban,primary,0,0,0,0,0,1,0,0,0,1,0
R011480,female,1,rural,secondary,1,2,0,0,0,0,0,0,0,0,0
R011481,male,1,rural,secondary,0,0,0,0,1,0,0,0,1,1,1
R011482,male,4,urban,secondary,1,30,0,0,0,0,0,0,0,1,1
R011483,female,2,rural,primary,0,0,0,0,0,1,0,1,1,1,0
R011484,male,4,rural,primary,1,1,0,1,0,0,0,0,0,1,1
R011485,female,3,urban,primary,1,1,1,0,0,0,0,0,0,0,1
R011486,female,1,urban,tertiary,1,12,0,0,0,0,0,0,0,0,0
R011487,male,5,rural,secondary,1,1,0,1,0,0,0,0,0,1,0
R011488,male,3,urban,primary,1,30,0,0,0,0,0,0,0,0,1
R011489,female,2,urban,secondary,1,12,0,1,0,0,0,0,0,0,1
R011490,female,1,urban,secondary,0,0,0,0,0,1,1,0,1,1,1
R011491,female,1,rural,tertiary,1,12,0,0,0,0,0,0,0,0,1
R011492,female,5,rural,primary,0,0,0,0,1,1,1,1,1,1,1
R011493,male,2,urban,secondary,1,30,0,0,0,0,0,0,0,1,1
R011494,male,1,urban,primary,1,30,0,1,0,0,0,0,0,1,0
R011495,female,4,urban,secondary,1,5,1,1,0,0,0,0,0,1,0
R011496,female,1,urban,tertiary,1,5,0,0,0,0,0,0,0,0,0
R011497,male,4,urban,tertiary,1,30,0,1,0,0,0,0,0,0,1
R011498,female,1,urban,secondary,1,12,0,0,0,0,0,0,0,0,1
R011499,female,3,rural,secondary,0,0,0,0,1,0,0,0,0,1,0
R011500,male,2,rural,none,0,0,0,0,0,1,0,0,0,0,0
R011501,female,4,urban,secondary,1,30,0,1,0,0,0,0,0,1,1
R011502,male,1,rural,primary,0,0,0,0,0,0,0,1,0,1,0
R011503,male,1,rural,tertiary,0,0,0,0,0,0,0,0,1,0,0
R011504,female,3,urban,none,0,0,0,0,1,0,0,0,1,0,1
R011505,male,1,rural,tertiary,1,1,0,0,0,0,0,0,0,0,0
R011506,female,3,urban,secondary,1,0,0,1,0,0,0,0,0,0,1
R011507,male,1,urban,tertiary,1,5,1,0,0,0,0,0,0,1,0
R011508,male,2,urban,tertiary,1,2,0,0,0,0,0,0,0,0,1
R011509,female,2,urban,primary,1,0,1,0,0,0,0,0,0,1,1
R011510,female,3,rural,primary,0,0,0,0,0,1,1,1,1,1,1
R011511,female,1,rural,secondary,1,12,0,0,0,0,0,0,0,0,0
R011512,female,1,urban,primary,0,0,0,0,1,0,0,1,1,0,1
R011513,female,5,urban,secondary,1,2,0,0,0,0,0,0,0,1,1
R011514,female,3,urban,secondary,1,1,0,0,0,0,0,0,0,1,1
R011515,male,2,urban,secondary,1,12,0,0,0,0,0,0,0,0,0
R011516,female,2,urban,tertiary,1,12,0,0,0,0,0,0,0,0,1
R011517,male,5,urban,primary,1,1,0,1,0,0,0,0,0,1,1
R011518,male,4,rural,tertiary,1,1,1,1,0,0,0,0,0,0,1
R011519,female,4,rural,primary,1,12,1,1,0,0,0,0,0,1,0
R011520,female,1,urban,secondary,1,0,0,0,0,0,0,0,0,0,1
R011521,male,4,urban,none,1,1,0,1,0,0,0,0,0,1,1
R011522,female,3,urban,primary,1,1,0,0,0,0,0,0,0,1,1
R011523,female,1,rural,primary,0,0,0,0,1,0,1,0,1,1,0
R011524,male,2,urban,tertiary,1,2,1,0,0,0,0,0,0,1,1
R011525,male,5,rural,tertiary,1,1,0,1,0,0,0,0,0,1,1
R011526,female,4,urban,none,1,2,0,1,0,0,0,0,0,1,1
R011527,female,5,urban,primary,1,1,0,0,0,0,0,0,0,0,1
R011528,male,4,rural,primary,1,1,0,0,0,0,0,0,0,1,1
R011529,male,4,rural,primary,1,5,1,1,0,0,0,0,0,1,0
R011530,female,5,rural,secondary,1,1,0,1,0,0,0,0,0,1,0
R011531,female,1,rural,secondary,0,0,0,0,1,0,1,0,1,1,0
R011532,male,3,rural,tertiary,1,2,0,1,0,0,0,0,0,1,1
R011533,female,2,urban,secondary,0,0,0,0,1,0,0,0,1,1,0
R011534,male,1,urban,secondary,0,0,0,0,0,0,1,0,0,1,0
R011535,male,2,rural,secondary,1,30,0,1,0,0,0,0,0,1,0
R011536,male,1,urban,primary,1,5,1,0,0,0,0,0,0,1,0
R011537,male,2,urban,none,0,0,0,0,1,0,1,0,0,0,1
R011538,female,1,rural,none,1,5,0,0,0,0,0,0,0,0,0
R011539,male,5,urban,secondary,1,12,0,0,0,0,0,0,0,0,1
R011540,female,2,rural,tertiary,1,1,0,0,0,0,0,0,0,0,0
R011541,male,4,urban,secondary,1,0,0,0,0,0,0,0,0,1,1
R011542,male,2,urban,tertiary,1,12,0,0,0,0,0,0,0,0,1
R011543,female,3,urban,none,0,0,0,0,1,0,1,0,0,1,1
R011544,female,3,urban,secondary,1,30,1,0,0,0,0,0,0,1,0
R011545,male,4,rural,primary,1,12,0,1,0,0,0,0,0,0,0
R011546,male,5,urban,tertiary,1,0,1,1,0,0,0,0,0,1,1
R011547,male,5,urban,secondary,1,12,0,0,0,0,0,0,0,1,1
R011548,male,2,rural,primary,1,1,0,1,0,0,0,0,0,1,0
R011549,male,4,urban,secondary,1,2,0,0,0,0,0,0,0,1,1
R011550,male,1,urban,none,0,0,0,0,1,0,0,0,1,0,1
R011551,female,2,rural,primary,1,5,0,0,0,0,0,0,0,0,0
R011552,male,2,urban,primary,0,0,0,0,1,0,1,1,1,0,1
R011553,female,3,rural,secondary,1,5,0,0,0,0,0,0,0,1,1
R011554,male,2,urban,secondary,1,1,0,1,0,0,0,0,0,1,0
R011555,female,4,urban,secondary,1,1,0,0,0,0,0,0,0,0,1
R011556,male,2,rural,tertiary,1,2,0,0,0,0,0,0,0,1,0
R011557,female,3,rural,primary,1,1,0,1,0,0,0,0,0,1,1
R011558,male,4,urban,secondary,1,2,0,1,0,0,0,0,0,1,1
R011559,male,4,rural,secondary,1,2,1,0,0,0,0,0,0,1,0
R011560,male,4,rural,tertiary,1,1,0,1,0,0,0,0,0,0,0
R011561,male,3,rural,primary,1,5,1,1,0,0,0,0,0,1,1
R011562,female,3,rural,secondary,0,0,0,0,1,1,0,1,1,1,1
R011563,male,3,urban,secondary,1,12,0,0,0,0,0,0,0,1,1
R011564,male,1,rural,none,0,0,0,0,1,0,0,1,0,1,0
R011565,female,2,urban,secondary,1,12,0,0,0,0,0,0,0,1,1
R011566,male,2,rural,none,1,1,0,0,0,0,0,0,0,0,0
R011567,male,4,rural,secondary,1,2,0,1,0,0,0,0,0,0,0
R011568,male,2,urban,secondary,1,30,0,0,0,0,0,0,0,0,1
R011569,male,5,urban,primary,1,0,0,1,0,0,0,0,0,1,1
R011570,female,1,urban,secondary,1,2,0,1,0,0,0,0,0,1,1
R011571,female,3,urban,tertiary,1,12,1,0,0,0,0,0,0,1,1
R011572,male,1,rural,secondary,0,0,0,0,0,1,0,0,0,1,0
R011573,female,1,rural,primary,1,1,0,0,0,0,0,0,0,1,0
R011574,female,4,urban,none,0,0,0,0,0,0,1,0,0,1,1
R011575,male,1,urban,secondary,1,1,1,0,0,0,0,0,0,0,0
R011576,male,2,rural,tertiary,1,1,0,1,0,0,0,0,0,0,0
R011577,female,4,urban,primary,1,2,0,0,0,0,0,0,0,1,1
R011578,male,1,urban,none,1,0,0,1,0,0,0,0,0,0,1
R011579,female,5,urban,secondary,1,1,0,1,0,0,0,0,0,1,1
R011580,male,1,urban,none,0,0,0,0,1,1,0,0,0,1,1
R011581,female,4,urban,secondary,1,5,0,1,0,0,0,0,0,1,0
R011582,female,3,rural,secondary,1,0,1,1,0,0,0,0,0,0,0
R011583,female,5,urban,secondary,0,0,0,0,0,0,0,0,1,0,1
R011584,female,4,rural,tertiary,0,0,0,0,0,1,0,1,1,0,1
R011585,female,2,urban,none,0,0,0,0,1,1,0,0,0,1,0
R011586,female,1,urban,tertiary,1,12,0,0,0,0,0,0,0,1,1
R011587,male,1,urban,tertiary,1,2,0,0,0,0,0,0,0,0,1
R011588,female,3,urban,tertiary,1,1,0,1,0,0,0,0,0,0,1
R011589,male,3,urban,tertiary,1,30,0,0,0,0,0,0,0,0,1
R011590,female,2,rural,secondary,1,5,0,0,0,0,0,0,0,1,0
R011591,female,4,rural,primary,0,0,0,0,0,0,0,0,0,1,1
R011592,female,4,rural,secondary,1,5,0,0,0,0,0,0,0,1,0
R011593,female,1,urban,secondary,1,2,0,0,0,0,0,0,0,0,1
R011594,female,2,urban,secondary,0,0,0,0,0,0,0,0,0,0,1
R011595,male,1,urban,secondary,0,0,0,0,1,0,1,0,1,0,0
R011596,male,4,urban,primary,0,0,0,0,0,0,1,0,1,1,1
R011597,female,3,rural,primary,1,12,0,1,0,0,0,0,0,1,1
R011598,male,2,urban,secondary,1,5,0,0,0,0,0,0,0,1,1
R011599,female,5,urban,secondary,1,30,0,1,0,0,0,0,0,1,0
R011600,male,1,rural,secondary,1,5,1,0,0,0,0,0,0,1,0
R011601,female,1,urban,primary,0,0,0,0,1,0,1,1,0,1,0
R011602,female,1,urban,secondary,0,0,0,0,1,0,0,0,0,0,0
R011603,male,1,urban,secondary,1,30,0,0,0,0,0,0,0,1,1
R011604,female,3,rural,primary,1,5,0,0,0,0,0,0,0,1,1
R011605,female,4,urban,secondary,1,5,0,0,0,0,0,0,0,0,1
R011606,male,2,urban,primary,1,12,0,0,0,0,0,0,0,0,1
R011607,female,5,urban,secondary,1,12,0,1,0,0,0,0,0,1,1
R011608,female,5,urban,tertiary,1,2,0,1,0,0,0,0,0,0,1
R011609,male,2,rural,secondary,0,0,0,0,1,0,1,1,1,0,0
R011610,male,3,rural,secondary,1,1,0,1,0,0,0,0,0,1,1
R011611,male,4,rural,primary,1,12,0,0,0,0,0,0,0,1,0
R011612,female,4,rural,primary,1,0,0,0,0,0,0,0,0,1,0
R011613,male,3,urban,secondary,1,1,0,0,0,0,0,0,0,0,1
R011614,male,5,urban,tertiary,1,12,0,0,0,0,0,0,0,1,1
R011615,female,1,rural,primary,0,0,0,0,1,1,1,0,1,0,1
R011616,female,1,rural,none,0,0,0,0,1,0,0,0,0,0,1
R011617,female,2,urban,secondary,0,0,0,0,0,0,0,0,1,0,0
R011618,female,5,rural,primary,1,12,0,1,0,0,0,0,0,1,1
R011619,male,5,urban,primary,1,12,0,0,0,0,0,0,0,0,1
R011620,female,3,rural,tertiary,1,12,1,0,0,0,0,0,0,1,1
R011621,male,3,rural,primary,0,0,0,0,1,0,0,0,1,0,1
R011622,male,1,rural,secondary,1,5,0,0,0,0,0,0,0,0,0
R011623,male,5,urban,tertiary,1,5,0,1,0,0,0,0,0,1,1
R011624,female,1,urban,primary,0,0,0,0,0,1,0,0,1,1,0
R011625,male,2,rural,secondary,1,12,0,0,0,0,0,0,0,1,1
R011626,male,3,urban,secondary,1,1,0,0,0,0,0,0,0,0,1
R011627,male,2,urban,secondary,1,2,0,1,0,0,0,0,0,0,0
R011628,female,1,urban,secondary,0,0,0,0,1,0,0,0,1,1,0
R011629,male,1,urban,secondary,1,2,0,1,0,0,0,0,0,0,0
R011630,female,1,rural,tertiary,0,0,0,0,1,0,0,0,1,1,1
R011631,female,3,rural,secondary,1,0,0,0,0,0,0,0,0,1,1
R011632,female,1,rural,secondary,0,0,0,0,1,0,1,0,1,1,0
R011633,female,3,rural,secondary,1,1,0,0,0,0,0,0,0,1,0
R011634,male,5,rural,primary,1,1,0,1,0,0,0,0,0,0,1
R011635,female,3,urban,secondary,1,30,0,0,0,0,0,0,0,1,1
R011636,female,2,urban,secondary,1,2,0,0,0,0,0,0,0,1,0
R011637,female,4,urban,secondary,0,0,0,0,1,0,1,1,0,0,1
R011638,male,4,rural,secondary,1,2,1,1,0,0,0,0,0,0,1
R011639,female,2,rural,secondary,1,2,1,1,0,0,0,0,0,1,0
R011640,female,2,urban,tertiary,1,5,1,0,0,0,0,0,0,0,0
R011641,male,5,urban,primary,1,12,0,0,0,0,0,0,0,1,1
R011642,male,1,urban,secondary,1,12,0,0,0,0,0,0,0,0,1
R011643,female,3,urban,secondary,1,2,0,0,0,0,0,0,0,1,1
R011644,female,5,urban,primary,1,0,0,1,0,0,0,0,0,1,1
R011645,male,4,rural,none,1,30,1,0,0,0,0,0,0,1,0
R011646,male,2,urban,primary,1,0,1,1,0,0,0,0,0,0,1
R011647,male,3,urban,secondary,1,1,1,0,0,0,0,0,0,1,1
R011648,female,5,urban,tertiary,1,12,0,1,0,0,0,0,0,1,1
R011649,male,1,rural,secondary,1,1,0,0,0,0,0,0,0,1,0
R011650,male,2,rural,tertiary,1,2,0,0,0,0,0,0,0,0,0
R011651,female,3,rural,secondary,1,5,0,0,0,0,0,0,0,1,1
R011652,female,2,urban,none,0,0,0,0,0,0,0,0,1,1,1
R011653,male,1,urban,none,0,0,0,0,1,0,1,0,1,0,1
R011654,female,1,urban,tertiary,1,12,0,0,0,0,0,0,0,0,0
R011655,male,1,urban,secondary,1,5,0,0,0,0,0,0,0,1,0
R011656,female,2,rural,secondary,0,0,0,0,0,0,0,0,0,0,1
R011657,male,1,urban,secondary,1,5,0,0,0,0,0,0,0,0,1
R011658,male,4,urban,secondary,1,1,1,0,0,0,0,0,0,0,0
R011659,male,1,rural,secondary,1,12,0,1,0,0,0,0,0,1,1
R011660,female,1,rural,primary,0,0,0,0,0,0,1,0,0,0,0
R011661,male,4,urban,tertiary,1,5,0,0,0,0,0,0,0,1,1
R011662,female,5,rural,secondary,1,1,1,0,0,0,0,0,0,0,1
R011663,female,2,urban,primary,1,12,0,0,0,0,0,0,0,1,0
R011664,male,1,rural,secondary,0,0,0,0,0,0,1,1,1,0,0
R011665,female,3,urban,primary,0,0,0,0,1,0,1,0,0,0,0
R011666,male,4,rural,primary,1,1,1,1,0,0,0,0,0,1,1
R011667,female,4,urban,primary,1,5,1,1,0,0,0,0,0,0,1
R011668,female,2,urban,tertiary,1,12,0,0,0,0,0,0,0,0,0
R011669,female,3,urban,secondary,1,12,1,0,0,0,0,0,0,1,1
R011670,male,1,rural,primary,0,0,0,0,1,1,1,0,0,1,0
R011671,male,1,rural,tertiary,0,0,0,0,0,1,0,0,1,0,0
R011672,female,5,rural,tertiary,1,2,0,0,0,0,0,0,0,1,0
R011673,male,2,rural,primary,0,0,0,0,1,1,1,1,1,0,0
R011674,female,4,rural,primary,1,1,1,0,0,0,0,0,0,1,1
R011675,female,1,urban,secondary,1,12,0,0,0,0,0,0,0,1,0
R011676,male,1,rural,tertiary,1,5,0,0,0,0,0,0,0,0,1
R011677,female,3,urban,secondary,0,0,0,0,1,0,0,1,1,1,1
R011678,male,4,rural,primary,1,2,0,1,0,0,0,0,0,1,1
R011679,female,4,urban,secondary,1,5,0,0,0,0,0,0,0,0,1
R011680,male,1,urban,secondary,1,2,1,0,0,0,0,0,0,1,0
R011681,female,1,urban,secondary,1,12,0,0,0,0,0,0,0,1,0
R011682,female,4,urban,none,1,2,0,1,0,0,0,0,0,0,1
R011683,male,4,rural,secondary,1,5,1,1,0,0,0,0,0,1,1
R011684,male,4,urban,primary,0,0,0,0,0,1,0,0,0,1,0
R011685,male,1,rural,primary,1,30,0,0,0,0,0,0,0,0,0
R011686,male,1,urban,secondary,1,0,0,0,0,0,0,0,0,0,1
R011687,female,3,rural,tertiary,1,30,0,0,0,0,0,0,0,1,1
R011688,female,2,urban,tertiary,1,12,0,0,0,0,0,0,0,0,0
R011689,male,1,urban,secondary,1,0,0,0,0,0,0,0,0,0,0
R011690,female,1,rural,primary,0,0,0,0,1,0,1,0,0,0,0
R011691,male,4,urban,secondary,1,2,0,1,0,0,0,0,0,1,1
R011692,female,3,rural,secondary,1,5,1,1,0,0,0,0,0,0,0
R011693,female,5,urban,secondary,1,1,1,1,0,0,0,0,0,1,1
R011694,male,2,rural,secondary,1,12,0,0,0,0,0,0,0,1,0
R011695,male,3,urban,secondary,1,2,0,0,0,0,0,0,0,0,0
R011696,male,5,urban,primary,1,5,0,0,0,0,0,0,0,0,1
R011697,female,4,urban,primary,1,1,1,0,0,0,0,0,0,1,1
R011698,female,4,urban,primary,1,5,0,1,0,0,0,0,0,0,1
R011699,female,3,rural,primary,0,0,0,0,0,1,1,1,0,1,0
R011700,male,2,urban,secondary,1,1,1,0,0,0,0,0,0,1,0
R011701,male,4,rural,primary,1,12,0,0,0,0,0,0,0,1,1
R011702,male,4,urban,secondary,1,5,0,0,0,0,0,0,0,1,1
R011703,female,2,urban,secondary,1,5,0,0,0,0,0,0,0,0,1
R011704,male,2,rural,secondary,1,5,0,0,0,0,0,0,0,0,1
R011705,male,5,rural,tertiary,1,1,0,1,0,0,0,0,0,1,1
R011706,female,3,urban,primary,1,5,0,0,0,0,0,0,0,1,0
R011707,male,1,urban,secondary,1,1,0,1,0,0,0,0,0,0,0
R011708,female,3,rural,secondary,1,30,0,0,0,0,0,0,0,0,0
R011709,female,3,urban,secondary,1,12,1,1,0,0,0,0,0,0,1
R011710,female,2,urban,primary,0,0,0,0,0,0,1,1,1,0,0
R011711,female,3,urban,tertiary,1,5,0,0,0,0,0,0,0,1,1
R011712,male,5,rural,primary,1,5,0,0,0,0,0,0,0,1,0
R011713,male,1,urban,secondary,0,0,0,0,0,0,0,1,0,1,0
R011714,female,2,urban,secondary,1,12,0,0,0,0,0,0,0,1,1
R011715,female,2,rural,primary,0,0,0,0,1,0,0,0,1,1,1
R011716,female,1,urban,primary,0,0,0,0,1,0,1,0,1,0,1
R011717,male,1,urban,primary,0,0,0,0,0,0,0,1,1,0,0
R011718,male,3,rural,primary,1,1,0,1,0,0,0,0,0,0,1
R011719,female,3,rural,none,1,2,0,0,0,0,0,0,0,0,1
R011720,female,1,urban,secondary,1,1,0,0,0,0,0,0,0,0,0
R011721,female,3,urban,secondary,1,5,1,0,0,0,0,0,0,1,1
R011722,female,3,urban,secondary,1,5,0,0,0,0,0,0,0,0,0
R011723,female,3,urban,primary,1,5,0,0,0,0,0,0,0,1,1
R011724,male,5,rural,primary,1,2,1,1,0,0,0,0,0,1,0
R011725,male,2,rural,secondary,1,5,0,0,0,0,0,0,0,1,1
R011726,male,3,rural,tertiary,1,5,0,0,0,0,0,0,0,0,0
R011727,female,2,urban,tertiary,1,2,0,0,0,0,0,0,0,1,0
R011728,male,1,rural,primary,1,12,0,0,0,0,0,0,0,0,0
R011729,female,5,urban,tertiary,1,5,1,1,0,0,0,0,0,1,1
R011730,male,1,rural,primary,1,12,0,0,0,0,0,0,0,0,1
R011731,female,2,urban,primary,1,5,0,0,0,0,0,0,0,0,0
R011732,female,4,urban,secondary,1,2,0,1,0,0,0,0,0,1,1
R011733,female,5,urban,tertiary,1,30,1,1,0,0,0,0,0,1,0
R011734,male,4,rural,primary,1,5,1,0,0,0,0,0,0,1,0
R011735,female,5,rural,primary,1,5,0,0,0,0,0,0,0,0,0
R011736,male,4,rural,secondary,1,5,0,0,0,0,0,0,0,1,1
R011737,female,1,rural,tertiary,0,0,0,0,1,0,1,0,1,0,0
R011738,female,5,rural,tertiary,1,12,0,1,0,0,0,0,0,0,1
R011739,male,2,urban,tertiary,1,12,0,0,0,0,0,0,0,0,1
R011740,male,5,urban,tertiary,1,12,1,1,0,0,0,0,0,1,1
R011741,male,4,rural,secondary,1,30,1,0,0,0,0,0,0,0,0
R011742,male,3,urban,primary,1,1,0,0,0,0,0,0,0,1,1
R011743,male,4,rural,tertiary,1,5,0,0,0,0,0,0,0,1,1
R011744,female,4,urban,secondary,0,0,0,0,1,0,1,0,1,1,1
R011745,female,2,rural,primary,0,0,0,0,1,0,0,0,0,0,0
R011746,female,4,rural,secondary,0,0,0,0,0,0,1,0,1,1,1
R011747,female,1,urban,none,0,0,0,0,0,0,0,1,0,0,1
R011748,female,5,rural,primary,1,5,0,1,0,0,0,0,0,1,1
R011749,male,2,rural,secondary,1,5,0,0,0,0,0,0,0,0,0
R011750,female,1,rural,none,0,0,0,0,0,1,0,0,0,0,1
R011751,male,2,urban,secondary,1,5,0,1,0,0,0,0,0,1,0
R011752,female,5,urban,primary,1,5,0,1,0,0,0,0,0,1,0
R011753,female,1,urban,secondary,1,1,0,0,0,0,0,0,0,1,1
R011754,male,4,urban,primary,1,12,0,1,0,0,0,0,0,1,1
R011755,female,1,urban,tertiary,0,0,0,0,0,0,1,1,0,0,0
R011756,female,3,urban,primary,0,0,0,0,1,0,0,0,0,1,1
R011757,male,1,urban,primary,1,2,0,0,0,0,0,0,0,1,0
R011758,male,5,urban,secondary,1,0,0,0,0,0,0,0,0,1,1
R011759,female,2,urban,tertiary,1,12,0,0,0,0,0,0,0,1,1
R011760,female,2,rural,secondary,1,5,1,0,0,0,0,0,0,1,1
R011761,female,1,urban,secondary,1,5,0,0,0,0,0,0,0,1,1
R011762,female,2,rural,secondary,1,5,0,0,0,0,0,0,0,1,1
R011763,male,1,urban,primary,1,5,0,1,0,0,0,0,0,0,1
R011764,male,2,rural,secondary,1,2,0,1,0,0,0,0,0,1,1
R011765,female,4,rural,primary,1,2,0,1,0,0,0,0,0,1,1
R011766,male,2,urban,none,0,0,0,0,1,1,0,0,1,1,1
R011767,male,4,urban,secondary,0,0,0,0,0,0,0,0,1,0,1
R011768,female,1,urban,primary,1,5,0,0,0,0,0,0,0,0,1
R011769,male,5,urban,primary,1,5,0,1,0,0,0,0,0,1,1
R011770,female,3,urban,tertiary,1,0,0,0,0,0,0,0,0,0,1
R011771,female,3,rural,tertiary,0,0,0,0,1,1,0,1,0,0,0
R011772,female,2,urban,primary,1,12,0,0,0,0,0,0,0,1,0
R011773,female,3,urban,secondary,1,5,1,1,0,0,0,0,0,0,1
R011774,male,5,rural,primary,1,2,0,1,0,0,0,0,0,1,0
R011775,male,4,rural,primary,1,30,1,1,0,0,0,0,0,0,1
R011776,female,5,urban,primary,1,5,1,0,0,0,0,0,0,0,1
R011777,male,5,urban,primary,1,5,0,1,0,0,0,0,0,1,1
R011778,male,5,rural,secondary,1,0,0,0,0,0,0,0,0,1,1
R011779,male,2,urban,secondary,1,12,1,0,0,0,0,0,0,0,0
R011780,female,3,rural,primary,1,1,1,1,0,0,0,0,0,1,1
R011781,male,1,urban,none,0,0,0,0,1,0,1,0,1,1,1
R011782,male,1,urban,secondary,1,1,0,0,0,0,0,0,0,1,1
R011783,female,1,urban,primary,0,0,0,0,0,0,0,0,1,0,1
R011784,female,5,urban,tertiary,1,12,0,0,0,0,0,0,0,1,1
R011785,male,3,rural,primary,1,0,0,1,0,0,0,0,0,1,1
R011786,female,2,urban,none,0,0,0,0,0,0,0,0,0,0,0
R011787,male,1,urban,primary,1,12,0,0,0,0,0,0,0,0,0
R011788,male,3,rural,secondary,1,0,0,0,0,0,0,0,0,1,0
R011789,male,3,urban,tertiary,1,1,0,1,0,0,0,0,0,1,0
R011790,male,5,urban,secondary,1,1,0,0,0,0,0,0,0,1,1
R011791,female,2,urban,tertiary,1,30,1,0,0,0,0,0,0,0,1
R011792,female,3,urban,secondary,1,12,0,0,0,0,0,0,0,0,1
R011793,male,4,urban,secondary,1,30,0,0,0,0,0,0,0,0,1
R011794,female,4,urban,secondary,1,30,0,0,0,0,0,0,0,0,1
R011795,female,2,urban,secondary,1,1,0,1,0,0,0,0,0,0,1
R011796,male,4,urban,secondary,1,1,1,1,0,0,0,0,0,1,0
R011797,male,3,rural,secondary,1,5,0,0,0,0,0,0,0,1,1
R011798,male,1,rural,primary,0,0,0,0,0,1,0,0,1,1,1
R011799,male,2,urban,secondary,1,12,0,0,0,0,0,0,0,0,1
R011800,male,1,rural,secondary,1,12,0,1,0,0,0,0,0,0,0
R011801,female,1,urban,tertiary,1,0,0,0,0,0,0,0,0,0,0
R011802,female,1,rural,tertiary,1,0,0,0,0,0,0,0,0,1,0
R011803,male,2,rural,secondary,1,2,0,1,0,0,0,0,0,0,0
R011804,male,5,rural,secondary,1,1,0,1,0,0,0,0,0,0,1
R011805,male,1,urban,tertiary,1,30,0,0,0,0,0,0,0,1,0
R011806,male,2,urban,secondary,1,5,0,0,0,0,0,0,0,0,0
R011807,female,1,rural,primary,0,0,0,0,0,0,0,0,0,0,0
R011808,male,4,urban,primary,1,12,0,1,0,0,0,0,0,1,1
R011809,male,3,urban,secondary,1,12,1,0,0,0,0,0,0,0,1
R011810,male,4,urban,secondary,1,5,1,0,0,0,0,0,0,1,1
R011811,female,3,urban,primary,1,5,0,0,0,0,0,0,0,1,1
R011812,female,5,rural,tertiary,1,5,0,1,0,0,0,0,0,1,0
R011813,female,4,rural,secondary,0,0,0,0,1,1,0,0,0,1,1
R011814,female,3,urban,secondary,1,5,0,0,0,0,0,0,0,0,0
R011815,male,4,rural,tertiary,1,5,1,0,0,0,0,0,0,1,0
R011816,female,3,urban,tertiary,1,1,0,0,0,0,0,0,0,1,1
R011817,female,3,urban,primary,1,1,0,0,0,0,0,0,0,1,1
R011818,male,3,urban,secondary,1,30,0,1,0,0,0,0,0,1,1
R011819,female,3,rural,secondary,1,12,1,0,0,0,0,0,0,0,1
R011820,male,5,urban,secondary,1,0,0,1,0,0,0,0,0,1,1
R011821,male,1,rural,none,0,0,0,0,0,0,0,0,1,1,1
R011822,male,5,urban,secondary,1,1,0,0,0,0,0,0,0,1,1
R011823,male,5,urban,secondary,1,1,0,0,0,0,0,0,0,1,1
R011824,male,1,urban,tertiary,1,5,0,1,0,0,0,0,0,1,1
R011825,male,5,urban,secondary,1,12,1,0,0,0,0,0,0,0,1
R011826,male,3,urban,secondary,1,1,0,0,0,0,0,0,0,0,0
R011827,female,5,rural,tertiary,1,12,1,0,0,0,0,0,0,1,0
R011828,male,2,urban,tertiary,1,2,1,0,0,0,0,0,0,0,0
R011829,female,2,urban,none,0,0,0,0,1,0,0,0,0,0,1
R011830,female,5,urban,none,1,30,1,1,0,0,0,0,0,0,1
R011831,male,1,urban,primary,0,0,0,0,0,0,1,0,1,1,0
R011832,female,5,rural,primary,1,5,0,0,0,0,0,0,0,0,1
R011833,male,3,urban,secondary,1,2,1,0,0,0,0,0,0,1,1
R011834,female,4,urban,secondary,0,0,0,0,1,1,1,0,1,1,1
R011835,male,3,urban,primary,1,1,0,1,0,0,0,0,0,1,1
R011836,male,4,urban,secondary,1,12,1,0,0,0,0,0,0,1,0
R011837,male,2,rural,primary,1,5,0,1,0,0,0,0,0,0,0
R011838,male,2,urban,primary,1,1,1,0,0,0,0,0,0,1,1
R011839,male,2,urban,primary,1,12,0,0,0,0,0,0,0,0,1
R011840,female,1,rural,secondary,1,12,0,0,0,0,0,0,0,1,0
R011841,male,4,rural,primary,1,5,1,0,0,0,0,0,0,1,1
R011842,male,3,rural,secondary,1,0,0,1,0,0,0,0,0,0,1
R011843,female,4,rural,secondary,1,2,1,0,0,0,0,0,0,0,1
R011844,male,1,rural,tertiary,1,1,0,0,0,0,0,0,0,0,0
R011845,female,1,rural,secondary,1,5,0,1,0,0,0,0,0,0,0
R011846,female,4,urban,secondary,1,1,0,0,0,0,0,0,0,0,1
R011847,male,3,urban,secondary,1,12,0,1,0,0,0,0,0,0,1
R011848,female,1,rural,secondary,0,0,0,0,0,0,1,0,1,0,0
R011849,female,1,urban,primary,0,0,0,0,0,0,0,1,1,1,0
R011850,male,2,rural,primary,1,12,0,0,0,0,0,0,0,0,0
R011851,female,4,rural,primary,1,2,0,0,0,0,0,0,0,0,1
R011852,female,4,urban,none,0,0,0,0,1,0,1,0,0,1,1
R011853,female,3,rural,secondary,1,5,0,1,0,0,0,0,0,0,0
R011854,male,4,urban,secondary,0,0,0,0,0,0,0,0,1,1,1
R011855,female,3,urban,secondary,1,5,0,1,0,0,0,0,0,0,1
R011856,female,4,urban,primary,1,1,1,0,0,0,0,0,0,1,1
R011857,female,5,urban,secondary,1,2,0,0,0,0,0,0,0,1,0
R011858,female,2,urban,none,0,0,0,0,1,0,0,0,1,0,0
R011859,female,2,rural,secondary,1,12,0,1,0,0,0,0,0,0,0
R011860,female,4,rural,primary,0,0,0,0,0,1,0,0,1,1,0
R011861,male,1,urban,secondary,1,1,0,0,0,0,0,0,0,1,0
R011862,female,5,rural,secondary,1,12,0,1,0,0,0,0,0,0,0
R011863,female,3,urban,primary,0,0,0,0,1,0,0,0,0,1,0
R011864,male,3,urban,secondary,1,5,0,0,0,0,0,0,0,1,1
R011865,female,5,rural,secondary,1,5,1,1,0,0,0,0,0,1,0
R011866,male,1,rural,primary,0,0,0,0,1,1,1,0,0,0,0
R011867,male,2,rural,secondary,1,1,0,0,0,0,0,0,0,0,1
R011868,male,2,urban,primary,1,5,0,1,0,0,0,0,0,0,0
R011869,male,1,urban,secondary,1,2,0,0,0,0,0,0,0,1,0
R011870,male,4,rural,secondary,0,0,0,0,0,0,0,0,1,0,0
R011871,male,3,urban,secondary,1,0,0,1,0,0,0,0,0,1,1
R011872,female,2,rural,tertiary,0,0,0,0,0,1,0,0,0,1,1
R011873,female,3,urban,primary,1,5,0,0,0,0,0,0,0,1,1
R011874,male,2,urban,primary,1,2,0,0,0,0,0,0,0,0,0
R011875,female,3,rural,secondary,1,1,0,1,0,0,0,0,0,0,1
R011876,male,5,rural,primary,1,30,0,0,0,0,0,0,0,1,1
R011877,male,1,urban,secondary,1,30,1,0,0,0,0,0,0,0,0
R011878,male,4,urban,primary,1,30,1,1,0,0,0,0,0,1,1
R011879,female,3,rural,primary,1,5,0,0,0,0,0,0,0,1,1
R011880,female,5,urban,secondary,1,2,0,1,0,0,0,0,0,1,1
R011881,male,3,urban,tertiary,1,1,0,0,0,0,0,0,0,1,1
R011882,male,4,rural,primary,1,2,1,1,0,0,0,0,0,1,1
R011883,male,5,rural,none,1,1,0,1,0,0,0,0,0,1,0
R011884,male,4,urban,tertiary,1,12,1,0,0,0,0,0,0,0,1
R011885,female,1,urban,primary,0,0,0,0,0,1,0,1,1,0,1
R011886,female,1,urban,secondary,1,12,0,0,0,0,0,0,0,1,1
R011887,male,3,rural,tertiary,1,12,1,0,0,0,0,0,0,1,1
R011888,male,2,urban,primary,0,0,0,0,1,0,1,0,0,0,1
R011889,male,2,urban,secondary,1,5,0,0,0,0,0,0,0,0,1
R011890,male,2,urban,secondary,1,30,0,0,0,0,0,0,0,1,1
R011891,male,2,urban,tertiary,1,30,1,0,0,0,0,0,0,1,1
R011892,male,1,urban,secondary,1,2,0,0,0,0,0,0,0,0,0
R011893,female,1,urban,tertiary,1,2,1,0,0,0,0,0,0,1,1
R011894,female,1,urban,secondary,1,1,0,1,0,0,0,0,0,0,1
R011895,female,2,rural,tertiary,1,12,0,0,0,0,0,0,0,0,0
R011896,female,2,urban,secondary,1,2,0,0,0,0,0,0,0,0,0
R011897,male,1,urban,primary,1,1,0,1,0,0,0,0,0,1,0
R011898,male,1,urban,none,1,30,0,1,0,0,0,0,0,0,0
R011899,male,5,rural,primary,1,12,0,0,0,0,0,0,0,1,0
R011900,female,1,rural,secondary,0,0,0,0,0,0,1,0,1,0,0
R011901,male,1,rural,primary,1,1,0,0,0,0,0,0,0,1,0
R011902,female,5,urban,primary,1,1,1,0,0,0,0,0,0,1,1
R011903,male,4,urban,secondary,1,12,1,1,0,0,0,0,0,0,0
R011904,female,4,rural,none,1,2,0,0,0,0,0,0,0,0,1
R011905,male,4,rural,tertiary,1,5,1,1,0,0,0,0,0,1,0
R011906,female,2,rural,primary,1,0,0,0,0,0,0,0,0,0,0
R011907,female,2,urban,tertiary,0,0,0,0,1,1,0,0,1,0,1
R011908,female,5,urban,secondary,1,2,0,1,0,0,0,0,0,0,1
R011909,male,4,rural,secondary,1,1,1,0,0,0,0,0,0,0,1
R011910,male,5,urban,primary,1,12,1,1,0,0,0,0,0,0,1
R011911,male,4,rural,secondary,1,5,0,0,0,0,0,0,0,1,0
R011912,female,2,urban,primary,0,0,0,0,0,0,0,0,1,1,1
R011913,male,3,urban,none,0,0,0,0,1,1,0,0,1,0,1
R011914,female,4,urban,tertiary,1,0,1,1,0,0,0,0,0,0,1
R011915,female,4,urban,primary,0,0,0,0,1,0,0,0,0,1,1
R011916,female,3,rural,secondary,1,30,0,1,0,0,0,0,0,1,1
R011917,female,4,urban,secondary,1,1,0,1,0,0,0,0,0,1,1
R011918,male,3,urban,secondary,1,5,0,0,0,0,0,0,0,0,0
R011919,female,2,rural,secondary,1,0,0,0,0,0,0,0,0,0,0
R011920,male,1,rural,secondary,1,1,0,0,0,0,0,0,0,1,0
R011921,female,2,rural,tertiary,1,0,0,0,0,0,0,0,0,1,1
R011922,male,5,urban,none,1,1,1,0,0,0,0,0,0,1,1
R011923,male,3,urban,primary,1,5,0,1,0,0,0,0,0,0,0
R011924,male,3,urban,secondary,1,1,0,0,0,0,0,0,0,1,1
R011925,male,1,urban,secondary,0,0,0,0,1,0,1,1,1,0,1
R011926,female,1,urban,none,0,0,0,0,0,0,0,0,0,1,0
R011927,female,4,rural,secondary,0,0,0,0,1,0,0,0,1,1,0
R011928,male,1,rural,secondary,0,0,0,0,1,0,1,0,0,0,0
R011929,male,2,urban,primary,1,30,1,0,0,0,0,0,0,0,0
R011930,female,1,rural,tertiary,1,5,0,0,0,0,0,0,0,0,1
R011931,male,2,urban,primary,1,12,0,1,0,0,0,0,0,1,0
R011932,female,2,urban,primary,1,1,1,0,0,0,0,0,0,1,1
R011933,male,3,urban,secondary,1,2,0,1,0,0,0,0,0,1,1
R011934,male,5,urban,tertiary,1,12,0,0,0,0,0,0,0,1,1
R011935,female,1,rural,secondary,1,1,0,1,0,0,0,0,0,0,0
R011936,male,4,urban,tertiary,1,12,0,1,0,0,0,0,0,1,1
R011937,female,1,urban,primary,1,0,0,0,0,0,0,0,0,0,0
R011938,male,1,urban,primary,0,0,0,0,1,0,1,0,0,0,1
R011939,female,3,urban,tertiary,1,30,0,0,0,0,0,0,0,1,1
R011940,female,1,urban,secondary,1,0,1,0,0,0,0,0,0,0,0
R011941,male,1,urban,secondary,1,5,1,1,0,0,0,0,0,0,1
R011942,female,4,urban,secondary,1,2,1,0,0,0,0,0,0,0,0
R011943,female,2,urban,secondary,1,30,0,1,0,0,0,0,0,0,0
R011944,female,3,urban,primary,1,1,0,1,0,0,0,0,0,0,0
R011945,female,2,urban,secondary,1,1,0,0,0,0,0,0,0,0,1
R011946,female,4,urban,none,1,1,0,0,0,0,0,0,0,0,1
R011947,male,1,urban,secondary,1,0,0,0,0,0,0,0,0,0,1
R011948,male,2,urban,secondary,1,2,0,0,0,0,0,0,0,0,1
R011949,male,5,urban,secondary,1,12,0,1,0,0,0,0,0,0,1
R011950,male,4,rural,secondary,1,5,0,1,0,0,0,0,0,1,0
R011951,male,1,urban,secondary,1,12,0,0,0,0,0,0,0,0,1
R011952,male,1,rural,primary,0,0,0,0,0,0,0,0,0,1,1
R011953,male,1,urban,primary,1,2,0,0,0,0,0,0,0,1,1
R011954,male,3,urban,secondary,1,5,1,1,0,0,0,0,0,1,1
R011955,male,1,rural,primary,0,0,0,0,0,0,1,0,1,1,0
R011956,male,1,rural,tertiary,0,0,0,0,0,0,1,0,0,0,1
R011957,female,4,urban,tertiary,1,1,0,0,0,0,0,0,0,1,0
R011958,male,4,rural,secondary,0,0,0,0,0,1,1,1,1,0,0
R011959,female,5,urban,none,1,5,0,1,0,0,0,0,0,1,1
R011960,female,1,urban,secondary,0,0,0,0,1,0,0,0,1,0,0
R011961,male,2,urban,none,1,30,0,0,0,0,0,0,0,1,1
R011962,female,1,urban,secondary,0,0,0,0,0,0,0,0,1,0,1
R011963,female,1,rural,none,0,0,0,0,1,1,0,0,1,1,1
R011964,male,3,rural,primary,0,0,0,0,0,0,0,1,1,1,0
R011965,female,2,urban,primary,0,0,0,0,0,0,1,1,1,1,0
R011966,male,1,urban,primary,0,0,0,0,1,0,0,0,1,1,0
R011967,female,4,urban,primary,1,12,0,0,0,0,0,0,0,1,0
R011968,male,3,rural,tertiary,1,2,0,1,0,0,0,0,0,1,0
R011969,female,3,rural,secondary,1,0,0,0,0,0,0,0,0,1,1
R011970,male,1,urban,tertiary,1,2,0,0,0,0,0,0,0,1,1
R011971,male,3,rural,primary,1,1,1,0,0,0,0,0,0,1,0
R011972,male,2,rural,primary,1,1,1,0,0,0,0,0,0,0,1
R011973,female,3,urban,secondary,0,0,0,0,0,0,0,0,1,0,1
R011974,female,3,rural,secondary,1,2,1,0,0,0,0,0,0,0,0
R011975,female,3,rural,primary,1,12,0,0,0,0,0,0,0,1,1
R011976,female,4,urban,secondary,1,2,1,1,0,0,0,0,0,1,1
R011977,male,2,urban,tertiary,1,5,0,1,0,0,0,0,0,0,0
R011978,female,3,urban,tertiary,1,2,0,0,0,0,0,0,0,0,1
R011979,female,5,rural,tertiary,1,12,1,0,0,0,0,0,0,0,0
R011980,male,2,urban,tertiary,1,30,0,0,0,0,0,0,0,0,1
R011981,female,5,urban,primary,1,5,1,0,0,0,0,0,0,1,1
R011982,female,4,rural,secondary,1,12,0,0,0,0,0,0,0,1,1
R011983,female,3,urban,primary,1,30,0,1,0,0,0,0,0,1,1
R011984,male,5,urban,primary,1,1,1,1,0,0,0,0,0,1,1
R011985,female,3,urban,secondary,1,5,0,1,0,0,0,0,0,1,0
R011986,female,1,urban,primary,0,0,0,0,1,0,0,1,0,0,0
R011987,male,1,urban,none,0,0,0,0,1,0,0,0,1,0,1
R011988,male,2,urban,secondary,1,5,0,0,0,0,0,0,0,1,1
R011989,female,4,urban,primary,1,12,0,1,0,0,0,0,0,1,1
R011990,female,4,rural,primary,1,1,1,0,0,0,0,0,0,1,0
R011991,male,4,rural,none,1,5,1,1,0,0,0,0,0,1,0
R011992,female,3,rural,secondary,1,12,0,1,0,0,0,0,0,1,1
R011993,female,1,rural,primary,0,0,0,0,1,0,1,0,0,0,0
R011994,female,1,urban,secondary,1,30,0,0,0,0,0,0,0,1,0
R011995,female,1,rural,secondary,1,1,0,0,0,0,0,0,0,1,0
R011996,female,3,urban,primary,1,2,0,1,0,0,0,0,0,1,1
R011997,female,3,rural,none,0,0,0,0,1,1,0,0,1,1,0
R011998,male,3,rural,secondary,1,1,1,0,0,0,0,0,0,1,1
R011999,female,5,rural,tertiary,1,1,1,1,0,0,0,0,0,0,1
